# Spin 1
# Original Fermi-level:     -3.91787 eV
# DOS shifted relative to Fermi-level
# Energy(eV)   pDOS(/eV)
#                  Total         l=0         l=1         l=2
   -10.88455     0.00000     0.00000     0.00000
   -10.88238     0.00000     0.00000     0.00000
   -10.88020     0.00000     0.00000     0.00000
   -10.87802     0.00000     0.00000     0.00000
   -10.87585     0.00000     0.00000     0.00000
   -10.87367     0.00000     0.00000     0.00000
   -10.87149     0.00000     0.00000     0.00000
   -10.86932     0.00000     0.00000     0.00000
   -10.86714     0.00000     0.00000     0.00000
   -10.86496     0.00000     0.00000     0.00000
   -10.86279     0.00000     0.00000     0.00000
   -10.86061     0.00000     0.00000     0.00000
   -10.85843     0.00000     0.00000     0.00000
   -10.85625     0.00000     0.00000     0.00000
   -10.85408     0.00000     0.00000     0.00000
   -10.85190     0.00000     0.00000     0.00000
   -10.84972     0.00000     0.00000     0.00000
   -10.84755     0.00000     0.00000     0.00000
   -10.84537     0.00000     0.00000     0.00000
   -10.84319     0.00000     0.00000     0.00000
   -10.84102     0.00000     0.00000     0.00000
   -10.83884     0.00000     0.00000     0.00000
   -10.83666     0.00000     0.00000     0.00000
   -10.83449     0.00000     0.00000     0.00000
   -10.83231     0.00000     0.00000     0.00000
   -10.83013     0.00000     0.00000     0.00000
   -10.82795     0.00000     0.00000     0.00000
   -10.82578     0.00000     0.00000     0.00000
   -10.82360     0.00000     0.00000     0.00000
   -10.82142     0.00000     0.00000     0.00000
   -10.81925     0.00000     0.00000     0.00000
   -10.81707     0.00000     0.00000     0.00000
   -10.81489     0.00000     0.00000     0.00000
   -10.81272     0.00000     0.00000     0.00000
   -10.81054     0.00000     0.00000     0.00000
   -10.80836     0.00000     0.00000     0.00000
   -10.80619     0.00000     0.00000     0.00000
   -10.80401     0.00000     0.00000     0.00000
   -10.80183     0.00000     0.00000     0.00000
   -10.79965     0.00000     0.00000     0.00000
   -10.79748     0.00000     0.00000     0.00000
   -10.79530     0.00000     0.00000     0.00000
   -10.79312     0.00000     0.00000     0.00000
   -10.79095     0.00000     0.00000     0.00000
   -10.78877     0.00000     0.00000     0.00000
   -10.78659     0.00000     0.00000     0.00000
   -10.78442     0.00000     0.00000     0.00000
   -10.78224     0.00000     0.00000     0.00000
   -10.78006     0.00000     0.00000     0.00000
   -10.77789     0.00000     0.00000     0.00000
   -10.77571     0.00000     0.00000     0.00000
   -10.77353     0.00000     0.00000     0.00000
   -10.77136     0.00000     0.00000     0.00000
   -10.76918     0.00000     0.00000     0.00000
   -10.76700     0.00000     0.00000     0.00000
   -10.76482     0.00000     0.00000     0.00000
   -10.76265     0.00000     0.00000     0.00000
   -10.76047     0.00000     0.00000     0.00000
   -10.75829     0.00000     0.00000     0.00000
   -10.75612     0.00000     0.00000     0.00000
   -10.75394     0.00000     0.00000     0.00000
   -10.75176     0.00000     0.00000     0.00000
   -10.74959     0.00000     0.00000     0.00000
   -10.74741     0.00000     0.00000     0.00000
   -10.74523     0.00000     0.00000     0.00000
   -10.74306     0.00000     0.00000     0.00000
   -10.74088     0.00000     0.00000     0.00000
   -10.73870     0.00000     0.00000     0.00000
   -10.73652     0.00000     0.00000     0.00000
   -10.73435     0.00000     0.00000     0.00000
   -10.73217     0.00000     0.00000     0.00000
   -10.72999     0.00000     0.00000     0.00000
   -10.72782     0.00000     0.00000     0.00000
   -10.72564     0.00000     0.00000     0.00000
   -10.72346     0.00000     0.00000     0.00000
   -10.72129     0.00000     0.00000     0.00000
   -10.71911     0.00000     0.00000     0.00000
   -10.71693     0.00000     0.00000     0.00000
   -10.71476     0.00000     0.00000     0.00000
   -10.71258     0.00000     0.00000     0.00000
   -10.71040     0.00000     0.00000     0.00000
   -10.70822     0.00000     0.00000     0.00000
   -10.70605     0.00000     0.00000     0.00000
   -10.70387     0.00000     0.00000     0.00000
   -10.70169     0.00000     0.00000     0.00000
   -10.69952     0.00000     0.00000     0.00000
   -10.69734     0.00000     0.00000     0.00000
   -10.69516     0.00000     0.00000     0.00000
   -10.69299     0.00000     0.00000     0.00000
   -10.69081     0.00000     0.00000     0.00000
   -10.68863     0.00000     0.00000     0.00000
   -10.68646     0.00000     0.00000     0.00000
   -10.68428     0.00000     0.00000     0.00000
   -10.68210     0.00000     0.00000     0.00000
   -10.67992     0.00000     0.00000     0.00000
   -10.67775     0.00000     0.00000     0.00000
   -10.67557     0.00000     0.00000     0.00000
   -10.67339     0.00000     0.00000     0.00000
   -10.67122     0.00000     0.00000     0.00000
   -10.66904     0.00000     0.00000     0.00000
   -10.66686     0.00000     0.00000     0.00000
   -10.66469     0.00000     0.00000     0.00000
   -10.66251     0.00000     0.00000     0.00000
   -10.66033     0.00000     0.00000     0.00000
   -10.65816     0.00000     0.00000     0.00000
   -10.65598     0.00000     0.00000     0.00000
   -10.65380     0.00000     0.00000     0.00000
   -10.65162     0.00000     0.00000     0.00000
   -10.64945     0.00000     0.00000     0.00000
   -10.64727     0.00000     0.00000     0.00000
   -10.64509     0.00000     0.00000     0.00000
   -10.64292     0.00000     0.00000     0.00000
   -10.64074     0.00000     0.00000     0.00000
   -10.63856     0.00000     0.00000     0.00000
   -10.63639     0.00000     0.00000     0.00000
   -10.63421     0.00000     0.00000     0.00000
   -10.63203     0.00000     0.00000     0.00000
   -10.62986     0.00000     0.00000     0.00000
   -10.62768     0.00000     0.00000     0.00000
   -10.62550     0.00000     0.00000     0.00000
   -10.62333     0.00000     0.00000     0.00000
   -10.62115     0.00000     0.00000     0.00000
   -10.61897     0.00000     0.00000     0.00000
   -10.61679     0.00000     0.00000     0.00000
   -10.61462     0.00000     0.00000     0.00000
   -10.61244     0.00000     0.00000     0.00000
   -10.61026     0.00000     0.00000     0.00000
   -10.60809     0.00000     0.00000     0.00000
   -10.60591     0.00000     0.00000     0.00000
   -10.60373     0.00000     0.00000     0.00000
   -10.60156     0.00000     0.00000     0.00000
   -10.59938     0.00000     0.00000     0.00000
   -10.59720     0.00000     0.00000     0.00000
   -10.59503     0.00000     0.00000     0.00000
   -10.59285     0.00000     0.00000     0.00000
   -10.59067     0.00000     0.00000     0.00000
   -10.58849     0.00000     0.00000     0.00000
   -10.58632     0.00000     0.00000     0.00000
   -10.58414     0.00000     0.00000     0.00000
   -10.58196     0.00000     0.00000     0.00000
   -10.57979     0.00000     0.00000     0.00000
   -10.57761     0.00000     0.00000     0.00000
   -10.57543     0.00000     0.00000     0.00000
   -10.57326     0.00000     0.00000     0.00000
   -10.57108     0.00000     0.00000     0.00000
   -10.56890     0.00000     0.00000     0.00000
   -10.56673     0.00000     0.00000     0.00000
   -10.56455     0.00000     0.00000     0.00000
   -10.56237     0.00000     0.00000     0.00000
   -10.56019     0.00000     0.00000     0.00000
   -10.55802     0.00000     0.00000     0.00000
   -10.55584     0.00000     0.00000     0.00000
   -10.55366     0.00000     0.00000     0.00000
   -10.55149     0.00000     0.00000     0.00000
   -10.54931     0.00000     0.00000     0.00000
   -10.54713     0.00000     0.00000     0.00000
   -10.54496     0.00000     0.00000     0.00000
   -10.54278     0.00000     0.00000     0.00000
   -10.54060     0.00000     0.00000     0.00000
   -10.53843     0.00000     0.00000     0.00000
   -10.53625     0.00000     0.00000     0.00000
   -10.53407     0.00000     0.00000     0.00000
   -10.53189     0.00000     0.00000     0.00000
   -10.52972     0.00000     0.00000     0.00000
   -10.52754     0.00000     0.00000     0.00000
   -10.52536     0.00000     0.00000     0.00000
   -10.52319     0.00000     0.00000     0.00000
   -10.52101     0.00000     0.00000     0.00000
   -10.51883     0.00000     0.00000     0.00000
   -10.51666     0.00000     0.00000     0.00000
   -10.51448     0.00000     0.00000     0.00000
   -10.51230     0.00000     0.00000     0.00000
   -10.51013     0.00000     0.00000     0.00000
   -10.50795     0.00000     0.00000     0.00000
   -10.50577     0.00000     0.00000     0.00000
   -10.50360     0.00000     0.00000     0.00000
   -10.50142     0.00000     0.00000     0.00000
   -10.49924     0.00000     0.00000     0.00000
   -10.49706     0.00000     0.00000     0.00000
   -10.49489     0.00000     0.00000     0.00000
   -10.49271     0.00000     0.00000     0.00000
   -10.49053     0.00000     0.00000     0.00000
   -10.48836     0.00000     0.00000     0.00000
   -10.48618     0.00000     0.00000     0.00000
   -10.48400     0.00000     0.00000     0.00000
   -10.48183     0.00000     0.00000     0.00000
   -10.47965     0.00000     0.00000     0.00000
   -10.47747     0.00000     0.00000     0.00000
   -10.47530     0.00000     0.00000     0.00000
   -10.47312     0.00000     0.00000     0.00000
   -10.47094     0.00000     0.00000     0.00000
   -10.46876     0.00000     0.00000     0.00000
   -10.46659     0.00000     0.00000     0.00000
   -10.46441     0.00000     0.00000     0.00000
   -10.46223     0.00000     0.00000     0.00000
   -10.46006     0.00000     0.00000     0.00000
   -10.45788     0.00000     0.00000     0.00000
   -10.45570     0.00000     0.00000     0.00000
   -10.45353     0.00000     0.00000     0.00000
   -10.45135     0.00000     0.00000     0.00000
   -10.44917     0.00000     0.00000     0.00000
   -10.44700     0.00000     0.00000     0.00000
   -10.44482     0.00000     0.00000     0.00000
   -10.44264     0.00000     0.00000     0.00000
   -10.44046     0.00000     0.00000     0.00000
   -10.43829     0.00000     0.00000     0.00000
   -10.43611     0.00000     0.00000     0.00000
   -10.43393     0.00001     0.00001     0.00000
   -10.43176     0.00001     0.00001     0.00000
   -10.42958     0.00002     0.00001     0.00000
   -10.42740     0.00002     0.00002     0.00000
   -10.42523     0.00003     0.00003     0.00000
   -10.42305     0.00005     0.00005     0.00000
   -10.42087     0.00007     0.00007     0.00001
   -10.41870     0.00011     0.00010     0.00001
   -10.41652     0.00015     0.00014     0.00001
   -10.41434     0.00022     0.00020     0.00002
   -10.41216     0.00031     0.00028     0.00003
   -10.40999     0.00043     0.00040     0.00004
   -10.40781     0.00061     0.00056     0.00005
   -10.40563     0.00084     0.00077     0.00007
   -10.40346     0.00116     0.00107     0.00010
   -10.40128     0.00160     0.00147     0.00013
   -10.39910     0.00218     0.00200     0.00018
   -10.39693     0.00296     0.00271     0.00024
   -10.39475     0.00398     0.00365     0.00033
   -10.39257     0.00533     0.00489     0.00044
   -10.39040     0.00709     0.00651     0.00058
   -10.38822     0.00937     0.00860     0.00077
   -10.38604     0.01231     0.01129     0.00101
   -10.38386     0.01606     0.01474     0.00132
   -10.38169     0.02082     0.01911     0.00172
   -10.37951     0.02683     0.02462     0.00221
   -10.37733     0.03434     0.03151     0.00283
   -10.37516     0.04367     0.04007     0.00360
   -10.37298     0.05519     0.05064     0.00455
   -10.37080     0.06930     0.06359     0.00571
   -10.36863     0.08646     0.07934     0.00712
   -10.36645     0.10719     0.09836     0.00883
   -10.36427     0.13203     0.12115     0.01088
   -10.36210     0.16160     0.14829     0.01331
   -10.35992     0.19652     0.18033     0.01619
   -10.35774     0.23747     0.21791     0.01956
   -10.35557     0.28513     0.26164     0.02349
   -10.35339     0.34016     0.31213     0.02802
   -10.35121     0.40322     0.37000     0.03322
   -10.34903     0.47492     0.43580     0.03913
   -10.34686     0.55581     0.51002     0.04579
   -10.34468     0.64632     0.59307     0.05325
   -10.34250     0.74678     0.68526     0.06152
   -10.34033     0.85734     0.78671     0.07063
   -10.33815     0.97800     0.89743     0.08057
   -10.33597     1.10852     1.01720     0.09132
   -10.33380     1.24845     1.14560     0.10285
   -10.33162     1.39707     1.28197     0.11510
   -10.32944     1.55340     1.42543     0.12798
   -10.32727     1.71621     1.57483     0.14139
   -10.32509     1.88399     1.72878     0.15521
   -10.32291     2.05498     1.88568     0.16930
   -10.32073     2.22718     2.04370     0.18348
   -10.31856     2.39842     2.20083     0.19759
   -10.31638     2.56635     2.35492     0.21143
   -10.31420     2.72851     2.50372     0.22478
   -10.31203     2.88241     2.64495     0.23746
   -10.30985     3.02557     2.77632     0.24926
   -10.30767     3.15558     2.89561     0.25997
   -10.30550     3.27018     3.00077     0.26941
   -10.30332     3.36732     3.08991     0.27741
   -10.30114     3.44523     3.16140     0.28383
   -10.29897     3.50245     3.21391     0.28854
   -10.29679     3.53791     3.24644     0.29147
   -10.29461     3.55093     3.25839     0.29254
   -10.29243     3.54125     3.24951     0.29174
   -10.29026     3.50908     3.21999     0.28909
   -10.28808     3.45501     3.17038     0.28464
   -10.28590     3.38008     3.10161     0.27846
   -10.28373     3.28567     3.01499     0.27069
   -10.28155     3.17353     2.91208     0.26145
   -10.27937     3.04566     2.79474     0.25091
   -10.27720     2.90429     2.66502     0.23927
   -10.27502     2.75182     2.52511     0.22670
   -10.27284     2.59071     2.37728     0.21343
   -10.27067     2.42348     2.22383     0.19966
   -10.26849     2.25259     2.06701     0.18558
   -10.26631     2.08038     1.90899     0.17139
   -10.26413     1.90908     1.75181     0.15728
   -10.26196     1.74072     1.59731     0.14341
   -10.25978     1.57707     1.44715     0.12992
   -10.25760     1.41969     1.30273     0.11696
   -10.25543     1.26987     1.16525     0.10462
   -10.25325     1.12861     1.03563     0.09298
   -10.25107     0.99666     0.91456     0.08211
   -10.24890     0.87453     0.80248     0.07205
   -10.24672     0.76247     0.69965     0.06281
   -10.24454     0.66052     0.60611     0.05442
   -10.24237     0.56856     0.52172     0.04684
   -10.24019     0.48628     0.44622     0.04006
   -10.23801     0.41325     0.37920     0.03404
   -10.23583     0.34895     0.32020     0.02875
   -10.23366     0.29277     0.26865     0.02412
   -10.23148     0.24407     0.22397     0.02011
   -10.22930     0.20218     0.18552     0.01666
   -10.22713     0.16640     0.15269     0.01371
   -10.22495     0.13609     0.12487     0.01121
   -10.22277     0.11058     0.10147     0.00911
   -10.22060     0.08928     0.08193     0.00736
   -10.21842     0.07163     0.06573     0.00590
   -10.21624     0.05710     0.05239     0.00470
   -10.21407     0.04522     0.04150     0.00373
   -10.21189     0.03559     0.03266     0.00293
   -10.20971     0.02783     0.02554     0.00229
   -10.20754     0.02163     0.01984     0.00178
   -10.20536     0.01670     0.01532     0.00138
   -10.20318     0.01281     0.01175     0.00106
   -10.20100     0.00976     0.00896     0.00080
   -10.19883     0.00739     0.00678     0.00061
   -10.19665     0.00556     0.00511     0.00046
   -10.19447     0.00416     0.00382     0.00034
   -10.19230     0.00309     0.00284     0.00025
   -10.19012     0.00228     0.00209     0.00019
   -10.18794     0.00167     0.00154     0.00014
   -10.18577     0.00122     0.00112     0.00010
   -10.18359     0.00088     0.00081     0.00007
   -10.18141     0.00064     0.00058     0.00005
   -10.17924     0.00045     0.00042     0.00004
   -10.17706     0.00032     0.00030     0.00003
   -10.17488     0.00023     0.00021     0.00002
   -10.17270     0.00016     0.00015     0.00001
   -10.17053     0.00011     0.00010     0.00001
   -10.16835     0.00008     0.00007     0.00001
   -10.16617     0.00005     0.00005     0.00000
   -10.16400     0.00004     0.00003     0.00000
   -10.16182     0.00002     0.00002     0.00000
   -10.15964     0.00002     0.00002     0.00000
   -10.15747     0.00001     0.00001     0.00000
   -10.15529     0.00001     0.00001     0.00000
   -10.15311     0.00000     0.00000     0.00000
   -10.15094     0.00000     0.00000     0.00000
   -10.14876     0.00000     0.00000     0.00000
   -10.14658     0.00000     0.00000     0.00000
   -10.14440     0.00000     0.00000     0.00000
   -10.14223     0.00000     0.00000     0.00000
   -10.14005     0.00000     0.00000     0.00000
   -10.13787     0.00000     0.00000     0.00000
   -10.13570     0.00000     0.00000     0.00000
   -10.13352     0.00000     0.00000     0.00000
   -10.13134     0.00000     0.00000     0.00000
   -10.12917     0.00000     0.00000     0.00000
   -10.12699     0.00000     0.00000     0.00000
   -10.12481     0.00000     0.00000     0.00000
   -10.12264     0.00000     0.00000     0.00000
   -10.12046     0.00000     0.00000     0.00000
   -10.11828     0.00000     0.00000     0.00000
   -10.11610     0.00000     0.00000     0.00000
   -10.11393     0.00000     0.00000     0.00000
   -10.11175     0.00000     0.00000     0.00000
   -10.10957     0.00000     0.00000     0.00000
   -10.10740     0.00000     0.00000     0.00000
   -10.10522     0.00000     0.00000     0.00000
   -10.10304     0.00000     0.00000     0.00000
   -10.10087     0.00000     0.00000     0.00000
   -10.09869     0.00000     0.00000     0.00000
   -10.09651     0.00000     0.00000     0.00000
   -10.09434     0.00000     0.00000     0.00000
   -10.09216     0.00000     0.00000     0.00000
   -10.08998     0.00000     0.00000     0.00000
   -10.08781     0.00000     0.00000     0.00000
   -10.08563     0.00000     0.00000     0.00000
   -10.08345     0.00000     0.00000     0.00000
   -10.08127     0.00000     0.00000     0.00000
   -10.07910     0.00000     0.00000     0.00000
   -10.07692     0.00000     0.00000     0.00000
   -10.07474     0.00000     0.00000     0.00000
   -10.07257     0.00000     0.00000     0.00000
   -10.07039     0.00000     0.00000     0.00000
   -10.06821     0.00000     0.00000     0.00000
   -10.06604     0.00000     0.00000     0.00000
   -10.06386     0.00000     0.00000     0.00000
   -10.06168     0.00000     0.00000     0.00000
   -10.05951     0.00000     0.00000     0.00000
   -10.05733     0.00000     0.00000     0.00000
   -10.05515     0.00000     0.00000     0.00000
   -10.05297     0.00000     0.00000     0.00000
   -10.05080     0.00000     0.00000     0.00000
   -10.04862     0.00000     0.00000     0.00000
   -10.04644     0.00000     0.00000     0.00000
   -10.04427     0.00000     0.00000     0.00000
   -10.04209     0.00000     0.00000     0.00000
   -10.03991     0.00000     0.00000     0.00000
   -10.03774     0.00000     0.00000     0.00000
   -10.03556     0.00000     0.00000     0.00000
   -10.03338     0.00000     0.00000     0.00000
   -10.03121     0.00000     0.00000     0.00000
   -10.02903     0.00000     0.00000     0.00000
   -10.02685     0.00000     0.00000     0.00000
   -10.02467     0.00000     0.00000     0.00000
   -10.02250     0.00000     0.00000     0.00000
   -10.02032     0.00000     0.00000     0.00000
   -10.01814     0.00000     0.00000     0.00000
   -10.01597     0.00000     0.00000     0.00000
   -10.01379     0.00000     0.00000     0.00000
   -10.01161     0.00000     0.00000     0.00000
   -10.00944     0.00000     0.00000     0.00000
   -10.00726     0.00000     0.00000     0.00000
   -10.00508     0.00000     0.00000     0.00000
   -10.00291     0.00000     0.00000     0.00000
   -10.00073     0.00000     0.00000     0.00000
    -9.99855     0.00000     0.00000     0.00000
    -9.99637     0.00000     0.00000     0.00000
    -9.99420     0.00000     0.00000     0.00000
    -9.99202     0.00000     0.00000     0.00000
    -9.98984     0.00000     0.00000     0.00000
    -9.98767     0.00000     0.00000     0.00000
    -9.98549     0.00000     0.00000     0.00000
    -9.98331     0.00000     0.00000     0.00000
    -9.98114     0.00000     0.00000     0.00000
    -9.97896     0.00000     0.00000     0.00000
    -9.97678     0.00000     0.00000     0.00000
    -9.97461     0.00000     0.00000     0.00000
    -9.97243     0.00000     0.00000     0.00000
    -9.97025     0.00000     0.00000     0.00000
    -9.96807     0.00000     0.00000     0.00000
    -9.96590     0.00000     0.00000     0.00000
    -9.96372     0.00000     0.00000     0.00000
    -9.96154     0.00000     0.00000     0.00000
    -9.95937     0.00000     0.00000     0.00000
    -9.95719     0.00000     0.00000     0.00000
    -9.95501     0.00000     0.00000     0.00000
    -9.95284     0.00000     0.00000     0.00000
    -9.95066     0.00000     0.00000     0.00000
    -9.94848     0.00000     0.00000     0.00000
    -9.94631     0.00000     0.00000     0.00000
    -9.94413     0.00000     0.00000     0.00000
    -9.94195     0.00000     0.00000     0.00000
    -9.93978     0.00000     0.00000     0.00000
    -9.93760     0.00000     0.00000     0.00000
    -9.93542     0.00000     0.00000     0.00000
    -9.93324     0.00000     0.00000     0.00000
    -9.93107     0.00000     0.00000     0.00000
    -9.92889     0.00000     0.00000     0.00000
    -9.92671     0.00000     0.00000     0.00000
    -9.92454     0.00000     0.00000     0.00000
    -9.92236     0.00000     0.00000     0.00000
    -9.92018     0.00000     0.00000     0.00000
    -9.91801     0.00000     0.00000     0.00000
    -9.91583     0.00000     0.00000     0.00000
    -9.91365     0.00000     0.00000     0.00000
    -9.91148     0.00000     0.00000     0.00000
    -9.90930     0.00000     0.00000     0.00000
    -9.90712     0.00000     0.00000     0.00000
    -9.90494     0.00000     0.00000     0.00000
    -9.90277     0.00000     0.00000     0.00000
    -9.90059     0.00000     0.00000     0.00000
    -9.89841     0.00000     0.00000     0.00000
    -9.89624     0.00000     0.00000     0.00000
    -9.89406     0.00000     0.00000     0.00000
    -9.89188     0.00000     0.00000     0.00000
    -9.88971     0.00000     0.00000     0.00000
    -9.88753     0.00000     0.00000     0.00000
    -9.88535     0.00000     0.00000     0.00000
    -9.88318     0.00000     0.00000     0.00000
    -9.88100     0.00000     0.00000     0.00000
    -9.87882     0.00000     0.00000     0.00000
    -9.87664     0.00000     0.00000     0.00000
    -9.87447     0.00000     0.00000     0.00000
    -9.87229     0.00000     0.00000     0.00000
    -9.87011     0.00000     0.00000     0.00000
    -9.86794     0.00000     0.00000     0.00000
    -9.86576     0.00000     0.00000     0.00000
    -9.86358     0.00000     0.00000     0.00000
    -9.86141     0.00000     0.00000     0.00000
    -9.85923     0.00000     0.00000     0.00000
    -9.85705     0.00000     0.00000     0.00000
    -9.85488     0.00000     0.00000     0.00000
    -9.85270     0.00000     0.00000     0.00000
    -9.85052     0.00000     0.00000     0.00000
    -9.84834     0.00000     0.00000     0.00000
    -9.84617     0.00000     0.00000     0.00000
    -9.84399     0.00000     0.00000     0.00000
    -9.84181     0.00000     0.00000     0.00000
    -9.83964     0.00000     0.00000     0.00000
    -9.83746     0.00000     0.00000     0.00000
    -9.83528     0.00000     0.00000     0.00000
    -9.83311     0.00000     0.00000     0.00000
    -9.83093     0.00000     0.00000     0.00000
    -9.82875     0.00000     0.00000     0.00000
    -9.82658     0.00000     0.00000     0.00000
    -9.82440     0.00000     0.00000     0.00000
    -9.82222     0.00000     0.00000     0.00000
    -9.82004     0.00000     0.00000     0.00000
    -9.81787     0.00000     0.00000     0.00000
    -9.81569     0.00000     0.00000     0.00000
    -9.81351     0.00000     0.00000     0.00000
    -9.81134     0.00000     0.00000     0.00000
    -9.80916     0.00000     0.00000     0.00000
    -9.80698     0.00000     0.00000     0.00000
    -9.80481     0.00000     0.00000     0.00000
    -9.80263     0.00000     0.00000     0.00000
    -9.80045     0.00000     0.00000     0.00000
    -9.79828     0.00000     0.00000     0.00000
    -9.79610     0.00000     0.00000     0.00000
    -9.79392     0.00000     0.00000     0.00000
    -9.79175     0.00000     0.00000     0.00000
    -9.78957     0.00000     0.00000     0.00000
    -9.78739     0.00000     0.00000     0.00000
    -9.78521     0.00000     0.00000     0.00000
    -9.78304     0.00000     0.00000     0.00000
    -9.78086     0.00000     0.00000     0.00000
    -9.77868     0.00000     0.00000     0.00000
    -9.77651     0.00000     0.00000     0.00000
    -9.77433     0.00000     0.00000     0.00000
    -9.77215     0.00000     0.00000     0.00000
    -9.76998     0.00000     0.00000     0.00000
    -9.76780     0.00000     0.00000     0.00000
    -9.76562     0.00000     0.00000     0.00000
    -9.76345     0.00000     0.00000     0.00000
    -9.76127     0.00000     0.00000     0.00000
    -9.75909     0.00000     0.00000     0.00000
    -9.75691     0.00000     0.00000     0.00000
    -9.75474     0.00000     0.00000     0.00000
    -9.75256     0.00000     0.00000     0.00000
    -9.75038     0.00000     0.00000     0.00000
    -9.74821     0.00000     0.00000     0.00000
    -9.74603     0.00000     0.00000     0.00000
    -9.74385     0.00000     0.00000     0.00000
    -9.74168     0.00000     0.00000     0.00000
    -9.73950     0.00000     0.00000     0.00000
    -9.73732     0.00000     0.00000     0.00000
    -9.73515     0.00000     0.00000     0.00000
    -9.73297     0.00000     0.00000     0.00000
    -9.73079     0.00000     0.00000     0.00000
    -9.72861     0.00000     0.00000     0.00000
    -9.72644     0.00000     0.00000     0.00000
    -9.72426     0.00000     0.00000     0.00000
    -9.72208     0.00000     0.00000     0.00000
    -9.71991     0.00000     0.00000     0.00000
    -9.71773     0.00000     0.00000     0.00000
    -9.71555     0.00000     0.00000     0.00000
    -9.71338     0.00000     0.00000     0.00000
    -9.71120     0.00000     0.00000     0.00000
    -9.70902     0.00000     0.00000     0.00000
    -9.70685     0.00000     0.00000     0.00000
    -9.70467     0.00000     0.00000     0.00000
    -9.70249     0.00000     0.00000     0.00000
    -9.70031     0.00000     0.00000     0.00000
    -9.69814     0.00000     0.00000     0.00000
    -9.69596     0.00000     0.00000     0.00000
    -9.69378     0.00000     0.00000     0.00000
    -9.69161     0.00000     0.00000     0.00000
    -9.68943     0.00000     0.00000     0.00000
    -9.68725     0.00000     0.00000     0.00000
    -9.68508     0.00000     0.00000     0.00000
    -9.68290     0.00000     0.00000     0.00000
    -9.68072     0.00000     0.00000     0.00000
    -9.67855     0.00000     0.00000     0.00000
    -9.67637     0.00000     0.00000     0.00000
    -9.67419     0.00000     0.00000     0.00000
    -9.67202     0.00000     0.00000     0.00000
    -9.66984     0.00000     0.00000     0.00000
    -9.66766     0.00000     0.00000     0.00000
    -9.66548     0.00000     0.00000     0.00000
    -9.66331     0.00000     0.00000     0.00000
    -9.66113     0.00000     0.00000     0.00000
    -9.65895     0.00000     0.00000     0.00000
    -9.65678     0.00000     0.00000     0.00000
    -9.65460     0.00000     0.00000     0.00000
    -9.65242     0.00000     0.00000     0.00000
    -9.65025     0.00000     0.00000     0.00000
    -9.64807     0.00000     0.00000     0.00000
    -9.64589     0.00000     0.00000     0.00000
    -9.64372     0.00000     0.00000     0.00000
    -9.64154     0.00000     0.00000     0.00000
    -9.63936     0.00000     0.00000     0.00000
    -9.63718     0.00000     0.00000     0.00000
    -9.63501     0.00000     0.00000     0.00000
    -9.63283     0.00000     0.00000     0.00000
    -9.63065     0.00000     0.00000     0.00000
    -9.62848     0.00000     0.00000     0.00000
    -9.62630     0.00000     0.00000     0.00000
    -9.62412     0.00000     0.00000     0.00000
    -9.62195     0.00000     0.00000     0.00000
    -9.61977     0.00000     0.00000     0.00000
    -9.61759     0.00000     0.00000     0.00000
    -9.61542     0.00000     0.00000     0.00000
    -9.61324     0.00000     0.00000     0.00000
    -9.61106     0.00000     0.00000     0.00000
    -9.60888     0.00000     0.00000     0.00000
    -9.60671     0.00000     0.00000     0.00000
    -9.60453     0.00000     0.00000     0.00000
    -9.60235     0.00000     0.00000     0.00000
    -9.60018     0.00000     0.00000     0.00000
    -9.59800     0.00000     0.00000     0.00000
    -9.59582     0.00000     0.00000     0.00000
    -9.59365     0.00000     0.00000     0.00000
    -9.59147     0.00000     0.00000     0.00000
    -9.58929     0.00000     0.00000     0.00000
    -9.58712     0.00000     0.00000     0.00000
    -9.58494     0.00000     0.00000     0.00000
    -9.58276     0.00000     0.00000     0.00000
    -9.58058     0.00000     0.00000     0.00000
    -9.57841     0.00000     0.00000     0.00000
    -9.57623     0.00000     0.00000     0.00000
    -9.57405     0.00000     0.00000     0.00000
    -9.57188     0.00000     0.00000     0.00000
    -9.56970     0.00000     0.00000     0.00000
    -9.56752     0.00000     0.00000     0.00000
    -9.56535     0.00000     0.00000     0.00000
    -9.56317     0.00000     0.00000     0.00000
    -9.56099     0.00000     0.00000     0.00000
    -9.55882     0.00000     0.00000     0.00000
    -9.55664     0.00000     0.00000     0.00000
    -9.55446     0.00000     0.00000     0.00000
    -9.55228     0.00000     0.00000     0.00000
    -9.55011     0.00000     0.00000     0.00000
    -9.54793     0.00000     0.00000     0.00000
    -9.54575     0.00000     0.00000     0.00000
    -9.54358     0.00000     0.00000     0.00000
    -9.54140     0.00000     0.00000     0.00000
    -9.53922     0.00000     0.00000     0.00000
    -9.53705     0.00000     0.00000     0.00000
    -9.53487     0.00000     0.00000     0.00000
    -9.53269     0.00000     0.00000     0.00000
    -9.53052     0.00000     0.00000     0.00000
    -9.52834     0.00000     0.00000     0.00000
    -9.52616     0.00000     0.00000     0.00000
    -9.52399     0.00000     0.00000     0.00000
    -9.52181     0.00000     0.00000     0.00000
    -9.51963     0.00000     0.00000     0.00000
    -9.51745     0.00000     0.00000     0.00000
    -9.51528     0.00000     0.00000     0.00000
    -9.51310     0.00000     0.00000     0.00000
    -9.51092     0.00000     0.00000     0.00000
    -9.50875     0.00000     0.00000     0.00000
    -9.50657     0.00000     0.00000     0.00000
    -9.50439     0.00000     0.00000     0.00000
    -9.50222     0.00000     0.00000     0.00000
    -9.50004     0.00000     0.00000     0.00000
    -9.49786     0.00000     0.00000     0.00000
    -9.49569     0.00000     0.00000     0.00000
    -9.49351     0.00000     0.00000     0.00000
    -9.49133     0.00000     0.00000     0.00000
    -9.48915     0.00000     0.00000     0.00000
    -9.48698     0.00000     0.00000     0.00000
    -9.48480     0.00000     0.00000     0.00000
    -9.48262     0.00000     0.00000     0.00000
    -9.48045     0.00000     0.00000     0.00000
    -9.47827     0.00000     0.00000     0.00000
    -9.47609     0.00000     0.00000     0.00000
    -9.47392     0.00000     0.00000     0.00000
    -9.47174     0.00000     0.00000     0.00000
    -9.46956     0.00000     0.00000     0.00000
    -9.46739     0.00000     0.00000     0.00000
    -9.46521     0.00000     0.00000     0.00000
    -9.46303     0.00000     0.00000     0.00000
    -9.46085     0.00000     0.00000     0.00000
    -9.45868     0.00000     0.00000     0.00000
    -9.45650     0.00000     0.00000     0.00000
    -9.45432     0.00000     0.00000     0.00000
    -9.45215     0.00000     0.00000     0.00000
    -9.44997     0.00000     0.00000     0.00000
    -9.44779     0.00000     0.00000     0.00000
    -9.44562     0.00000     0.00000     0.00000
    -9.44344     0.00000     0.00000     0.00000
    -9.44126     0.00000     0.00000     0.00000
    -9.43909     0.00000     0.00000     0.00000
    -9.43691     0.00000     0.00000     0.00000
    -9.43473     0.00000     0.00000     0.00000
    -9.43255     0.00000     0.00000     0.00000
    -9.43038     0.00000     0.00000     0.00000
    -9.42820     0.00000     0.00000     0.00000
    -9.42602     0.00000     0.00000     0.00000
    -9.42385     0.00000     0.00000     0.00000
    -9.42167     0.00000     0.00000     0.00000
    -9.41949     0.00000     0.00000     0.00000
    -9.41732     0.00000     0.00000     0.00000
    -9.41514     0.00000     0.00000     0.00000
    -9.41296     0.00000     0.00000     0.00000
    -9.41079     0.00000     0.00000     0.00000
    -9.40861     0.00000     0.00000     0.00000
    -9.40643     0.00000     0.00000     0.00000
    -9.40426     0.00000     0.00000     0.00000
    -9.40208     0.00000     0.00000     0.00000
    -9.39990     0.00000     0.00000     0.00000
    -9.39772     0.00000     0.00000     0.00000
    -9.39555     0.00000     0.00000     0.00000
    -9.39337     0.00000     0.00000     0.00000
    -9.39119     0.00000     0.00000     0.00000
    -9.38902     0.00000     0.00000     0.00000
    -9.38684     0.00000     0.00000     0.00000
    -9.38466     0.00000     0.00000     0.00000
    -9.38249     0.00000     0.00000     0.00000
    -9.38031     0.00000     0.00000     0.00000
    -9.37813     0.00000     0.00000     0.00000
    -9.37596     0.00000     0.00000     0.00000
    -9.37378     0.00000     0.00000     0.00000
    -9.37160     0.00000     0.00000     0.00000
    -9.36942     0.00000     0.00000     0.00000
    -9.36725     0.00000     0.00000     0.00000
    -9.36507     0.00000     0.00000     0.00000
    -9.36289     0.00000     0.00000     0.00000
    -9.36072     0.00000     0.00000     0.00000
    -9.35854     0.00000     0.00000     0.00000
    -9.35636     0.00000     0.00000     0.00000
    -9.35419     0.00000     0.00000     0.00000
    -9.35201     0.00000     0.00000     0.00000
    -9.34983     0.00000     0.00000     0.00000
    -9.34766     0.00000     0.00000     0.00000
    -9.34548     0.00000     0.00000     0.00000
    -9.34330     0.00000     0.00000     0.00000
    -9.34112     0.00000     0.00000     0.00000
    -9.33895     0.00000     0.00000     0.00000
    -9.33677     0.00000     0.00000     0.00000
    -9.33459     0.00000     0.00000     0.00000
    -9.33242     0.00000     0.00000     0.00000
    -9.33024     0.00000     0.00000     0.00000
    -9.32806     0.00000     0.00000     0.00000
    -9.32589     0.00000     0.00000     0.00000
    -9.32371     0.00000     0.00000     0.00000
    -9.32153     0.00000     0.00000     0.00000
    -9.31936     0.00000     0.00000     0.00000
    -9.31718     0.00000     0.00000     0.00000
    -9.31500     0.00000     0.00000     0.00000
    -9.31282     0.00000     0.00000     0.00000
    -9.31065     0.00000     0.00000     0.00000
    -9.30847     0.00000     0.00000     0.00000
    -9.30629     0.00000     0.00000     0.00000
    -9.30412     0.00000     0.00000     0.00000
    -9.30194     0.00000     0.00000     0.00000
    -9.29976     0.00000     0.00000     0.00000
    -9.29759     0.00000     0.00000     0.00000
    -9.29541     0.00000     0.00000     0.00000
    -9.29323     0.00000     0.00000     0.00000
    -9.29106     0.00000     0.00000     0.00000
    -9.28888     0.00000     0.00000     0.00000
    -9.28670     0.00000     0.00000     0.00000
    -9.28452     0.00000     0.00000     0.00000
    -9.28235     0.00000     0.00000     0.00000
    -9.28017     0.00000     0.00000     0.00000
    -9.27799     0.00000     0.00000     0.00000
    -9.27582     0.00000     0.00000     0.00000
    -9.27364     0.00000     0.00000     0.00000
    -9.27146     0.00000     0.00000     0.00000
    -9.26929     0.00000     0.00000     0.00000
    -9.26711     0.00000     0.00000     0.00000
    -9.26493     0.00000     0.00000     0.00000
    -9.26276     0.00000     0.00000     0.00000
    -9.26058     0.00000     0.00000     0.00000
    -9.25840     0.00000     0.00000     0.00000
    -9.25623     0.00000     0.00000     0.00000
    -9.25405     0.00000     0.00000     0.00000
    -9.25187     0.00000     0.00000     0.00000
    -9.24969     0.00000     0.00000     0.00000
    -9.24752     0.00000     0.00000     0.00000
    -9.24534     0.00000     0.00000     0.00000
    -9.24316     0.00000     0.00000     0.00000
    -9.24099     0.00000     0.00000     0.00000
    -9.23881     0.00000     0.00000     0.00000
    -9.23663     0.00000     0.00000     0.00000
    -9.23446     0.00000     0.00000     0.00000
    -9.23228     0.00000     0.00000     0.00000
    -9.23010     0.00000     0.00000     0.00000
    -9.22793     0.00000     0.00000     0.00000
    -9.22575     0.00000     0.00000     0.00000
    -9.22357     0.00000     0.00000     0.00000
    -9.22139     0.00000     0.00000     0.00000
    -9.21922     0.00000     0.00000     0.00000
    -9.21704     0.00000     0.00000     0.00000
    -9.21486     0.00000     0.00000     0.00000
    -9.21269     0.00000     0.00000     0.00000
    -9.21051     0.00000     0.00000     0.00000
    -9.20833     0.00000     0.00000     0.00000
    -9.20616     0.00000     0.00000     0.00000
    -9.20398     0.00000     0.00000     0.00000
    -9.20180     0.00000     0.00000     0.00000
    -9.19963     0.00000     0.00000     0.00000
    -9.19745     0.00000     0.00000     0.00000
    -9.19527     0.00000     0.00000     0.00000
    -9.19309     0.00000     0.00000     0.00000
    -9.19092     0.00000     0.00000     0.00000
    -9.18874     0.00000     0.00000     0.00000
    -9.18656     0.00000     0.00000     0.00000
    -9.18439     0.00000     0.00000     0.00000
    -9.18221     0.00000     0.00000     0.00000
    -9.18003     0.00000     0.00000     0.00000
    -9.17786     0.00000     0.00000     0.00000
    -9.17568     0.00000     0.00000     0.00000
    -9.17350     0.00000     0.00000     0.00000
    -9.17133     0.00000     0.00000     0.00000
    -9.16915     0.00000     0.00000     0.00000
    -9.16697     0.00000     0.00000     0.00000
    -9.16479     0.00000     0.00000     0.00000
    -9.16262     0.00000     0.00000     0.00000
    -9.16044     0.00000     0.00000     0.00000
    -9.15826     0.00000     0.00000     0.00000
    -9.15609     0.00000     0.00000     0.00000
    -9.15391     0.00000     0.00000     0.00000
    -9.15173     0.00000     0.00000     0.00000
    -9.14956     0.00000     0.00000     0.00000
    -9.14738     0.00000     0.00000     0.00000
    -9.14520     0.00000     0.00000     0.00000
    -9.14303     0.00000     0.00000     0.00000
    -9.14085     0.00000     0.00000     0.00000
    -9.13867     0.00000     0.00000     0.00000
    -9.13649     0.00000     0.00000     0.00000
    -9.13432     0.00000     0.00000     0.00000
    -9.13214     0.00000     0.00000     0.00000
    -9.12996     0.00000     0.00000     0.00000
    -9.12779     0.00000     0.00000     0.00000
    -9.12561     0.00000     0.00000     0.00000
    -9.12343     0.00000     0.00000     0.00000
    -9.12126     0.00000     0.00000     0.00000
    -9.11908     0.00000     0.00000     0.00000
    -9.11690     0.00000     0.00000     0.00000
    -9.11473     0.00000     0.00000     0.00000
    -9.11255     0.00000     0.00000     0.00000
    -9.11037     0.00000     0.00000     0.00000
    -9.10820     0.00000     0.00000     0.00000
    -9.10602     0.00000     0.00000     0.00000
    -9.10384     0.00000     0.00000     0.00000
    -9.10166     0.00000     0.00000     0.00000
    -9.09949     0.00000     0.00000     0.00000
    -9.09731     0.00000     0.00000     0.00000
    -9.09513     0.00000     0.00000     0.00000
    -9.09296     0.00000     0.00000     0.00000
    -9.09078     0.00000     0.00000     0.00000
    -9.08860     0.00000     0.00000     0.00000
    -9.08643     0.00000     0.00000     0.00000
    -9.08425     0.00000     0.00000     0.00000
    -9.08207     0.00000     0.00000     0.00000
    -9.07990     0.00000     0.00000     0.00000
    -9.07772     0.00000     0.00000     0.00000
    -9.07554     0.00000     0.00000     0.00000
    -9.07336     0.00000     0.00000     0.00000
    -9.07119     0.00000     0.00000     0.00000
    -9.06901     0.00000     0.00000     0.00000
    -9.06683     0.00000     0.00000     0.00000
    -9.06466     0.00000     0.00000     0.00000
    -9.06248     0.00000     0.00000     0.00000
    -9.06030     0.00000     0.00000     0.00000
    -9.05813     0.00000     0.00000     0.00000
    -9.05595     0.00000     0.00000     0.00000
    -9.05377     0.00000     0.00000     0.00000
    -9.05160     0.00000     0.00000     0.00000
    -9.04942     0.00000     0.00000     0.00000
    -9.04724     0.00000     0.00000     0.00000
    -9.04506     0.00000     0.00000     0.00000
    -9.04289     0.00000     0.00000     0.00000
    -9.04071     0.00000     0.00000     0.00000
    -9.03853     0.00000     0.00000     0.00000
    -9.03636     0.00000     0.00000     0.00000
    -9.03418     0.00000     0.00000     0.00000
    -9.03200     0.00000     0.00000     0.00000
    -9.02983     0.00000     0.00000     0.00000
    -9.02765     0.00000     0.00000     0.00000
    -9.02547     0.00000     0.00000     0.00000
    -9.02330     0.00000     0.00000     0.00000
    -9.02112     0.00000     0.00000     0.00000
    -9.01894     0.00000     0.00000     0.00000
    -9.01676     0.00000     0.00000     0.00000
    -9.01459     0.00000     0.00000     0.00000
    -9.01241     0.00000     0.00000     0.00000
    -9.01023     0.00000     0.00000     0.00000
    -9.00806     0.00000     0.00000     0.00000
    -9.00588     0.00000     0.00000     0.00000
    -9.00370     0.00000     0.00000     0.00000
    -9.00153     0.00000     0.00000     0.00000
    -8.99935     0.00000     0.00000     0.00000
    -8.99717     0.00000     0.00000     0.00000
    -8.99500     0.00000     0.00000     0.00000
    -8.99282     0.00000     0.00000     0.00000
    -8.99064     0.00000     0.00000     0.00000
    -8.98847     0.00000     0.00000     0.00000
    -8.98629     0.00000     0.00000     0.00000
    -8.98411     0.00000     0.00000     0.00000
    -8.98193     0.00000     0.00000     0.00000
    -8.97976     0.00000     0.00000     0.00000
    -8.97758     0.00000     0.00000     0.00000
    -8.97540     0.00000     0.00000     0.00000
    -8.97323     0.00000     0.00000     0.00000
    -8.97105     0.00000     0.00000     0.00000
    -8.96887     0.00000     0.00000     0.00000
    -8.96670     0.00000     0.00000     0.00000
    -8.96452     0.00000     0.00000     0.00000
    -8.96234     0.00000     0.00000     0.00000
    -8.96017     0.00000     0.00000     0.00000
    -8.95799     0.00000     0.00000     0.00000
    -8.95581     0.00000     0.00000     0.00000
    -8.95363     0.00000     0.00000     0.00000
    -8.95146     0.00000     0.00000     0.00000
    -8.94928     0.00000     0.00000     0.00000
    -8.94710     0.00000     0.00000     0.00000
    -8.94493     0.00000     0.00000     0.00000
    -8.94275     0.00000     0.00000     0.00000
    -8.94057     0.00000     0.00000     0.00000
    -8.93840     0.00000     0.00000     0.00000
    -8.93622     0.00000     0.00000     0.00000
    -8.93404     0.00000     0.00000     0.00000
    -8.93187     0.00000     0.00000     0.00000
    -8.92969     0.00000     0.00000     0.00000
    -8.92751     0.00000     0.00000     0.00000
    -8.92533     0.00000     0.00000     0.00000
    -8.92316     0.00000     0.00000     0.00000
    -8.92098     0.00000     0.00000     0.00000
    -8.91880     0.00000     0.00000     0.00000
    -8.91663     0.00000     0.00000     0.00000
    -8.91445     0.00000     0.00000     0.00000
    -8.91227     0.00000     0.00000     0.00000
    -8.91010     0.00000     0.00000     0.00000
    -8.90792     0.00000     0.00000     0.00000
    -8.90574     0.00000     0.00000     0.00000
    -8.90357     0.00000     0.00000     0.00000
    -8.90139     0.00000     0.00000     0.00000
    -8.89921     0.00000     0.00000     0.00000
    -8.89703     0.00000     0.00000     0.00000
    -8.89486     0.00000     0.00000     0.00000
    -8.89268     0.00000     0.00000     0.00000
    -8.89050     0.00000     0.00000     0.00000
    -8.88833     0.00000     0.00000     0.00000
    -8.88615     0.00000     0.00000     0.00000
    -8.88397     0.00000     0.00000     0.00000
    -8.88180     0.00000     0.00000     0.00000
    -8.87962     0.00000     0.00000     0.00000
    -8.87744     0.00000     0.00000     0.00000
    -8.87527     0.00000     0.00000     0.00000
    -8.87309     0.00000     0.00000     0.00000
    -8.87091     0.00000     0.00000     0.00000
    -8.86873     0.00000     0.00000     0.00000
    -8.86656     0.00000     0.00000     0.00000
    -8.86438     0.00000     0.00000     0.00000
    -8.86220     0.00000     0.00000     0.00000
    -8.86003     0.00000     0.00000     0.00000
    -8.85785     0.00000     0.00000     0.00000
    -8.85567     0.00000     0.00000     0.00000
    -8.85350     0.00000     0.00000     0.00000
    -8.85132     0.00000     0.00000     0.00000
    -8.84914     0.00000     0.00000     0.00000
    -8.84697     0.00000     0.00000     0.00000
    -8.84479     0.00000     0.00000     0.00000
    -8.84261     0.00000     0.00000     0.00000
    -8.84044     0.00000     0.00000     0.00000
    -8.83826     0.00000     0.00000     0.00000
    -8.83608     0.00000     0.00000     0.00000
    -8.83390     0.00000     0.00000     0.00000
    -8.83173     0.00000     0.00000     0.00000
    -8.82955     0.00000     0.00000     0.00000
    -8.82737     0.00000     0.00000     0.00000
    -8.82520     0.00000     0.00000     0.00000
    -8.82302     0.00000     0.00000     0.00000
    -8.82084     0.00000     0.00000     0.00000
    -8.81867     0.00000     0.00000     0.00000
    -8.81649     0.00000     0.00000     0.00000
    -8.81431     0.00000     0.00000     0.00000
    -8.81214     0.00000     0.00000     0.00000
    -8.80996     0.00000     0.00000     0.00000
    -8.80778     0.00000     0.00000     0.00000
    -8.80560     0.00000     0.00000     0.00000
    -8.80343     0.00000     0.00000     0.00000
    -8.80125     0.00000     0.00000     0.00000
    -8.79907     0.00000     0.00000     0.00000
    -8.79690     0.00000     0.00000     0.00000
    -8.79472     0.00000     0.00000     0.00000
    -8.79254     0.00000     0.00000     0.00000
    -8.79037     0.00000     0.00000     0.00000
    -8.78819     0.00000     0.00000     0.00000
    -8.78601     0.00000     0.00000     0.00000
    -8.78384     0.00000     0.00000     0.00000
    -8.78166     0.00000     0.00000     0.00000
    -8.77948     0.00000     0.00000     0.00000
    -8.77730     0.00000     0.00000     0.00000
    -8.77513     0.00000     0.00000     0.00000
    -8.77295     0.00000     0.00000     0.00000
    -8.77077     0.00000     0.00000     0.00000
    -8.76860     0.00000     0.00000     0.00000
    -8.76642     0.00000     0.00000     0.00000
    -8.76424     0.00000     0.00000     0.00000
    -8.76207     0.00000     0.00000     0.00000
    -8.75989     0.00000     0.00000     0.00000
    -8.75771     0.00000     0.00000     0.00000
    -8.75554     0.00000     0.00000     0.00000
    -8.75336     0.00000     0.00000     0.00000
    -8.75118     0.00000     0.00000     0.00000
    -8.74900     0.00000     0.00000     0.00000
    -8.74683     0.00000     0.00000     0.00000
    -8.74465     0.00000     0.00000     0.00000
    -8.74247     0.00000     0.00000     0.00000
    -8.74030     0.00000     0.00000     0.00000
    -8.73812     0.00000     0.00000     0.00000
    -8.73594     0.00000     0.00000     0.00000
    -8.73377     0.00000     0.00000     0.00000
    -8.73159     0.00000     0.00000     0.00000
    -8.72941     0.00000     0.00000     0.00000
    -8.72724     0.00000     0.00000     0.00000
    -8.72506     0.00000     0.00000     0.00000
    -8.72288     0.00000     0.00000     0.00000
    -8.72070     0.00000     0.00000     0.00000
    -8.71853     0.00000     0.00000     0.00000
    -8.71635     0.00000     0.00000     0.00000
    -8.71417     0.00000     0.00000     0.00000
    -8.71200     0.00000     0.00000     0.00000
    -8.70982     0.00000     0.00000     0.00000
    -8.70764     0.00000     0.00000     0.00000
    -8.70547     0.00000     0.00000     0.00000
    -8.70329     0.00000     0.00000     0.00000
    -8.70111     0.00000     0.00000     0.00000
    -8.69894     0.00000     0.00000     0.00000
    -8.69676     0.00000     0.00000     0.00000
    -8.69458     0.00000     0.00000     0.00000
    -8.69241     0.00000     0.00000     0.00000
    -8.69023     0.00000     0.00000     0.00000
    -8.68805     0.00000     0.00000     0.00000
    -8.68587     0.00000     0.00000     0.00000
    -8.68370     0.00000     0.00000     0.00000
    -8.68152     0.00000     0.00000     0.00000
    -8.67934     0.00000     0.00000     0.00000
    -8.67717     0.00000     0.00000     0.00000
    -8.67499     0.00000     0.00000     0.00000
    -8.67281     0.00000     0.00000     0.00000
    -8.67064     0.00000     0.00000     0.00000
    -8.66846     0.00000     0.00000     0.00000
    -8.66628     0.00000     0.00000     0.00000
    -8.66411     0.00000     0.00000     0.00000
    -8.66193     0.00000     0.00000     0.00000
    -8.65975     0.00000     0.00000     0.00000
    -8.65757     0.00000     0.00000     0.00000
    -8.65540     0.00000     0.00000     0.00000
    -8.65322     0.00000     0.00000     0.00000
    -8.65104     0.00000     0.00000     0.00000
    -8.64887     0.00000     0.00000     0.00000
    -8.64669     0.00000     0.00000     0.00000
    -8.64451     0.00000     0.00000     0.00000
    -8.64234     0.00000     0.00000     0.00000
    -8.64016     0.00000     0.00000     0.00000
    -8.63798     0.00000     0.00000     0.00000
    -8.63581     0.00000     0.00000     0.00000
    -8.63363     0.00000     0.00000     0.00000
    -8.63145     0.00000     0.00000     0.00000
    -8.62927     0.00000     0.00000     0.00000
    -8.62710     0.00000     0.00000     0.00000
    -8.62492     0.00000     0.00000     0.00000
    -8.62274     0.00000     0.00000     0.00000
    -8.62057     0.00000     0.00000     0.00000
    -8.61839     0.00000     0.00000     0.00000
    -8.61621     0.00000     0.00000     0.00000
    -8.61404     0.00000     0.00000     0.00000
    -8.61186     0.00000     0.00000     0.00000
    -8.60968     0.00000     0.00000     0.00000
    -8.60751     0.00000     0.00000     0.00000
    -8.60533     0.00000     0.00000     0.00000
    -8.60315     0.00000     0.00000     0.00000
    -8.60097     0.00000     0.00000     0.00000
    -8.59880     0.00000     0.00000     0.00000
    -8.59662     0.00000     0.00000     0.00000
    -8.59444     0.00000     0.00000     0.00000
    -8.59227     0.00000     0.00000     0.00000
    -8.59009     0.00000     0.00000     0.00000
    -8.58791     0.00000     0.00000     0.00000
    -8.58574     0.00000     0.00000     0.00000
    -8.58356     0.00000     0.00000     0.00000
    -8.58138     0.00000     0.00000     0.00000
    -8.57921     0.00000     0.00000     0.00000
    -8.57703     0.00000     0.00000     0.00000
    -8.57485     0.00000     0.00000     0.00000
    -8.57268     0.00000     0.00000     0.00000
    -8.57050     0.00000     0.00000     0.00000
    -8.56832     0.00000     0.00000     0.00000
    -8.56614     0.00000     0.00000     0.00000
    -8.56397     0.00000     0.00000     0.00000
    -8.56179     0.00000     0.00000     0.00000
    -8.55961     0.00000     0.00000     0.00000
    -8.55744     0.00000     0.00000     0.00000
    -8.55526     0.00000     0.00000     0.00000
    -8.55308     0.00000     0.00000     0.00000
    -8.55091     0.00000     0.00000     0.00000
    -8.54873     0.00000     0.00000     0.00000
    -8.54655     0.00000     0.00000     0.00000
    -8.54438     0.00000     0.00000     0.00000
    -8.54220     0.00000     0.00000     0.00000
    -8.54002     0.00000     0.00000     0.00000
    -8.53784     0.00000     0.00000     0.00000
    -8.53567     0.00000     0.00000     0.00000
    -8.53349     0.00000     0.00000     0.00000
    -8.53131     0.00000     0.00000     0.00000
    -8.52914     0.00000     0.00000     0.00000
    -8.52696     0.00000     0.00000     0.00000
    -8.52478     0.00000     0.00000     0.00000
    -8.52261     0.00000     0.00000     0.00000
    -8.52043     0.00000     0.00000     0.00000
    -8.51825     0.00000     0.00000     0.00000
    -8.51608     0.00000     0.00000     0.00000
    -8.51390     0.00000     0.00000     0.00000
    -8.51172     0.00000     0.00000     0.00000
    -8.50954     0.00000     0.00000     0.00000
    -8.50737     0.00000     0.00000     0.00000
    -8.50519     0.00000     0.00000     0.00000
    -8.50301     0.00000     0.00000     0.00000
    -8.50084     0.00000     0.00000     0.00000
    -8.49866     0.00000     0.00000     0.00000
    -8.49648     0.00000     0.00000     0.00000
    -8.49431     0.00000     0.00000     0.00000
    -8.49213     0.00000     0.00000     0.00000
    -8.48995     0.00000     0.00000     0.00000
    -8.48778     0.00000     0.00000     0.00000
    -8.48560     0.00000     0.00000     0.00000
    -8.48342     0.00000     0.00000     0.00000
    -8.48124     0.00000     0.00000     0.00000
    -8.47907     0.00000     0.00000     0.00000
    -8.47689     0.00000     0.00000     0.00000
    -8.47471     0.00000     0.00000     0.00000
    -8.47254     0.00000     0.00000     0.00000
    -8.47036     0.00000     0.00000     0.00000
    -8.46818     0.00000     0.00000     0.00000
    -8.46601     0.00000     0.00000     0.00000
    -8.46383     0.00000     0.00000     0.00000
    -8.46165     0.00000     0.00000     0.00000
    -8.45948     0.00000     0.00000     0.00000
    -8.45730     0.00000     0.00000     0.00000
    -8.45512     0.00000     0.00000     0.00000
    -8.45294     0.00000     0.00000     0.00000
    -8.45077     0.00000     0.00000     0.00000
    -8.44859     0.00000     0.00000     0.00000
    -8.44641     0.00000     0.00000     0.00000
    -8.44424     0.00000     0.00000     0.00000
    -8.44206     0.00000     0.00000     0.00000
    -8.43988     0.00000     0.00000     0.00000
    -8.43771     0.00000     0.00000     0.00000
    -8.43553     0.00000     0.00000     0.00000
    -8.43335     0.00000     0.00000     0.00000
    -8.43118     0.00000     0.00000     0.00000
    -8.42900     0.00000     0.00000     0.00000
    -8.42682     0.00000     0.00000     0.00000
    -8.42465     0.00000     0.00000     0.00000
    -8.42247     0.00000     0.00000     0.00000
    -8.42029     0.00000     0.00000     0.00000
    -8.41811     0.00000     0.00000     0.00000
    -8.41594     0.00000     0.00000     0.00000
    -8.41376     0.00000     0.00000     0.00000
    -8.41158     0.00000     0.00000     0.00000
    -8.40941     0.00000     0.00000     0.00000
    -8.40723     0.00000     0.00000     0.00000
    -8.40505     0.00000     0.00000     0.00000
    -8.40288     0.00000     0.00000     0.00000
    -8.40070     0.00000     0.00000     0.00000
    -8.39852     0.00000     0.00000     0.00000
    -8.39635     0.00000     0.00000     0.00000
    -8.39417     0.00000     0.00000     0.00000
    -8.39199     0.00000     0.00000     0.00000
    -8.38981     0.00000     0.00000     0.00000
    -8.38764     0.00000     0.00000     0.00000
    -8.38546     0.00000     0.00000     0.00000
    -8.38328     0.00000     0.00000     0.00000
    -8.38111     0.00000     0.00000     0.00000
    -8.37893     0.00000     0.00000     0.00000
    -8.37675     0.00000     0.00000     0.00000
    -8.37458     0.00000     0.00000     0.00000
    -8.37240     0.00000     0.00000     0.00000
    -8.37022     0.00000     0.00000     0.00000
    -8.36805     0.00000     0.00000     0.00000
    -8.36587     0.00000     0.00000     0.00000
    -8.36369     0.00000     0.00000     0.00000
    -8.36151     0.00000     0.00000     0.00000
    -8.35934     0.00000     0.00000     0.00000
    -8.35716     0.00000     0.00000     0.00000
    -8.35498     0.00000     0.00000     0.00000
    -8.35281     0.00000     0.00000     0.00000
    -8.35063     0.00000     0.00000     0.00000
    -8.34845     0.00000     0.00000     0.00000
    -8.34628     0.00000     0.00000     0.00000
    -8.34410     0.00000     0.00000     0.00000
    -8.34192     0.00000     0.00000     0.00000
    -8.33975     0.00000     0.00000     0.00000
    -8.33757     0.00000     0.00000     0.00000
    -8.33539     0.00000     0.00000     0.00000
    -8.33321     0.00000     0.00000     0.00000
    -8.33104     0.00000     0.00000     0.00000
    -8.32886     0.00000     0.00000     0.00000
    -8.32668     0.00000     0.00000     0.00000
    -8.32451     0.00000     0.00000     0.00000
    -8.32233     0.00000     0.00000     0.00000
    -8.32015     0.00000     0.00000     0.00000
    -8.31798     0.00000     0.00000     0.00000
    -8.31580     0.00000     0.00000     0.00000
    -8.31362     0.00000     0.00000     0.00000
    -8.31145     0.00000     0.00000     0.00000
    -8.30927     0.00000     0.00000     0.00000
    -8.30709     0.00000     0.00000     0.00000
    -8.30492     0.00000     0.00000     0.00000
    -8.30274     0.00000     0.00000     0.00000
    -8.30056     0.00000     0.00000     0.00000
    -8.29838     0.00000     0.00000     0.00000
    -8.29621     0.00000     0.00000     0.00000
    -8.29403     0.00000     0.00000     0.00000
    -8.29185     0.00000     0.00000     0.00000
    -8.28968     0.00000     0.00000     0.00000
    -8.28750     0.00000     0.00000     0.00000
    -8.28532     0.00000     0.00000     0.00000
    -8.28315     0.00000     0.00000     0.00000
    -8.28097     0.00000     0.00000     0.00000
    -8.27879     0.00000     0.00000     0.00000
    -8.27662     0.00000     0.00000     0.00000
    -8.27444     0.00000     0.00000     0.00000
    -8.27226     0.00000     0.00000     0.00000
    -8.27008     0.00000     0.00000     0.00000
    -8.26791     0.00000     0.00000     0.00000
    -8.26573     0.00000     0.00000     0.00000
    -8.26355     0.00000     0.00000     0.00000
    -8.26138     0.00000     0.00000     0.00000
    -8.25920     0.00000     0.00000     0.00000
    -8.25702     0.00000     0.00000     0.00000
    -8.25485     0.00000     0.00000     0.00000
    -8.25267     0.00000     0.00000     0.00000
    -8.25049     0.00000     0.00000     0.00000
    -8.24832     0.00000     0.00000     0.00000
    -8.24614     0.00000     0.00000     0.00000
    -8.24396     0.00000     0.00000     0.00000
    -8.24178     0.00000     0.00000     0.00000
    -8.23961     0.00000     0.00000     0.00000
    -8.23743     0.00000     0.00000     0.00000
    -8.23525     0.00000     0.00000     0.00000
    -8.23308     0.00000     0.00000     0.00000
    -8.23090     0.00000     0.00000     0.00000
    -8.22872     0.00000     0.00000     0.00000
    -8.22655     0.00000     0.00000     0.00000
    -8.22437     0.00000     0.00000     0.00000
    -8.22219     0.00000     0.00000     0.00000
    -8.22002     0.00000     0.00000     0.00000
    -8.21784     0.00000     0.00000     0.00000
    -8.21566     0.00000     0.00000     0.00000
    -8.21348     0.00000     0.00000     0.00000
    -8.21131     0.00000     0.00000     0.00000
    -8.20913     0.00000     0.00000     0.00000
    -8.20695     0.00000     0.00000     0.00000
    -8.20478     0.00000     0.00000     0.00000
    -8.20260     0.00000     0.00000     0.00000
    -8.20042     0.00000     0.00000     0.00000
    -8.19825     0.00000     0.00000     0.00000
    -8.19607     0.00000     0.00000     0.00000
    -8.19389     0.00000     0.00000     0.00000
    -8.19172     0.00000     0.00000     0.00000
    -8.18954     0.00000     0.00000     0.00000
    -8.18736     0.00000     0.00000     0.00000
    -8.18518     0.00000     0.00000     0.00000
    -8.18301     0.00000     0.00000     0.00000
    -8.18083     0.00000     0.00000     0.00000
    -8.17865     0.00000     0.00000     0.00000
    -8.17648     0.00000     0.00000     0.00000
    -8.17430     0.00000     0.00000     0.00000
    -8.17212     0.00000     0.00000     0.00000
    -8.16995     0.00000     0.00000     0.00000
    -8.16777     0.00000     0.00000     0.00000
    -8.16559     0.00000     0.00000     0.00000
    -8.16342     0.00000     0.00000     0.00000
    -8.16124     0.00000     0.00000     0.00000
    -8.15906     0.00000     0.00000     0.00000
    -8.15689     0.00000     0.00000     0.00000
    -8.15471     0.00000     0.00000     0.00000
    -8.15253     0.00000     0.00000     0.00000
    -8.15035     0.00000     0.00000     0.00000
    -8.14818     0.00000     0.00000     0.00000
    -8.14600     0.00000     0.00000     0.00000
    -8.14382     0.00000     0.00000     0.00000
    -8.14165     0.00000     0.00000     0.00000
    -8.13947     0.00000     0.00000     0.00000
    -8.13729     0.00000     0.00000     0.00000
    -8.13512     0.00000     0.00000     0.00000
    -8.13294     0.00000     0.00000     0.00000
    -8.13076     0.00000     0.00000     0.00000
    -8.12859     0.00000     0.00000     0.00000
    -8.12641     0.00000     0.00000     0.00000
    -8.12423     0.00000     0.00000     0.00000
    -8.12205     0.00000     0.00000     0.00000
    -8.11988     0.00000     0.00000     0.00000
    -8.11770     0.00000     0.00000     0.00000
    -8.11552     0.00000     0.00000     0.00000
    -8.11335     0.00000     0.00000     0.00000
    -8.11117     0.00000     0.00000     0.00000
    -8.10899     0.00000     0.00000     0.00000
    -8.10682     0.00000     0.00000     0.00000
    -8.10464     0.00000     0.00000     0.00000
    -8.10246     0.00000     0.00000     0.00000
    -8.10029     0.00000     0.00000     0.00000
    -8.09811     0.00000     0.00000     0.00000
    -8.09593     0.00000     0.00000     0.00000
    -8.09375     0.00000     0.00000     0.00000
    -8.09158     0.00000     0.00000     0.00000
    -8.08940     0.00000     0.00000     0.00000
    -8.08722     0.00000     0.00000     0.00000
    -8.08505     0.00000     0.00000     0.00000
    -8.08287     0.00000     0.00000     0.00000
    -8.08069     0.00000     0.00000     0.00000
    -8.07852     0.00000     0.00000     0.00000
    -8.07634     0.00000     0.00000     0.00000
    -8.07416     0.00000     0.00000     0.00000
    -8.07199     0.00000     0.00000     0.00000
    -8.06981     0.00000     0.00000     0.00000
    -8.06763     0.00000     0.00000     0.00000
    -8.06545     0.00000     0.00000     0.00000
    -8.06328     0.00000     0.00000     0.00000
    -8.06110     0.00000     0.00000     0.00000
    -8.05892     0.00000     0.00000     0.00000
    -8.05675     0.00000     0.00000     0.00000
    -8.05457     0.00000     0.00000     0.00000
    -8.05239     0.00000     0.00000     0.00000
    -8.05022     0.00000     0.00000     0.00000
    -8.04804     0.00000     0.00000     0.00000
    -8.04586     0.00000     0.00000     0.00000
    -8.04369     0.00000     0.00000     0.00000
    -8.04151     0.00000     0.00000     0.00000
    -8.03933     0.00000     0.00000     0.00000
    -8.03715     0.00000     0.00000     0.00000
    -8.03498     0.00000     0.00000     0.00000
    -8.03280     0.00000     0.00000     0.00000
    -8.03062     0.00000     0.00000     0.00000
    -8.02845     0.00000     0.00000     0.00000
    -8.02627     0.00000     0.00000     0.00000
    -8.02409     0.00000     0.00000     0.00000
    -8.02192     0.00000     0.00000     0.00000
    -8.01974     0.00000     0.00000     0.00000
    -8.01756     0.00000     0.00000     0.00000
    -8.01539     0.00000     0.00000     0.00000
    -8.01321     0.00000     0.00000     0.00000
    -8.01103     0.00000     0.00000     0.00000
    -8.00886     0.00000     0.00000     0.00000
    -8.00668     0.00000     0.00000     0.00000
    -8.00450     0.00000     0.00000     0.00000
    -8.00232     0.00000     0.00000     0.00000
    -8.00015     0.00000     0.00000     0.00000
    -7.99797     0.00000     0.00000     0.00000
    -7.99579     0.00000     0.00000     0.00000
    -7.99362     0.00000     0.00000     0.00000
    -7.99144     0.00000     0.00000     0.00000
    -7.98926     0.00000     0.00000     0.00000
    -7.98709     0.00000     0.00000     0.00000
    -7.98491     0.00000     0.00000     0.00000
    -7.98273     0.00000     0.00000     0.00000
    -7.98056     0.00000     0.00000     0.00000
    -7.97838     0.00000     0.00000     0.00000
    -7.97620     0.00000     0.00000     0.00000
    -7.97402     0.00000     0.00000     0.00000
    -7.97185     0.00000     0.00000     0.00000
    -7.96967     0.00000     0.00000     0.00000
    -7.96749     0.00000     0.00000     0.00000
    -7.96532     0.00000     0.00000     0.00000
    -7.96314     0.00000     0.00000     0.00000
    -7.96096     0.00000     0.00000     0.00000
    -7.95879     0.00000     0.00000     0.00000
    -7.95661     0.00000     0.00000     0.00000
    -7.95443     0.00000     0.00000     0.00000
    -7.95226     0.00000     0.00000     0.00000
    -7.95008     0.00000     0.00000     0.00000
    -7.94790     0.00000     0.00000     0.00000
    -7.94572     0.00000     0.00000     0.00000
    -7.94355     0.00000     0.00000     0.00000
    -7.94137     0.00000     0.00000     0.00000
    -7.93919     0.00000     0.00000     0.00000
    -7.93702     0.00000     0.00000     0.00000
    -7.93484     0.00000     0.00000     0.00000
    -7.93266     0.00000     0.00000     0.00000
    -7.93049     0.00000     0.00000     0.00000
    -7.92831     0.00000     0.00000     0.00000
    -7.92613     0.00000     0.00000     0.00000
    -7.92396     0.00000     0.00000     0.00000
    -7.92178     0.00000     0.00000     0.00000
    -7.91960     0.00000     0.00000     0.00000
    -7.91742     0.00000     0.00000     0.00000
    -7.91525     0.00000     0.00000     0.00000
    -7.91307     0.00000     0.00000     0.00000
    -7.91089     0.00000     0.00000     0.00000
    -7.90872     0.00000     0.00000     0.00000
    -7.90654     0.00000     0.00000     0.00000
    -7.90436     0.00000     0.00000     0.00000
    -7.90219     0.00000     0.00000     0.00000
    -7.90001     0.00000     0.00000     0.00000
    -7.89783     0.00000     0.00000     0.00000
    -7.89566     0.00000     0.00000     0.00000
    -7.89348     0.00000     0.00000     0.00000
    -7.89130     0.00000     0.00000     0.00000
    -7.88913     0.00000     0.00000     0.00000
    -7.88695     0.00000     0.00000     0.00000
    -7.88477     0.00000     0.00000     0.00000
    -7.88259     0.00000     0.00000     0.00000
    -7.88042     0.00000     0.00000     0.00000
    -7.87824     0.00000     0.00000     0.00000
    -7.87606     0.00000     0.00000     0.00000
    -7.87389     0.00000     0.00000     0.00000
    -7.87171     0.00000     0.00000     0.00000
    -7.86953     0.00000     0.00000     0.00000
    -7.86736     0.00000     0.00000     0.00000
    -7.86518     0.00000     0.00000     0.00000
    -7.86300     0.00000     0.00000     0.00000
    -7.86083     0.00000     0.00000     0.00000
    -7.85865     0.00000     0.00000     0.00000
    -7.85647     0.00000     0.00000     0.00000
    -7.85429     0.00000     0.00000     0.00000
    -7.85212     0.00000     0.00000     0.00000
    -7.84994     0.00000     0.00000     0.00000
    -7.84776     0.00000     0.00000     0.00000
    -7.84559     0.00000     0.00000     0.00000
    -7.84341     0.00000     0.00000     0.00000
    -7.84123     0.00000     0.00000     0.00000
    -7.83906     0.00000     0.00000     0.00000
    -7.83688     0.00000     0.00000     0.00000
    -7.83470     0.00000     0.00000     0.00000
    -7.83253     0.00000     0.00000     0.00000
    -7.83035     0.00000     0.00000     0.00000
    -7.82817     0.00000     0.00000     0.00000
    -7.82599     0.00000     0.00000     0.00000
    -7.82382     0.00000     0.00000     0.00000
    -7.82164     0.00000     0.00000     0.00000
    -7.81946     0.00000     0.00000     0.00000
    -7.81729     0.00000     0.00000     0.00000
    -7.81511     0.00000     0.00000     0.00000
    -7.81293     0.00000     0.00000     0.00000
    -7.81076     0.00000     0.00000     0.00000
    -7.80858     0.00000     0.00000     0.00000
    -7.80640     0.00000     0.00000     0.00000
    -7.80423     0.00000     0.00000     0.00000
    -7.80205     0.00000     0.00000     0.00000
    -7.79987     0.00000     0.00000     0.00000
    -7.79769     0.00000     0.00000     0.00000
    -7.79552     0.00000     0.00000     0.00000
    -7.79334     0.00000     0.00000     0.00000
    -7.79116     0.00000     0.00000     0.00000
    -7.78899     0.00000     0.00000     0.00000
    -7.78681     0.00000     0.00000     0.00000
    -7.78463     0.00000     0.00000     0.00000
    -7.78246     0.00000     0.00000     0.00000
    -7.78028     0.00000     0.00000     0.00000
    -7.77810     0.00000     0.00000     0.00000
    -7.77593     0.00000     0.00000     0.00000
    -7.77375     0.00000     0.00000     0.00000
    -7.77157     0.00000     0.00000     0.00000
    -7.76939     0.00000     0.00000     0.00000
    -7.76722     0.00000     0.00000     0.00000
    -7.76504     0.00000     0.00000     0.00000
    -7.76286     0.00000     0.00000     0.00000
    -7.76069     0.00000     0.00000     0.00000
    -7.75851     0.00000     0.00000     0.00000
    -7.75633     0.00000     0.00000     0.00000
    -7.75416     0.00000     0.00000     0.00000
    -7.75198     0.00000     0.00000     0.00000
    -7.74980     0.00000     0.00000     0.00000
    -7.74763     0.00000     0.00000     0.00000
    -7.74545     0.00000     0.00000     0.00000
    -7.74327     0.00000     0.00000     0.00000
    -7.74110     0.00000     0.00000     0.00000
    -7.73892     0.00000     0.00000     0.00000
    -7.73674     0.00000     0.00000     0.00000
    -7.73456     0.00000     0.00000     0.00000
    -7.73239     0.00000     0.00000     0.00000
    -7.73021     0.00000     0.00000     0.00000
    -7.72803     0.00000     0.00000     0.00000
    -7.72586     0.00000     0.00000     0.00000
    -7.72368     0.00000     0.00000     0.00000
    -7.72150     0.00000     0.00000     0.00000
    -7.71933     0.00000     0.00000     0.00000
    -7.71715     0.00000     0.00000     0.00000
    -7.71497     0.00000     0.00000     0.00000
    -7.71280     0.00000     0.00000     0.00000
    -7.71062     0.00000     0.00000     0.00000
    -7.70844     0.00000     0.00000     0.00000
    -7.70626     0.00001     0.00001     0.00000
    -7.70409     0.00001     0.00001     0.00000
    -7.70191     0.00001     0.00001     0.00000
    -7.69973     0.00002     0.00002     0.00000
    -7.69756     0.00003     0.00003     0.00000
    -7.69538     0.00004     0.00004     0.00000
    -7.69320     0.00006     0.00006     0.00000
    -7.69103     0.00009     0.00009     0.00000
    -7.68885     0.00013     0.00013     0.00000
    -7.68667     0.00019     0.00019     0.00000
    -7.68450     0.00027     0.00027     0.00000
    -7.68232     0.00038     0.00038     0.00000
    -7.68014     0.00054     0.00053     0.00000
    -7.67796     0.00075     0.00074     0.00000
    -7.67579     0.00103     0.00102     0.00001
    -7.67361     0.00142     0.00141     0.00001
    -7.67143     0.00193     0.00192     0.00001
    -7.66926     0.00262     0.00261     0.00002
    -7.66708     0.00353     0.00351     0.00002
    -7.66490     0.00473     0.00471     0.00003
    -7.66273     0.00630     0.00626     0.00004
    -7.66055     0.00833     0.00828     0.00005
    -7.65837     0.01094     0.01088     0.00006
    -7.65620     0.01428     0.01420     0.00008
    -7.65402     0.01853     0.01842     0.00011
    -7.65184     0.02388     0.02373     0.00014
    -7.64966     0.03057     0.03039     0.00018
    -7.64749     0.03890     0.03867     0.00023
    -7.64531     0.04918     0.04889     0.00029
    -7.64313     0.06178     0.06142     0.00036
    -7.64096     0.07711     0.07666     0.00046
    -7.63878     0.09564     0.09507     0.00056
    -7.63660     0.11785     0.11716     0.00070
    -7.63443     0.14430     0.14345     0.00085
    -7.63225     0.17556     0.17453     0.00104
    -7.63007     0.21223     0.21098     0.00125
    -7.62790     0.25493     0.25342     0.00151
    -7.62572     0.30425     0.30246     0.00180
    -7.62354     0.36081     0.35868     0.00213
    -7.62136     0.42514     0.42263     0.00251
    -7.61919     0.49776     0.49482     0.00294
    -7.61701     0.57905     0.57563     0.00342
    -7.61483     0.66933     0.66538     0.00395
    -7.61266     0.76875     0.76421     0.00454
    -7.61048     0.87730     0.87212     0.00518
    -7.60830     0.99479     0.98892     0.00588
    -7.60613     1.12082     1.11420     0.00662
    -7.60395     1.25477     1.24735     0.00741
    -7.60177     1.39575     1.38751     0.00824
    -7.59960     1.54267     1.53356     0.00911
    -7.59742     1.69419     1.68418     0.01001
    -7.59524     1.84871     1.83779     0.01092
    -7.59307     2.00445     1.99261     0.01184
    -7.59089     2.15945     2.14670     0.01275
    -7.58871     2.31160     2.29795     0.01365
    -7.58653     2.45868     2.44416     0.01452
    -7.58436     2.59843     2.58309     0.01535
    -7.58218     2.72861     2.71250     0.01612
    -7.58000     2.84703     2.83022     0.01682
    -7.57783     2.95164     2.93421     0.01743
    -7.57565     3.04058     3.02262     0.01796
    -7.57347     3.11220     3.09382     0.01838
    -7.57130     3.16520     3.14650     0.01870
    -7.56912     3.19856     3.17967     0.01889
    -7.56694     3.21165     3.19268     0.01897
    -7.56477     3.20422     3.18530     0.01893
    -7.56259     3.17642     3.15766     0.01876
    -7.56041     3.12876     3.11028     0.01848
    -7.55823     3.06217     3.04408     0.01809
    -7.55606     2.97787     2.96028     0.01759
    -7.55388     2.87741     2.86042     0.01700
    -7.55170     2.76261     2.74629     0.01632
    -7.54953     2.63547     2.61990     0.01557
    -7.54735     2.49814     2.48338     0.01476
    -7.54517     2.35286     2.33896     0.01390
    -7.54300     2.20189     2.18888     0.01301
    -7.54082     2.04746     2.03536     0.01209
    -7.53864     1.89171     1.88054     0.01117
    -7.53647     1.73667     1.72641     0.01026
    -7.53429     1.58416     1.57480     0.00936
    -7.53211     1.43582     1.42734     0.00848
    -7.52993     1.29307     1.28543     0.00764
    -7.52776     1.15709     1.15025     0.00683
    -7.52558     1.02880     1.02272     0.00608
    -7.52340     0.90889     0.90353     0.00537
    -7.52123     0.79784     0.79313     0.00471
    -7.51905     0.69589     0.69178     0.00411
    -7.51687     0.60310     0.59954     0.00356
    -7.51470     0.51934     0.51628     0.00307
    -7.51252     0.44437     0.44174     0.00262
    -7.51034     0.37779     0.37556     0.00223
    -7.50817     0.31914     0.31725     0.00188
    -7.50599     0.26787     0.26629     0.00158
    -7.50381     0.22341     0.22209     0.00132
    -7.50163     0.18513     0.18404     0.00109
    -7.49946     0.15244     0.15154     0.00090
    -7.49728     0.12472     0.12398     0.00074
    -7.49510     0.10139     0.10079     0.00060
    -7.49293     0.08189     0.08141     0.00048
    -7.49075     0.06573     0.06534     0.00039
    -7.48857     0.05241     0.05210     0.00031
    -7.48640     0.04153     0.04129     0.00025
    -7.48422     0.03270     0.03251     0.00019
    -7.48204     0.02558     0.02543     0.00015
    -7.47987     0.01988     0.01977     0.00012
    -7.47769     0.01536     0.01527     0.00009
    -7.47551     0.01179     0.01172     0.00007
    -7.47334     0.00899     0.00893     0.00005
    -7.47116     0.00681     0.00677     0.00004
    -7.46898     0.00513     0.00510     0.00003
    -7.46680     0.00383     0.00381     0.00002
    -7.46463     0.00285     0.00283     0.00002
    -7.46245     0.00210     0.00209     0.00001
    -7.46027     0.00154     0.00154     0.00001
    -7.45810     0.00113     0.00112     0.00001
    -7.45592     0.00082     0.00081     0.00000
    -7.45374     0.00059     0.00058     0.00000
    -7.45157     0.00042     0.00042     0.00000
    -7.44939     0.00030     0.00030     0.00000
    -7.44721     0.00021     0.00021     0.00000
    -7.44504     0.00015     0.00015     0.00000
    -7.44286     0.00010     0.00010     0.00000
    -7.44068     0.00007     0.00007     0.00000
    -7.43850     0.00005     0.00005     0.00000
    -7.43633     0.00003     0.00003     0.00000
    -7.43415     0.00002     0.00002     0.00000
    -7.43197     0.00002     0.00002     0.00000
    -7.42980     0.00001     0.00001     0.00000
    -7.42762     0.00001     0.00001     0.00000
    -7.42544     0.00000     0.00000     0.00000
    -7.42327     0.00000     0.00000     0.00000
    -7.42109     0.00000     0.00000     0.00000
    -7.41891     0.00000     0.00000     0.00000
    -7.41674     0.00000     0.00000     0.00000
    -7.41456     0.00000     0.00000     0.00000
    -7.41238     0.00000     0.00000     0.00000
    -7.41020     0.00000     0.00000     0.00000
    -7.40803     0.00000     0.00000     0.00000
    -7.40585     0.00000     0.00000     0.00000
    -7.40367     0.00000     0.00000     0.00000
    -7.40150     0.00000     0.00000     0.00000
    -7.39932     0.00000     0.00000     0.00000
    -7.39714     0.00000     0.00000     0.00000
    -7.39497     0.00000     0.00000     0.00000
    -7.39279     0.00000     0.00000     0.00000
    -7.39061     0.00000     0.00000     0.00000
    -7.38844     0.00000     0.00000     0.00000
    -7.38626     0.00000     0.00000     0.00000
    -7.38408     0.00000     0.00000     0.00000
    -7.38190     0.00000     0.00000     0.00000
    -7.37973     0.00000     0.00000     0.00000
    -7.37755     0.00000     0.00000     0.00000
    -7.37537     0.00000     0.00000     0.00000
    -7.37320     0.00000     0.00000     0.00000
    -7.37102     0.00000     0.00000     0.00000
    -7.36884     0.00000     0.00000     0.00000
    -7.36667     0.00000     0.00000     0.00000
    -7.36449     0.00000     0.00000     0.00000
    -7.36231     0.00000     0.00000     0.00000
    -7.36014     0.00000     0.00000     0.00000
    -7.35796     0.00000     0.00000     0.00000
    -7.35578     0.00000     0.00000     0.00000
    -7.35360     0.00000     0.00000     0.00000
    -7.35143     0.00000     0.00000     0.00000
    -7.34925     0.00000     0.00000     0.00000
    -7.34707     0.00000     0.00000     0.00000
    -7.34490     0.00000     0.00000     0.00000
    -7.34272     0.00000     0.00000     0.00000
    -7.34054     0.00000     0.00000     0.00000
    -7.33837     0.00000     0.00000     0.00000
    -7.33619     0.00000     0.00000     0.00000
    -7.33401     0.00000     0.00000     0.00000
    -7.33184     0.00000     0.00000     0.00000
    -7.32966     0.00000     0.00000     0.00000
    -7.32748     0.00000     0.00000     0.00000
    -7.32531     0.00000     0.00000     0.00000
    -7.32313     0.00000     0.00000     0.00000
    -7.32095     0.00000     0.00000     0.00000
    -7.31877     0.00000     0.00000     0.00000
    -7.31660     0.00000     0.00000     0.00000
    -7.31442     0.00000     0.00000     0.00000
    -7.31224     0.00000     0.00000     0.00000
    -7.31007     0.00000     0.00000     0.00000
    -7.30789     0.00000     0.00000     0.00000
    -7.30571     0.00000     0.00000     0.00000
    -7.30354     0.00000     0.00000     0.00000
    -7.30136     0.00000     0.00000     0.00000
    -7.29918     0.00000     0.00000     0.00000
    -7.29701     0.00000     0.00000     0.00000
    -7.29483     0.00000     0.00000     0.00000
    -7.29265     0.00000     0.00000     0.00000
    -7.29047     0.00000     0.00000     0.00000
    -7.28830     0.00000     0.00000     0.00000
    -7.28612     0.00000     0.00000     0.00000
    -7.28394     0.00000     0.00000     0.00000
    -7.28177     0.00000     0.00000     0.00000
    -7.27959     0.00000     0.00000     0.00000
    -7.27741     0.00000     0.00000     0.00000
    -7.27524     0.00000     0.00000     0.00000
    -7.27306     0.00000     0.00000     0.00000
    -7.27088     0.00000     0.00000     0.00000
    -7.26871     0.00000     0.00000     0.00000
    -7.26653     0.00000     0.00000     0.00000
    -7.26435     0.00000     0.00000     0.00000
    -7.26217     0.00000     0.00000     0.00000
    -7.26000     0.00000     0.00000     0.00000
    -7.25782     0.00000     0.00000     0.00000
    -7.25564     0.00000     0.00000     0.00000
    -7.25347     0.00000     0.00000     0.00000
    -7.25129     0.00000     0.00000     0.00000
    -7.24911     0.00000     0.00000     0.00000
    -7.24694     0.00000     0.00000     0.00000
    -7.24476     0.00000     0.00000     0.00000
    -7.24258     0.00000     0.00000     0.00000
    -7.24041     0.00000     0.00000     0.00000
    -7.23823     0.00000     0.00000     0.00000
    -7.23605     0.00000     0.00000     0.00000
    -7.23387     0.00000     0.00000     0.00000
    -7.23170     0.00000     0.00000     0.00000
    -7.22952     0.00000     0.00000     0.00000
    -7.22734     0.00000     0.00000     0.00000
    -7.22517     0.00000     0.00000     0.00000
    -7.22299     0.00000     0.00000     0.00000
    -7.22081     0.00000     0.00000     0.00000
    -7.21864     0.00000     0.00000     0.00000
    -7.21646     0.00000     0.00000     0.00000
    -7.21428     0.00000     0.00000     0.00000
    -7.21211     0.00000     0.00000     0.00000
    -7.20993     0.00000     0.00000     0.00000
    -7.20775     0.00000     0.00000     0.00000
    -7.20558     0.00000     0.00000     0.00000
    -7.20340     0.00000     0.00000     0.00000
    -7.20122     0.00000     0.00000     0.00000
    -7.19904     0.00000     0.00000     0.00000
    -7.19687     0.00000     0.00000     0.00000
    -7.19469     0.00000     0.00000     0.00000
    -7.19251     0.00000     0.00000     0.00000
    -7.19034     0.00000     0.00000     0.00000
    -7.18816     0.00000     0.00000     0.00000
    -7.18598     0.00000     0.00000     0.00000
    -7.18381     0.00000     0.00000     0.00000
    -7.18163     0.00000     0.00000     0.00000
    -7.17945     0.00000     0.00000     0.00000
    -7.17728     0.00000     0.00000     0.00000
    -7.17510     0.00000     0.00000     0.00000
    -7.17292     0.00000     0.00000     0.00000
    -7.17074     0.00000     0.00000     0.00000
    -7.16857     0.00000     0.00000     0.00000
    -7.16639     0.00000     0.00000     0.00000
    -7.16421     0.00000     0.00000     0.00000
    -7.16204     0.00000     0.00000     0.00000
    -7.15986     0.00000     0.00000     0.00000
    -7.15768     0.00000     0.00000     0.00000
    -7.15551     0.00000     0.00000     0.00000
    -7.15333     0.00000     0.00000     0.00000
    -7.15115     0.00000     0.00000     0.00000
    -7.14898     0.00000     0.00000     0.00000
    -7.14680     0.00000     0.00000     0.00000
    -7.14462     0.00000     0.00000     0.00000
    -7.14244     0.00000     0.00000     0.00000
    -7.14027     0.00000     0.00000     0.00000
    -7.13809     0.00000     0.00000     0.00000
    -7.13591     0.00000     0.00000     0.00000
    -7.13374     0.00000     0.00000     0.00000
    -7.13156     0.00000     0.00000     0.00000
    -7.12938     0.00000     0.00000     0.00000
    -7.12721     0.00000     0.00000     0.00000
    -7.12503     0.00000     0.00000     0.00000
    -7.12285     0.00000     0.00000     0.00000
    -7.12068     0.00000     0.00000     0.00000
    -7.11850     0.00000     0.00000     0.00000
    -7.11632     0.00000     0.00000     0.00000
    -7.11414     0.00000     0.00000     0.00000
    -7.11197     0.00000     0.00000     0.00000
    -7.10979     0.00000     0.00000     0.00000
    -7.10761     0.00000     0.00000     0.00000
    -7.10544     0.00000     0.00000     0.00000
    -7.10326     0.00000     0.00000     0.00000
    -7.10108     0.00000     0.00000     0.00000
    -7.09891     0.00000     0.00000     0.00000
    -7.09673     0.00000     0.00000     0.00000
    -7.09455     0.00000     0.00000     0.00000
    -7.09238     0.00000     0.00000     0.00000
    -7.09020     0.00000     0.00000     0.00000
    -7.08802     0.00000     0.00000     0.00000
    -7.08584     0.00000     0.00000     0.00000
    -7.08367     0.00000     0.00000     0.00000
    -7.08149     0.00000     0.00000     0.00000
    -7.07931     0.00000     0.00000     0.00000
    -7.07714     0.00000     0.00000     0.00000
    -7.07496     0.00000     0.00000     0.00000
    -7.07278     0.00000     0.00000     0.00000
    -7.07061     0.00000     0.00000     0.00000
    -7.06843     0.00000     0.00000     0.00000
    -7.06625     0.00000     0.00000     0.00000
    -7.06408     0.00000     0.00000     0.00000
    -7.06190     0.00000     0.00000     0.00000
    -7.05972     0.00000     0.00000     0.00000
    -7.05755     0.00000     0.00000     0.00000
    -7.05537     0.00000     0.00000     0.00000
    -7.05319     0.00000     0.00000     0.00000
    -7.05101     0.00000     0.00000     0.00000
    -7.04884     0.00000     0.00000     0.00000
    -7.04666     0.00000     0.00000     0.00000
    -7.04448     0.00000     0.00000     0.00000
    -7.04231     0.00000     0.00000     0.00000
    -7.04013     0.00000     0.00000     0.00000
    -7.03795     0.00000     0.00000     0.00000
    -7.03578     0.00000     0.00000     0.00000
    -7.03360     0.00000     0.00000     0.00000
    -7.03142     0.00000     0.00000     0.00000
    -7.02925     0.00000     0.00000     0.00000
    -7.02707     0.00000     0.00000     0.00000
    -7.02489     0.00000     0.00000     0.00000
    -7.02271     0.00000     0.00000     0.00000
    -7.02054     0.00000     0.00000     0.00000
    -7.01836     0.00000     0.00000     0.00000
    -7.01618     0.00000     0.00000     0.00000
    -7.01401     0.00000     0.00000     0.00000
    -7.01183     0.00000     0.00000     0.00000
    -7.00965     0.00000     0.00000     0.00000
    -7.00748     0.00000     0.00000     0.00000
    -7.00530     0.00000     0.00000     0.00000
    -7.00312     0.00000     0.00000     0.00000
    -7.00095     0.00000     0.00000     0.00000
    -6.99877     0.00000     0.00000     0.00000
    -6.99659     0.00000     0.00000     0.00000
    -6.99441     0.00000     0.00000     0.00000
    -6.99224     0.00000     0.00000     0.00000
    -6.99006     0.00000     0.00000     0.00000
    -6.98788     0.00000     0.00000     0.00000
    -6.98571     0.00000     0.00000     0.00000
    -6.98353     0.00000     0.00000     0.00000
    -6.98135     0.00000     0.00000     0.00000
    -6.97918     0.00000     0.00000     0.00000
    -6.97700     0.00000     0.00000     0.00000
    -6.97482     0.00000     0.00000     0.00000
    -6.97265     0.00000     0.00000     0.00000
    -6.97047     0.00000     0.00000     0.00000
    -6.96829     0.00000     0.00000     0.00000
    -6.96611     0.00000     0.00000     0.00000
    -6.96394     0.00000     0.00000     0.00000
    -6.96176     0.00000     0.00000     0.00000
    -6.95958     0.00000     0.00000     0.00000
    -6.95741     0.00000     0.00000     0.00000
    -6.95523     0.00000     0.00000     0.00000
    -6.95305     0.00000     0.00000     0.00000
    -6.95088     0.00000     0.00000     0.00000
    -6.94870     0.00000     0.00000     0.00000
    -6.94652     0.00000     0.00000     0.00000
    -6.94435     0.00000     0.00000     0.00000
    -6.94217     0.00000     0.00000     0.00000
    -6.93999     0.00000     0.00000     0.00000
    -6.93781     0.00000     0.00000     0.00000
    -6.93564     0.00000     0.00000     0.00000
    -6.93346     0.00000     0.00000     0.00000
    -6.93128     0.00000     0.00000     0.00000
    -6.92911     0.00000     0.00000     0.00000
    -6.92693     0.00000     0.00000     0.00000
    -6.92475     0.00000     0.00000     0.00000
    -6.92258     0.00000     0.00000     0.00000
    -6.92040     0.00000     0.00000     0.00000
    -6.91822     0.00000     0.00000     0.00000
    -6.91605     0.00000     0.00000     0.00000
    -6.91387     0.00000     0.00000     0.00000
    -6.91169     0.00000     0.00000     0.00000
    -6.90952     0.00000     0.00000     0.00000
    -6.90734     0.00000     0.00000     0.00000
    -6.90516     0.00000     0.00000     0.00000
    -6.90298     0.00000     0.00000     0.00000
    -6.90081     0.00000     0.00000     0.00000
    -6.89863     0.00000     0.00000     0.00000
    -6.89645     0.00000     0.00000     0.00000
    -6.89428     0.00000     0.00000     0.00000
    -6.89210     0.00000     0.00000     0.00000
    -6.88992     0.00000     0.00000     0.00000
    -6.88775     0.00000     0.00000     0.00000
    -6.88557     0.00000     0.00000     0.00000
    -6.88339     0.00000     0.00000     0.00000
    -6.88122     0.00000     0.00000     0.00000
    -6.87904     0.00000     0.00000     0.00000
    -6.87686     0.00000     0.00000     0.00000
    -6.87468     0.00000     0.00000     0.00000
    -6.87251     0.00000     0.00000     0.00000
    -6.87033     0.00000     0.00000     0.00000
    -6.86815     0.00000     0.00000     0.00000
    -6.86598     0.00000     0.00000     0.00000
    -6.86380     0.00000     0.00000     0.00000
    -6.86162     0.00000     0.00000     0.00000
    -6.85945     0.00000     0.00000     0.00000
    -6.85727     0.00000     0.00000     0.00000
    -6.85509     0.00000     0.00000     0.00000
    -6.85292     0.00000     0.00000     0.00000
    -6.85074     0.00000     0.00000     0.00000
    -6.84856     0.00000     0.00000     0.00000
    -6.84638     0.00000     0.00000     0.00000
    -6.84421     0.00000     0.00000     0.00000
    -6.84203     0.00000     0.00000     0.00000
    -6.83985     0.00000     0.00000     0.00000
    -6.83768     0.00000     0.00000     0.00000
    -6.83550     0.00000     0.00000     0.00000
    -6.83332     0.00000     0.00000     0.00000
    -6.83115     0.00000     0.00000     0.00000
    -6.82897     0.00000     0.00000     0.00000
    -6.82679     0.00000     0.00000     0.00000
    -6.82462     0.00000     0.00000     0.00000
    -6.82244     0.00000     0.00000     0.00000
    -6.82026     0.00000     0.00000     0.00000
    -6.81808     0.00000     0.00000     0.00000
    -6.81591     0.00000     0.00000     0.00000
    -6.81373     0.00000     0.00000     0.00000
    -6.81155     0.00000     0.00000     0.00000
    -6.80938     0.00000     0.00000     0.00000
    -6.80720     0.00000     0.00000     0.00000
    -6.80502     0.00000     0.00000     0.00000
    -6.80285     0.00000     0.00000     0.00000
    -6.80067     0.00000     0.00000     0.00000
    -6.79849     0.00000     0.00000     0.00000
    -6.79632     0.00000     0.00000     0.00000
    -6.79414     0.00000     0.00000     0.00000
    -6.79196     0.00000     0.00000     0.00000
    -6.78979     0.00000     0.00000     0.00000
    -6.78761     0.00000     0.00000     0.00000
    -6.78543     0.00000     0.00000     0.00000
    -6.78325     0.00000     0.00000     0.00000
    -6.78108     0.00000     0.00000     0.00000
    -6.77890     0.00000     0.00000     0.00000
    -6.77672     0.00000     0.00000     0.00000
    -6.77455     0.00000     0.00000     0.00000
    -6.77237     0.00000     0.00000     0.00000
    -6.77019     0.00000     0.00000     0.00000
    -6.76802     0.00000     0.00000     0.00000
    -6.76584     0.00000     0.00000     0.00000
    -6.76366     0.00000     0.00000     0.00000
    -6.76149     0.00000     0.00000     0.00000
    -6.75931     0.00000     0.00000     0.00000
    -6.75713     0.00000     0.00000     0.00000
    -6.75495     0.00000     0.00000     0.00000
    -6.75278     0.00000     0.00000     0.00000
    -6.75060     0.00000     0.00000     0.00000
    -6.74842     0.00000     0.00000     0.00000
    -6.74625     0.00000     0.00000     0.00000
    -6.74407     0.00000     0.00000     0.00000
    -6.74189     0.00000     0.00000     0.00000
    -6.73972     0.00000     0.00000     0.00000
    -6.73754     0.00000     0.00000     0.00000
    -6.73536     0.00000     0.00000     0.00000
    -6.73319     0.00000     0.00000     0.00000
    -6.73101     0.00000     0.00000     0.00000
    -6.72883     0.00000     0.00000     0.00000
    -6.72665     0.00000     0.00000     0.00000
    -6.72448     0.00000     0.00000     0.00000
    -6.72230     0.00000     0.00000     0.00000
    -6.72012     0.00000     0.00000     0.00000
    -6.71795     0.00000     0.00000     0.00000
    -6.71577     0.00000     0.00000     0.00000
    -6.71359     0.00000     0.00000     0.00000
    -6.71142     0.00000     0.00000     0.00000
    -6.70924     0.00000     0.00000     0.00000
    -6.70706     0.00000     0.00000     0.00000
    -6.70489     0.00000     0.00000     0.00000
    -6.70271     0.00000     0.00000     0.00000
    -6.70053     0.00000     0.00000     0.00000
    -6.69835     0.00000     0.00000     0.00000
    -6.69618     0.00000     0.00000     0.00000
    -6.69400     0.00000     0.00000     0.00000
    -6.69182     0.00000     0.00000     0.00000
    -6.68965     0.00000     0.00000     0.00000
    -6.68747     0.00000     0.00000     0.00000
    -6.68529     0.00000     0.00000     0.00000
    -6.68312     0.00000     0.00000     0.00000
    -6.68094     0.00000     0.00000     0.00000
    -6.67876     0.00000     0.00000     0.00000
    -6.67659     0.00000     0.00000     0.00000
    -6.67441     0.00000     0.00000     0.00000
    -6.67223     0.00000     0.00000     0.00000
    -6.67005     0.00000     0.00000     0.00000
    -6.66788     0.00000     0.00000     0.00000
    -6.66570     0.00000     0.00000     0.00000
    -6.66352     0.00000     0.00000     0.00000
    -6.66135     0.00000     0.00000     0.00000
    -6.65917     0.00000     0.00000     0.00000
    -6.65699     0.00000     0.00000     0.00000
    -6.65482     0.00000     0.00000     0.00000
    -6.65264     0.00000     0.00000     0.00000
    -6.65046     0.00000     0.00000     0.00000
    -6.64829     0.00000     0.00000     0.00000
    -6.64611     0.00000     0.00000     0.00000
    -6.64393     0.00000     0.00000     0.00000
    -6.64176     0.00000     0.00000     0.00000
    -6.63958     0.00000     0.00000     0.00000
    -6.63740     0.00000     0.00000     0.00000
    -6.63522     0.00000     0.00000     0.00000
    -6.63305     0.00000     0.00000     0.00000
    -6.63087     0.00000     0.00000     0.00000
    -6.62869     0.00000     0.00000     0.00000
    -6.62652     0.00000     0.00000     0.00000
    -6.62434     0.00000     0.00000     0.00000
    -6.62216     0.00000     0.00000     0.00000
    -6.61999     0.00000     0.00000     0.00000
    -6.61781     0.00000     0.00000     0.00000
    -6.61563     0.00000     0.00000     0.00000
    -6.61346     0.00000     0.00000     0.00000
    -6.61128     0.00000     0.00000     0.00000
    -6.60910     0.00000     0.00000     0.00000
    -6.60692     0.00000     0.00000     0.00000
    -6.60475     0.00000     0.00000     0.00000
    -6.60257     0.00000     0.00000     0.00000
    -6.60039     0.00000     0.00000     0.00000
    -6.59822     0.00000     0.00000     0.00000
    -6.59604     0.00000     0.00000     0.00000
    -6.59386     0.00000     0.00000     0.00000
    -6.59169     0.00000     0.00000     0.00000
    -6.58951     0.00000     0.00000     0.00000
    -6.58733     0.00000     0.00000     0.00000
    -6.58516     0.00000     0.00000     0.00000
    -6.58298     0.00000     0.00000     0.00000
    -6.58080     0.00000     0.00000     0.00000
    -6.57862     0.00000     0.00000     0.00000
    -6.57645     0.00000     0.00000     0.00000
    -6.57427     0.00000     0.00000     0.00000
    -6.57209     0.00000     0.00000     0.00000
    -6.56992     0.00000     0.00000     0.00000
    -6.56774     0.00000     0.00000     0.00000
    -6.56556     0.00000     0.00000     0.00000
    -6.56339     0.00000     0.00000     0.00000
    -6.56121     0.00000     0.00000     0.00000
    -6.55903     0.00000     0.00000     0.00000
    -6.55686     0.00000     0.00000     0.00000
    -6.55468     0.00000     0.00000     0.00000
    -6.55250     0.00000     0.00000     0.00000
    -6.55032     0.00000     0.00000     0.00000
    -6.54815     0.00000     0.00000     0.00000
    -6.54597     0.00000     0.00000     0.00000
    -6.54379     0.00000     0.00000     0.00000
    -6.54162     0.00000     0.00000     0.00000
    -6.53944     0.00000     0.00000     0.00000
    -6.53726     0.00000     0.00000     0.00000
    -6.53509     0.00001     0.00001     0.00000
    -6.53291     0.00001     0.00001     0.00000
    -6.53073     0.00002     0.00001     0.00000
    -6.52856     0.00002     0.00002     0.00000
    -6.52638     0.00003     0.00003     0.00000
    -6.52420     0.00005     0.00005     0.00000
    -6.52203     0.00007     0.00007     0.00000
    -6.51985     0.00010     0.00009     0.00001
    -6.51767     0.00014     0.00013     0.00001
    -6.51549     0.00020     0.00019     0.00001
    -6.51332     0.00029     0.00027     0.00002
    -6.51114     0.00040     0.00038     0.00002
    -6.50896     0.00056     0.00052     0.00003
    -6.50679     0.00077     0.00072     0.00004
    -6.50461     0.00105     0.00099     0.00006
    -6.50243     0.00144     0.00136     0.00008
    -6.50026     0.00195     0.00184     0.00011
    -6.49808     0.00262     0.00248     0.00015
    -6.49590     0.00351     0.00331     0.00020
    -6.49373     0.00467     0.00440     0.00027
    -6.49155     0.00617     0.00582     0.00035
    -6.48937     0.00810     0.00764     0.00046
    -6.48719     0.01056     0.00996     0.00060
    -6.48502     0.01368     0.01291     0.00078
    -6.48284     0.01762     0.01662     0.00100
    -6.48066     0.02254     0.02126     0.00128
    -6.47849     0.02866     0.02703     0.00163
    -6.47631     0.03620     0.03414     0.00206
    -6.47413     0.04543     0.04285     0.00258
    -6.47196     0.05666     0.05344     0.00322
    -6.46978     0.07021     0.06622     0.00399
    -6.46760     0.08644     0.08153     0.00492
    -6.46543     0.10575     0.09974     0.00601
    -6.46325     0.12855     0.12124     0.00731
    -6.46107     0.15527     0.14644     0.00883
    -6.45889     0.18634     0.17574     0.01060
    -6.45672     0.22220     0.20956     0.01263
    -6.45454     0.26327     0.24830     0.01497
    -6.45236     0.30995     0.29232     0.01762
    -6.45019     0.36257     0.34196     0.02062
    -6.44801     0.42142     0.39746     0.02396
    -6.44583     0.48670     0.45903     0.02767
    -6.44366     0.55851     0.52675     0.03176
    -6.44148     0.63682     0.60061     0.03621
    -6.43930     0.72148     0.68046     0.04102
    -6.43713     0.81218     0.76600     0.04618
    -6.43495     0.90845     0.85679     0.05165
    -6.43277     1.00964     0.95224     0.05741
    -6.43059     1.11495     1.05156     0.06340
    -6.42842     1.22340     1.15383     0.06956
    -6.42624     1.33382     1.25798     0.07584
    -6.42406     1.44493     1.36277     0.08216
    -6.42189     1.55532     1.46688     0.08843
    -6.41971     1.66345     1.56887     0.09458
    -6.41753     1.76776     1.66724     0.10051
    -6.41536     1.86662     1.76048     0.10613
    -6.41318     1.95843     1.84708     0.11136
    -6.41100     2.04166     1.92557     0.11609
    -6.40883     2.11484     1.99459     0.12025
    -6.40665     2.17667     2.05290     0.12376
    -6.40447     2.22601     2.09944     0.12657
    -6.40229     2.26195     2.13334     0.12861
    -6.40012     2.28381     2.15395     0.12986
    -6.39794     2.29116     2.16089     0.13027
    -6.39576     2.28388     2.15402     0.12986
    -6.39359     2.26210     2.13348     0.12862
    -6.39141     2.22623     2.09965     0.12658
    -6.38923     2.17695     2.05317     0.12378
    -6.38706     2.11518     1.99492     0.12027
    -6.38488     2.04206     1.92595     0.11611
    -6.38270     1.95888     1.84750     0.11138
    -6.38053     1.86711     1.76095     0.10616
    -6.37835     1.76828     1.66774     0.10054
    -6.37617     1.66400     1.56939     0.09461
    -6.37400     1.55588     1.46741     0.08847
    -6.37182     1.44550     1.36331     0.08219
    -6.36964     1.33439     1.25852     0.07587
    -6.36746     1.22396     1.15436     0.06959
    -6.36529     1.11550     1.05208     0.06343
    -6.36311     1.01017     0.95274     0.05744
    -6.36093     0.90895     0.85727     0.05168
    -6.35876     0.81266     0.76645     0.04621
    -6.35658     0.72193     0.68088     0.04105
    -6.35440     0.63724     0.60101     0.03623
    -6.35223     0.55889     0.52712     0.03178
    -6.35005     0.48705     0.45936     0.02769
    -6.34787     0.42174     0.39776     0.02398
    -6.34570     0.36286     0.34223     0.02063
    -6.34352     0.31020     0.29256     0.01764
    -6.34134     0.26350     0.24851     0.01498
    -6.33916     0.22240     0.20975     0.01265
    -6.33699     0.18651     0.17590     0.01060
    -6.33481     0.15541     0.14658     0.00884
    -6.33263     0.12868     0.12136     0.00732
    -6.33046     0.10586     0.09984     0.00602
    -6.32828     0.08653     0.08161     0.00492
    -6.32610     0.07028     0.06629     0.00400
    -6.32393     0.05672     0.05350     0.00323
    -6.32175     0.04549     0.04290     0.00259
    -6.31957     0.03624     0.03418     0.00206
    -6.31740     0.02869     0.02706     0.00163
    -6.31522     0.02257     0.02129     0.00128
    -6.31304     0.01764     0.01664     0.00100
    -6.31086     0.01370     0.01292     0.00078
    -6.30869     0.01057     0.00997     0.00060
    -6.30651     0.00811     0.00765     0.00046
    -6.30433     0.00618     0.00583     0.00035
    -6.30216     0.00468     0.00441     0.00027
    -6.29998     0.00352     0.00332     0.00020
    -6.29780     0.00263     0.00248     0.00015
    -6.29563     0.00195     0.00184     0.00011
    -6.29345     0.00144     0.00136     0.00008
    -6.29127     0.00106     0.00100     0.00006
    -6.28910     0.00077     0.00073     0.00004
    -6.28692     0.00056     0.00053     0.00003
    -6.28474     0.00040     0.00038     0.00002
    -6.28256     0.00029     0.00027     0.00002
    -6.28039     0.00020     0.00019     0.00001
    -6.27821     0.00014     0.00014     0.00001
    -6.27603     0.00010     0.00009     0.00001
    -6.27386     0.00007     0.00007     0.00000
    -6.27168     0.00005     0.00005     0.00000
    -6.26950     0.00003     0.00003     0.00000
    -6.26733     0.00002     0.00002     0.00000
    -6.26515     0.00002     0.00001     0.00000
    -6.26297     0.00001     0.00001     0.00000
    -6.26080     0.00001     0.00001     0.00000
    -6.25862     0.00000     0.00000     0.00000
    -6.25644     0.00000     0.00000     0.00000
    -6.25426     0.00000     0.00000     0.00000
    -6.25209     0.00000     0.00000     0.00000
    -6.24991     0.00000     0.00000     0.00000
    -6.24773     0.00000     0.00000     0.00000
    -6.24556     0.00000     0.00000     0.00000
    -6.24338     0.00000     0.00000     0.00000
    -6.24120     0.00000     0.00000     0.00000
    -6.23903     0.00000     0.00000     0.00000
    -6.23685     0.00000     0.00000     0.00000
    -6.23467     0.00000     0.00000     0.00000
    -6.23250     0.00000     0.00000     0.00000
    -6.23032     0.00000     0.00000     0.00000
    -6.22814     0.00000     0.00000     0.00000
    -6.22597     0.00000     0.00000     0.00000
    -6.22379     0.00000     0.00000     0.00000
    -6.22161     0.00000     0.00000     0.00000
    -6.21943     0.00000     0.00000     0.00000
    -6.21726     0.00000     0.00000     0.00000
    -6.21508     0.00000     0.00000     0.00000
    -6.21290     0.00000     0.00000     0.00000
    -6.21073     0.00000     0.00000     0.00000
    -6.20855     0.00000     0.00000     0.00000
    -6.20637     0.00000     0.00000     0.00000
    -6.20420     0.00000     0.00000     0.00000
    -6.20202     0.00000     0.00000     0.00000
    -6.19984     0.00000     0.00000     0.00000
    -6.19767     0.00000     0.00000     0.00000
    -6.19549     0.00000     0.00000     0.00000
    -6.19331     0.00000     0.00000     0.00000
    -6.19113     0.00000     0.00000     0.00000
    -6.18896     0.00000     0.00000     0.00000
    -6.18678     0.00000     0.00000     0.00000
    -6.18460     0.00000     0.00000     0.00000
    -6.18243     0.00000     0.00000     0.00000
    -6.18025     0.00000     0.00000     0.00000
    -6.17807     0.00000     0.00000     0.00000
    -6.17590     0.00000     0.00000     0.00000
    -6.17372     0.00000     0.00000     0.00000
    -6.17154     0.00000     0.00000     0.00000
    -6.16937     0.00000     0.00000     0.00000
    -6.16719     0.00000     0.00000     0.00000
    -6.16501     0.00000     0.00000     0.00000
    -6.16283     0.00000     0.00000     0.00000
    -6.16066     0.00000     0.00000     0.00000
    -6.15848     0.00000     0.00000     0.00000
    -6.15630     0.00000     0.00000     0.00000
    -6.15413     0.00000     0.00000     0.00000
    -6.15195     0.00000     0.00000     0.00000
    -6.14977     0.00000     0.00000     0.00000
    -6.14760     0.00000     0.00000     0.00000
    -6.14542     0.00000     0.00000     0.00000
    -6.14324     0.00000     0.00000     0.00000
    -6.14107     0.00000     0.00000     0.00000
    -6.13889     0.00000     0.00000     0.00000
    -6.13671     0.00000     0.00000     0.00000
    -6.13453     0.00000     0.00000     0.00000
    -6.13236     0.00000     0.00000     0.00000
    -6.13018     0.00000     0.00000     0.00000
    -6.12800     0.00000     0.00000     0.00000
    -6.12583     0.00000     0.00000     0.00000
    -6.12365     0.00000     0.00000     0.00000
    -6.12147     0.00000     0.00000     0.00000
    -6.11930     0.00000     0.00000     0.00000
    -6.11712     0.00000     0.00000     0.00000
    -6.11494     0.00000     0.00000     0.00000
    -6.11277     0.00000     0.00000     0.00000
    -6.11059     0.00000     0.00000     0.00000
    -6.10841     0.00000     0.00000     0.00000
    -6.10624     0.00000     0.00000     0.00000
    -6.10406     0.00000     0.00000     0.00000
    -6.10188     0.00000     0.00000     0.00000
    -6.09970     0.00000     0.00000     0.00000
    -6.09753     0.00000     0.00000     0.00000
    -6.09535     0.00000     0.00000     0.00000
    -6.09317     0.00000     0.00000     0.00000
    -6.09100     0.00000     0.00000     0.00000
    -6.08882     0.00000     0.00000     0.00000
    -6.08664     0.00000     0.00000     0.00000
    -6.08447     0.00000     0.00000     0.00000
    -6.08229     0.00000     0.00000     0.00000
    -6.08011     0.00000     0.00000     0.00000
    -6.07794     0.00000     0.00000     0.00000
    -6.07576     0.00000     0.00000     0.00000
    -6.07358     0.00000     0.00000     0.00000
    -6.07140     0.00000     0.00000     0.00000
    -6.06923     0.00000     0.00000     0.00000
    -6.06705     0.00000     0.00000     0.00000
    -6.06487     0.00000     0.00000     0.00000
    -6.06270     0.00000     0.00000     0.00000
    -6.06052     0.00000     0.00000     0.00000
    -6.05834     0.00000     0.00000     0.00000
    -6.05617     0.00000     0.00000     0.00000
    -6.05399     0.00000     0.00000     0.00000
    -6.05181     0.00000     0.00000     0.00000
    -6.04964     0.00000     0.00000     0.00000
    -6.04746     0.00000     0.00000     0.00000
    -6.04528     0.00000     0.00000     0.00000
    -6.04310     0.00000     0.00000     0.00000
    -6.04093     0.00000     0.00000     0.00000
    -6.03875     0.00000     0.00000     0.00000
    -6.03657     0.00000     0.00000     0.00000
    -6.03440     0.00000     0.00000     0.00000
    -6.03222     0.00000     0.00000     0.00000
    -6.03004     0.00000     0.00000     0.00000
    -6.02787     0.00000     0.00000     0.00000
    -6.02569     0.00000     0.00000     0.00000
    -6.02351     0.00000     0.00000     0.00000
    -6.02134     0.00000     0.00000     0.00000
    -6.01916     0.00000     0.00000     0.00000
    -6.01698     0.00000     0.00000     0.00000
    -6.01480     0.00000     0.00000     0.00000
    -6.01263     0.00000     0.00000     0.00000
    -6.01045     0.00000     0.00000     0.00000
    -6.00827     0.00000     0.00000     0.00000
    -6.00610     0.00000     0.00000     0.00000
    -6.00392     0.00000     0.00000     0.00000
    -6.00174     0.00000     0.00000     0.00000
    -5.99957     0.00000     0.00000     0.00000
    -5.99739     0.00000     0.00000     0.00000
    -5.99521     0.00000     0.00000     0.00000
    -5.99304     0.00000     0.00000     0.00000
    -5.99086     0.00000     0.00000     0.00000
    -5.98868     0.00000     0.00000     0.00000
    -5.98650     0.00000     0.00000     0.00000
    -5.98433     0.00000     0.00000     0.00000
    -5.98215     0.00000     0.00000     0.00000
    -5.97997     0.00000     0.00000     0.00000
    -5.97780     0.00000     0.00000     0.00000
    -5.97562     0.00000     0.00000     0.00000
    -5.97344     0.00000     0.00000     0.00000
    -5.97127     0.00000     0.00000     0.00000
    -5.96909     0.00000     0.00000     0.00000
    -5.96691     0.00000     0.00000     0.00000
    -5.96474     0.00000     0.00000     0.00000
    -5.96256     0.00000     0.00000     0.00000
    -5.96038     0.00000     0.00000     0.00000
    -5.95821     0.00000     0.00000     0.00000
    -5.95603     0.00000     0.00000     0.00000
    -5.95385     0.00000     0.00000     0.00000
    -5.95167     0.00000     0.00000     0.00000
    -5.94950     0.00000     0.00000     0.00000
    -5.94732     0.00000     0.00000     0.00000
    -5.94514     0.00000     0.00000     0.00000
    -5.94297     0.00000     0.00000     0.00000
    -5.94079     0.00000     0.00000     0.00000
    -5.93861     0.00000     0.00000     0.00000
    -5.93644     0.00000     0.00000     0.00000
    -5.93426     0.00000     0.00000     0.00000
    -5.93208     0.00000     0.00000     0.00000
    -5.92991     0.00000     0.00000     0.00000
    -5.92773     0.00000     0.00000     0.00000
    -5.92555     0.00000     0.00000     0.00000
    -5.92337     0.00000     0.00000     0.00000
    -5.92120     0.00000     0.00000     0.00000
    -5.91902     0.00000     0.00000     0.00000
    -5.91684     0.00000     0.00000     0.00000
    -5.91467     0.00000     0.00000     0.00000
    -5.91249     0.00000     0.00000     0.00000
    -5.91031     0.00000     0.00000     0.00000
    -5.90814     0.00000     0.00000     0.00000
    -5.90596     0.00000     0.00000     0.00000
    -5.90378     0.00000     0.00000     0.00000
    -5.90161     0.00000     0.00000     0.00000
    -5.89943     0.00000     0.00000     0.00000
    -5.89725     0.00000     0.00000     0.00000
    -5.89507     0.00000     0.00000     0.00000
    -5.89290     0.00000     0.00000     0.00000
    -5.89072     0.00000     0.00000     0.00000
    -5.88854     0.00000     0.00000     0.00000
    -5.88637     0.00000     0.00000     0.00000
    -5.88419     0.00000     0.00000     0.00000
    -5.88201     0.00000     0.00000     0.00000
    -5.87984     0.00000     0.00000     0.00000
    -5.87766     0.00000     0.00000     0.00000
    -5.87548     0.00000     0.00000     0.00000
    -5.87331     0.00000     0.00000     0.00000
    -5.87113     0.00000     0.00000     0.00000
    -5.86895     0.00000     0.00000     0.00000
    -5.86677     0.00000     0.00000     0.00000
    -5.86460     0.00000     0.00000     0.00000
    -5.86242     0.00000     0.00000     0.00000
    -5.86024     0.00000     0.00000     0.00000
    -5.85807     0.00000     0.00000     0.00000
    -5.85589     0.00000     0.00000     0.00000
    -5.85371     0.00000     0.00000     0.00000
    -5.85154     0.00000     0.00000     0.00000
    -5.84936     0.00000     0.00000     0.00000
    -5.84718     0.00000     0.00000     0.00000
    -5.84501     0.00000     0.00000     0.00000
    -5.84283     0.00000     0.00000     0.00000
    -5.84065     0.00000     0.00000     0.00000
    -5.83847     0.00000     0.00000     0.00000
    -5.83630     0.00000     0.00000     0.00000
    -5.83412     0.00000     0.00000     0.00000
    -5.83194     0.00000     0.00000     0.00000
    -5.82977     0.00000     0.00000     0.00000
    -5.82759     0.00000     0.00000     0.00000
    -5.82541     0.00000     0.00000     0.00000
    -5.82324     0.00000     0.00000     0.00000
    -5.82106     0.00000     0.00000     0.00000
    -5.81888     0.00000     0.00000     0.00000
    -5.81671     0.00000     0.00000     0.00000
    -5.81453     0.00000     0.00000     0.00000
    -5.81235     0.00000     0.00000     0.00000
    -5.81018     0.00000     0.00000     0.00000
    -5.80800     0.00000     0.00000     0.00000
    -5.80582     0.00000     0.00000     0.00000
    -5.80364     0.00000     0.00000     0.00000
    -5.80147     0.00000     0.00000     0.00000
    -5.79929     0.00000     0.00000     0.00000
    -5.79711     0.00000     0.00000     0.00000
    -5.79494     0.00000     0.00000     0.00000
    -5.79276     0.00000     0.00000     0.00000
    -5.79058     0.00000     0.00000     0.00000
    -5.78841     0.00000     0.00000     0.00000
    -5.78623     0.00000     0.00000     0.00000
    -5.78405     0.00000     0.00000     0.00000
    -5.78188     0.00000     0.00000     0.00000
    -5.77970     0.00000     0.00000     0.00000
    -5.77752     0.00000     0.00000     0.00000
    -5.77534     0.00000     0.00000     0.00000
    -5.77317     0.00000     0.00000     0.00000
    -5.77099     0.00000     0.00000     0.00000
    -5.76881     0.00000     0.00000     0.00000
    -5.76664     0.00000     0.00000     0.00000
    -5.76446     0.00000     0.00000     0.00000
    -5.76228     0.00000     0.00000     0.00000
    -5.76011     0.00000     0.00000     0.00000
    -5.75793     0.00000     0.00000     0.00000
    -5.75575     0.00000     0.00000     0.00000
    -5.75358     0.00000     0.00000     0.00000
    -5.75140     0.00000     0.00000     0.00000
    -5.74922     0.00000     0.00000     0.00000
    -5.74704     0.00000     0.00000     0.00000
    -5.74487     0.00000     0.00000     0.00000
    -5.74269     0.00000     0.00000     0.00000
    -5.74051     0.00000     0.00000     0.00000
    -5.73834     0.00000     0.00000     0.00000
    -5.73616     0.00000     0.00000     0.00000
    -5.73398     0.00000     0.00000     0.00000
    -5.73181     0.00000     0.00000     0.00000
    -5.72963     0.00000     0.00000     0.00000
    -5.72745     0.00000     0.00000     0.00000
    -5.72528     0.00000     0.00000     0.00000
    -5.72310     0.00000     0.00000     0.00000
    -5.72092     0.00000     0.00000     0.00000
    -5.71874     0.00000     0.00000     0.00000
    -5.71657     0.00000     0.00000     0.00000
    -5.71439     0.00000     0.00000     0.00000
    -5.71221     0.00000     0.00000     0.00000
    -5.71004     0.00000     0.00000     0.00000
    -5.70786     0.00000     0.00000     0.00000
    -5.70568     0.00000     0.00000     0.00000
    -5.70351     0.00000     0.00000     0.00000
    -5.70133     0.00000     0.00000     0.00000
    -5.69915     0.00000     0.00000     0.00000
    -5.69698     0.00000     0.00000     0.00000
    -5.69480     0.00000     0.00000     0.00000
    -5.69262     0.00000     0.00000     0.00000
    -5.69045     0.00000     0.00000     0.00000
    -5.68827     0.00000     0.00000     0.00000
    -5.68609     0.00000     0.00000     0.00000
    -5.68391     0.00000     0.00000     0.00000
    -5.68174     0.00000     0.00000     0.00000
    -5.67956     0.00000     0.00000     0.00000
    -5.67738     0.00000     0.00000     0.00000
    -5.67521     0.00000     0.00000     0.00000
    -5.67303     0.00000     0.00000     0.00000
    -5.67085     0.00000     0.00000     0.00000
    -5.66868     0.00000     0.00000     0.00000
    -5.66650     0.00000     0.00000     0.00000
    -5.66432     0.00000     0.00000     0.00000
    -5.66215     0.00000     0.00000     0.00000
    -5.65997     0.00000     0.00000     0.00000
    -5.65779     0.00000     0.00000     0.00000
    -5.65561     0.00000     0.00000     0.00000
    -5.65344     0.00000     0.00000     0.00000
    -5.65126     0.00000     0.00000     0.00000
    -5.64908     0.00000     0.00000     0.00000
    -5.64691     0.00000     0.00000     0.00000
    -5.64473     0.00000     0.00000     0.00000
    -5.64255     0.00000     0.00000     0.00000
    -5.64038     0.00000     0.00000     0.00000
    -5.63820     0.00000     0.00000     0.00000
    -5.63602     0.00000     0.00000     0.00000
    -5.63385     0.00000     0.00000     0.00000
    -5.63167     0.00000     0.00000     0.00000
    -5.62949     0.00000     0.00000     0.00000
    -5.62731     0.00000     0.00000     0.00000
    -5.62514     0.00000     0.00000     0.00000
    -5.62296     0.00000     0.00000     0.00000
    -5.62078     0.00000     0.00000     0.00000
    -5.61861     0.00000     0.00000     0.00000
    -5.61643     0.00000     0.00000     0.00000
    -5.61425     0.00000     0.00000     0.00000
    -5.61208     0.00000     0.00000     0.00000
    -5.60990     0.00000     0.00000     0.00000
    -5.60772     0.00000     0.00000     0.00000
    -5.60555     0.00000     0.00000     0.00000
    -5.60337     0.00000     0.00000     0.00000
    -5.60119     0.00000     0.00000     0.00000
    -5.59901     0.00000     0.00000     0.00000
    -5.59684     0.00000     0.00000     0.00000
    -5.59466     0.00000     0.00000     0.00000
    -5.59248     0.00000     0.00000     0.00000
    -5.59031     0.00000     0.00000     0.00000
    -5.58813     0.00000     0.00000     0.00000
    -5.58595     0.00000     0.00000     0.00000
    -5.58378     0.00000     0.00000     0.00000
    -5.58160     0.00000     0.00000     0.00000
    -5.57942     0.00000     0.00000     0.00000
    -5.57725     0.00000     0.00000     0.00000
    -5.57507     0.00000     0.00000     0.00000
    -5.57289     0.00000     0.00000     0.00000
    -5.57071     0.00000     0.00000     0.00000
    -5.56854     0.00000     0.00000     0.00000
    -5.56636     0.00000     0.00000     0.00000
    -5.56418     0.00000     0.00000     0.00000
    -5.56201     0.00000     0.00000     0.00000
    -5.55983     0.00000     0.00000     0.00000
    -5.55765     0.00000     0.00000     0.00000
    -5.55548     0.00000     0.00000     0.00000
    -5.55330     0.00000     0.00000     0.00000
    -5.55112     0.00000     0.00000     0.00000
    -5.54895     0.00000     0.00000     0.00000
    -5.54677     0.00000     0.00000     0.00000
    -5.54459     0.00000     0.00000     0.00000
    -5.54242     0.00000     0.00000     0.00000
    -5.54024     0.00000     0.00000     0.00000
    -5.53806     0.00000     0.00000     0.00000
    -5.53588     0.00000     0.00000     0.00000
    -5.53371     0.00000     0.00000     0.00000
    -5.53153     0.00000     0.00000     0.00000
    -5.52935     0.00000     0.00000     0.00000
    -5.52718     0.00000     0.00000     0.00000
    -5.52500     0.00000     0.00000     0.00000
    -5.52282     0.00000     0.00000     0.00000
    -5.52065     0.00000     0.00000     0.00000
    -5.51847     0.00000     0.00000     0.00000
    -5.51629     0.00000     0.00000     0.00000
    -5.51412     0.00000     0.00000     0.00000
    -5.51194     0.00000     0.00000     0.00000
    -5.50976     0.00000     0.00000     0.00000
    -5.50758     0.00000     0.00000     0.00000
    -5.50541     0.00000     0.00000     0.00000
    -5.50323     0.00000     0.00000     0.00000
    -5.50105     0.00000     0.00000     0.00000
    -5.49888     0.00000     0.00000     0.00000
    -5.49670     0.00000     0.00000     0.00000
    -5.49452     0.00000     0.00000     0.00000
    -5.49235     0.00000     0.00000     0.00000
    -5.49017     0.00000     0.00000     0.00000
    -5.48799     0.00000     0.00000     0.00000
    -5.48582     0.00000     0.00000     0.00000
    -5.48364     0.00000     0.00000     0.00000
    -5.48146     0.00000     0.00000     0.00000
    -5.47928     0.00000     0.00000     0.00000
    -5.47711     0.00000     0.00000     0.00000
    -5.47493     0.00000     0.00000     0.00000
    -5.47275     0.00000     0.00000     0.00000
    -5.47058     0.00000     0.00000     0.00000
    -5.46840     0.00000     0.00000     0.00000
    -5.46622     0.00000     0.00000     0.00000
    -5.46405     0.00000     0.00000     0.00000
    -5.46187     0.00000     0.00000     0.00000
    -5.45969     0.00000     0.00000     0.00000
    -5.45752     0.00000     0.00000     0.00000
    -5.45534     0.00000     0.00000     0.00000
    -5.45316     0.00000     0.00000     0.00000
    -5.45098     0.00000     0.00000     0.00000
    -5.44881     0.00000     0.00000     0.00000
    -5.44663     0.00000     0.00000     0.00000
    -5.44445     0.00000     0.00000     0.00000
    -5.44228     0.00000     0.00000     0.00000
    -5.44010     0.00000     0.00000     0.00000
    -5.43792     0.00000     0.00000     0.00000
    -5.43575     0.00000     0.00000     0.00000
    -5.43357     0.00000     0.00000     0.00000
    -5.43139     0.00000     0.00000     0.00000
    -5.42922     0.00000     0.00000     0.00000
    -5.42704     0.00000     0.00000     0.00000
    -5.42486     0.00000     0.00000     0.00000
    -5.42269     0.00000     0.00000     0.00000
    -5.42051     0.00000     0.00000     0.00000
    -5.41833     0.00000     0.00000     0.00000
    -5.41615     0.00000     0.00000     0.00000
    -5.41398     0.00000     0.00000     0.00000
    -5.41180     0.00000     0.00000     0.00000
    -5.40962     0.00000     0.00000     0.00000
    -5.40745     0.00000     0.00000     0.00000
    -5.40527     0.00000     0.00000     0.00000
    -5.40309     0.00000     0.00000     0.00000
    -5.40092     0.00000     0.00000     0.00000
    -5.39874     0.00000     0.00000     0.00000
    -5.39656     0.00000     0.00000     0.00000
    -5.39439     0.00000     0.00000     0.00000
    -5.39221     0.00000     0.00000     0.00000
    -5.39003     0.00000     0.00000     0.00000
    -5.38785     0.00000     0.00000     0.00000
    -5.38568     0.00000     0.00000     0.00000
    -5.38350     0.00000     0.00000     0.00000
    -5.38132     0.00000     0.00000     0.00000
    -5.37915     0.00000     0.00000     0.00000
    -5.37697     0.00000     0.00000     0.00000
    -5.37479     0.00000     0.00000     0.00000
    -5.37262     0.00000     0.00000     0.00000
    -5.37044     0.00000     0.00000     0.00000
    -5.36826     0.00000     0.00000     0.00000
    -5.36609     0.00000     0.00000     0.00000
    -5.36391     0.00000     0.00000     0.00000
    -5.36173     0.00000     0.00000     0.00000
    -5.35955     0.00000     0.00000     0.00000
    -5.35738     0.00000     0.00000     0.00000
    -5.35520     0.00000     0.00000     0.00000
    -5.35302     0.00000     0.00000     0.00000
    -5.35085     0.00000     0.00000     0.00000
    -5.34867     0.00000     0.00000     0.00000
    -5.34649     0.00000     0.00000     0.00000
    -5.34432     0.00000     0.00000     0.00000
    -5.34214     0.00000     0.00000     0.00000
    -5.33996     0.00000     0.00000     0.00000
    -5.33779     0.00000     0.00000     0.00000
    -5.33561     0.00000     0.00000     0.00000
    -5.33343     0.00000     0.00000     0.00000
    -5.33125     0.00000     0.00000     0.00000
    -5.32908     0.00000     0.00000     0.00000
    -5.32690     0.00000     0.00000     0.00000
    -5.32472     0.00000     0.00000     0.00000
    -5.32255     0.00000     0.00000     0.00000
    -5.32037     0.00000     0.00000     0.00000
    -5.31819     0.00000     0.00000     0.00000
    -5.31602     0.00000     0.00000     0.00000
    -5.31384     0.00000     0.00000     0.00000
    -5.31166     0.00000     0.00000     0.00000
    -5.30949     0.00000     0.00000     0.00000
    -5.30731     0.00000     0.00000     0.00000
    -5.30513     0.00000     0.00000     0.00000
    -5.30295     0.00000     0.00000     0.00000
    -5.30078     0.00000     0.00000     0.00000
    -5.29860     0.00000     0.00000     0.00000
    -5.29642     0.00000     0.00000     0.00000
    -5.29425     0.00000     0.00000     0.00000
    -5.29207     0.00000     0.00000     0.00000
    -5.28989     0.00000     0.00000     0.00000
    -5.28772     0.00000     0.00000     0.00000
    -5.28554     0.00000     0.00000     0.00000
    -5.28336     0.00000     0.00000     0.00000
    -5.28119     0.00000     0.00000     0.00000
    -5.27901     0.00000     0.00000     0.00000
    -5.27683     0.00000     0.00000     0.00000
    -5.27466     0.00000     0.00000     0.00000
    -5.27248     0.00000     0.00000     0.00000
    -5.27030     0.00000     0.00000     0.00000
    -5.26812     0.00000     0.00000     0.00000
    -5.26595     0.00000     0.00000     0.00000
    -5.26377     0.00000     0.00000     0.00000
    -5.26159     0.00000     0.00000     0.00000
    -5.25942     0.00000     0.00000     0.00000
    -5.25724     0.00000     0.00000     0.00000
    -5.25506     0.00000     0.00000     0.00000
    -5.25289     0.00000     0.00000     0.00000
    -5.25071     0.00000     0.00000     0.00000
    -5.24853     0.00000     0.00000     0.00000
    -5.24636     0.00000     0.00000     0.00000
    -5.24418     0.00000     0.00000     0.00000
    -5.24200     0.00000     0.00000     0.00000
    -5.23982     0.00000     0.00000     0.00000
    -5.23765     0.00000     0.00000     0.00000
    -5.23547     0.00000     0.00000     0.00000
    -5.23329     0.00000     0.00000     0.00000
    -5.23112     0.00000     0.00000     0.00000
    -5.22894     0.00000     0.00000     0.00000
    -5.22676     0.00000     0.00000     0.00000
    -5.22459     0.00000     0.00000     0.00000
    -5.22241     0.00000     0.00000     0.00000
    -5.22023     0.00000     0.00000     0.00000
    -5.21806     0.00000     0.00000     0.00000
    -5.21588     0.00000     0.00000     0.00000
    -5.21370     0.00000     0.00000     0.00000
    -5.21152     0.00000     0.00000     0.00000
    -5.20935     0.00000     0.00000     0.00000
    -5.20717     0.00000     0.00000     0.00000
    -5.20499     0.00000     0.00000     0.00000
    -5.20282     0.00000     0.00000     0.00000
    -5.20064     0.00000     0.00000     0.00000
    -5.19846     0.00000     0.00000     0.00000
    -5.19629     0.00000     0.00000     0.00000
    -5.19411     0.00000     0.00000     0.00000
    -5.19193     0.00000     0.00000     0.00000
    -5.18976     0.00000     0.00000     0.00000
    -5.18758     0.00000     0.00000     0.00000
    -5.18540     0.00000     0.00000     0.00000
    -5.18322     0.00000     0.00000     0.00000
    -5.18105     0.00000     0.00000     0.00000
    -5.17887     0.00000     0.00000     0.00000
    -5.17669     0.00000     0.00000     0.00000
    -5.17452     0.00000     0.00000     0.00000
    -5.17234     0.00000     0.00000     0.00000
    -5.17016     0.00000     0.00000     0.00000
    -5.16799     0.00000     0.00000     0.00000
    -5.16581     0.00000     0.00000     0.00000
    -5.16363     0.00000     0.00000     0.00000
    -5.16146     0.00000     0.00000     0.00000
    -5.15928     0.00000     0.00000     0.00000
    -5.15710     0.00000     0.00000     0.00000
    -5.15492     0.00000     0.00000     0.00000
    -5.15275     0.00000     0.00000     0.00000
    -5.15057     0.00000     0.00000     0.00000
    -5.14839     0.00000     0.00000     0.00000
    -5.14622     0.00000     0.00000     0.00000
    -5.14404     0.00000     0.00000     0.00000
    -5.14186     0.00000     0.00000     0.00000
    -5.13969     0.00000     0.00000     0.00000
    -5.13751     0.00000     0.00000     0.00000
    -5.13533     0.00000     0.00000     0.00000
    -5.13316     0.00000     0.00000     0.00000
    -5.13098     0.00000     0.00000     0.00000
    -5.12880     0.00000     0.00000     0.00000
    -5.12663     0.00000     0.00000     0.00000
    -5.12445     0.00000     0.00000     0.00000
    -5.12227     0.00000     0.00000     0.00000
    -5.12009     0.00000     0.00000     0.00000
    -5.11792     0.00000     0.00000     0.00000
    -5.11574     0.00000     0.00000     0.00000
    -5.11356     0.00000     0.00000     0.00000
    -5.11139     0.00000     0.00000     0.00000
    -5.10921     0.00000     0.00000     0.00000
    -5.10703     0.00000     0.00000     0.00000
    -5.10486     0.00000     0.00000     0.00000
    -5.10268     0.00000     0.00000     0.00000
    -5.10050     0.00000     0.00000     0.00000
    -5.09833     0.00000     0.00000     0.00000
    -5.09615     0.00000     0.00000     0.00000
    -5.09397     0.00000     0.00000     0.00000
    -5.09179     0.00000     0.00000     0.00000
    -5.08962     0.00000     0.00000     0.00000
    -5.08744     0.00000     0.00000     0.00000
    -5.08526     0.00000     0.00000     0.00000
    -5.08309     0.00000     0.00000     0.00000
    -5.08091     0.00000     0.00000     0.00000
    -5.07873     0.00000     0.00000     0.00000
    -5.07656     0.00000     0.00000     0.00000
    -5.07438     0.00000     0.00000     0.00000
    -5.07220     0.00000     0.00000     0.00000
    -5.07003     0.00000     0.00000     0.00000
    -5.06785     0.00000     0.00000     0.00000
    -5.06567     0.00000     0.00000     0.00000
    -5.06349     0.00000     0.00000     0.00000
    -5.06132     0.00000     0.00000     0.00000
    -5.05914     0.00000     0.00000     0.00000
    -5.05696     0.00000     0.00000     0.00000
    -5.05479     0.00000     0.00000     0.00000
    -5.05261     0.00000     0.00000     0.00000
    -5.05043     0.00000     0.00000     0.00000
    -5.04826     0.00000     0.00000     0.00000
    -5.04608     0.00000     0.00000     0.00000
    -5.04390     0.00000     0.00000     0.00000
    -5.04173     0.00000     0.00000     0.00000
    -5.03955     0.00000     0.00000     0.00000
    -5.03737     0.00000     0.00000     0.00000
    -5.03519     0.00000     0.00000     0.00000
    -5.03302     0.00000     0.00000     0.00000
    -5.03084     0.00000     0.00000     0.00000
    -5.02866     0.00000     0.00000     0.00000
    -5.02649     0.00000     0.00000     0.00000
    -5.02431     0.00000     0.00000     0.00000
    -5.02213     0.00000     0.00000     0.00000
    -5.01996     0.00000     0.00000     0.00000
    -5.01778     0.00000     0.00000     0.00000
    -5.01560     0.00000     0.00000     0.00000
    -5.01343     0.00000     0.00000     0.00000
    -5.01125     0.00000     0.00000     0.00000
    -5.00907     0.00000     0.00000     0.00000
    -5.00690     0.00000     0.00000     0.00000
    -5.00472     0.00000     0.00000     0.00000
    -5.00254     0.00000     0.00000     0.00000
    -5.00036     0.00000     0.00000     0.00000
    -4.99819     0.00000     0.00000     0.00000
    -4.99601     0.00000     0.00000     0.00000
    -4.99383     0.00000     0.00000     0.00000
    -4.99166     0.00000     0.00000     0.00000
    -4.98948     0.00000     0.00000     0.00000
    -4.98730     0.00000     0.00000     0.00000
    -4.98513     0.00000     0.00000     0.00000
    -4.98295     0.00000     0.00000     0.00000
    -4.98077     0.00000     0.00000     0.00000
    -4.97860     0.00000     0.00000     0.00000
    -4.97642     0.00000     0.00000     0.00000
    -4.97424     0.00000     0.00000     0.00000
    -4.97206     0.00000     0.00000     0.00000
    -4.96989     0.00000     0.00000     0.00000
    -4.96771     0.00000     0.00000     0.00000
    -4.96553     0.00000     0.00000     0.00000
    -4.96336     0.00000     0.00000     0.00000
    -4.96118     0.00000     0.00000     0.00000
    -4.95900     0.00000     0.00000     0.00000
    -4.95683     0.00000     0.00000     0.00000
    -4.95465     0.00000     0.00000     0.00000
    -4.95247     0.00000     0.00000     0.00000
    -4.95030     0.00000     0.00000     0.00000
    -4.94812     0.00000     0.00000     0.00000
    -4.94594     0.00000     0.00000     0.00000
    -4.94376     0.00000     0.00000     0.00000
    -4.94159     0.00000     0.00000     0.00000
    -4.93941     0.00000     0.00000     0.00000
    -4.93723     0.00000     0.00000     0.00000
    -4.93506     0.00000     0.00000     0.00000
    -4.93288     0.00000     0.00000     0.00000
    -4.93070     0.00000     0.00000     0.00000
    -4.92853     0.00000     0.00000     0.00000
    -4.92635     0.00000     0.00000     0.00000
    -4.92417     0.00000     0.00000     0.00000
    -4.92200     0.00000     0.00000     0.00000
    -4.91982     0.00000     0.00000     0.00000
    -4.91764     0.00000     0.00000     0.00000
    -4.91546     0.00000     0.00000     0.00000
    -4.91329     0.00000     0.00000     0.00000
    -4.91111     0.00000     0.00000     0.00000
    -4.90893     0.00000     0.00000     0.00000
    -4.90676     0.00000     0.00000     0.00000
    -4.90458     0.00000     0.00000     0.00000
    -4.90240     0.00000     0.00000     0.00000
    -4.90023     0.00000     0.00000     0.00000
    -4.89805     0.00000     0.00000     0.00000
    -4.89587     0.00000     0.00000     0.00000
    -4.89370     0.00000     0.00000     0.00000
    -4.89152     0.00000     0.00000     0.00000
    -4.88934     0.00000     0.00000     0.00000
    -4.88716     0.00000     0.00000     0.00000
    -4.88499     0.00000     0.00000     0.00000
    -4.88281     0.00000     0.00000     0.00000
    -4.88063     0.00000     0.00000     0.00000
    -4.87846     0.00000     0.00000     0.00000
    -4.87628     0.00000     0.00000     0.00000
    -4.87410     0.00000     0.00000     0.00000
    -4.87193     0.00000     0.00000     0.00000
    -4.86975     0.00000     0.00000     0.00000
    -4.86757     0.00000     0.00000     0.00000
    -4.86540     0.00000     0.00000     0.00000
    -4.86322     0.00000     0.00000     0.00000
    -4.86104     0.00000     0.00000     0.00000
    -4.85887     0.00000     0.00000     0.00000
    -4.85669     0.00000     0.00000     0.00000
    -4.85451     0.00000     0.00000     0.00000
    -4.85233     0.00000     0.00000     0.00000
    -4.85016     0.00000     0.00000     0.00000
    -4.84798     0.00000     0.00000     0.00000
    -4.84580     0.00000     0.00000     0.00000
    -4.84363     0.00000     0.00000     0.00000
    -4.84145     0.00000     0.00000     0.00000
    -4.83927     0.00000     0.00000     0.00000
    -4.83710     0.00000     0.00000     0.00000
    -4.83492     0.00000     0.00000     0.00000
    -4.83274     0.00000     0.00000     0.00000
    -4.83057     0.00000     0.00000     0.00000
    -4.82839     0.00000     0.00000     0.00000
    -4.82621     0.00000     0.00000     0.00000
    -4.82403     0.00000     0.00000     0.00000
    -4.82186     0.00000     0.00000     0.00000
    -4.81968     0.00000     0.00000     0.00000
    -4.81750     0.00000     0.00000     0.00000
    -4.81533     0.00000     0.00000     0.00000
    -4.81315     0.00000     0.00000     0.00000
    -4.81097     0.00000     0.00000     0.00000
    -4.80880     0.00000     0.00000     0.00000
    -4.80662     0.00000     0.00000     0.00000
    -4.80444     0.00000     0.00000     0.00000
    -4.80227     0.00000     0.00000     0.00000
    -4.80009     0.00000     0.00000     0.00000
    -4.79791     0.00000     0.00000     0.00000
    -4.79573     0.00000     0.00000     0.00000
    -4.79356     0.00000     0.00000     0.00000
    -4.79138     0.00000     0.00000     0.00000
    -4.78920     0.00000     0.00000     0.00000
    -4.78703     0.00000     0.00000     0.00000
    -4.78485     0.00000     0.00000     0.00000
    -4.78267     0.00000     0.00000     0.00000
    -4.78050     0.00000     0.00000     0.00000
    -4.77832     0.00000     0.00000     0.00000
    -4.77614     0.00000     0.00000     0.00000
    -4.77397     0.00000     0.00000     0.00000
    -4.77179     0.00000     0.00000     0.00000
    -4.76961     0.00000     0.00000     0.00000
    -4.76743     0.00000     0.00000     0.00000
    -4.76526     0.00000     0.00000     0.00000
    -4.76308     0.00000     0.00000     0.00000
    -4.76090     0.00000     0.00000    -0.00000
    -4.75873     0.00000     0.00000    -0.00000
    -4.75655     0.00000     0.00000    -0.00000
    -4.75437     0.00000     0.00000    -0.00000
    -4.75220     0.00000     0.00000    -0.00000
    -4.75002     0.00000     0.00000    -0.00000
    -4.74784     0.00000     0.00000    -0.00000
    -4.74567     0.00000     0.00000    -0.00000
    -4.74349     0.00000     0.00000    -0.00000
    -4.74131     0.00000     0.00000    -0.00000
    -4.73913     0.00001     0.00001    -0.00000
    -4.73696     0.00001     0.00001    -0.00000
    -4.73478     0.00001     0.00001    -0.00000
    -4.73260     0.00002     0.00002    -0.00000
    -4.73043     0.00003     0.00003    -0.00000
    -4.72825     0.00004     0.00004    -0.00000
    -4.72607     0.00006     0.00006    -0.00000
    -4.72390     0.00009     0.00009    -0.00000
    -4.72172     0.00013     0.00013    -0.00000
    -4.71954     0.00019     0.00019    -0.00000
    -4.71737     0.00027     0.00027    -0.00000
    -4.71519     0.00038     0.00039    -0.00001
    -4.71301     0.00054     0.00055    -0.00001
    -4.71084     0.00076     0.00077    -0.00001
    -4.70866     0.00105     0.00107    -0.00002
    -4.70648     0.00145     0.00148    -0.00002
    -4.70430     0.00199     0.00203    -0.00003
    -4.70213     0.00272     0.00277    -0.00004
    -4.69995     0.00369     0.00375    -0.00006
    -4.69777     0.00497     0.00505    -0.00008
    -4.69560     0.00665     0.00676    -0.00011
    -4.69342     0.00885     0.00899    -0.00014
    -4.69124     0.01169     0.01188    -0.00019
    -4.68907     0.01535     0.01560    -0.00025
    -4.68689     0.02003     0.02035    -0.00032
    -4.68471     0.02596     0.02638    -0.00042
    -4.68254     0.03344     0.03398    -0.00054
    -4.68036     0.04280     0.04349    -0.00069
    -4.67818     0.05443     0.05531    -0.00088
    -4.67600     0.06877     0.06988    -0.00111
    -4.67383     0.08634     0.08774    -0.00140
    -4.67165     0.10771     0.10945    -0.00174
    -4.66947     0.13351     0.13567    -0.00216
    -4.66730     0.16443     0.16709    -0.00266
    -4.66512     0.20123     0.20448    -0.00325
    -4.66294     0.24468     0.24864    -0.00396
    -4.66077     0.29562     0.30040    -0.00478
    -4.65859     0.35489     0.36063    -0.00574
    -4.65641     0.42332     0.43017    -0.00684
    -4.65424     0.50173     0.50984    -0.00811
    -4.65206     0.59087     0.60042    -0.00955
    -4.64988     0.69140     0.70258    -0.01118
    -4.64770     0.80388     0.81688    -0.01300
    -4.64553     0.92870     0.94371    -0.01502
    -4.64335     1.06604     1.08328    -0.01724
    -4.64117     1.21590     1.23556    -0.01966
    -4.63900     1.37797     1.40025    -0.02228
    -4.63682     1.55168     1.57677    -0.02509
    -4.63464     1.73615     1.76422    -0.02807
    -4.63247     1.93015     1.96136    -0.03121
    -4.63029     2.13214     2.16661    -0.03447
    -4.62811     2.34024     2.37808    -0.03784
    -4.62594     2.55227     2.59353    -0.04127
    -4.62376     2.76575     2.81047    -0.04472
    -4.62158     2.97796     3.02611    -0.04815
    -4.61940     3.18600     3.23752    -0.05151
    -4.61723     3.38684     3.44160    -0.05476
    -4.61505     3.57736     3.63520    -0.05784
    -4.61287     3.75449     3.81520    -0.06071
    -4.61070     3.91526     3.97857    -0.06330
    -4.60852     4.05686     4.12246    -0.06559
    -4.60634     4.17677     4.24431    -0.06753
    -4.60417     4.27279     4.34188    -0.06909
    -4.60199     4.34313     4.41336    -0.07022
    -4.59981     4.38647     4.45739    -0.07092
    -4.59764     4.40197     4.47315    -0.07117
    -4.59546     4.38935     4.46032    -0.07097
    -4.59328     4.34884     4.41916    -0.07032
    -4.59111     4.28122     4.35044    -0.06922
    -4.58893     4.18777     4.25548    -0.06771
    -4.58675     4.07021     4.13602    -0.06581
    -4.58457     3.93073     3.99428    -0.06355
    -4.58240     3.77180     3.83279    -0.06099
    -4.58022     3.59621     3.65436    -0.05815
    -4.57804     3.40692     3.46201    -0.05509
    -4.57587     3.20701     3.25886    -0.05185
    -4.57369     2.99956     3.04806    -0.04850
    -4.57151     2.78764     2.83271    -0.04507
    -4.56934     2.57416     2.61578    -0.04162
    -4.56716     2.36187     2.40006    -0.03819
    -4.56498     2.15326     2.18807    -0.03482
    -4.56281     1.95055     1.98208    -0.03154
    -4.56063     1.75565     1.78403    -0.02839
    -4.55845     1.57014     1.59553    -0.02539
    -4.55627     1.39528     1.41784    -0.02256
    -4.55410     1.23198     1.25190    -0.01992
    -4.55192     1.08085     1.09833    -0.01748
    -4.54974     0.94222     0.95745    -0.01523
    -4.54757     0.81612     0.82932    -0.01320
    -4.54539     0.70239     0.71375    -0.01136
    -4.54321     0.60066     0.61037    -0.00971
    -4.54104     0.51038     0.51863    -0.00825
    -4.53886     0.43090     0.43787    -0.00697
    -4.53668     0.36148     0.36732    -0.00584
    -4.53451     0.30131     0.30618    -0.00487
    -4.53233     0.24955     0.25359    -0.00403
    -4.53015     0.20537     0.20869    -0.00332
    -4.52797     0.16793     0.17064    -0.00272
    -4.52580     0.13644     0.13864    -0.00221
    -4.52362     0.11014     0.11192    -0.00178
    -4.52144     0.08835     0.08978    -0.00143
    -4.51927     0.07042     0.07156    -0.00114
    -4.51709     0.05577     0.05667    -0.00090
    -4.51491     0.04388     0.04459    -0.00071
    -4.51274     0.03431     0.03486    -0.00055
    -4.51056     0.02665     0.02709    -0.00043
    -4.50838     0.02058     0.02091    -0.00033
    -4.50621     0.01578     0.01604    -0.00026
    -4.50403     0.01203     0.01222    -0.00019
    -4.50185     0.00911     0.00925    -0.00015
    -4.49967     0.00685     0.00696    -0.00011
    -4.49750     0.00512     0.00521    -0.00008
    -4.49532     0.00381     0.00387    -0.00006
    -4.49314     0.00281     0.00285    -0.00005
    -4.49097     0.00206     0.00209    -0.00003
    -4.48879     0.00150     0.00153    -0.00002
    -4.48661     0.00109     0.00110    -0.00002
    -4.48444     0.00078     0.00079    -0.00001
    -4.48226     0.00056     0.00057    -0.00001
    -4.48008     0.00040     0.00040    -0.00001
    -4.47791     0.00028     0.00028    -0.00000
    -4.47573     0.00020     0.00020    -0.00000
    -4.47355     0.00014     0.00014    -0.00000
    -4.47137     0.00009     0.00010    -0.00000
    -4.46920     0.00007     0.00007    -0.00000
    -4.46702     0.00004     0.00005    -0.00000
    -4.46484     0.00003     0.00003    -0.00000
    -4.46267     0.00002     0.00002    -0.00000
    -4.46049     0.00001     0.00001    -0.00000
    -4.45831     0.00001     0.00001    -0.00000
    -4.45614     0.00001     0.00001    -0.00000
    -4.45396     0.00000     0.00000    -0.00000
    -4.45178     0.00000     0.00000    -0.00000
    -4.44961     0.00000     0.00000    -0.00000
    -4.44743     0.00000     0.00000    -0.00000
    -4.44525     0.00000     0.00000    -0.00000
    -4.44308     0.00000     0.00000    -0.00000
    -4.44090     0.00000     0.00000    -0.00000
    -4.43872     0.00000     0.00000    -0.00000
    -4.43654     0.00000     0.00000    -0.00000
    -4.43437     0.00000     0.00000    -0.00000
    -4.43219     0.00000     0.00000     0.00000
    -4.43001     0.00000     0.00000     0.00000
    -4.42784     0.00000     0.00000     0.00000
    -4.42566     0.00000     0.00000     0.00000
    -4.42348     0.00000     0.00000     0.00000
    -4.42131     0.00000     0.00000     0.00000
    -4.41913     0.00000     0.00000     0.00000
    -4.41695     0.00000     0.00000     0.00000
    -4.41478     0.00000     0.00000     0.00000
    -4.41260     0.00000     0.00000     0.00000
    -4.41042     0.00000     0.00000     0.00000
    -4.40824     0.00000     0.00000     0.00000
    -4.40607     0.00000     0.00000     0.00000
    -4.40389     0.00000     0.00000     0.00000
    -4.40171     0.00000     0.00000     0.00000
    -4.39954     0.00000     0.00000     0.00000
    -4.39736     0.00000     0.00000     0.00000
    -4.39518     0.00000     0.00000     0.00000
    -4.39301     0.00000     0.00000     0.00000
    -4.39083     0.00000     0.00000     0.00000
    -4.38865     0.00000     0.00000     0.00000
    -4.38648     0.00000     0.00000     0.00000
    -4.38430     0.00000     0.00000     0.00000
    -4.38212     0.00000     0.00000     0.00000
    -4.37994     0.00000     0.00000     0.00000
    -4.37777     0.00000     0.00000     0.00000
    -4.37559     0.00000     0.00000     0.00000
    -4.37341     0.00000     0.00000     0.00000
    -4.37124     0.00000     0.00000     0.00000
    -4.36906     0.00000     0.00000     0.00000
    -4.36688     0.00000     0.00000     0.00000
    -4.36471     0.00000     0.00000     0.00000
    -4.36253     0.00000     0.00000     0.00000
    -4.36035     0.00000     0.00000     0.00000
    -4.35818     0.00000     0.00000     0.00000
    -4.35600     0.00000     0.00000     0.00000
    -4.35382     0.00000     0.00000     0.00000
    -4.35164     0.00000     0.00000     0.00000
    -4.34947     0.00000     0.00000     0.00000
    -4.34729     0.00000     0.00000     0.00000
    -4.34511     0.00000     0.00000     0.00000
    -4.34294     0.00000     0.00000     0.00000
    -4.34076     0.00000     0.00000     0.00000
    -4.33858     0.00000     0.00000     0.00000
    -4.33641     0.00000     0.00000     0.00000
    -4.33423     0.00000     0.00000     0.00000
    -4.33205     0.00000     0.00000     0.00000
    -4.32988     0.00000     0.00000     0.00000
    -4.32770     0.00000     0.00000     0.00000
    -4.32552     0.00000     0.00000     0.00000
    -4.32335     0.00000     0.00000     0.00000
    -4.32117     0.00000     0.00000     0.00000
    -4.31899     0.00000     0.00000     0.00000
    -4.31681     0.00000     0.00000     0.00000
    -4.31464     0.00000     0.00000     0.00000
    -4.31246     0.00000     0.00000     0.00000
    -4.31028     0.00000     0.00000     0.00000
    -4.30811     0.00000     0.00000     0.00000
    -4.30593     0.00000     0.00000     0.00000
    -4.30375     0.00000     0.00000     0.00000
    -4.30158     0.00000     0.00000     0.00000
    -4.29940     0.00000     0.00000     0.00000
    -4.29722     0.00000     0.00000     0.00000
    -4.29505     0.00000     0.00000     0.00000
    -4.29287     0.00000     0.00000     0.00000
    -4.29069     0.00000     0.00000     0.00000
    -4.28851     0.00000     0.00000     0.00000
    -4.28634     0.00000     0.00000     0.00000
    -4.28416     0.00000     0.00000     0.00000
    -4.28198     0.00000     0.00000     0.00000
    -4.27981     0.00000     0.00000     0.00000
    -4.27763     0.00000     0.00000     0.00000
    -4.27545     0.00000     0.00000     0.00000
    -4.27328     0.00000     0.00000     0.00000
    -4.27110     0.00000     0.00000     0.00000
    -4.26892     0.00000     0.00000     0.00000
    -4.26675     0.00000     0.00000     0.00000
    -4.26457     0.00000     0.00000     0.00000
    -4.26239     0.00000     0.00000     0.00000
    -4.26021     0.00000     0.00000     0.00000
    -4.25804     0.00000     0.00000     0.00000
    -4.25586     0.00000     0.00000     0.00000
    -4.25368     0.00000     0.00000     0.00000
    -4.25151     0.00000     0.00000     0.00000
    -4.24933     0.00000     0.00000     0.00000
    -4.24715     0.00000     0.00000     0.00000
    -4.24498     0.00000     0.00000     0.00000
    -4.24280     0.00000     0.00000     0.00000
    -4.24062     0.00000     0.00000     0.00000
    -4.23845     0.00000     0.00000     0.00000
    -4.23627     0.00000     0.00000     0.00000
    -4.23409     0.00000     0.00000     0.00000
    -4.23191     0.00000     0.00000     0.00000
    -4.22974     0.00000     0.00000     0.00000
    -4.22756     0.00000     0.00000     0.00000
    -4.22538     0.00000     0.00000     0.00000
    -4.22321     0.00000     0.00000     0.00000
    -4.22103     0.00000     0.00000     0.00000
    -4.21885     0.00000     0.00000     0.00000
    -4.21668     0.00000     0.00000     0.00000
    -4.21450     0.00000     0.00000     0.00000
    -4.21232     0.00000     0.00000     0.00000
    -4.21015     0.00000     0.00000     0.00000
    -4.20797     0.00000     0.00000     0.00000
    -4.20579     0.00000     0.00000     0.00000
    -4.20361     0.00000     0.00000     0.00000
    -4.20144     0.00000     0.00000     0.00000
    -4.19926     0.00000     0.00000     0.00000
    -4.19708     0.00000     0.00000     0.00000
    -4.19491     0.00000     0.00000     0.00000
    -4.19273     0.00000     0.00000     0.00000
    -4.19055     0.00000     0.00000     0.00000
    -4.18838     0.00000     0.00000     0.00000
    -4.18620     0.00000     0.00000     0.00000
    -4.18402     0.00000     0.00000     0.00000
    -4.18185     0.00000     0.00000     0.00000
    -4.17967     0.00000     0.00000     0.00000
    -4.17749     0.00000     0.00000     0.00000
    -4.17532     0.00000     0.00000     0.00000
    -4.17314     0.00000     0.00000     0.00000
    -4.17096     0.00000     0.00000     0.00000
    -4.16878     0.00000     0.00000     0.00000
    -4.16661     0.00000     0.00000     0.00000
    -4.16443     0.00000     0.00000     0.00000
    -4.16225     0.00000     0.00000     0.00000
    -4.16008     0.00000     0.00000     0.00000
    -4.15790     0.00000     0.00000     0.00000
    -4.15572     0.00000     0.00000     0.00000
    -4.15355     0.00000     0.00000     0.00000
    -4.15137     0.00000     0.00000     0.00000
    -4.14919     0.00000     0.00000     0.00000
    -4.14702     0.00000     0.00000     0.00000
    -4.14484     0.00000     0.00000     0.00000
    -4.14266     0.00000     0.00000     0.00000
    -4.14048     0.00000     0.00000     0.00000
    -4.13831     0.00000     0.00000     0.00000
    -4.13613     0.00000     0.00000     0.00000
    -4.13395     0.00000     0.00000     0.00000
    -4.13178     0.00000     0.00000     0.00000
    -4.12960     0.00000     0.00000     0.00000
    -4.12742     0.00000     0.00000     0.00000
    -4.12525     0.00000     0.00000     0.00000
    -4.12307     0.00000     0.00000     0.00000
    -4.12089     0.00000     0.00000     0.00000
    -4.11872     0.00000     0.00000     0.00000
    -4.11654     0.00000     0.00000     0.00000
    -4.11436     0.00000     0.00000     0.00000
    -4.11218     0.00000     0.00000     0.00000
    -4.11001     0.00000     0.00000     0.00000
    -4.10783     0.00000     0.00000     0.00000
    -4.10565     0.00000     0.00000     0.00000
    -4.10348     0.00000     0.00000     0.00000
    -4.10130     0.00000     0.00000     0.00000
    -4.09912     0.00000     0.00000     0.00000
    -4.09695     0.00000     0.00000     0.00000
    -4.09477     0.00000     0.00000     0.00000
    -4.09259     0.00000     0.00000     0.00000
    -4.09042     0.00000     0.00000     0.00000
    -4.08824     0.00000     0.00000     0.00000
    -4.08606     0.00000     0.00000     0.00000
    -4.08388     0.00000     0.00000     0.00000
    -4.08171     0.00000     0.00000     0.00000
    -4.07953     0.00000     0.00000     0.00000
    -4.07735     0.00000     0.00000     0.00000
    -4.07518     0.00000     0.00000     0.00000
    -4.07300     0.00000     0.00000     0.00000
    -4.07082     0.00000     0.00000     0.00000
    -4.06865     0.00000     0.00000     0.00000
    -4.06647     0.00000     0.00000     0.00000
    -4.06429     0.00000     0.00000     0.00000
    -4.06212     0.00000     0.00000     0.00000
    -4.05994     0.00000     0.00000     0.00000
    -4.05776     0.00000     0.00000     0.00000
    -4.05558     0.00000     0.00000     0.00000
    -4.05341     0.00000     0.00000     0.00000
    -4.05123     0.00000     0.00000     0.00000
    -4.04905     0.00000     0.00000     0.00000
    -4.04688     0.00000     0.00000     0.00000
    -4.04470     0.00000     0.00000     0.00000
    -4.04252     0.00000     0.00000     0.00000
    -4.04035     0.00000     0.00000     0.00000
    -4.03817     0.00000     0.00000     0.00000
    -4.03599     0.00000     0.00000     0.00000
    -4.03382     0.00000     0.00000     0.00000
    -4.03164     0.00000     0.00000     0.00000
    -4.02946     0.00000     0.00000     0.00000
    -4.02729     0.00000     0.00000     0.00000
    -4.02511     0.00000     0.00000     0.00000
    -4.02293     0.00000     0.00000     0.00000
    -4.02075     0.00000     0.00000     0.00000
    -4.01858     0.00000     0.00000     0.00000
    -4.01640     0.00000     0.00000     0.00000
    -4.01422     0.00000     0.00000     0.00000
    -4.01205     0.00000     0.00000     0.00000
    -4.00987     0.00000     0.00000     0.00000
    -4.00769     0.00000     0.00000     0.00000
    -4.00552     0.00000     0.00000     0.00000
    -4.00334     0.00000     0.00000     0.00000
    -4.00116     0.00000     0.00000     0.00000
    -3.99899     0.00000     0.00000     0.00000
    -3.99681     0.00000     0.00000     0.00000
    -3.99463     0.00000     0.00000     0.00000
    -3.99245     0.00000     0.00000     0.00000
    -3.99028     0.00000     0.00000     0.00000
    -3.98810     0.00000     0.00000     0.00000
    -3.98592     0.00000     0.00000     0.00000
    -3.98375     0.00000     0.00000     0.00000
    -3.98157     0.00000     0.00000     0.00000
    -3.97939     0.00000     0.00000     0.00000
    -3.97722     0.00000     0.00000     0.00000
    -3.97504     0.00000     0.00000     0.00000
    -3.97286     0.00000     0.00000     0.00000
    -3.97069     0.00000     0.00000     0.00000
    -3.96851     0.00000     0.00000     0.00000
    -3.96633     0.00000     0.00000     0.00000
    -3.96415     0.00000     0.00000     0.00000
    -3.96198     0.00000     0.00000     0.00000
    -3.95980     0.00000     0.00000     0.00000
    -3.95762     0.00000     0.00000     0.00000
    -3.95545     0.00000     0.00000     0.00000
    -3.95327     0.00000     0.00000     0.00000
    -3.95109     0.00000     0.00000     0.00000
    -3.94892     0.00000     0.00000     0.00000
    -3.94674     0.00000     0.00000     0.00000
    -3.94456     0.00000     0.00000     0.00000
    -3.94239     0.00000     0.00000     0.00000
    -3.94021     0.00000     0.00000     0.00000
    -3.93803     0.00000     0.00000     0.00000
    -3.93585     0.00000     0.00000     0.00000
    -3.93368     0.00000     0.00000     0.00000
    -3.93150     0.00000     0.00000     0.00000
    -3.92932     0.00000     0.00000     0.00000
    -3.92715     0.00000     0.00000     0.00000
    -3.92497     0.00000     0.00000     0.00000
    -3.92279     0.00000     0.00000     0.00000
    -3.92062     0.00000     0.00000     0.00000
    -3.91844     0.00000     0.00000     0.00000
    -3.91626     0.00000     0.00000     0.00000
    -3.91409     0.00000     0.00000     0.00000
    -3.91191     0.00000     0.00000     0.00000
    -3.90973     0.00000     0.00000     0.00000
    -3.90756     0.00000     0.00000     0.00000
    -3.90538     0.00000     0.00000     0.00000
    -3.90320     0.00000     0.00000     0.00000
    -3.90102     0.00000     0.00000     0.00000
    -3.89885     0.00000     0.00000     0.00000
    -3.89667     0.00000     0.00000     0.00000
    -3.89449     0.00000     0.00000     0.00000
    -3.89232     0.00000     0.00000     0.00000
    -3.89014     0.00000     0.00000     0.00000
    -3.88796     0.00000     0.00000     0.00000
    -3.88579     0.00000     0.00000     0.00000
    -3.88361     0.00000     0.00000     0.00000
    -3.88143     0.00000     0.00000     0.00000
    -3.87926     0.00000     0.00000     0.00000
    -3.87708     0.00000     0.00000     0.00000
    -3.87490     0.00000     0.00000     0.00000
    -3.87272     0.00000     0.00000     0.00000
    -3.87055     0.00000     0.00000     0.00000
    -3.86837     0.00000     0.00000     0.00000
    -3.86619     0.00000     0.00000     0.00000
    -3.86402     0.00000     0.00000     0.00000
    -3.86184     0.00000     0.00000     0.00000
    -3.85966     0.00000     0.00000     0.00000
    -3.85749     0.00000     0.00000     0.00000
    -3.85531     0.00000     0.00000     0.00000
    -3.85313     0.00000     0.00000     0.00000
    -3.85096     0.00000     0.00000     0.00000
    -3.84878     0.00000     0.00000     0.00000
    -3.84660     0.00000     0.00000     0.00000
    -3.84442     0.00000     0.00000     0.00000
    -3.84225     0.00000     0.00000     0.00000
    -3.84007     0.00000     0.00000     0.00000
    -3.83789     0.00000     0.00000     0.00000
    -3.83572     0.00000     0.00000     0.00000
    -3.83354     0.00000     0.00000     0.00000
    -3.83136     0.00000     0.00000     0.00000
    -3.82919     0.00000     0.00000     0.00000
    -3.82701     0.00000     0.00000     0.00000
    -3.82483     0.00000     0.00000     0.00000
    -3.82266     0.00000     0.00000     0.00000
    -3.82048     0.00000     0.00000     0.00000
    -3.81830     0.00000     0.00000     0.00000
    -3.81612     0.00000     0.00000     0.00000
    -3.81395     0.00000     0.00000     0.00000
    -3.81177     0.00000     0.00000     0.00000
    -3.80959     0.00000     0.00000     0.00000
    -3.80742     0.00000     0.00000     0.00000
    -3.80524     0.00000     0.00000     0.00000
    -3.80306     0.00000     0.00000     0.00000
    -3.80089     0.00000     0.00000     0.00000
    -3.79871     0.00000     0.00000     0.00000
    -3.79653     0.00000     0.00000     0.00000
    -3.79436     0.00000     0.00000     0.00000
    -3.79218     0.00000     0.00000     0.00000
    -3.79000     0.00000     0.00000     0.00000
    -3.78782     0.00000     0.00000     0.00000
    -3.78565     0.00000     0.00000     0.00000
    -3.78347     0.00000     0.00000     0.00000
    -3.78129     0.00000     0.00000     0.00000
    -3.77912     0.00000     0.00000     0.00000
    -3.77694     0.00000     0.00000     0.00000
    -3.77476     0.00000     0.00000     0.00000
    -3.77259     0.00000     0.00000     0.00000
    -3.77041     0.00000     0.00000     0.00000
    -3.76823     0.00000     0.00000     0.00000
    -3.76606     0.00000     0.00000     0.00000
    -3.76388     0.00000     0.00000     0.00000
    -3.76170     0.00000     0.00000     0.00000
    -3.75953     0.00000     0.00000     0.00000
    -3.75735     0.00000     0.00000     0.00000
    -3.75517     0.00000     0.00000     0.00000
    -3.75299     0.00000     0.00000     0.00000
    -3.75082     0.00000     0.00000     0.00000
    -3.74864     0.00000     0.00000     0.00000
    -3.74646     0.00000     0.00000     0.00000
    -3.74429     0.00000     0.00000     0.00000
    -3.74211     0.00000     0.00000     0.00000
    -3.73993     0.00000     0.00000     0.00000
    -3.73776     0.00000     0.00000     0.00000
    -3.73558     0.00000     0.00000     0.00000
    -3.73340     0.00000     0.00000     0.00000
    -3.73123     0.00000     0.00000     0.00000
    -3.72905     0.00000     0.00000     0.00000
    -3.72687     0.00000     0.00000     0.00000
    -3.72469     0.00000     0.00000     0.00000
    -3.72252     0.00000     0.00000     0.00000
    -3.72034     0.00000     0.00000     0.00000
    -3.71816     0.00000     0.00000     0.00000
    -3.71599     0.00000     0.00000     0.00000
    -3.71381     0.00000     0.00000     0.00000
    -3.71163     0.00000     0.00000     0.00000
    -3.70946     0.00000     0.00000     0.00000
    -3.70728     0.00000     0.00000     0.00000
    -3.70510     0.00000     0.00000     0.00000
    -3.70293     0.00000     0.00000     0.00000
    -3.70075     0.00000     0.00000     0.00000
    -3.69857     0.00000     0.00000     0.00000
    -3.69639     0.00000     0.00000     0.00000
    -3.69422     0.00000     0.00000     0.00000
    -3.69204     0.00000     0.00000     0.00000
    -3.68986     0.00000     0.00000     0.00000
    -3.68769     0.00000     0.00000     0.00000
    -3.68551     0.00000     0.00000     0.00000
    -3.68333     0.00000     0.00000     0.00000
    -3.68116     0.00000     0.00000     0.00000
    -3.67898     0.00000     0.00000     0.00000
    -3.67680     0.00000     0.00000     0.00000
    -3.67463     0.00000     0.00000     0.00000
    -3.67245     0.00000     0.00000     0.00000
    -3.67027     0.00000     0.00000     0.00000
    -3.66809     0.00000     0.00000     0.00000
    -3.66592     0.00000     0.00000     0.00000
    -3.66374     0.00000     0.00000     0.00000
    -3.66156     0.00000     0.00000     0.00000
    -3.65939     0.00000     0.00000     0.00000
    -3.65721     0.00000     0.00000     0.00000
    -3.65503     0.00000     0.00000     0.00000
    -3.65286     0.00000     0.00000     0.00000
    -3.65068     0.00000     0.00000     0.00000
    -3.64850     0.00000     0.00000     0.00000
    -3.64633     0.00000     0.00000     0.00000
    -3.64415     0.00000     0.00000     0.00000
    -3.64197     0.00000     0.00000     0.00000
    -3.63979     0.00000     0.00000     0.00000
    -3.63762     0.00000     0.00000     0.00000
    -3.63544     0.00000     0.00000     0.00000
    -3.63326     0.00000     0.00000     0.00000
    -3.63109     0.00000     0.00000     0.00000
    -3.62891     0.00000     0.00000     0.00000
    -3.62673     0.00000     0.00000     0.00000
    -3.62456     0.00000     0.00000     0.00000
    -3.62238     0.00000     0.00000     0.00000
    -3.62020     0.00000     0.00000     0.00000
    -3.61803     0.00000     0.00000     0.00000
    -3.61585     0.00000     0.00000     0.00000
    -3.61367     0.00000     0.00000     0.00000
    -3.61150     0.00000     0.00000     0.00000
    -3.60932     0.00000     0.00000     0.00000
    -3.60714     0.00000     0.00000     0.00000
    -3.60496     0.00000     0.00000     0.00000
    -3.60279     0.00000     0.00000     0.00000
    -3.60061     0.00000     0.00000     0.00000
    -3.59843     0.00000     0.00000     0.00000
    -3.59626     0.00000     0.00000     0.00000
    -3.59408     0.00000     0.00000     0.00000
    -3.59190     0.00000     0.00000     0.00000
    -3.58973     0.00000     0.00000     0.00000
    -3.58755     0.00000     0.00000     0.00000
    -3.58537     0.00000     0.00000     0.00000
    -3.58320     0.00000     0.00000     0.00000
    -3.58102     0.00000     0.00000     0.00000
    -3.57884     0.00000     0.00000     0.00000
    -3.57666     0.00000     0.00000     0.00000
    -3.57449     0.00000     0.00000     0.00000
    -3.57231     0.00000     0.00000     0.00000
    -3.57013     0.00000     0.00000     0.00000
    -3.56796     0.00000     0.00000     0.00000
    -3.56578     0.00000     0.00000     0.00000
    -3.56360     0.00000     0.00000     0.00000
    -3.56143     0.00000     0.00000     0.00000
    -3.55925     0.00000     0.00000     0.00000
    -3.55707     0.00000     0.00000     0.00000
    -3.55490     0.00000     0.00000     0.00000
    -3.55272     0.00000     0.00000     0.00000
    -3.55054     0.00000     0.00000     0.00000
    -3.54836     0.00000     0.00000     0.00000
    -3.54619     0.00000     0.00000     0.00000
    -3.54401     0.00000     0.00000     0.00000
    -3.54183     0.00000     0.00000     0.00000
    -3.53966     0.00000     0.00000     0.00000
    -3.53748     0.00000     0.00000     0.00000
    -3.53530     0.00000     0.00000     0.00000
    -3.53313     0.00000     0.00000     0.00000
    -3.53095     0.00000     0.00000     0.00000
    -3.52877     0.00000     0.00000     0.00000
    -3.52660     0.00000     0.00000     0.00000
    -3.52442     0.00000     0.00000     0.00000
    -3.52224     0.00000     0.00000     0.00000
    -3.52006     0.00000     0.00000     0.00000
    -3.51789     0.00000     0.00000     0.00000
    -3.51571     0.00000     0.00000     0.00000
    -3.51353     0.00000     0.00000     0.00000
    -3.51136     0.00000     0.00000     0.00000
    -3.50918     0.00000     0.00000     0.00000
    -3.50700     0.00000     0.00000     0.00000
    -3.50483     0.00000     0.00000     0.00000
    -3.50265     0.00000     0.00000     0.00000
    -3.50047     0.00000     0.00000     0.00000
    -3.49830     0.00000     0.00000     0.00000
    -3.49612     0.00000     0.00000     0.00000
    -3.49394     0.00000     0.00000     0.00000
    -3.49177     0.00000     0.00000     0.00000
    -3.48959     0.00000     0.00000     0.00000
    -3.48741     0.00000     0.00000     0.00000
    -3.48523     0.00000     0.00000     0.00000
    -3.48306     0.00000     0.00000     0.00000
    -3.48088     0.00000     0.00000     0.00000
    -3.47870     0.00000     0.00000     0.00000
    -3.47653     0.00000     0.00000     0.00000
    -3.47435     0.00000     0.00000     0.00000
    -3.47217     0.00000     0.00000     0.00000
    -3.47000     0.00000     0.00000     0.00000
    -3.46782     0.00000     0.00000     0.00000
    -3.46564     0.00000     0.00000     0.00000
    -3.46347     0.00000     0.00000     0.00000
    -3.46129     0.00000     0.00000     0.00000
    -3.45911     0.00000     0.00000     0.00000
    -3.45693     0.00000     0.00000     0.00000
    -3.45476     0.00000     0.00000     0.00000
    -3.45258     0.00000     0.00000     0.00000
    -3.45040     0.00000     0.00000     0.00000
    -3.44823     0.00000     0.00000     0.00000
    -3.44605     0.00000     0.00000     0.00000
    -3.44387     0.00000     0.00000     0.00000
    -3.44170     0.00000     0.00000     0.00000
    -3.43952     0.00000     0.00000     0.00000
    -3.43734     0.00000     0.00000     0.00000
    -3.43517     0.00000     0.00000     0.00000
    -3.43299     0.00000     0.00000     0.00000
    -3.43081     0.00000     0.00000     0.00000
    -3.42863     0.00000     0.00000     0.00000
    -3.42646     0.00000     0.00000     0.00000
    -3.42428     0.00000     0.00000     0.00000
    -3.42210     0.00000     0.00000     0.00000
    -3.41993     0.00000     0.00000     0.00000
    -3.41775     0.00000     0.00000     0.00000
    -3.41557     0.00000     0.00000     0.00000
    -3.41340     0.00000     0.00000     0.00000
    -3.41122     0.00000     0.00000     0.00000
    -3.40904     0.00000     0.00000     0.00000
    -3.40687     0.00000     0.00000     0.00000
    -3.40469     0.00000     0.00000     0.00000
    -3.40251     0.00000     0.00000     0.00000
    -3.40033     0.00000     0.00000     0.00000
    -3.39816     0.00000     0.00000     0.00000
    -3.39598     0.00000     0.00000     0.00000
    -3.39380     0.00000     0.00000     0.00000
    -3.39163     0.00000     0.00000     0.00000
    -3.38945     0.00000     0.00000     0.00000
    -3.38727     0.00000     0.00000     0.00000
    -3.38510     0.00000     0.00000     0.00000
    -3.38292     0.00000     0.00000     0.00000
    -3.38074     0.00000     0.00000     0.00000
    -3.37857     0.00000     0.00000     0.00000
    -3.37639     0.00000     0.00000     0.00000
    -3.37421     0.00000     0.00000     0.00000
    -3.37203     0.00000     0.00000     0.00000
    -3.36986     0.00000     0.00000     0.00000
    -3.36768     0.00000     0.00000     0.00000
    -3.36550     0.00000     0.00000     0.00000
    -3.36333     0.00000     0.00000     0.00000
    -3.36115     0.00000     0.00000     0.00000
    -3.35897     0.00000     0.00000     0.00000
    -3.35680     0.00000     0.00000     0.00000
    -3.35462     0.00000     0.00000     0.00000
    -3.35244     0.00000     0.00000     0.00000
    -3.35027     0.00000     0.00000     0.00000
    -3.34809     0.00000     0.00000     0.00000
    -3.34591     0.00000     0.00000     0.00000
    -3.34374     0.00000     0.00000     0.00000
    -3.34156     0.00000     0.00000     0.00000
    -3.33938     0.00000     0.00000     0.00000
    -3.33720     0.00000     0.00000     0.00000
    -3.33503     0.00000     0.00000     0.00000
    -3.33285     0.00000     0.00000     0.00000
    -3.33067     0.00000     0.00000     0.00000
    -3.32850     0.00000     0.00000     0.00000
    -3.32632     0.00000     0.00000     0.00000
    -3.32414     0.00000     0.00000     0.00000
    -3.32197     0.00000     0.00000     0.00000
    -3.31979     0.00000     0.00000     0.00000
    -3.31761     0.00000     0.00000     0.00000
    -3.31544     0.00000     0.00000     0.00000
    -3.31326     0.00000     0.00000     0.00000
    -3.31108     0.00000     0.00000     0.00000
    -3.30890     0.00000     0.00000     0.00000
    -3.30673     0.00000     0.00000     0.00000
    -3.30455     0.00000     0.00000     0.00000
    -3.30237     0.00000     0.00000     0.00000
    -3.30020     0.00000     0.00000     0.00000
    -3.29802     0.00000     0.00000     0.00000
    -3.29584     0.00000     0.00000     0.00000
    -3.29367     0.00000     0.00000     0.00000
    -3.29149     0.00000     0.00000     0.00000
    -3.28931     0.00000     0.00000     0.00000
    -3.28714     0.00000     0.00000     0.00000
    -3.28496     0.00000     0.00000     0.00000
    -3.28278     0.00000     0.00000     0.00000
    -3.28060     0.00000     0.00000     0.00000
    -3.27843     0.00000     0.00000     0.00000
    -3.27625     0.00000     0.00000     0.00000
    -3.27407     0.00000     0.00000     0.00000
    -3.27190     0.00000     0.00000     0.00000
    -3.26972     0.00000     0.00000     0.00000
    -3.26754     0.00000     0.00000     0.00000
    -3.26537     0.00000     0.00000     0.00000
    -3.26319     0.00000     0.00000     0.00000
    -3.26101     0.00000     0.00000     0.00000
    -3.25884     0.00000     0.00000     0.00000
    -3.25666     0.00000     0.00000     0.00000
    -3.25448     0.00000     0.00000     0.00000
    -3.25230     0.00000     0.00000     0.00000
    -3.25013     0.00000     0.00000     0.00000
    -3.24795     0.00000     0.00000     0.00000
    -3.24577     0.00000     0.00000     0.00000
    -3.24360     0.00000     0.00000     0.00000
    -3.24142     0.00000     0.00000     0.00000
    -3.23924     0.00000     0.00000     0.00000
    -3.23707     0.00000     0.00000     0.00000
    -3.23489     0.00000     0.00000     0.00000
    -3.23271     0.00000     0.00000     0.00000
    -3.23054     0.00000     0.00000     0.00000
    -3.22836     0.00000     0.00000     0.00000
    -3.22618     0.00000     0.00000     0.00000
    -3.22401     0.00000     0.00000     0.00000
    -3.22183     0.00000     0.00000     0.00000
    -3.21965     0.00000     0.00000     0.00000
    -3.21747     0.00000     0.00000     0.00000
    -3.21530     0.00000     0.00000     0.00000
    -3.21312     0.00000     0.00000     0.00000
    -3.21094     0.00000     0.00000     0.00000
    -3.20877     0.00000     0.00000     0.00000
    -3.20659     0.00000     0.00000     0.00000
    -3.20441     0.00000     0.00000     0.00000
    -3.20224     0.00000     0.00000     0.00000
    -3.20006     0.00000     0.00000     0.00000
    -3.19788     0.00000     0.00000     0.00000
    -3.19571     0.00000     0.00000     0.00000
    -3.19353     0.00000     0.00000     0.00000
    -3.19135     0.00000     0.00000     0.00000
    -3.18917     0.00000     0.00000     0.00000
    -3.18700     0.00000     0.00000     0.00000
    -3.18482     0.00000     0.00000     0.00000
    -3.18264     0.00000     0.00000     0.00000
    -3.18047     0.00000     0.00000     0.00000
    -3.17829     0.00000     0.00000     0.00000
    -3.17611     0.00000     0.00000     0.00000
    -3.17394     0.00000     0.00000     0.00000
    -3.17176     0.00000     0.00000     0.00000
    -3.16958     0.00000     0.00000     0.00000
    -3.16741     0.00000     0.00000     0.00000
    -3.16523     0.00000     0.00000     0.00000
    -3.16305     0.00000     0.00000     0.00000
    -3.16087     0.00000     0.00000     0.00000
    -3.15870     0.00000     0.00000     0.00000
    -3.15652     0.00000     0.00000     0.00000
    -3.15434     0.00000     0.00000     0.00000
    -3.15217     0.00000     0.00000     0.00000
    -3.14999     0.00000     0.00000     0.00000
    -3.14781     0.00000     0.00000     0.00000
    -3.14564     0.00000     0.00000     0.00000
    -3.14346     0.00000     0.00000     0.00000
    -3.14128     0.00000     0.00000     0.00000
    -3.13911     0.00000     0.00000     0.00000
    -3.13693     0.00000     0.00000     0.00000
    -3.13475     0.00000     0.00000     0.00000
    -3.13257     0.00000     0.00000     0.00000
    -3.13040     0.00000     0.00000     0.00000
    -3.12822     0.00000     0.00000     0.00000
    -3.12604     0.00000     0.00000     0.00000
    -3.12387     0.00000     0.00000     0.00000
    -3.12169     0.00000     0.00000     0.00000
    -3.11951     0.00000     0.00000     0.00000
    -3.11734     0.00000     0.00000     0.00000
    -3.11516     0.00000     0.00000     0.00000
    -3.11298     0.00000     0.00000     0.00000
    -3.11081     0.00000     0.00000     0.00000
    -3.10863     0.00000     0.00000     0.00000
    -3.10645     0.00000    -0.00000     0.00000
    -3.10427     0.00000    -0.00000     0.00000
    -3.10210     0.00000    -0.00000     0.00000
    -3.09992     0.00000    -0.00000     0.00000
    -3.09774     0.00000    -0.00000     0.00000
    -3.09557     0.00000    -0.00000     0.00000
    -3.09339     0.00000    -0.00000     0.00000
    -3.09121     0.00000    -0.00000     0.00000
    -3.08904     0.00000    -0.00000     0.00000
    -3.08686     0.00000    -0.00000     0.00000
    -3.08468     0.00000    -0.00000     0.00000
    -3.08251     0.00000    -0.00000     0.00000
    -3.08033     0.00000    -0.00000     0.00000
    -3.07815     0.00000    -0.00000     0.00000
    -3.07598     0.00000    -0.00000     0.00000
    -3.07380     0.00001    -0.00000     0.00001
    -3.07162     0.00001    -0.00000     0.00001
    -3.06944     0.00001    -0.00000     0.00001
    -3.06727     0.00002    -0.00000     0.00002
    -3.06509     0.00002    -0.00000     0.00002
    -3.06291     0.00003    -0.00000     0.00003
    -3.06074     0.00004    -0.00000     0.00004
    -3.05856     0.00006    -0.00000     0.00006
    -3.05638     0.00009    -0.00000     0.00009
    -3.05421     0.00012    -0.00000     0.00012
    -3.05203     0.00017    -0.00000     0.00017
    -3.04985     0.00023    -0.00000     0.00023
    -3.04768     0.00032    -0.00000     0.00032
    -3.04550     0.00043    -0.00000     0.00043
    -3.04332     0.00058    -0.00000     0.00058
    -3.04114     0.00078    -0.00000     0.00078
    -3.03897     0.00104    -0.00000     0.00104
    -3.03679     0.00138    -0.00000     0.00138
    -3.03461     0.00181    -0.00000     0.00181
    -3.03244     0.00236    -0.00000     0.00236
    -3.03026     0.00306    -0.00000     0.00306
    -3.02808     0.00395    -0.00000     0.00395
    -3.02591     0.00505    -0.00000     0.00505
    -3.02373     0.00643    -0.00000     0.00643
    -3.02155     0.00812    -0.00000     0.00812
    -3.01938     0.01020    -0.00000     0.01020
    -3.01720     0.01274    -0.00000     0.01274
    -3.01502     0.01579    -0.00000     0.01579
    -3.01284     0.01946    -0.00000     0.01946
    -3.01067     0.02382    -0.00000     0.02382
    -3.00849     0.02898    -0.00000     0.02898
    -3.00631     0.03503    -0.00000     0.03503
    -3.00414     0.04207    -0.00000     0.04207
    -3.00196     0.05020    -0.00000     0.05020
    -2.99978     0.05953    -0.00000     0.05953
    -2.99761     0.07013    -0.00000     0.07013
    -2.99543     0.08210    -0.00000     0.08210
    -2.99325     0.09550    -0.00000     0.09550
    -2.99108     0.11037    -0.00000     0.11037
    -2.98890     0.12675    -0.00000     0.12675
    -2.98672     0.14462    -0.00000     0.14462
    -2.98454     0.16397    -0.00000     0.16397
    -2.98237     0.18472    -0.00000     0.18472
    -2.98019     0.20677    -0.00000     0.20677
    -2.97801     0.22997    -0.00000     0.22997
    -2.97584     0.25415    -0.00000     0.25415
    -2.97366     0.27907    -0.00000     0.27907
    -2.97148     0.30449    -0.00000     0.30449
    -2.96931     0.33010    -0.00000     0.33010
    -2.96713     0.35558    -0.00000     0.35558
    -2.96495     0.38058    -0.00000     0.38058
    -2.96278     0.40474    -0.00000     0.40474
    -2.96060     0.42769    -0.00000     0.42769
    -2.95842     0.44906    -0.00000     0.44906
    -2.95624     0.46849    -0.00000     0.46849
    -2.95407     0.48564    -0.00000     0.48564
    -2.95189     0.50021    -0.00000     0.50021
    -2.94971     0.51192    -0.00000     0.51192
    -2.94754     0.52057    -0.00000     0.52057
    -2.94536     0.52599    -0.00000     0.52599
    -2.94318     0.52808    -0.00000     0.52808
    -2.94101     0.52679    -0.00000     0.52679
    -2.93883     0.52215    -0.00000     0.52215
    -2.93665     0.51425    -0.00000     0.51425
    -2.93448     0.50324    -0.00000     0.50324
    -2.93230     0.48932    -0.00000     0.48932
    -2.93012     0.47275    -0.00000     0.47275
    -2.92795     0.45383    -0.00000     0.45383
    -2.92577     0.43289    -0.00000     0.43289
    -2.92359     0.41028    -0.00000     0.41028
    -2.92141     0.38637    -0.00000     0.38637
    -2.91924     0.36153    -0.00000     0.36153
    -2.91706     0.33613    -0.00000     0.33613
    -2.91488     0.31052    -0.00000     0.31052
    -2.91271     0.28503    -0.00000     0.28503
    -2.91053     0.25997    -0.00000     0.25997
    -2.90835     0.23560    -0.00000     0.23560
    -2.90618     0.21215    -0.00000     0.21215
    -2.90400     0.18981    -0.00000     0.18981
    -2.90182     0.16874    -0.00000     0.16874
    -2.89965     0.14906    -0.00000     0.14906
    -2.89747     0.13083    -0.00000     0.13083
    -2.89529     0.11410    -0.00000     0.11410
    -2.89311     0.09887    -0.00000     0.09887
    -2.89094     0.08513    -0.00000     0.08513
    -2.88876     0.07283    -0.00000     0.07283
    -2.88658     0.06191    -0.00000     0.06191
    -2.88441     0.05229    -0.00000     0.05229
    -2.88223     0.04389    -0.00000     0.04389
    -2.88005     0.03660    -0.00000     0.03660
    -2.87788     0.03032    -0.00000     0.03032
    -2.87570     0.02496    -0.00000     0.02496
    -2.87352     0.02042    -0.00000     0.02042
    -2.87135     0.01660    -0.00000     0.01660
    -2.86917     0.01341    -0.00000     0.01341
    -2.86699     0.01076    -0.00000     0.01076
    -2.86481     0.00858    -0.00000     0.00858
    -2.86264     0.00680    -0.00000     0.00680
    -2.86046     0.00535    -0.00000     0.00535
    -2.85828     0.00418    -0.00000     0.00418
    -2.85611     0.00325    -0.00000     0.00325
    -2.85393     0.00251    -0.00000     0.00251
    -2.85175     0.00193    -0.00000     0.00193
    -2.84958     0.00147    -0.00000     0.00147
    -2.84740     0.00111    -0.00000     0.00111
    -2.84522     0.00084    -0.00000     0.00084
    -2.84305     0.00063    -0.00000     0.00063
    -2.84087     0.00047    -0.00000     0.00047
    -2.83869     0.00034    -0.00000     0.00034
    -2.83651     0.00025    -0.00000     0.00025
    -2.83434     0.00018    -0.00000     0.00018
    -2.83216     0.00013    -0.00000     0.00013
    -2.82998     0.00010    -0.00000     0.00010
    -2.82781     0.00007    -0.00000     0.00007
    -2.82563     0.00005    -0.00000     0.00005
    -2.82345     0.00003    -0.00000     0.00003
    -2.82128     0.00002    -0.00000     0.00002
    -2.81910     0.00002    -0.00000     0.00002
    -2.81692     0.00001    -0.00000     0.00001
    -2.81475     0.00001    -0.00000     0.00001
    -2.81257     0.00001    -0.00000     0.00001
    -2.81039     0.00000    -0.00000     0.00000
    -2.80822     0.00000    -0.00000     0.00000
    -2.80604     0.00000    -0.00000     0.00000
    -2.80386     0.00000    -0.00000     0.00000
    -2.80168     0.00000    -0.00000     0.00000
    -2.79951     0.00000    -0.00000     0.00000
    -2.79733     0.00000    -0.00000     0.00000
    -2.79515     0.00000    -0.00000     0.00000
    -2.79298     0.00000    -0.00000     0.00000
    -2.79080     0.00000    -0.00000     0.00000
    -2.78862     0.00000    -0.00000     0.00000
    -2.78645     0.00000    -0.00000     0.00000
    -2.78427     0.00000    -0.00000     0.00000
    -2.78209     0.00000    -0.00000     0.00000
    -2.77992     0.00000    -0.00000     0.00000
    -2.77774     0.00000     0.00000     0.00000
    -2.77556     0.00000     0.00000     0.00000
    -2.77338     0.00000     0.00000     0.00000
    -2.77121     0.00000     0.00000     0.00000
    -2.76903     0.00000     0.00000     0.00000
    -2.76685     0.00000     0.00000     0.00000
    -2.76468     0.00000     0.00000     0.00000
    -2.76250     0.00000     0.00000     0.00000
    -2.76032     0.00000     0.00000     0.00000
    -2.75815     0.00000     0.00000     0.00000
    -2.75597     0.00000     0.00000     0.00000
    -2.75379     0.00000     0.00000     0.00000
    -2.75162     0.00000     0.00000     0.00000
    -2.74944     0.00000     0.00000     0.00000
    -2.74726     0.00000     0.00000     0.00000
    -2.74508     0.00000     0.00000     0.00000
    -2.74291     0.00000     0.00000     0.00000
    -2.74073     0.00000     0.00000     0.00000
    -2.73855     0.00000     0.00000     0.00000
    -2.73638     0.00000     0.00000     0.00000
    -2.73420     0.00000     0.00000     0.00000
    -2.73202     0.00000     0.00000     0.00000
    -2.72985     0.00000     0.00000     0.00000
    -2.72767     0.00000     0.00000     0.00000
    -2.72549     0.00000     0.00000     0.00000
    -2.72332     0.00000     0.00000     0.00000
    -2.72114     0.00000     0.00000     0.00000
    -2.71896     0.00000     0.00000     0.00000
    -2.71678     0.00000     0.00000     0.00000
    -2.71461     0.00000     0.00000     0.00000
    -2.71243     0.00000     0.00000     0.00000
    -2.71025     0.00000     0.00000     0.00000
    -2.70808     0.00000     0.00000     0.00000
    -2.70590     0.00000     0.00000     0.00000
    -2.70372     0.00000     0.00000     0.00000
    -2.70155     0.00000     0.00000     0.00000
    -2.69937     0.00000     0.00000     0.00000
    -2.69719     0.00000     0.00000     0.00000
    -2.69502     0.00000     0.00000     0.00000
    -2.69284     0.00000     0.00000     0.00000
    -2.69066     0.00000     0.00000     0.00000
    -2.68848     0.00000     0.00000     0.00000
    -2.68631     0.00000     0.00000     0.00000
    -2.68413     0.00000     0.00000     0.00000
    -2.68195     0.00000     0.00000     0.00000
    -2.67978     0.00000     0.00000     0.00000
    -2.67760     0.00000     0.00000     0.00000
    -2.67542     0.00000     0.00000     0.00000
    -2.67325     0.00000     0.00000     0.00000
    -2.67107     0.00000     0.00000     0.00000
    -2.66889     0.00000     0.00000     0.00000
    -2.66672     0.00000     0.00000     0.00000
    -2.66454     0.00000     0.00000     0.00000
    -2.66236     0.00000     0.00000     0.00000
    -2.66019     0.00000     0.00000     0.00000
    -2.65801     0.00000     0.00000     0.00000
    -2.65583     0.00000     0.00000     0.00000
    -2.65365     0.00000     0.00000     0.00000
    -2.65148     0.00000     0.00000     0.00000
    -2.64930     0.00000     0.00000     0.00000
    -2.64712     0.00000     0.00000     0.00000
    -2.64495     0.00000     0.00000     0.00000
    -2.64277     0.00000     0.00000     0.00000
    -2.64059     0.00000     0.00000     0.00000
    -2.63842     0.00000     0.00000     0.00000
    -2.63624     0.00000     0.00000     0.00000
    -2.63406     0.00000     0.00000     0.00000
    -2.63189     0.00000     0.00000     0.00000
    -2.62971     0.00000     0.00000     0.00000
    -2.62753     0.00000     0.00000     0.00000
    -2.62535     0.00000     0.00000     0.00000
    -2.62318     0.00000     0.00000     0.00000
    -2.62100     0.00000     0.00000     0.00000
    -2.61882     0.00000     0.00000     0.00000
    -2.61665     0.00000     0.00000     0.00000
    -2.61447     0.00000     0.00000     0.00000
    -2.61229     0.00000     0.00000     0.00000
    -2.61012     0.00000     0.00000     0.00000
    -2.60794     0.00000     0.00000     0.00000
    -2.60576     0.00000     0.00000     0.00000
    -2.60359     0.00000     0.00000     0.00000
    -2.60141     0.00000     0.00000     0.00000
    -2.59923     0.00000     0.00000     0.00000
    -2.59705     0.00000     0.00000     0.00000
    -2.59488     0.00000     0.00000     0.00000
    -2.59270     0.00000     0.00000     0.00000
    -2.59052     0.00000     0.00000     0.00000
    -2.58835     0.00000     0.00000     0.00000
    -2.58617     0.00000     0.00000     0.00000
    -2.58399     0.00000     0.00000     0.00000
    -2.58182     0.00000     0.00000     0.00000
    -2.57964     0.00000     0.00000     0.00000
    -2.57746     0.00000     0.00000     0.00000
    -2.57529     0.00000     0.00000     0.00000
    -2.57311     0.00000     0.00000     0.00000
    -2.57093     0.00000     0.00000     0.00000
    -2.56875     0.00000     0.00000     0.00000
    -2.56658     0.00000     0.00000     0.00000
    -2.56440     0.00000     0.00000     0.00000
    -2.56222     0.00000     0.00000     0.00000
    -2.56005     0.00000     0.00000     0.00000
    -2.55787     0.00000     0.00000     0.00000
    -2.55569     0.00000     0.00000     0.00000
    -2.55352     0.00000     0.00000     0.00000
    -2.55134     0.00000     0.00000     0.00000
    -2.54916     0.00000     0.00000     0.00000
    -2.54699     0.00000     0.00000     0.00000
    -2.54481     0.00000     0.00000     0.00000
    -2.54263     0.00000     0.00000     0.00000
    -2.54045     0.00000     0.00000     0.00000
    -2.53828     0.00000     0.00000     0.00000
    -2.53610     0.00000     0.00000     0.00000
    -2.53392     0.00000     0.00000     0.00000
    -2.53175     0.00000     0.00000     0.00000
    -2.52957     0.00000     0.00000     0.00000
    -2.52739     0.00000     0.00000     0.00000
    -2.52522     0.00000     0.00000     0.00000
    -2.52304     0.00000     0.00000     0.00000
    -2.52086     0.00000     0.00000     0.00000
    -2.51869     0.00000     0.00000     0.00000
    -2.51651     0.00000     0.00000     0.00000
    -2.51433     0.00000     0.00000     0.00000
    -2.51216     0.00000     0.00000     0.00000
    -2.50998     0.00000     0.00000     0.00000
    -2.50780     0.00000     0.00000     0.00000
    -2.50562     0.00000     0.00000     0.00000
    -2.50345     0.00000     0.00000     0.00000
    -2.50127     0.00000     0.00000     0.00000
    -2.49909     0.00000     0.00000     0.00000
    -2.49692     0.00000     0.00000     0.00000
    -2.49474     0.00000     0.00000     0.00000
    -2.49256     0.00000     0.00000     0.00000
    -2.49039     0.00000     0.00000     0.00000
    -2.48821     0.00000     0.00000     0.00000
    -2.48603     0.00000     0.00000     0.00000
    -2.48386     0.00000     0.00000     0.00000
    -2.48168     0.00000     0.00000     0.00000
    -2.47950     0.00000     0.00000     0.00000
    -2.47732     0.00000     0.00000     0.00000
    -2.47515     0.00000     0.00000     0.00000
    -2.47297     0.00000     0.00000     0.00000
    -2.47079     0.00000     0.00000     0.00000
    -2.46862     0.00000     0.00000     0.00000
    -2.46644     0.00000     0.00000     0.00000
    -2.46426     0.00000     0.00000     0.00000
    -2.46209     0.00000     0.00000     0.00000
    -2.45991     0.00000     0.00000     0.00000
    -2.45773     0.00000     0.00000     0.00000
    -2.45556     0.00000     0.00000     0.00000
    -2.45338     0.00000     0.00000     0.00000
    -2.45120     0.00000     0.00000     0.00000
    -2.44902     0.00000     0.00000     0.00000
    -2.44685     0.00000     0.00000     0.00000
    -2.44467     0.00000     0.00000     0.00000
    -2.44249     0.00000     0.00000     0.00000
    -2.44032     0.00000     0.00000     0.00000
    -2.43814     0.00000     0.00000     0.00000
    -2.43596     0.00000     0.00000     0.00000
    -2.43379     0.00000     0.00000     0.00000
    -2.43161     0.00000     0.00000     0.00000
    -2.42943     0.00000     0.00000     0.00000
    -2.42726     0.00000     0.00000     0.00000
    -2.42508     0.00000     0.00000     0.00000
    -2.42290     0.00000     0.00000     0.00000
    -2.42072     0.00000     0.00000     0.00000
    -2.41855     0.00000     0.00000     0.00000
    -2.41637     0.00000     0.00000     0.00000
    -2.41419     0.00000     0.00000     0.00000
    -2.41202     0.00000     0.00000     0.00000
    -2.40984     0.00000     0.00000     0.00000
    -2.40766     0.00000     0.00000     0.00000
    -2.40549     0.00000     0.00000     0.00000
    -2.40331     0.00000     0.00000     0.00000
    -2.40113     0.00000     0.00000     0.00000
    -2.39896     0.00000     0.00000     0.00000
    -2.39678     0.00000     0.00000     0.00000
    -2.39460     0.00000     0.00000     0.00000
    -2.39243     0.00000     0.00000     0.00000
    -2.39025     0.00000     0.00000     0.00000
    -2.38807     0.00000     0.00000     0.00000
    -2.38589     0.00000     0.00000     0.00000
    -2.38372     0.00000     0.00000     0.00000
    -2.38154     0.00000     0.00000     0.00000
    -2.37936     0.00000     0.00000     0.00000
    -2.37719     0.00000     0.00000     0.00000
    -2.37501     0.00000     0.00000     0.00000
    -2.37283     0.00000     0.00000     0.00000
    -2.37066     0.00000     0.00000     0.00000
    -2.36848     0.00000     0.00000     0.00000
    -2.36630     0.00000     0.00000     0.00000
    -2.36413     0.00000     0.00000     0.00000
    -2.36195     0.00000     0.00000     0.00000
    -2.35977     0.00000     0.00000     0.00000
    -2.35759     0.00000     0.00000     0.00000
    -2.35542     0.00000     0.00000     0.00000
    -2.35324     0.00000     0.00000     0.00000
    -2.35106     0.00000     0.00000     0.00000
    -2.34889     0.00000     0.00000     0.00000
    -2.34671     0.00000     0.00000     0.00000
    -2.34453     0.00000     0.00000     0.00000
    -2.34236     0.00000     0.00000     0.00000
    -2.34018     0.00000     0.00000     0.00000
    -2.33800     0.00000     0.00000     0.00000
    -2.33583     0.00000     0.00000     0.00000
    -2.33365     0.00000     0.00000     0.00000
    -2.33147     0.00000     0.00000     0.00000
    -2.32929     0.00000     0.00000     0.00000
    -2.32712     0.00000     0.00000     0.00000
    -2.32494     0.00000     0.00000     0.00000
    -2.32276     0.00000     0.00000     0.00000
    -2.32059     0.00000     0.00000     0.00000
    -2.31841     0.00000     0.00000     0.00000
    -2.31623     0.00000     0.00000     0.00000
    -2.31406     0.00000     0.00000     0.00000
    -2.31188     0.00000     0.00000     0.00000
    -2.30970     0.00000     0.00000     0.00000
    -2.30753     0.00000     0.00000     0.00000
    -2.30535     0.00000     0.00000     0.00000
    -2.30317     0.00000     0.00000     0.00000
    -2.30099     0.00000     0.00000     0.00000
    -2.29882     0.00000     0.00000     0.00000
    -2.29664     0.00000     0.00000     0.00000
    -2.29446     0.00000     0.00000     0.00000
    -2.29229     0.00000     0.00000     0.00000
    -2.29011     0.00000     0.00000     0.00000
    -2.28793     0.00000     0.00000     0.00000
    -2.28576     0.00000     0.00000     0.00000
    -2.28358     0.00000     0.00000     0.00000
    -2.28140     0.00000     0.00000     0.00000
    -2.27923     0.00000     0.00000     0.00000
    -2.27705     0.00000     0.00000     0.00000
    -2.27487     0.00000     0.00000     0.00000
    -2.27269     0.00000     0.00000     0.00000
    -2.27052     0.00000     0.00000     0.00000
    -2.26834     0.00000     0.00000     0.00000
    -2.26616     0.00000     0.00000     0.00000
    -2.26399     0.00000     0.00000     0.00000
    -2.26181     0.00000     0.00000     0.00000
    -2.25963     0.00000     0.00000     0.00000
    -2.25746     0.00000     0.00000     0.00000
    -2.25528     0.00000     0.00000     0.00000
    -2.25310     0.00000     0.00000     0.00000
    -2.25093     0.00000     0.00000     0.00000
    -2.24875     0.00000     0.00000     0.00000
    -2.24657     0.00000     0.00000     0.00000
    -2.24440     0.00000     0.00000     0.00000
    -2.24222     0.00000     0.00000     0.00000
    -2.24004     0.00000     0.00000     0.00000
    -2.23786     0.00000     0.00000     0.00000
    -2.23569     0.00000     0.00000     0.00000
    -2.23351     0.00000     0.00000     0.00000
    -2.23133     0.00000     0.00000     0.00000
    -2.22916     0.00000     0.00000     0.00000
    -2.22698     0.00000     0.00000     0.00000
    -2.22480     0.00000     0.00000     0.00000
    -2.22263     0.00000     0.00000     0.00000
    -2.22045     0.00000     0.00000     0.00000
    -2.21827     0.00000     0.00000     0.00000
    -2.21610     0.00000     0.00000     0.00000
    -2.21392     0.00000     0.00000     0.00000
    -2.21174     0.00000     0.00000     0.00000
    -2.20956     0.00000     0.00000     0.00000
    -2.20739     0.00000     0.00000     0.00000
    -2.20521     0.00000     0.00000     0.00000
    -2.20303     0.00000     0.00000     0.00000
    -2.20086     0.00000     0.00000     0.00000
    -2.19868     0.00000     0.00000     0.00000
    -2.19650     0.00000     0.00000     0.00000
    -2.19433     0.00000     0.00000     0.00000
    -2.19215     0.00000     0.00000     0.00000
    -2.18997     0.00000     0.00000     0.00000
    -2.18780     0.00000     0.00000     0.00000
    -2.18562     0.00000     0.00000     0.00000
    -2.18344     0.00000     0.00000     0.00000
    -2.18126     0.00000     0.00000     0.00000
    -2.17909     0.00000     0.00000     0.00000
    -2.17691     0.00000     0.00000     0.00000
    -2.17473     0.00000     0.00000     0.00000
    -2.17256     0.00000     0.00000     0.00000
    -2.17038     0.00000     0.00000     0.00000
    -2.16820     0.00000     0.00000     0.00000
    -2.16603     0.00000     0.00000     0.00000
    -2.16385     0.00000     0.00000     0.00000
    -2.16167     0.00000     0.00000     0.00000
    -2.15950     0.00000     0.00000     0.00000
    -2.15732     0.00000     0.00000     0.00000
    -2.15514     0.00000     0.00000     0.00000
    -2.15296     0.00000     0.00000     0.00000
    -2.15079     0.00000     0.00000     0.00000
    -2.14861     0.00000     0.00000     0.00000
    -2.14643     0.00000     0.00000     0.00000
    -2.14426     0.00000     0.00000     0.00000
    -2.14208     0.00000     0.00000     0.00000
    -2.13990     0.00000     0.00000     0.00000
    -2.13773     0.00000     0.00000     0.00000
    -2.13555     0.00000     0.00000     0.00000
    -2.13337     0.00000     0.00000     0.00000
    -2.13120     0.00000     0.00000     0.00000
    -2.12902     0.00000     0.00000     0.00000
    -2.12684     0.00000     0.00000     0.00000
    -2.12467     0.00000     0.00000     0.00000
    -2.12249     0.00000     0.00000     0.00000
    -2.12031     0.00000     0.00000     0.00000
    -2.11813     0.00000     0.00000     0.00000
    -2.11596     0.00000     0.00000     0.00000
    -2.11378     0.00000     0.00000     0.00000
    -2.11160     0.00000     0.00000     0.00000
    -2.10943     0.00000     0.00000     0.00000
    -2.10725     0.00000     0.00000     0.00000
    -2.10507     0.00000     0.00000     0.00000
    -2.10290     0.00000     0.00000     0.00000
    -2.10072     0.00000     0.00000     0.00000
    -2.09854     0.00000     0.00000     0.00000
    -2.09637     0.00000     0.00000     0.00000
    -2.09419     0.00000     0.00000     0.00000
    -2.09201     0.00000     0.00000     0.00000
    -2.08983     0.00000     0.00000     0.00000
    -2.08766     0.00000     0.00000     0.00000
    -2.08548     0.00000     0.00000     0.00000
    -2.08330     0.00000     0.00000     0.00000
    -2.08113     0.00000     0.00000     0.00000
    -2.07895     0.00000     0.00000     0.00000
    -2.07677     0.00000     0.00000     0.00000
    -2.07460     0.00000     0.00000     0.00000
    -2.07242     0.00000     0.00000     0.00000
    -2.07024     0.00000     0.00000     0.00000
    -2.06807     0.00000     0.00000     0.00000
    -2.06589     0.00000     0.00000     0.00000
    -2.06371     0.00000     0.00000     0.00000
    -2.06153     0.00000     0.00000     0.00000
    -2.05936     0.00000     0.00000     0.00000
    -2.05718     0.00000     0.00000     0.00000
    -2.05500     0.00000     0.00000     0.00000
    -2.05283     0.00000     0.00000     0.00000
    -2.05065     0.00000     0.00000     0.00000
    -2.04847     0.00000     0.00000     0.00000
    -2.04630     0.00000     0.00000     0.00000
    -2.04412     0.00000     0.00000     0.00000
    -2.04194     0.00000     0.00000     0.00000
    -2.03977     0.00000     0.00000     0.00000
    -2.03759     0.00000     0.00000     0.00000
    -2.03541     0.00000     0.00000     0.00000
    -2.03323     0.00000     0.00000     0.00000
    -2.03106     0.00000     0.00000     0.00000
    -2.02888     0.00000     0.00000     0.00000
    -2.02670     0.00000     0.00000     0.00000
    -2.02453     0.00000     0.00000     0.00000
    -2.02235     0.00000     0.00000     0.00000
    -2.02017     0.00000     0.00000     0.00000
    -2.01800     0.00000     0.00000     0.00000
    -2.01582     0.00000     0.00000     0.00000
    -2.01364     0.00000     0.00000     0.00000
    -2.01147     0.00000     0.00000     0.00000
    -2.00929     0.00000     0.00000     0.00000
    -2.00711     0.00000     0.00000     0.00000
    -2.00493     0.00000     0.00000     0.00000
    -2.00276     0.00000     0.00000     0.00000
    -2.00058     0.00000     0.00000     0.00000
    -1.99840     0.00000     0.00000     0.00000
    -1.99623     0.00000     0.00000     0.00000
    -1.99405     0.00000     0.00000     0.00000
    -1.99187     0.00000     0.00000     0.00000
    -1.98970     0.00000     0.00000     0.00000
    -1.98752     0.00000     0.00000     0.00000
    -1.98534     0.00000     0.00000     0.00000
    -1.98317     0.00000     0.00000     0.00000
    -1.98099     0.00000     0.00000     0.00000
    -1.97881     0.00000     0.00000     0.00000
    -1.97664     0.00000     0.00000     0.00000
    -1.97446     0.00000     0.00000     0.00000
    -1.97228     0.00000     0.00000     0.00000
    -1.97010     0.00000     0.00000     0.00000
    -1.96793     0.00000     0.00000     0.00000
    -1.96575     0.00000     0.00000     0.00000
    -1.96357     0.00000     0.00000     0.00000
    -1.96140     0.00000     0.00000     0.00000
    -1.95922     0.00000     0.00000     0.00000
    -1.95704     0.00000     0.00000     0.00000
    -1.95487     0.00000     0.00000     0.00000
    -1.95269     0.00000     0.00000     0.00000
    -1.95051     0.00000     0.00000     0.00000
    -1.94834     0.00000     0.00000     0.00000
    -1.94616     0.00000     0.00000     0.00000
    -1.94398     0.00000     0.00000     0.00000
    -1.94180     0.00000     0.00000     0.00000
    -1.93963     0.00000     0.00000     0.00000
    -1.93745     0.00000     0.00000     0.00000
    -1.93527     0.00000     0.00000     0.00000
    -1.93310     0.00000     0.00000     0.00000
    -1.93092     0.00000     0.00000     0.00000
    -1.92874     0.00000     0.00000     0.00000
    -1.92657     0.00000     0.00000     0.00000
    -1.92439     0.00000     0.00000     0.00000
    -1.92221     0.00000     0.00000     0.00000
    -1.92004     0.00000     0.00000     0.00000
    -1.91786     0.00000     0.00000     0.00000
    -1.91568     0.00000     0.00000     0.00000
    -1.91350     0.00000     0.00000     0.00000
    -1.91133     0.00000     0.00000     0.00000
    -1.90915     0.00000     0.00000     0.00000
    -1.90697     0.00000     0.00000     0.00000
    -1.90480     0.00000     0.00000     0.00000
    -1.90262     0.00000     0.00000     0.00000
    -1.90044     0.00000     0.00000     0.00000
    -1.89827     0.00000     0.00000     0.00000
    -1.89609     0.00000     0.00000     0.00000
    -1.89391     0.00000     0.00000     0.00000
    -1.89174     0.00000     0.00000     0.00000
    -1.88956     0.00000     0.00000     0.00000
    -1.88738     0.00000     0.00000     0.00000
    -1.88520     0.00000     0.00000     0.00000
    -1.88303     0.00000     0.00000     0.00000
    -1.88085     0.00000     0.00000     0.00000
    -1.87867     0.00000     0.00000     0.00000
    -1.87650     0.00000     0.00000     0.00000
    -1.87432     0.00000     0.00000     0.00000
    -1.87214     0.00000     0.00000     0.00000
    -1.86997     0.00000     0.00000     0.00000
    -1.86779     0.00000     0.00000     0.00000
    -1.86561     0.00000     0.00000     0.00000
    -1.86344     0.00000     0.00000     0.00000
    -1.86126     0.00000     0.00000     0.00000
    -1.85908     0.00000     0.00000     0.00000
    -1.85690     0.00000     0.00000     0.00000
    -1.85473     0.00000     0.00000     0.00000
    -1.85255     0.00000     0.00000     0.00000
    -1.85037     0.00000     0.00000     0.00000
    -1.84820     0.00000     0.00000     0.00000
    -1.84602     0.00000     0.00000     0.00000
    -1.84384     0.00000     0.00000     0.00000
    -1.84167     0.00000     0.00000     0.00000
    -1.83949     0.00000     0.00000     0.00000
    -1.83731     0.00000     0.00000     0.00000
    -1.83514     0.00000     0.00000     0.00000
    -1.83296     0.00000     0.00000     0.00000
    -1.83078     0.00000     0.00000     0.00000
    -1.82861     0.00000     0.00000     0.00000
    -1.82643     0.00000     0.00000     0.00000
    -1.82425     0.00000     0.00000     0.00000
    -1.82207     0.00000     0.00000     0.00000
    -1.81990     0.00000     0.00000     0.00000
    -1.81772     0.00000     0.00000     0.00000
    -1.81554     0.00000     0.00000     0.00000
    -1.81337     0.00000     0.00000     0.00000
    -1.81119     0.00000     0.00000     0.00000
    -1.80901     0.00000     0.00000     0.00000
    -1.80684     0.00000     0.00000     0.00000
    -1.80466     0.00000     0.00000     0.00000
    -1.80248     0.00000     0.00000     0.00000
    -1.80031     0.00000     0.00000     0.00000
    -1.79813     0.00000     0.00000     0.00000
    -1.79595     0.00000     0.00000     0.00000
    -1.79377     0.00000     0.00000     0.00000
    -1.79160     0.00000     0.00000     0.00000
    -1.78942     0.00000     0.00000     0.00000
    -1.78724     0.00000     0.00000     0.00000
    -1.78507     0.00000     0.00000     0.00000
    -1.78289     0.00000     0.00000     0.00000
    -1.78071     0.00000     0.00000     0.00000
    -1.77854     0.00000     0.00000     0.00000
    -1.77636     0.00000     0.00000     0.00000
    -1.77418     0.00000     0.00000     0.00000
    -1.77201     0.00000     0.00000     0.00000
    -1.76983     0.00000     0.00000     0.00000
    -1.76765     0.00000     0.00000     0.00000
    -1.76547     0.00000     0.00000     0.00000
    -1.76330     0.00000     0.00000     0.00000
    -1.76112     0.00000     0.00000     0.00000
    -1.75894     0.00000     0.00000     0.00000
    -1.75677     0.00000     0.00000     0.00000
    -1.75459     0.00000     0.00000     0.00000
    -1.75241     0.00000     0.00000     0.00000
    -1.75024     0.00000     0.00000     0.00000
    -1.74806     0.00000     0.00000     0.00000
    -1.74588     0.00000     0.00000     0.00000
    -1.74371     0.00000     0.00000     0.00000
    -1.74153     0.00000     0.00000     0.00000
    -1.73935     0.00000     0.00000     0.00000
    -1.73717     0.00000     0.00000     0.00000
    -1.73500     0.00000     0.00000     0.00000
    -1.73282     0.00000     0.00000     0.00000
    -1.73064     0.00000     0.00000     0.00000
    -1.72847     0.00000     0.00000     0.00000
    -1.72629     0.00000     0.00000     0.00000
    -1.72411     0.00000     0.00000     0.00000
    -1.72194     0.00000     0.00000     0.00000
    -1.71976     0.00000     0.00000     0.00000
    -1.71758     0.00000     0.00000     0.00000
    -1.71541     0.00000     0.00000     0.00000
    -1.71323     0.00000     0.00000     0.00000
    -1.71105     0.00000     0.00000     0.00000
    -1.70888     0.00000     0.00000     0.00000
    -1.70670     0.00000     0.00000     0.00000
    -1.70452     0.00000     0.00000     0.00000
    -1.70234     0.00000     0.00000     0.00000
    -1.70017     0.00000     0.00000     0.00000
    -1.69799     0.00000     0.00000     0.00000
    -1.69581     0.00000     0.00000     0.00000
    -1.69364     0.00000     0.00000     0.00000
    -1.69146     0.00000     0.00000     0.00000
    -1.68928     0.00000     0.00000     0.00000
    -1.68711     0.00000     0.00000     0.00000
    -1.68493     0.00000     0.00000     0.00000
    -1.68275     0.00000     0.00000     0.00000
    -1.68058     0.00000     0.00000     0.00000
    -1.67840     0.00000     0.00000     0.00000
    -1.67622     0.00000     0.00000     0.00000
    -1.67404     0.00000     0.00000     0.00000
    -1.67187     0.00000     0.00000     0.00000
    -1.66969     0.00000     0.00000     0.00000
    -1.66751     0.00000     0.00000     0.00000
    -1.66534     0.00000     0.00000     0.00000
    -1.66316     0.00000     0.00000     0.00000
    -1.66098     0.00000     0.00000     0.00000
    -1.65881     0.00000     0.00000     0.00000
    -1.65663     0.00000     0.00000     0.00000
    -1.65445     0.00000     0.00000     0.00000
    -1.65228     0.00000     0.00000     0.00000
    -1.65010     0.00000     0.00000     0.00000
    -1.64792     0.00000     0.00000     0.00000
    -1.64574     0.00000     0.00000     0.00000
    -1.64357     0.00000     0.00000     0.00000
    -1.64139     0.00000     0.00000     0.00000
    -1.63921     0.00000     0.00000     0.00000
    -1.63704     0.00000     0.00000     0.00000
    -1.63486     0.00000     0.00000     0.00000
    -1.63268     0.00000     0.00000     0.00000
    -1.63051     0.00000     0.00000     0.00000
    -1.62833     0.00000     0.00000     0.00000
    -1.62615     0.00000     0.00000     0.00000
    -1.62398     0.00000     0.00000     0.00000
    -1.62180     0.00000     0.00000     0.00000
    -1.61962     0.00000     0.00000     0.00000
    -1.61744     0.00000     0.00000     0.00000
    -1.61527     0.00000     0.00000     0.00000
    -1.61309     0.00000     0.00000     0.00000
    -1.61091     0.00000     0.00000     0.00000
    -1.60874     0.00000     0.00000     0.00000
    -1.60656     0.00000     0.00000     0.00000
    -1.60438     0.00000     0.00000     0.00000
    -1.60221     0.00000     0.00000     0.00000
    -1.60003     0.00000     0.00000     0.00000
    -1.59785     0.00000     0.00000     0.00000
    -1.59568     0.00000     0.00000     0.00000
    -1.59350     0.00000     0.00000     0.00000
    -1.59132     0.00000     0.00000     0.00000
    -1.58914     0.00000     0.00000     0.00000
    -1.58697     0.00000     0.00000     0.00000
    -1.58479     0.00000     0.00000     0.00000
    -1.58261     0.00000     0.00000     0.00000
    -1.58044     0.00000     0.00000     0.00000
    -1.57826     0.00000     0.00000     0.00000
    -1.57608     0.00000     0.00000     0.00000
    -1.57391     0.00000     0.00000     0.00000
    -1.57173     0.00000     0.00000     0.00000
    -1.56955     0.00000     0.00000     0.00000
    -1.56738     0.00000     0.00000     0.00000
    -1.56520     0.00000     0.00000     0.00000
    -1.56302     0.00000     0.00000     0.00000
    -1.56085     0.00000     0.00000     0.00000
    -1.55867     0.00000     0.00000     0.00000
    -1.55649     0.00000     0.00000     0.00000
    -1.55431     0.00000     0.00000     0.00000
    -1.55214     0.00000     0.00000     0.00000
    -1.54996     0.00000     0.00000     0.00000
    -1.54778     0.00000     0.00000     0.00000
    -1.54561     0.00000     0.00000     0.00000
    -1.54343     0.00000     0.00000     0.00000
    -1.54125     0.00000     0.00000     0.00000
    -1.53908     0.00000     0.00000     0.00000
    -1.53690     0.00000     0.00000     0.00000
    -1.53472     0.00000     0.00000     0.00000
    -1.53255     0.00000     0.00000     0.00000
    -1.53037     0.00000     0.00000     0.00000
    -1.52819     0.00000     0.00000     0.00000
    -1.52601     0.00000     0.00000     0.00000
    -1.52384     0.00000     0.00000     0.00000
    -1.52166     0.00000     0.00000     0.00000
    -1.51948     0.00000     0.00000     0.00000
    -1.51731     0.00000     0.00000     0.00000
    -1.51513     0.00000     0.00000     0.00000
    -1.51295     0.00000     0.00000     0.00000
    -1.51078     0.00000     0.00000     0.00000
    -1.50860     0.00000     0.00000     0.00000
    -1.50642     0.00000     0.00000     0.00000
    -1.50425     0.00000     0.00000     0.00000
    -1.50207     0.00000     0.00000     0.00000
    -1.49989     0.00000     0.00000     0.00000
    -1.49771     0.00000     0.00000     0.00000
    -1.49554     0.00000     0.00000     0.00000
    -1.49336     0.00000     0.00000     0.00000
    -1.49118     0.00000     0.00000     0.00000
    -1.48901     0.00000     0.00000     0.00000
    -1.48683     0.00000     0.00000     0.00000
    -1.48465     0.00000     0.00000     0.00000
    -1.48248     0.00000     0.00000     0.00000
    -1.48030     0.00000     0.00000     0.00000
    -1.47812     0.00000     0.00000     0.00000
    -1.47595     0.00000     0.00000     0.00000
    -1.47377     0.00000     0.00000     0.00000
    -1.47159     0.00000     0.00000     0.00000
    -1.46941     0.00000     0.00000     0.00000
    -1.46724     0.00000     0.00000     0.00000
    -1.46506     0.00000     0.00000     0.00000
    -1.46288     0.00000     0.00000     0.00000
    -1.46071     0.00000     0.00000     0.00000
    -1.45853     0.00000     0.00000     0.00000
    -1.45635     0.00000     0.00000     0.00000
    -1.45418     0.00000     0.00000     0.00000
    -1.45200     0.00000     0.00000     0.00000
    -1.44982     0.00000     0.00000     0.00000
    -1.44765     0.00000     0.00000     0.00000
    -1.44547     0.00000     0.00000     0.00000
    -1.44329     0.00000     0.00000     0.00000
    -1.44112     0.00000     0.00000     0.00000
    -1.43894     0.00000     0.00000     0.00000
    -1.43676     0.00000     0.00000     0.00000
    -1.43458     0.00000     0.00000     0.00000
    -1.43241     0.00000     0.00000     0.00000
    -1.43023     0.00000     0.00000     0.00000
    -1.42805     0.00000     0.00000     0.00000
    -1.42588     0.00000     0.00000     0.00000
    -1.42370     0.00000     0.00000     0.00000
    -1.42152     0.00000     0.00000     0.00000
    -1.41935     0.00000     0.00000     0.00000
    -1.41717     0.00000     0.00000     0.00000
    -1.41499     0.00000     0.00000     0.00000
    -1.41282     0.00000     0.00000     0.00000
    -1.41064     0.00000     0.00000     0.00000
    -1.40846     0.00000     0.00000     0.00000
    -1.40628     0.00000     0.00000     0.00000
    -1.40411     0.00000     0.00000     0.00000
    -1.40193     0.00000     0.00000     0.00000
    -1.39975     0.00000     0.00000     0.00000
    -1.39758     0.00000     0.00000     0.00000
    -1.39540     0.00000     0.00000     0.00000
    -1.39322     0.00000     0.00000     0.00000
    -1.39105     0.00000     0.00000     0.00000
    -1.38887     0.00000     0.00000     0.00000
    -1.38669     0.00000     0.00000     0.00000
    -1.38452     0.00000     0.00000     0.00000
    -1.38234     0.00000     0.00000     0.00000
    -1.38016     0.00000     0.00000     0.00000
    -1.37798     0.00000     0.00000     0.00000
    -1.37581     0.00000     0.00000     0.00000
    -1.37363     0.00000     0.00000     0.00000
    -1.37145     0.00000     0.00000     0.00000
    -1.36928     0.00000     0.00000     0.00000
    -1.36710     0.00000     0.00000     0.00000
    -1.36492     0.00000     0.00000     0.00000
    -1.36275     0.00000     0.00000     0.00000
    -1.36057     0.00000     0.00000     0.00000
    -1.35839     0.00000     0.00000     0.00000
    -1.35622     0.00000     0.00000     0.00000
    -1.35404     0.00000     0.00000     0.00000
    -1.35186     0.00000     0.00000     0.00000
    -1.34968     0.00000     0.00000     0.00000
    -1.34751     0.00000     0.00000     0.00000
    -1.34533     0.00000     0.00000     0.00000
    -1.34315     0.00000     0.00000     0.00000
    -1.34098     0.00000     0.00000     0.00000
    -1.33880     0.00000     0.00000     0.00000
    -1.33662     0.00000     0.00000     0.00000
    -1.33445     0.00000     0.00000     0.00000
    -1.33227     0.00000     0.00000     0.00000
    -1.33009     0.00000     0.00000     0.00000
    -1.32792     0.00000     0.00000     0.00000
    -1.32574     0.00000     0.00000     0.00000
    -1.32356     0.00000     0.00000     0.00000
    -1.32138     0.00000     0.00000     0.00000
    -1.31921     0.00000     0.00000     0.00000
    -1.31703     0.00000     0.00000     0.00000
    -1.31485     0.00000     0.00000     0.00000
    -1.31268     0.00000     0.00000     0.00000
    -1.31050     0.00000     0.00000     0.00000
    -1.30832     0.00000     0.00000     0.00000
    -1.30615     0.00000     0.00000     0.00000
    -1.30397     0.00000     0.00000     0.00000
    -1.30179     0.00000     0.00000     0.00000
    -1.29962     0.00000     0.00000     0.00000
    -1.29744     0.00000     0.00000     0.00000
    -1.29526     0.00000     0.00000     0.00000
    -1.29309     0.00000     0.00000     0.00000
    -1.29091     0.00000     0.00000     0.00000
    -1.28873     0.00000     0.00000     0.00000
    -1.28655     0.00000     0.00000     0.00000
    -1.28438     0.00000     0.00000     0.00000
    -1.28220     0.00000     0.00000     0.00000
    -1.28002     0.00000     0.00000     0.00000
    -1.27785     0.00000     0.00000     0.00000
    -1.27567     0.00000     0.00000     0.00000
    -1.27349     0.00000     0.00000     0.00000
    -1.27132     0.00000     0.00000     0.00000
    -1.26914     0.00000     0.00000     0.00000
    -1.26696     0.00000     0.00000     0.00000
    -1.26479     0.00000     0.00000     0.00000
    -1.26261     0.00000     0.00000     0.00000
    -1.26043     0.00000     0.00000     0.00000
    -1.25825     0.00000     0.00000     0.00000
    -1.25608     0.00000     0.00000     0.00000
    -1.25390     0.00000     0.00000     0.00000
    -1.25172     0.00000     0.00000     0.00000
    -1.24955     0.00000     0.00000     0.00000
    -1.24737     0.00000     0.00000     0.00000
    -1.24519     0.00000     0.00000     0.00000
    -1.24302     0.00000     0.00000     0.00000
    -1.24084     0.00000     0.00000     0.00000
    -1.23866     0.00000     0.00000     0.00000
    -1.23649     0.00000     0.00000     0.00000
    -1.23431     0.00000     0.00000     0.00000
    -1.23213     0.00000     0.00000     0.00000
    -1.22995     0.00000     0.00000     0.00000
    -1.22778     0.00000     0.00000     0.00000
    -1.22560     0.00000     0.00000     0.00000
    -1.22342     0.00000     0.00000     0.00000
    -1.22125     0.00000     0.00000     0.00000
    -1.21907     0.00000     0.00000     0.00000
    -1.21689     0.00000     0.00000     0.00000
    -1.21472     0.00000     0.00000     0.00000
    -1.21254     0.00000     0.00000     0.00000
    -1.21036     0.00000     0.00000     0.00000
    -1.20819     0.00000     0.00000     0.00000
    -1.20601     0.00000     0.00000     0.00000
    -1.20383     0.00000     0.00000     0.00000
    -1.20165     0.00000     0.00000     0.00000
    -1.19948     0.00000     0.00000     0.00000
    -1.19730     0.00000     0.00000     0.00000
    -1.19512     0.00000     0.00000     0.00000
    -1.19295     0.00000     0.00000     0.00000
    -1.19077     0.00000     0.00000     0.00000
    -1.18859     0.00000     0.00000     0.00000
    -1.18642     0.00000     0.00000     0.00000
    -1.18424     0.00000     0.00000     0.00000
    -1.18206     0.00000     0.00000     0.00000
    -1.17989     0.00000     0.00000     0.00000
    -1.17771     0.00000     0.00000     0.00000
    -1.17553     0.00000     0.00000     0.00000
    -1.17335     0.00000     0.00000     0.00000
    -1.17118     0.00000     0.00000     0.00000
    -1.16900     0.00000     0.00000     0.00000
    -1.16682     0.00000     0.00000     0.00000
    -1.16465     0.00000     0.00000     0.00000
    -1.16247     0.00000     0.00000     0.00000
    -1.16029     0.00000     0.00000     0.00000
    -1.15812     0.00000     0.00000     0.00000
    -1.15594     0.00000     0.00000     0.00000
    -1.15376     0.00000     0.00000     0.00000
    -1.15159     0.00000     0.00000     0.00000
    -1.14941     0.00000     0.00000     0.00000
    -1.14723     0.00000     0.00000     0.00000
    -1.14506     0.00000     0.00000     0.00000
    -1.14288     0.00000     0.00000     0.00000
    -1.14070     0.00000     0.00000     0.00000
    -1.13852     0.00000     0.00000     0.00000
    -1.13635     0.00000     0.00000     0.00000
    -1.13417     0.00000     0.00000     0.00000
    -1.13199     0.00000     0.00000     0.00000
    -1.12982     0.00000     0.00000     0.00000
    -1.12764     0.00000     0.00000     0.00000
    -1.12546     0.00000     0.00000     0.00000
    -1.12329     0.00000     0.00000     0.00000
    -1.12111     0.00000     0.00000     0.00000
    -1.11893     0.00000     0.00000     0.00000
    -1.11676     0.00000     0.00000     0.00000
    -1.11458     0.00000     0.00000     0.00000
    -1.11240     0.00000     0.00000     0.00000
    -1.11022     0.00000     0.00000     0.00000
    -1.10805     0.00000     0.00000     0.00000
    -1.10587     0.00000     0.00000     0.00000
    -1.10369     0.00000     0.00000     0.00000
    -1.10152     0.00000     0.00000     0.00000
    -1.09934     0.00000     0.00000     0.00000
    -1.09716     0.00000     0.00000     0.00000
    -1.09499     0.00000     0.00000     0.00000
    -1.09281     0.00000     0.00000     0.00000
    -1.09063     0.00000     0.00000     0.00000
    -1.08846     0.00000     0.00000     0.00000
    -1.08628     0.00000     0.00000     0.00000
    -1.08410     0.00000     0.00000     0.00000
    -1.08192     0.00000     0.00000     0.00000
    -1.07975     0.00000     0.00000     0.00000
    -1.07757     0.00000     0.00000     0.00000
    -1.07539     0.00000     0.00000     0.00000
    -1.07322     0.00000     0.00000     0.00000
    -1.07104     0.00000     0.00000     0.00000
    -1.06886     0.00000     0.00000     0.00000
    -1.06669     0.00000     0.00000     0.00000
    -1.06451     0.00000     0.00000     0.00000
    -1.06233     0.00000     0.00000     0.00000
    -1.06016     0.00000     0.00000     0.00000
    -1.05798     0.00000     0.00000     0.00000
    -1.05580     0.00000     0.00000     0.00000
    -1.05362     0.00000     0.00000     0.00000
    -1.05145     0.00000     0.00000     0.00000
    -1.04927     0.00000     0.00000     0.00000
    -1.04709     0.00000     0.00000     0.00000
    -1.04492     0.00000     0.00000     0.00000
    -1.04274     0.00000     0.00000     0.00000
    -1.04056     0.00000     0.00000     0.00000
    -1.03839     0.00000     0.00000     0.00000
    -1.03621     0.00000     0.00000     0.00000
    -1.03403     0.00000     0.00000     0.00000
    -1.03186     0.00000     0.00000     0.00000
    -1.02968     0.00000     0.00000     0.00000
    -1.02750     0.00000     0.00000     0.00000
    -1.02533     0.00000     0.00000     0.00000
    -1.02315     0.00000     0.00000     0.00000
    -1.02097     0.00000     0.00000     0.00000
    -1.01879     0.00000     0.00000     0.00000
    -1.01662     0.00000     0.00000     0.00000
    -1.01444     0.00000     0.00000     0.00000
    -1.01226     0.00000     0.00000     0.00000
    -1.01009     0.00000     0.00000     0.00000
    -1.00791     0.00000     0.00000     0.00000
    -1.00573     0.00000     0.00000     0.00000
    -1.00356     0.00000     0.00000     0.00000
    -1.00138     0.00000     0.00000     0.00000
    -0.99920     0.00000     0.00000     0.00000
    -0.99703     0.00000     0.00000     0.00000
    -0.99485     0.00000     0.00000     0.00000
    -0.99267     0.00000     0.00000     0.00000
    -0.99049     0.00000     0.00000     0.00000
    -0.98832     0.00000     0.00000     0.00000
    -0.98614     0.00000     0.00000     0.00000
    -0.98396     0.00000     0.00000     0.00000
    -0.98179     0.00000     0.00000     0.00000
    -0.97961     0.00000     0.00000     0.00000
    -0.97743     0.00000     0.00000     0.00000
    -0.97526     0.00000     0.00000     0.00000
    -0.97308     0.00000     0.00000     0.00000
    -0.97090     0.00000     0.00000     0.00000
    -0.96873     0.00000     0.00000     0.00000
    -0.96655     0.00000     0.00000     0.00000
    -0.96437     0.00000     0.00000     0.00000
    -0.96219     0.00000     0.00000     0.00000
    -0.96002     0.00000     0.00000     0.00000
    -0.95784     0.00000     0.00000     0.00000
    -0.95566     0.00000     0.00000     0.00000
    -0.95349     0.00000     0.00000     0.00000
    -0.95131     0.00000     0.00000     0.00000
    -0.94913     0.00000     0.00000     0.00000
    -0.94696     0.00000     0.00000     0.00000
    -0.94478     0.00000     0.00000     0.00000
    -0.94260     0.00000     0.00000     0.00000
    -0.94043     0.00000     0.00000     0.00000
    -0.93825     0.00000     0.00000     0.00000
    -0.93607     0.00000     0.00000     0.00000
    -0.93389     0.00000     0.00000     0.00000
    -0.93172     0.00000     0.00000     0.00000
    -0.92954     0.00000     0.00000     0.00000
    -0.92736     0.00000     0.00000     0.00000
    -0.92519     0.00000     0.00000     0.00000
    -0.92301     0.00000     0.00000     0.00000
    -0.92083     0.00000     0.00000     0.00000
    -0.91866     0.00000     0.00000     0.00000
    -0.91648     0.00000     0.00000     0.00000
    -0.91430     0.00000     0.00000     0.00000
    -0.91213     0.00000     0.00000     0.00000
    -0.90995     0.00000     0.00000     0.00000
    -0.90777     0.00000     0.00000     0.00000
    -0.90559     0.00000     0.00000     0.00000
    -0.90342     0.00000     0.00000     0.00000
    -0.90124     0.00000     0.00000     0.00000
    -0.89906     0.00000     0.00000     0.00000
    -0.89689     0.00000     0.00000     0.00000
    -0.89471     0.00000     0.00000     0.00000
    -0.89253     0.00000     0.00000     0.00000
    -0.89036     0.00000     0.00000     0.00000
    -0.88818     0.00000     0.00000     0.00000
    -0.88600     0.00000     0.00000     0.00000
    -0.88383     0.00000     0.00000     0.00000
    -0.88165     0.00000     0.00000     0.00000
    -0.87947     0.00000     0.00000     0.00000
    -0.87730     0.00000     0.00000     0.00000
    -0.87512     0.00000     0.00000     0.00000
    -0.87294     0.00000     0.00000     0.00000
    -0.87076     0.00000     0.00000     0.00000
    -0.86859     0.00000     0.00000     0.00000
    -0.86641     0.00000     0.00000     0.00000
    -0.86423     0.00000     0.00000     0.00000
    -0.86206     0.00000     0.00000     0.00000
    -0.85988     0.00000     0.00000     0.00000
    -0.85770     0.00000     0.00000     0.00000
    -0.85553     0.00000     0.00000     0.00000
    -0.85335     0.00000     0.00000     0.00000
    -0.85117     0.00000     0.00000     0.00000
    -0.84900     0.00000     0.00000     0.00000
    -0.84682     0.00000     0.00000     0.00000
    -0.84464     0.00000     0.00000     0.00000
    -0.84246     0.00000     0.00000     0.00000
    -0.84029     0.00000     0.00000     0.00000
    -0.83811     0.00000     0.00000     0.00000
    -0.83593     0.00000     0.00000     0.00000
    -0.83376     0.00000     0.00000     0.00000
    -0.83158     0.00000     0.00000     0.00000
    -0.82940     0.00000     0.00000     0.00000
    -0.82723     0.00000     0.00000     0.00000
    -0.82505     0.00000     0.00000     0.00000
    -0.82287     0.00000     0.00000     0.00000
    -0.82070     0.00000     0.00000     0.00000
    -0.81852     0.00000     0.00000     0.00000
    -0.81634     0.00000     0.00000     0.00000
    -0.81416     0.00000     0.00000     0.00000
    -0.81199     0.00000     0.00000     0.00000
    -0.80981     0.00000     0.00000     0.00000
    -0.80763     0.00000     0.00000     0.00000
    -0.80546     0.00000     0.00000     0.00000
    -0.80328     0.00000     0.00000     0.00000
    -0.80110     0.00000     0.00000     0.00000
    -0.79893     0.00000     0.00000     0.00000
    -0.79675     0.00000     0.00000     0.00000
    -0.79457     0.00000     0.00000     0.00000
    -0.79240     0.00000     0.00000     0.00000
    -0.79022     0.00000     0.00000     0.00000
    -0.78804     0.00000     0.00000     0.00000
    -0.78586     0.00000     0.00000     0.00000
    -0.78369     0.00000     0.00000     0.00000
    -0.78151     0.00000     0.00000     0.00000
    -0.77933     0.00000     0.00000     0.00000
    -0.77716     0.00000     0.00000     0.00000
    -0.77498     0.00000     0.00000     0.00000
    -0.77280     0.00000     0.00000     0.00000
    -0.77063     0.00000     0.00000     0.00000
    -0.76845     0.00000     0.00000     0.00000
    -0.76627     0.00000     0.00000     0.00000
    -0.76410     0.00000     0.00000     0.00000
    -0.76192     0.00000     0.00000     0.00000
    -0.75974     0.00000     0.00000     0.00000
    -0.75756     0.00000     0.00000     0.00000
    -0.75539     0.00000     0.00000     0.00000
    -0.75321     0.00000     0.00000     0.00000
    -0.75103     0.00000     0.00000     0.00000
    -0.74886     0.00000     0.00000     0.00000
    -0.74668     0.00000     0.00000     0.00000
    -0.74450     0.00000     0.00000     0.00000
    -0.74233     0.00000     0.00000     0.00000
    -0.74015     0.00000     0.00000     0.00000
    -0.73797     0.00000     0.00000     0.00000
    -0.73580     0.00000     0.00000     0.00000
    -0.73362     0.00000     0.00000     0.00000
    -0.73144     0.00000     0.00000     0.00000
    -0.72927     0.00000     0.00000     0.00000
    -0.72709     0.00000     0.00000     0.00000
    -0.72491     0.00000     0.00000     0.00000
    -0.72273     0.00000     0.00000     0.00000
    -0.72056     0.00000     0.00000     0.00000
    -0.71838     0.00000     0.00000     0.00000
    -0.71620     0.00000     0.00000     0.00000
    -0.71403     0.00000     0.00000     0.00000
    -0.71185     0.00000     0.00000     0.00000
    -0.70967     0.00000     0.00000     0.00000
    -0.70750     0.00000     0.00000     0.00000
    -0.70532     0.00000     0.00000     0.00000
    -0.70314     0.00000     0.00000     0.00000
    -0.70097     0.00000     0.00000     0.00000
    -0.69879     0.00000     0.00000     0.00000
    -0.69661     0.00000     0.00000     0.00000
    -0.69443     0.00000     0.00000     0.00000
    -0.69226     0.00000     0.00000     0.00000
    -0.69008     0.00000     0.00000     0.00000
    -0.68790     0.00000     0.00000     0.00000
    -0.68573     0.00000     0.00000     0.00000
    -0.68355     0.00000     0.00000     0.00000
    -0.68137     0.00000     0.00000     0.00000
    -0.67920     0.00000     0.00000     0.00000
    -0.67702     0.00000     0.00000     0.00000
    -0.67484     0.00000     0.00000     0.00000
    -0.67267     0.00000     0.00000     0.00000
    -0.67049     0.00000     0.00000     0.00000
    -0.66831     0.00000     0.00000     0.00000
    -0.66613     0.00000     0.00000     0.00000
    -0.66396     0.00000     0.00000     0.00000
    -0.66178     0.00000     0.00000     0.00000
    -0.65960     0.00000     0.00000     0.00000
    -0.65743     0.00000     0.00000     0.00000
    -0.65525     0.00000     0.00000     0.00000
    -0.65307     0.00000     0.00000     0.00000
    -0.65090     0.00000     0.00000     0.00000
    -0.64872     0.00000     0.00000     0.00000
    -0.64654     0.00000     0.00000     0.00000
    -0.64437     0.00000     0.00000     0.00000
    -0.64219     0.00000     0.00000     0.00000
    -0.64001     0.00000     0.00000     0.00000
    -0.63783     0.00000     0.00000     0.00000
    -0.63566     0.00000     0.00000     0.00000
    -0.63348     0.00000     0.00000     0.00000
    -0.63130     0.00000     0.00000     0.00000
    -0.62913     0.00000     0.00000     0.00000
    -0.62695     0.00000     0.00000     0.00000
    -0.62477     0.00000     0.00000     0.00000
    -0.62260     0.00000     0.00000     0.00000
    -0.62042     0.00000     0.00000     0.00000
    -0.61824     0.00000     0.00000     0.00000
    -0.61607     0.00000     0.00000     0.00000
    -0.61389     0.00000     0.00000     0.00000
    -0.61171     0.00000     0.00000     0.00000
    -0.60954     0.00000     0.00000     0.00000
    -0.60736     0.00000     0.00000     0.00000
    -0.60518     0.00000     0.00000     0.00000
    -0.60300     0.00000     0.00000     0.00000
    -0.60083     0.00000     0.00000     0.00000
    -0.59865     0.00000     0.00000     0.00000
    -0.59647     0.00000     0.00000     0.00000
    -0.59430     0.00000     0.00000     0.00000
    -0.59212     0.00000     0.00000     0.00000
    -0.58994     0.00000     0.00000     0.00000
    -0.58777     0.00000     0.00000     0.00000
    -0.58559     0.00000     0.00000     0.00000
    -0.58341     0.00000     0.00000     0.00000
    -0.58124     0.00000     0.00000     0.00000
    -0.57906     0.00000     0.00000     0.00000
    -0.57688     0.00000     0.00000     0.00000
    -0.57470     0.00000     0.00000     0.00000
    -0.57253     0.00000     0.00000     0.00000
    -0.57035     0.00000     0.00000     0.00000
    -0.56817     0.00000     0.00000     0.00000
    -0.56600     0.00000     0.00000     0.00000
    -0.56382     0.00000     0.00000     0.00000
    -0.56164     0.00000     0.00000     0.00000
    -0.55947     0.00000     0.00000     0.00000
    -0.55729     0.00000     0.00000     0.00000
    -0.55511     0.00000     0.00000     0.00000
    -0.55294     0.00000     0.00000     0.00000
    -0.55076     0.00000     0.00000     0.00000
    -0.54858     0.00000     0.00000     0.00000
    -0.54640     0.00000     0.00000     0.00000
    -0.54423     0.00000     0.00000     0.00000
    -0.54205     0.00000     0.00000     0.00000
    -0.53987     0.00000     0.00000     0.00000
    -0.53770     0.00000     0.00000     0.00000
    -0.53552     0.00000     0.00000     0.00000
    -0.53334     0.00000     0.00000     0.00000
    -0.53117     0.00000     0.00000     0.00000
    -0.52899     0.00000     0.00000     0.00000
    -0.52681     0.00000     0.00000     0.00000
    -0.52464     0.00000     0.00000     0.00000
    -0.52246     0.00000     0.00000     0.00000
    -0.52028     0.00000     0.00000     0.00000
    -0.51810     0.00000     0.00000     0.00000
    -0.51593     0.00000     0.00000     0.00000
    -0.51375     0.00000     0.00000     0.00000
    -0.51157     0.00000     0.00000     0.00000
    -0.50940     0.00000     0.00000     0.00000
    -0.50722     0.00000     0.00000     0.00000
    -0.50504     0.00000     0.00000     0.00000
    -0.50287     0.00000     0.00000     0.00000
    -0.50069     0.00000     0.00000     0.00000
    -0.49851     0.00000     0.00000     0.00000
    -0.49634     0.00000     0.00000     0.00000
    -0.49416     0.00000     0.00000     0.00000
    -0.49198     0.00000     0.00000     0.00000
    -0.48980     0.00000     0.00000     0.00000
    -0.48763     0.00000     0.00000     0.00000
    -0.48545     0.00000     0.00000     0.00000
    -0.48327     0.00000     0.00000     0.00000
    -0.48110     0.00000     0.00000     0.00000
    -0.47892     0.00000     0.00000     0.00000
    -0.47674     0.00000     0.00000     0.00000
    -0.47457     0.00000     0.00000     0.00000
    -0.47239     0.00000     0.00000     0.00000
    -0.47021     0.00000     0.00000     0.00000
    -0.46804     0.00000     0.00000     0.00000
    -0.46586     0.00000     0.00000     0.00000
    -0.46368     0.00000     0.00000     0.00000
    -0.46151     0.00000     0.00000     0.00000
    -0.45933     0.00000     0.00000     0.00000
    -0.45715     0.00000     0.00000     0.00000
    -0.45497     0.00000     0.00000     0.00000
    -0.45280     0.00000     0.00000     0.00000
    -0.45062     0.00000     0.00000     0.00000
    -0.44844     0.00000     0.00000     0.00000
    -0.44627     0.00000     0.00000     0.00000
    -0.44409     0.00000     0.00000     0.00000
    -0.44191     0.00000     0.00000     0.00000
    -0.43974     0.00000     0.00000     0.00000
    -0.43756     0.00000     0.00000     0.00000
    -0.43538     0.00000     0.00000     0.00000
    -0.43321     0.00000     0.00000     0.00000
    -0.43103     0.00000     0.00000     0.00000
    -0.42885     0.00000     0.00000     0.00000
    -0.42667     0.00000     0.00000     0.00000
    -0.42450     0.00000     0.00000     0.00000
    -0.42232     0.00000     0.00000     0.00000
    -0.42014     0.00000     0.00000     0.00000
    -0.41797     0.00000     0.00000     0.00000
    -0.41579     0.00000     0.00000     0.00000
    -0.41361     0.00000     0.00000     0.00000
    -0.41144     0.00000     0.00000     0.00000
    -0.40926     0.00000     0.00000     0.00000
    -0.40708     0.00000     0.00000     0.00000
    -0.40491     0.00000     0.00000     0.00000
    -0.40273     0.00000     0.00000     0.00000
    -0.40055     0.00000     0.00000     0.00000
    -0.39837     0.00000     0.00000     0.00000
    -0.39620     0.00000     0.00000     0.00000
    -0.39402     0.00000     0.00000     0.00000
    -0.39184     0.00000     0.00000     0.00000
    -0.38967     0.00000     0.00000     0.00000
    -0.38749     0.00000     0.00000     0.00000
    -0.38531     0.00000     0.00000     0.00000
    -0.38314     0.00000     0.00000     0.00000
    -0.38096     0.00000     0.00000     0.00000
    -0.37878     0.00000     0.00000     0.00000
    -0.37661     0.00000     0.00000     0.00000
    -0.37443     0.00000     0.00000     0.00000
    -0.37225     0.00000     0.00000     0.00000
    -0.37007     0.00000     0.00000     0.00000
    -0.36790     0.00000     0.00000     0.00000
    -0.36572     0.00000     0.00000     0.00000
    -0.36354     0.00000     0.00000     0.00000
    -0.36137     0.00000     0.00000     0.00000
    -0.35919     0.00000     0.00000     0.00000
    -0.35701     0.00000     0.00000     0.00000
    -0.35484     0.00000     0.00000     0.00000
    -0.35266     0.00000     0.00000     0.00000
    -0.35048     0.00000     0.00000     0.00000
    -0.34831     0.00000     0.00000     0.00000
    -0.34613     0.00000     0.00000     0.00000
    -0.34395     0.00000     0.00000     0.00000
    -0.34178     0.00000     0.00000     0.00000
    -0.33960     0.00000     0.00000     0.00000
    -0.33742     0.00000     0.00000     0.00000
    -0.33524     0.00000     0.00000     0.00000
    -0.33307     0.00000     0.00000     0.00000
    -0.33089     0.00000     0.00000     0.00000
    -0.32871     0.00000     0.00000     0.00000
    -0.32654     0.00000     0.00000     0.00000
    -0.32436     0.00000     0.00000     0.00000
    -0.32218     0.00000     0.00000     0.00000
    -0.32001     0.00000     0.00000     0.00000
    -0.31783     0.00000     0.00000     0.00000
    -0.31565     0.00000     0.00000     0.00000
    -0.31348     0.00000     0.00000     0.00000
    -0.31130     0.00000     0.00000     0.00000
    -0.30912     0.00000     0.00000     0.00000
    -0.30694     0.00000     0.00000     0.00000
    -0.30477     0.00000     0.00000     0.00000
    -0.30259     0.00000     0.00000     0.00000
    -0.30041     0.00000     0.00000     0.00000
    -0.29824     0.00000     0.00000     0.00000
    -0.29606     0.00000     0.00000     0.00000
    -0.29388     0.00000     0.00000     0.00000
    -0.29171     0.00000     0.00000     0.00000
    -0.28953     0.00000     0.00000     0.00000
    -0.28735     0.00000     0.00000     0.00000
    -0.28518     0.00000     0.00000     0.00000
    -0.28300     0.00000     0.00000     0.00000
    -0.28082     0.00000     0.00000     0.00000
    -0.27864     0.00000     0.00000     0.00000
    -0.27647     0.00000     0.00000     0.00000
    -0.27429     0.00000     0.00000     0.00000
    -0.27211     0.00000     0.00000     0.00000
    -0.26994     0.00000     0.00000     0.00000
    -0.26776     0.00000     0.00000     0.00000
    -0.26558     0.00000     0.00000     0.00000
    -0.26341     0.00000     0.00000     0.00000
    -0.26123     0.00000     0.00000     0.00000
    -0.25905     0.00000     0.00000     0.00000
    -0.25688     0.00000     0.00000     0.00000
    -0.25470     0.00000     0.00000     0.00000
    -0.25252     0.00000     0.00000     0.00000
    -0.25034     0.00000     0.00000     0.00000
    -0.24817     0.00000     0.00000     0.00000
    -0.24599     0.00000     0.00000     0.00000
    -0.24381     0.00000     0.00000     0.00000
    -0.24164     0.00000     0.00000     0.00000
    -0.23946     0.00000     0.00000     0.00000
    -0.23728     0.00000     0.00000     0.00000
    -0.23511     0.00000     0.00000     0.00000
    -0.23293     0.00000     0.00000     0.00000
    -0.23075     0.00000     0.00000     0.00000
    -0.22858     0.00000     0.00000     0.00000
    -0.22640     0.00000     0.00000     0.00000
    -0.22422     0.00000     0.00000     0.00000
    -0.22204     0.00000     0.00000     0.00000
    -0.21987     0.00000     0.00000     0.00000
    -0.21769     0.00000     0.00000     0.00000
    -0.21551     0.00000     0.00000     0.00000
    -0.21334     0.00000     0.00000     0.00000
    -0.21116     0.00000     0.00000     0.00000
    -0.20898     0.00000     0.00000     0.00000
    -0.20681     0.00000     0.00000     0.00000
    -0.20463     0.00000     0.00000     0.00000
    -0.20245     0.00000     0.00000     0.00000
    -0.20028     0.00000     0.00000     0.00000
    -0.19810     0.00000     0.00000     0.00000
    -0.19592     0.00000     0.00000     0.00000
    -0.19375     0.00000     0.00000     0.00000
    -0.19157     0.00000     0.00000     0.00000
    -0.18939     0.00000     0.00000     0.00000
    -0.18721     0.00000     0.00000     0.00000
    -0.18504     0.00000     0.00000     0.00000
    -0.18286     0.00000     0.00000     0.00000
    -0.18068     0.00000     0.00000     0.00000
    -0.17851     0.00000     0.00000     0.00000
    -0.17633     0.00000     0.00000     0.00000
    -0.17415     0.00000     0.00000     0.00000
    -0.17198     0.00000     0.00000     0.00000
    -0.16980     0.00000     0.00000     0.00000
    -0.16762     0.00000     0.00000     0.00000
    -0.16545     0.00000     0.00000     0.00000
    -0.16327     0.00000     0.00000     0.00000
    -0.16109     0.00000     0.00000     0.00000
    -0.15891     0.00000     0.00000     0.00000
    -0.15674     0.00000     0.00000     0.00000
    -0.15456     0.00000     0.00000     0.00000
    -0.15238     0.00000     0.00000     0.00000
    -0.15021     0.00000     0.00000     0.00000
    -0.14803     0.00000     0.00000     0.00000
    -0.14585     0.00000     0.00000     0.00000
    -0.14368     0.00000     0.00000     0.00000
    -0.14150     0.00000     0.00000     0.00000
    -0.13932     0.00000     0.00000     0.00000
    -0.13715     0.00000     0.00000     0.00000
    -0.13497     0.00000     0.00000     0.00000
    -0.13279     0.00000     0.00000     0.00000
    -0.13061     0.00000     0.00000     0.00000
    -0.12844     0.00000     0.00000     0.00000
    -0.12626     0.00000     0.00000     0.00000
    -0.12408     0.00000     0.00000     0.00000
    -0.12191     0.00000     0.00000     0.00000
    -0.11973     0.00000     0.00000     0.00000
    -0.11755     0.00000     0.00000     0.00000
    -0.11538     0.00000     0.00000     0.00000
    -0.11320     0.00000     0.00000     0.00000
    -0.11102     0.00000     0.00000     0.00000
    -0.10885     0.00000     0.00000     0.00000
    -0.10667     0.00000     0.00000     0.00000
    -0.10449     0.00000     0.00000     0.00000
    -0.10231     0.00000     0.00000     0.00000
    -0.10014     0.00000     0.00000     0.00000
    -0.09796     0.00000     0.00000     0.00000
    -0.09578     0.00000     0.00000     0.00000
    -0.09361     0.00000     0.00000     0.00000
    -0.09143     0.00000     0.00000     0.00000
    -0.08925     0.00000     0.00000     0.00000
    -0.08708     0.00000     0.00000     0.00000
    -0.08490     0.00000     0.00000     0.00000
    -0.08272     0.00000     0.00000     0.00000
    -0.08055     0.00000     0.00000     0.00000
    -0.07837     0.00000     0.00000     0.00000
    -0.07619     0.00000     0.00000     0.00000
    -0.07401     0.00000     0.00000     0.00000
    -0.07184     0.00000     0.00000     0.00000
    -0.06966     0.00000     0.00000     0.00000
    -0.06748     0.00000     0.00000     0.00000
    -0.06531     0.00000     0.00000     0.00000
    -0.06313     0.00000     0.00000     0.00000
    -0.06095     0.00000     0.00000     0.00000
    -0.05878     0.00000     0.00000     0.00000
    -0.05660     0.00000     0.00000     0.00000
    -0.05442     0.00000     0.00000     0.00000
    -0.05225     0.00000     0.00000     0.00000
    -0.05007     0.00000     0.00000     0.00000
    -0.04789     0.00000     0.00000     0.00000
    -0.04572     0.00000     0.00000     0.00000
    -0.04354     0.00000     0.00000     0.00000
    -0.04136     0.00000     0.00000     0.00000
    -0.03918     0.00000     0.00000     0.00000
    -0.03701     0.00000     0.00000     0.00000
    -0.03483     0.00000     0.00000     0.00000
    -0.03265     0.00000     0.00000     0.00000
    -0.03048     0.00000     0.00000     0.00000
    -0.02830     0.00000     0.00000     0.00000
    -0.02612     0.00000     0.00000     0.00000
    -0.02395     0.00000     0.00000     0.00000
    -0.02177     0.00000     0.00000     0.00000
    -0.01959     0.00000     0.00000     0.00000
    -0.01742     0.00000     0.00000     0.00000
    -0.01524     0.00000     0.00000     0.00000
    -0.01306     0.00000     0.00000     0.00000
    -0.01088     0.00000     0.00000     0.00000
    -0.00871     0.00000     0.00000     0.00000
    -0.00653     0.00000     0.00000     0.00000
    -0.00435     0.00000     0.00000     0.00000
    -0.00218     0.00000     0.00000     0.00000
     0.00000     0.00000     0.00000     0.00000
     0.00218     0.00000     0.00000     0.00000
     0.00435     0.00000     0.00000     0.00000
     0.00653     0.00000     0.00000     0.00000
     0.00871     0.00000     0.00000     0.00000
     0.01088     0.00000     0.00000     0.00000
     0.01306     0.00000     0.00000     0.00000
     0.01524     0.00000     0.00000     0.00000
     0.01742     0.00000     0.00000     0.00000
     0.01959     0.00000     0.00000     0.00000
     0.02177     0.00000     0.00000     0.00000
     0.02395     0.00000     0.00000     0.00000
     0.02612     0.00000     0.00000     0.00000
     0.02830     0.00000     0.00000     0.00000
     0.03048     0.00000     0.00000     0.00000
     0.03265     0.00000     0.00000     0.00000
     0.03483     0.00000     0.00000     0.00000
     0.03701     0.00000     0.00000     0.00000
     0.03918     0.00000     0.00000     0.00000
     0.04136     0.00000     0.00000     0.00000
     0.04354     0.00000     0.00000     0.00000
     0.04572     0.00000     0.00000     0.00000
     0.04789     0.00000     0.00000     0.00000
     0.05007     0.00000     0.00000     0.00000
     0.05225     0.00000     0.00000     0.00000
     0.05442     0.00000     0.00000     0.00000
     0.05660     0.00000     0.00000     0.00000
     0.05878     0.00000     0.00000     0.00000
     0.06095     0.00000     0.00000     0.00000
     0.06313     0.00000     0.00000     0.00000
     0.06531     0.00000     0.00000     0.00000
     0.06748     0.00000     0.00000     0.00000
     0.06966     0.00000     0.00000     0.00000
     0.07184     0.00000     0.00000     0.00000
     0.07401     0.00000     0.00000     0.00000
     0.07619     0.00000     0.00000     0.00000
     0.07837     0.00000     0.00000     0.00000
     0.08055     0.00000     0.00000     0.00000
     0.08272     0.00000     0.00000     0.00000
     0.08490     0.00000     0.00000     0.00000
     0.08708     0.00000     0.00000     0.00000
     0.08925     0.00000     0.00000     0.00000
     0.09143     0.00000     0.00000     0.00000
     0.09361     0.00000     0.00000     0.00000
     0.09578     0.00000     0.00000     0.00000
     0.09796     0.00000     0.00000     0.00000
     0.10014     0.00000     0.00000     0.00000
     0.10231     0.00000     0.00000     0.00000
     0.10449     0.00000     0.00000     0.00000
     0.10667     0.00000     0.00000     0.00000
     0.10885     0.00000     0.00000     0.00000
     0.11102     0.00000     0.00000     0.00000
     0.11320     0.00000     0.00000     0.00000
     0.11538     0.00000     0.00000     0.00000
     0.11755     0.00000     0.00000     0.00000
     0.11973     0.00000     0.00000     0.00000
     0.12191     0.00000     0.00000     0.00000
     0.12408     0.00000     0.00000     0.00000
     0.12626     0.00000     0.00000     0.00000
     0.12844     0.00000     0.00000     0.00000
     0.13061     0.00000     0.00000     0.00000
     0.13279     0.00000     0.00000     0.00000
     0.13497     0.00000     0.00000     0.00000
     0.13715     0.00000     0.00000     0.00000
     0.13932     0.00000     0.00000     0.00000
     0.14150     0.00000     0.00000     0.00000
     0.14368     0.00000     0.00000     0.00000
     0.14585     0.00000     0.00000     0.00000
     0.14803     0.00000     0.00000     0.00000
     0.15021     0.00000     0.00000     0.00000
     0.15238     0.00000     0.00000     0.00000
     0.15456     0.00000     0.00000     0.00000
     0.15674     0.00000     0.00000     0.00000
     0.15891     0.00000     0.00000     0.00000
     0.16109     0.00000     0.00000     0.00000
     0.16327     0.00000     0.00000     0.00000
     0.16545     0.00000     0.00000     0.00000
     0.16762     0.00000     0.00000     0.00000
     0.16980     0.00000     0.00000     0.00000
     0.17198     0.00000     0.00000     0.00000
     0.17415     0.00000     0.00000     0.00000
     0.17633     0.00000     0.00000     0.00000
     0.17851     0.00000     0.00000     0.00000
     0.18068     0.00000     0.00000     0.00000
     0.18286     0.00000     0.00000     0.00000
     0.18504     0.00000     0.00000     0.00000
     0.18721     0.00000     0.00000     0.00000
     0.18939     0.00000     0.00000     0.00000
     0.19157     0.00000     0.00000     0.00000
     0.19375     0.00000     0.00000     0.00000
     0.19592     0.00000     0.00000     0.00000
     0.19810     0.00000     0.00000     0.00000
     0.20028     0.00000     0.00000     0.00000
     0.20245     0.00000     0.00000     0.00000
     0.20463     0.00000     0.00000     0.00000
     0.20681     0.00000     0.00000     0.00000
     0.20898     0.00000     0.00000     0.00000
     0.21116     0.00000     0.00000     0.00000
     0.21334     0.00000     0.00000     0.00000
     0.21551     0.00000     0.00000     0.00000
     0.21769     0.00000     0.00000     0.00000
     0.21987     0.00000     0.00000     0.00000
     0.22204     0.00000     0.00000     0.00000
     0.22422     0.00000     0.00000     0.00000
     0.22640     0.00000     0.00000     0.00000
     0.22858     0.00000     0.00000     0.00000
     0.23075     0.00000     0.00000     0.00000
     0.23293     0.00000     0.00000     0.00000
     0.23511     0.00000     0.00000     0.00000
     0.23728     0.00000     0.00000     0.00000
     0.23946     0.00000     0.00000     0.00000
     0.24164     0.00000     0.00000     0.00000
     0.24381     0.00000     0.00000     0.00000
     0.24599     0.00000     0.00000     0.00000
     0.24817     0.00000     0.00000     0.00000
     0.25034     0.00000     0.00000     0.00000
     0.25252     0.00000     0.00000     0.00000
     0.25470     0.00000     0.00000     0.00000
     0.25688     0.00000     0.00000     0.00000
     0.25905     0.00000     0.00000     0.00000
     0.26123     0.00000     0.00000     0.00000
     0.26341     0.00000     0.00000     0.00000
     0.26558     0.00000     0.00000     0.00000
     0.26776     0.00000     0.00000     0.00000
     0.26994     0.00000     0.00000     0.00000
     0.27211     0.00000     0.00000     0.00000
     0.27429     0.00000     0.00000     0.00000
     0.27647     0.00000     0.00000     0.00000
     0.27864     0.00000     0.00000     0.00000
     0.28082     0.00000     0.00000     0.00000
     0.28300     0.00000     0.00000     0.00000
     0.28518     0.00000     0.00000     0.00000
     0.28735     0.00000     0.00000     0.00000
     0.28953     0.00000     0.00000     0.00000
     0.29171     0.00000     0.00000     0.00000
     0.29388     0.00000     0.00000     0.00000
     0.29606     0.00000     0.00000     0.00000
     0.29824     0.00000     0.00000     0.00000
     0.30041     0.00000     0.00000     0.00000
     0.30259     0.00000     0.00000     0.00000
     0.30477     0.00000     0.00000     0.00000
     0.30694     0.00000     0.00000     0.00000
     0.30912     0.00000     0.00000     0.00000
     0.31130     0.00000     0.00000     0.00000
     0.31348     0.00000     0.00000     0.00000
     0.31565     0.00000     0.00000     0.00000
     0.31783     0.00000     0.00000     0.00000
     0.32001     0.00000     0.00000     0.00000
     0.32218     0.00000     0.00000     0.00000
     0.32436     0.00000     0.00000     0.00000
     0.32654     0.00000     0.00000     0.00000
     0.32871     0.00000     0.00000     0.00000
     0.33089     0.00000     0.00000     0.00000
     0.33307     0.00000     0.00000     0.00000
     0.33524     0.00000     0.00000     0.00000
     0.33742     0.00000     0.00000     0.00000
     0.33960     0.00000     0.00000     0.00000
     0.34178     0.00000     0.00000     0.00000
     0.34395     0.00000     0.00000     0.00000
     0.34613     0.00000     0.00000     0.00000
     0.34831     0.00000     0.00000     0.00000
     0.35048     0.00000     0.00000     0.00000
     0.35266     0.00000     0.00000     0.00000
     0.35484     0.00000     0.00000     0.00000
     0.35701     0.00000     0.00000     0.00000
     0.35919     0.00000     0.00000     0.00000
     0.36137     0.00000     0.00000     0.00000
     0.36354     0.00000     0.00000     0.00000
     0.36572     0.00000     0.00000     0.00000
     0.36790     0.00000     0.00000     0.00000
     0.37007     0.00000     0.00000     0.00000
     0.37225     0.00000     0.00000     0.00000
     0.37443     0.00000     0.00000     0.00000
     0.37661     0.00000     0.00000     0.00000
     0.37878     0.00000     0.00000     0.00000
     0.38096     0.00000     0.00000     0.00000
     0.38314     0.00000     0.00000     0.00000
     0.38531     0.00000     0.00000     0.00000
     0.38749     0.00000     0.00000     0.00000
     0.38967     0.00000     0.00000     0.00000
     0.39184     0.00000     0.00000     0.00000
     0.39402     0.00000     0.00000     0.00000
     0.39620     0.00000     0.00000     0.00000
     0.39837     0.00000     0.00000     0.00000
     0.40055     0.00000     0.00000     0.00000
     0.40273     0.00000     0.00000     0.00000
     0.40491     0.00000     0.00000     0.00000
     0.40708     0.00000     0.00000     0.00000
     0.40926     0.00000     0.00000     0.00000
     0.41144     0.00000     0.00000     0.00000
     0.41361     0.00000     0.00000     0.00000
     0.41579     0.00000     0.00000     0.00000
     0.41797     0.00000     0.00000     0.00000
     0.42014     0.00000     0.00000     0.00000
     0.42232     0.00000     0.00000     0.00000
     0.42450     0.00000     0.00000     0.00000
     0.42667     0.00000     0.00000     0.00000
     0.42885     0.00000     0.00000     0.00000
     0.43103     0.00000     0.00000     0.00000
     0.43321     0.00000     0.00000     0.00000
     0.43538     0.00000     0.00000     0.00000
     0.43756     0.00000     0.00000     0.00000
     0.43974     0.00000     0.00000     0.00000
     0.44191     0.00000     0.00000     0.00000
     0.44409     0.00000     0.00000     0.00000
     0.44627     0.00000     0.00000     0.00000
     0.44844     0.00000     0.00000     0.00000
     0.45062     0.00000     0.00000     0.00000
     0.45280     0.00000     0.00000     0.00000
     0.45497     0.00000     0.00000     0.00000
     0.45715     0.00000     0.00000     0.00000
     0.45933     0.00000     0.00000     0.00000
     0.46151     0.00000     0.00000     0.00000
     0.46368     0.00000     0.00000     0.00000
     0.46586     0.00000     0.00000     0.00000
     0.46804     0.00000     0.00000     0.00000
     0.47021     0.00000     0.00000     0.00000
     0.47239     0.00000     0.00000     0.00000
     0.47457     0.00000     0.00000     0.00000
     0.47674     0.00000     0.00000     0.00000
     0.47892     0.00000     0.00000     0.00000
     0.48110     0.00000     0.00000     0.00000
     0.48327     0.00000     0.00000     0.00000
     0.48545     0.00000     0.00000     0.00000
     0.48763     0.00000     0.00000     0.00000
     0.48980     0.00000     0.00000     0.00000
     0.49198     0.00000     0.00000     0.00000
     0.49416     0.00000     0.00000     0.00000
     0.49634     0.00000     0.00000     0.00000
     0.49851     0.00000     0.00000     0.00000
     0.50069     0.00000     0.00000     0.00000
     0.50287     0.00000     0.00000     0.00000
     0.50504     0.00000     0.00000     0.00000
     0.50722     0.00000     0.00000     0.00000
     0.50940     0.00000     0.00000     0.00000
     0.51157     0.00000     0.00000     0.00000
     0.51375     0.00000     0.00000     0.00000
     0.51593     0.00000     0.00000     0.00000
     0.51810     0.00000     0.00000     0.00000
     0.52028     0.00000     0.00000     0.00000
     0.52246     0.00000     0.00000     0.00000
     0.52464     0.00000     0.00000     0.00000
     0.52681     0.00000     0.00000     0.00000
     0.52899     0.00000     0.00000     0.00000
     0.53117     0.00000     0.00000     0.00000
     0.53334     0.00000     0.00000     0.00000
     0.53552     0.00000     0.00000     0.00000
     0.53770     0.00000     0.00000     0.00000
     0.53987     0.00000     0.00000     0.00000
     0.54205     0.00000     0.00000     0.00000
     0.54423     0.00000     0.00000     0.00000
     0.54640     0.00000     0.00000     0.00000
     0.54858     0.00000     0.00000     0.00000
     0.55076     0.00000     0.00000     0.00000
     0.55294     0.00000     0.00000     0.00000
     0.55511     0.00000     0.00000     0.00000
     0.55729     0.00000     0.00000     0.00000
     0.55947     0.00000     0.00000     0.00000
     0.56164     0.00000     0.00000     0.00000
     0.56382     0.00000     0.00000     0.00000
     0.56600     0.00000     0.00000     0.00000
     0.56817     0.00000     0.00000     0.00000
     0.57035     0.00000     0.00000     0.00000
     0.57253     0.00000     0.00000     0.00000
     0.57470     0.00000     0.00000     0.00000
     0.57688     0.00000     0.00000     0.00000
     0.57906     0.00000     0.00000     0.00000
     0.58124     0.00000     0.00000     0.00000
     0.58341     0.00000     0.00000     0.00000
     0.58559     0.00000     0.00000     0.00000
     0.58777     0.00000     0.00000     0.00000
     0.58994     0.00000     0.00000     0.00000
     0.59212     0.00000     0.00000     0.00000
     0.59430     0.00000     0.00000     0.00000
     0.59647     0.00000     0.00000     0.00000
     0.59865     0.00000     0.00000     0.00000
     0.60083     0.00000     0.00000     0.00000
     0.60300     0.00000     0.00000     0.00000
     0.60518     0.00000     0.00000     0.00000
     0.60736     0.00000     0.00000     0.00000
     0.60954     0.00000     0.00000     0.00000
     0.61171     0.00000     0.00000     0.00000
     0.61389     0.00000     0.00000     0.00000
     0.61607     0.00000     0.00000     0.00000
     0.61824     0.00000     0.00000     0.00000
     0.62042     0.00000     0.00000     0.00000
     0.62260     0.00000     0.00000     0.00000
     0.62477     0.00000     0.00000     0.00000
     0.62695     0.00000     0.00000     0.00000
     0.62913     0.00000     0.00000     0.00000
     0.63130     0.00000     0.00000     0.00000
     0.63348     0.00000     0.00000     0.00000
     0.63566     0.00000     0.00000     0.00000
     0.63783     0.00000     0.00000     0.00000
     0.64001     0.00000     0.00000     0.00000
     0.64219     0.00000     0.00000     0.00000
     0.64437     0.00000     0.00000     0.00000
     0.64654     0.00000     0.00000     0.00000
     0.64872     0.00000     0.00000     0.00000
     0.65090     0.00000     0.00000     0.00000
     0.65307     0.00000     0.00000     0.00000
     0.65525     0.00000     0.00000     0.00000
     0.65743     0.00000     0.00000     0.00000
     0.65960     0.00000     0.00000     0.00000
     0.66178     0.00000     0.00000     0.00000
     0.66396     0.00000     0.00000     0.00000
     0.66613     0.00000     0.00000     0.00000
     0.66831     0.00000     0.00000     0.00000
     0.67049     0.00000     0.00000     0.00000
     0.67267     0.00000     0.00000     0.00000
     0.67484     0.00000     0.00000     0.00000
     0.67702     0.00000     0.00000     0.00000
     0.67920     0.00000     0.00000     0.00000
     0.68137     0.00000     0.00000     0.00000
     0.68355     0.00000     0.00000     0.00000
     0.68573     0.00000     0.00000     0.00000
     0.68790     0.00000     0.00000     0.00000
     0.69008     0.00000     0.00000     0.00000
     0.69226     0.00000     0.00000     0.00000
     0.69443     0.00000     0.00000     0.00000
     0.69661     0.00000     0.00000     0.00000
     0.69879     0.00000     0.00000     0.00000
     0.70097     0.00000     0.00000     0.00000
     0.70314     0.00000     0.00000     0.00000
     0.70532     0.00000     0.00000     0.00000
     0.70750     0.00000     0.00000     0.00000
     0.70967     0.00000     0.00000     0.00000
     0.71185     0.00000     0.00000     0.00000
     0.71403     0.00000     0.00000     0.00000
     0.71620     0.00000     0.00000     0.00000
     0.71838     0.00000     0.00000     0.00000
     0.72056     0.00000     0.00000     0.00000
     0.72273     0.00000     0.00000     0.00000
     0.72491     0.00000     0.00000     0.00000
     0.72709     0.00000     0.00000     0.00000
     0.72927     0.00000     0.00000     0.00000
     0.73144     0.00000     0.00000     0.00000
     0.73362     0.00000     0.00000     0.00000
     0.73580     0.00000     0.00000     0.00000
     0.73797     0.00000     0.00000     0.00000
     0.74015     0.00000     0.00000     0.00000
     0.74233     0.00000     0.00000     0.00000
     0.74450     0.00000     0.00000     0.00000
     0.74668     0.00000     0.00000     0.00000
     0.74886     0.00000     0.00000     0.00000
     0.75103     0.00000     0.00000     0.00000
     0.75321     0.00000     0.00000     0.00000
     0.75539     0.00000     0.00000     0.00000
     0.75756     0.00000     0.00000     0.00000
     0.75974     0.00000     0.00000     0.00000
     0.76192     0.00000     0.00000     0.00000
     0.76410     0.00000     0.00000     0.00000
     0.76627     0.00000     0.00000     0.00000
     0.76845     0.00000     0.00000     0.00000
     0.77063     0.00000     0.00000     0.00000
     0.77280     0.00000     0.00000     0.00000
     0.77498     0.00000     0.00000     0.00000
     0.77716     0.00000     0.00000     0.00000
     0.77933     0.00000     0.00000     0.00000
     0.78151     0.00000     0.00000     0.00000
     0.78369     0.00000     0.00000     0.00000
     0.78586     0.00000     0.00000     0.00000
     0.78804     0.00000     0.00000     0.00000
     0.79022     0.00000     0.00000     0.00000
     0.79240     0.00000     0.00000     0.00000
     0.79457     0.00000     0.00000     0.00000
     0.79675     0.00000     0.00000     0.00000
     0.79893     0.00000     0.00000     0.00000
     0.80110     0.00000     0.00000     0.00000
     0.80328     0.00000     0.00000     0.00000
     0.80546     0.00000     0.00000     0.00000
     0.80763     0.00000     0.00000     0.00000
     0.80981     0.00000     0.00000     0.00000
     0.81199     0.00000     0.00000     0.00000
     0.81416     0.00000     0.00000     0.00000
     0.81634     0.00000     0.00000     0.00000
     0.81852     0.00000     0.00000     0.00000
     0.82070     0.00000     0.00000     0.00000
     0.82287     0.00000     0.00000     0.00000
     0.82505     0.00000     0.00000     0.00000
     0.82723     0.00000     0.00000     0.00000
     0.82940     0.00000     0.00000     0.00000
     0.83158     0.00000     0.00000     0.00000
     0.83376     0.00000     0.00000     0.00000
     0.83593     0.00000     0.00000     0.00000
     0.83811     0.00000     0.00000     0.00000
     0.84029     0.00000     0.00000     0.00000
     0.84246     0.00000     0.00000     0.00000
     0.84464     0.00000     0.00000     0.00000
     0.84682     0.00000     0.00000     0.00000
     0.84900     0.00000     0.00000     0.00000
     0.85117     0.00000     0.00000     0.00000
     0.85335     0.00000     0.00000     0.00000
     0.85553     0.00000     0.00000     0.00000
     0.85770     0.00000     0.00000     0.00000
     0.85988     0.00000     0.00000     0.00000
     0.86206     0.00000     0.00000     0.00000
     0.86423     0.00000     0.00000     0.00000
     0.86641     0.00000     0.00000     0.00000
     0.86859     0.00000     0.00000     0.00000
     0.87076     0.00000     0.00000     0.00000
     0.87294     0.00000     0.00000     0.00000
     0.87512     0.00000     0.00000     0.00000
     0.87730     0.00000     0.00000     0.00000
     0.87947     0.00000     0.00000     0.00000
     0.88165     0.00000     0.00000     0.00000
     0.88383     0.00000     0.00000     0.00000
     0.88600     0.00000     0.00000     0.00000
     0.88818     0.00000     0.00000     0.00000
     0.89036     0.00000     0.00000     0.00000
     0.89253     0.00000     0.00000     0.00000
     0.89471     0.00000     0.00000     0.00000
     0.89689     0.00000     0.00000     0.00000
     0.89906     0.00000     0.00000     0.00000
     0.90124     0.00000     0.00000     0.00000
     0.90342     0.00000     0.00000     0.00000
     0.90559     0.00000     0.00000     0.00000
     0.90777     0.00000     0.00000     0.00000
     0.90995     0.00000     0.00000     0.00000
     0.91213     0.00000     0.00000     0.00000
     0.91430     0.00000     0.00000     0.00000
     0.91648     0.00000     0.00000     0.00000
     0.91866     0.00000     0.00000     0.00000
     0.92083     0.00000     0.00000     0.00000
     0.92301     0.00000     0.00000     0.00000
     0.92519     0.00000     0.00000     0.00000
     0.92736     0.00000     0.00000     0.00000
     0.92954     0.00000     0.00000     0.00000
     0.93172     0.00000     0.00000     0.00000
     0.93389     0.00000     0.00000     0.00000
     0.93607     0.00000     0.00000     0.00000
     0.93825     0.00000     0.00000     0.00000
     0.94043     0.00000     0.00000     0.00000
     0.94260     0.00000     0.00000     0.00000
     0.94478     0.00000     0.00000     0.00000
     0.94696     0.00000     0.00000     0.00000
     0.94913     0.00000     0.00000     0.00000
     0.95131     0.00000     0.00000     0.00000
     0.95349     0.00000     0.00000     0.00000
     0.95566     0.00000     0.00000     0.00000
     0.95784     0.00000     0.00000     0.00000
     0.96002     0.00000     0.00000     0.00000
     0.96219     0.00000     0.00000     0.00000
     0.96437     0.00000     0.00000     0.00000
     0.96655     0.00000     0.00000     0.00000
     0.96873     0.00000     0.00000     0.00000
     0.97090     0.00000     0.00000     0.00000
     0.97308     0.00000     0.00000     0.00000
     0.97526     0.00000     0.00000     0.00000
     0.97743     0.00000     0.00000     0.00000
     0.97961     0.00000     0.00000     0.00000
     0.98179     0.00000     0.00000     0.00000
     0.98396     0.00000     0.00000     0.00000
     0.98614     0.00000     0.00000     0.00000
     0.98832     0.00000     0.00000     0.00000
     0.99049     0.00000     0.00000     0.00000
     0.99267     0.00000     0.00000     0.00000
     0.99485     0.00000     0.00000     0.00000
     0.99703     0.00000     0.00000     0.00000
     0.99920     0.00000     0.00000     0.00000
     1.00138     0.00000     0.00000     0.00000
     1.00356     0.00000     0.00000     0.00000
     1.00573     0.00000     0.00000     0.00000
     1.00791     0.00000     0.00000     0.00000
     1.01009     0.00000     0.00000     0.00000
     1.01226     0.00000     0.00000     0.00000
     1.01444     0.00000     0.00000     0.00000
     1.01662     0.00000     0.00000     0.00000
     1.01879     0.00000     0.00000     0.00000
     1.02097     0.00000     0.00000     0.00000
     1.02315     0.00000     0.00000     0.00000
     1.02533     0.00000     0.00000     0.00000
     1.02750     0.00000     0.00000     0.00000
     1.02968     0.00000     0.00000     0.00000
     1.03186     0.00000     0.00000     0.00000
     1.03403     0.00000     0.00000     0.00000
     1.03621     0.00000     0.00000     0.00000
     1.03839     0.00000     0.00000     0.00000
     1.04056     0.00000     0.00000     0.00000
     1.04274     0.00000     0.00000     0.00000
     1.04492     0.00000     0.00000     0.00000
     1.04709     0.00000     0.00000     0.00000
     1.04927     0.00000     0.00000     0.00000
     1.05145     0.00000     0.00000     0.00000
     1.05362     0.00000     0.00000     0.00000
     1.05580     0.00000     0.00000     0.00000
     1.05798     0.00000     0.00000     0.00000
     1.06016     0.00000     0.00000     0.00000
     1.06233     0.00000     0.00000     0.00000
     1.06451     0.00000     0.00000     0.00000
     1.06669     0.00000     0.00000     0.00000
     1.06886     0.00000     0.00000     0.00000
     1.07104     0.00000     0.00000     0.00000
     1.07322     0.00000     0.00000     0.00000
     1.07539     0.00000     0.00000     0.00000
     1.07757     0.00000     0.00000     0.00000
     1.07975     0.00000     0.00000     0.00000
     1.08192     0.00000     0.00000     0.00000
     1.08410     0.00000     0.00000     0.00000
     1.08628     0.00000     0.00000     0.00000
     1.08846     0.00000     0.00000     0.00000
     1.09063     0.00000     0.00000     0.00000
     1.09281     0.00000     0.00000     0.00000
     1.09499     0.00000     0.00000     0.00000
     1.09716     0.00000     0.00000     0.00000
     1.09934     0.00000     0.00000     0.00000
     1.10152     0.00000     0.00000     0.00000
     1.10369     0.00000     0.00000     0.00000
     1.10587     0.00000     0.00000     0.00000
     1.10805     0.00000     0.00000     0.00000
     1.11022     0.00000     0.00000     0.00000
     1.11240     0.00000     0.00000     0.00000
     1.11458     0.00000     0.00000     0.00000
     1.11676     0.00000     0.00000     0.00000
     1.11893     0.00000     0.00000     0.00000
     1.12111     0.00000     0.00000     0.00000
     1.12329     0.00000     0.00000     0.00000
     1.12546     0.00000     0.00000     0.00000
     1.12764     0.00000     0.00000     0.00000
     1.12982     0.00000     0.00000     0.00000
     1.13199     0.00000     0.00000     0.00000
     1.13417     0.00000     0.00000     0.00000
     1.13635     0.00000     0.00000     0.00000
     1.13852     0.00000     0.00000     0.00000
     1.14070     0.00000     0.00000     0.00000
     1.14288     0.00000     0.00000     0.00000
     1.14506     0.00000     0.00000     0.00000
     1.14723     0.00000     0.00000     0.00000
     1.14941     0.00000     0.00000     0.00000
     1.15159     0.00000     0.00000     0.00000
     1.15376     0.00000     0.00000     0.00000
     1.15594     0.00000     0.00000     0.00000
     1.15812     0.00000     0.00000     0.00000
     1.16029     0.00000     0.00000     0.00000
     1.16247     0.00000     0.00000     0.00000
     1.16465     0.00000     0.00000     0.00000
     1.16682     0.00000     0.00000     0.00000
     1.16900     0.00000     0.00000     0.00000
     1.17118     0.00000     0.00000     0.00000
     1.17335     0.00000     0.00000     0.00000
     1.17553     0.00000     0.00000     0.00000
     1.17771     0.00000     0.00000     0.00000
     1.17989     0.00000     0.00000     0.00000
     1.18206     0.00000     0.00000     0.00000
     1.18424     0.00000     0.00000     0.00000
     1.18642     0.00000     0.00000     0.00000
     1.18859     0.00000     0.00000     0.00000
     1.19077     0.00000     0.00000     0.00000
     1.19295     0.00000     0.00000     0.00000
     1.19512     0.00000     0.00000     0.00000
     1.19730     0.00000     0.00000     0.00000
     1.19948     0.00000     0.00000     0.00000
     1.20165     0.00000     0.00000     0.00000
     1.20383     0.00000     0.00000     0.00000
     1.20601     0.00000     0.00000     0.00000
     1.20819     0.00000     0.00000     0.00000
     1.21036     0.00000     0.00000     0.00000
     1.21254     0.00000     0.00000     0.00000
     1.21472     0.00000     0.00000     0.00000
     1.21689     0.00000     0.00000     0.00000
     1.21907     0.00000     0.00000     0.00000
     1.22125     0.00000     0.00000     0.00000
     1.22342     0.00000     0.00000     0.00000
     1.22560     0.00000     0.00000     0.00000
     1.22778     0.00000     0.00000     0.00000
     1.22995     0.00000     0.00000     0.00000
     1.23213     0.00000     0.00000     0.00000
     1.23431     0.00000     0.00000     0.00000
     1.23649     0.00000     0.00000     0.00000
     1.23866     0.00000     0.00000     0.00000
     1.24084     0.00000     0.00000     0.00000
     1.24302     0.00000     0.00000     0.00000
     1.24519     0.00000     0.00000     0.00000
     1.24737     0.00000     0.00000     0.00000
     1.24955     0.00000     0.00000     0.00000
     1.25172     0.00000     0.00000     0.00000
     1.25390     0.00000     0.00000     0.00000
     1.25608     0.00000     0.00000     0.00000
     1.25825     0.00000     0.00000     0.00000
     1.26043     0.00000     0.00000     0.00000
     1.26261     0.00000     0.00000     0.00000
     1.26479     0.00000     0.00000     0.00000
     1.26696     0.00000     0.00000     0.00000
     1.26914     0.00000     0.00000     0.00000
     1.27132     0.00000     0.00000     0.00000
     1.27349     0.00000     0.00000     0.00000
     1.27567     0.00000     0.00000     0.00000
     1.27785     0.00000     0.00000     0.00000
     1.28002     0.00000     0.00000     0.00000
     1.28220     0.00000     0.00000     0.00000
     1.28438     0.00000     0.00000     0.00000
     1.28655     0.00000     0.00000     0.00000
     1.28873     0.00000     0.00000     0.00000
     1.29091     0.00000     0.00000     0.00000
     1.29309     0.00000     0.00000     0.00000
     1.29526     0.00000     0.00000     0.00000
     1.29744     0.00000     0.00000     0.00000
     1.29962     0.00000     0.00000     0.00000
     1.30179     0.00000     0.00000     0.00000
     1.30397     0.00000     0.00000     0.00000
     1.30615     0.00000     0.00000     0.00000
     1.30832     0.00000     0.00000     0.00000
     1.31050     0.00000     0.00000     0.00000
     1.31268     0.00000     0.00000     0.00000
     1.31485     0.00000     0.00000     0.00000
     1.31703     0.00000     0.00000     0.00000
     1.31921     0.00000     0.00000     0.00000
     1.32138     0.00000     0.00000     0.00000
     1.32356     0.00000     0.00000     0.00000
     1.32574     0.00000     0.00000     0.00000
     1.32792     0.00000     0.00000     0.00000
     1.33009     0.00000     0.00000     0.00000
     1.33227     0.00000     0.00000     0.00000
     1.33445     0.00000     0.00000     0.00000
     1.33662     0.00000     0.00000     0.00000
     1.33880     0.00000     0.00000     0.00000
     1.34098     0.00000     0.00000     0.00000
     1.34315     0.00000     0.00000     0.00000
     1.34533     0.00000     0.00000     0.00000
     1.34751     0.00000     0.00000     0.00000
     1.34968     0.00000     0.00000     0.00000
     1.35186     0.00000     0.00000     0.00000
     1.35404     0.00000     0.00000     0.00000
     1.35622     0.00000     0.00000     0.00000
     1.35839     0.00000     0.00000     0.00000
     1.36057     0.00000     0.00000     0.00000
     1.36275     0.00000     0.00000     0.00000
     1.36492     0.00000     0.00000     0.00000
     1.36710     0.00000     0.00000     0.00000
     1.36928     0.00000     0.00000     0.00000
     1.37145     0.00000     0.00000     0.00000
     1.37363     0.00000     0.00000     0.00000
     1.37581     0.00000     0.00000     0.00000
     1.37798     0.00000     0.00000     0.00000
     1.38016     0.00000     0.00000     0.00000
     1.38234     0.00000     0.00000     0.00000
     1.38452     0.00000     0.00000     0.00000
     1.38669     0.00000     0.00000     0.00000
     1.38887     0.00000     0.00000     0.00000
     1.39105     0.00000     0.00000     0.00000
     1.39322     0.00000     0.00000     0.00000
     1.39540     0.00000     0.00000     0.00000
     1.39758     0.00000     0.00000     0.00000
     1.39975     0.00000     0.00000     0.00000
     1.40193     0.00000     0.00000     0.00000
     1.40411     0.00000     0.00000     0.00000
     1.40628     0.00000     0.00000     0.00000
     1.40846     0.00000     0.00000     0.00000
     1.41064     0.00000     0.00000     0.00000
     1.41282     0.00000     0.00000     0.00000
     1.41499     0.00000     0.00000     0.00000
     1.41717     0.00000     0.00000     0.00000
     1.41935     0.00000     0.00000     0.00000
     1.42152     0.00000     0.00000     0.00000
     1.42370     0.00000     0.00000     0.00000
     1.42588     0.00000     0.00000     0.00000
     1.42805     0.00000     0.00000     0.00000
     1.43023     0.00000     0.00000     0.00000
     1.43241     0.00000     0.00000     0.00000
     1.43458     0.00000     0.00000     0.00000
     1.43676     0.00000     0.00000     0.00000
     1.43894     0.00000     0.00000     0.00000
     1.44112     0.00000     0.00000     0.00000
     1.44329     0.00000     0.00000     0.00000
     1.44547     0.00000     0.00000     0.00000
     1.44765     0.00000     0.00000     0.00000
     1.44982     0.00000     0.00000     0.00000
     1.45200     0.00000     0.00000     0.00000
     1.45418     0.00000     0.00000     0.00000
     1.45635     0.00000     0.00000     0.00000
     1.45853     0.00000     0.00000     0.00000
     1.46071     0.00000     0.00000     0.00000
     1.46288     0.00000     0.00000     0.00000
     1.46506     0.00000     0.00000     0.00000
     1.46724     0.00000     0.00000     0.00000
     1.46941     0.00000     0.00000     0.00000
     1.47159     0.00000     0.00000     0.00000
     1.47377     0.00000     0.00000     0.00000
     1.47595     0.00000     0.00000     0.00000
     1.47812     0.00000     0.00000     0.00000
     1.48030     0.00000     0.00000     0.00000
     1.48248     0.00000     0.00000     0.00000
     1.48465     0.00000     0.00000     0.00000
     1.48683     0.00000     0.00000     0.00000
     1.48901     0.00000     0.00000     0.00000
     1.49118     0.00000     0.00000     0.00000
     1.49336     0.00000     0.00000     0.00000
     1.49554     0.00000     0.00000     0.00000
     1.49771     0.00000     0.00000     0.00000
     1.49989     0.00000     0.00000     0.00000
     1.50207     0.00000     0.00000     0.00000
     1.50425     0.00000     0.00000     0.00000
     1.50642     0.00000     0.00000     0.00000
     1.50860     0.00000     0.00000     0.00000
     1.51078     0.00000     0.00000     0.00000
     1.51295     0.00000     0.00000     0.00000
     1.51513     0.00000     0.00000     0.00000
     1.51731     0.00000     0.00000     0.00000
     1.51948     0.00000     0.00000     0.00000
     1.52166     0.00000     0.00000     0.00000
     1.52384     0.00000     0.00000     0.00000
     1.52601     0.00000     0.00000     0.00000
     1.52819     0.00000     0.00000     0.00000
     1.53037     0.00000     0.00000     0.00000
     1.53255     0.00000     0.00000     0.00000
     1.53472     0.00000     0.00000     0.00000
     1.53690     0.00000     0.00000     0.00000
     1.53908     0.00000     0.00000     0.00000
     1.54125     0.00000     0.00000     0.00000
     1.54343     0.00000     0.00000     0.00000
     1.54561     0.00000     0.00000     0.00000
     1.54778     0.00000     0.00000     0.00000
     1.54996     0.00000     0.00000     0.00000
     1.55214     0.00000     0.00000     0.00000
     1.55431     0.00000     0.00000     0.00000
     1.55649     0.00000     0.00000     0.00000
     1.55867     0.00000     0.00000     0.00000
     1.56085     0.00000     0.00000     0.00000
     1.56302     0.00000     0.00000     0.00000
     1.56520     0.00000     0.00000     0.00000
     1.56738     0.00000     0.00000     0.00000
     1.56955     0.00000     0.00000     0.00000
     1.57173     0.00000     0.00000     0.00000
     1.57391     0.00000     0.00000     0.00000
     1.57608     0.00000     0.00000     0.00000
     1.57826     0.00000     0.00000     0.00000
     1.58044     0.00000     0.00000     0.00000
     1.58261     0.00000     0.00000     0.00000
     1.58479     0.00000     0.00000     0.00000
     1.58697     0.00000     0.00000     0.00000
     1.58914     0.00000     0.00000     0.00000
     1.59132     0.00000     0.00000     0.00000
     1.59350     0.00000     0.00000     0.00000
     1.59568     0.00000     0.00000     0.00000
     1.59785     0.00000     0.00000     0.00000
     1.60003     0.00000     0.00000     0.00000
     1.60221     0.00000     0.00000     0.00000
     1.60438     0.00000     0.00000     0.00000
     1.60656     0.00000     0.00000     0.00000
     1.60874     0.00000     0.00000     0.00000
     1.61091     0.00000     0.00000     0.00000
     1.61309     0.00000     0.00000     0.00000
     1.61527     0.00000     0.00000     0.00000
     1.61744     0.00000     0.00000     0.00000
     1.61962     0.00000     0.00000     0.00000
     1.62180     0.00000     0.00000     0.00000
     1.62398     0.00000     0.00000     0.00000
     1.62615     0.00000     0.00000     0.00000
     1.62833     0.00000     0.00000     0.00000
     1.63051     0.00000     0.00000     0.00000
     1.63268     0.00000     0.00000     0.00000
     1.63486     0.00000     0.00000     0.00000
     1.63704     0.00000     0.00000     0.00000
     1.63921     0.00000     0.00000     0.00000
     1.64139     0.00000     0.00000     0.00000
     1.64357     0.00000     0.00000     0.00000
     1.64574     0.00000     0.00000     0.00000
     1.64792     0.00000     0.00000     0.00000
     1.65010     0.00000     0.00000     0.00000
     1.65228     0.00000     0.00000     0.00000
     1.65445     0.00000     0.00000     0.00000
     1.65663     0.00000     0.00000     0.00000
     1.65881     0.00000     0.00000     0.00000
     1.66098     0.00000     0.00000     0.00000
     1.66316     0.00000     0.00000     0.00000
     1.66534     0.00000     0.00000     0.00000
     1.66751     0.00000     0.00000     0.00000
     1.66969     0.00000     0.00000     0.00000
     1.67187     0.00000     0.00000     0.00000
     1.67404     0.00000     0.00000     0.00000
     1.67622     0.00000     0.00000     0.00000
     1.67840     0.00000     0.00000     0.00000
     1.68058     0.00000     0.00000     0.00000
     1.68275     0.00000     0.00000     0.00000
     1.68493     0.00000     0.00000     0.00000
     1.68711     0.00000     0.00000     0.00000
     1.68928     0.00000     0.00000     0.00000
     1.69146     0.00000     0.00000     0.00000
     1.69364     0.00000     0.00000     0.00000
     1.69581     0.00000     0.00000     0.00000
     1.69799     0.00000     0.00000     0.00000
     1.70017     0.00000     0.00000     0.00000
     1.70234     0.00000     0.00000     0.00000
     1.70452     0.00000     0.00000     0.00000
     1.70670     0.00000     0.00000     0.00000
     1.70888     0.00000     0.00000     0.00000
     1.71105     0.00000     0.00000     0.00000
     1.71323     0.00000     0.00000     0.00000
     1.71541     0.00000     0.00000     0.00000
     1.71758     0.00000     0.00000     0.00000
     1.71976     0.00000     0.00000     0.00000
     1.72194     0.00000     0.00000     0.00000
     1.72411     0.00000     0.00000     0.00000
     1.72629     0.00000     0.00000     0.00000
     1.72847     0.00000     0.00000     0.00000
     1.73064     0.00000     0.00000     0.00000
     1.73282     0.00000     0.00000     0.00000
     1.73500     0.00000     0.00000     0.00000
     1.73717     0.00000     0.00000     0.00000
     1.73935     0.00000     0.00000     0.00000
     1.74153     0.00000     0.00000     0.00000
     1.74371     0.00000     0.00000     0.00000
     1.74588     0.00000     0.00000     0.00000
     1.74806     0.00000     0.00000     0.00000
     1.75024     0.00000     0.00000     0.00000
     1.75241     0.00000     0.00000     0.00000
     1.75459     0.00000     0.00000     0.00000
     1.75677     0.00000     0.00000     0.00000
     1.75894     0.00000     0.00000     0.00000
     1.76112     0.00000     0.00000     0.00000
     1.76330     0.00000     0.00000     0.00000
     1.76547     0.00000     0.00000     0.00000
     1.76765     0.00000     0.00000     0.00000
     1.76983     0.00000     0.00000     0.00000
     1.77201     0.00000     0.00000     0.00000
     1.77418     0.00000     0.00000     0.00000
     1.77636     0.00000     0.00000     0.00000
     1.77854     0.00000     0.00000     0.00000
     1.78071     0.00000     0.00000     0.00000
     1.78289     0.00000     0.00000     0.00000
     1.78507     0.00000     0.00000     0.00000
     1.78724     0.00000     0.00000     0.00000
     1.78942     0.00000     0.00000     0.00000
     1.79160     0.00000     0.00000     0.00000
     1.79377     0.00000     0.00000     0.00000
     1.79595     0.00000     0.00000     0.00000
     1.79813     0.00000     0.00000     0.00000
     1.80031     0.00000     0.00000     0.00000
     1.80248     0.00000     0.00000     0.00000
     1.80466     0.00000     0.00000     0.00000
     1.80684     0.00000     0.00000     0.00000
     1.80901     0.00000     0.00000     0.00000
     1.81119     0.00000     0.00000     0.00000
     1.81337     0.00000     0.00000     0.00000
     1.81554     0.00000     0.00000     0.00000
     1.81772     0.00000     0.00000     0.00000
     1.81990     0.00000     0.00000     0.00000
     1.82207     0.00000     0.00000     0.00000
     1.82425     0.00000     0.00000     0.00000
     1.82643     0.00000     0.00000     0.00000
     1.82861     0.00000     0.00000     0.00000
     1.83078     0.00000     0.00000     0.00000
     1.83296     0.00000     0.00000     0.00000
     1.83514     0.00000     0.00000     0.00000
     1.83731     0.00000     0.00000     0.00000
     1.83949     0.00000     0.00000     0.00000
     1.84167     0.00000     0.00000     0.00000
     1.84384     0.00000     0.00000     0.00000
     1.84602     0.00000     0.00000     0.00000
     1.84820     0.00000     0.00000     0.00000
     1.85037     0.00000     0.00000     0.00000
     1.85255     0.00000     0.00000     0.00000
     1.85473     0.00000     0.00000     0.00000
     1.85690     0.00000     0.00000     0.00000
     1.85908     0.00000     0.00000     0.00000
     1.86126     0.00000     0.00000     0.00000
     1.86344     0.00000     0.00000     0.00000
     1.86561     0.00000     0.00000     0.00000
     1.86779     0.00000     0.00000     0.00000
     1.86997     0.00000     0.00000     0.00000
     1.87214     0.00000     0.00000     0.00000
     1.87432     0.00000     0.00000     0.00000
     1.87650     0.00000     0.00000     0.00000
     1.87867     0.00000     0.00000     0.00000
     1.88085     0.00000     0.00000     0.00000
     1.88303     0.00000     0.00000     0.00000
     1.88520     0.00000     0.00000     0.00000
     1.88738     0.00000     0.00000     0.00000
     1.88956     0.00000     0.00000     0.00000
     1.89174     0.00000     0.00000     0.00000
     1.89391     0.00000     0.00000     0.00000
     1.89609     0.00000     0.00000     0.00000
     1.89827     0.00000     0.00000     0.00000
     1.90044     0.00000     0.00000     0.00000
     1.90262     0.00000     0.00000     0.00000
     1.90480     0.00000     0.00000     0.00000
     1.90697     0.00000     0.00000     0.00000
     1.90915     0.00000     0.00000     0.00000
     1.91133     0.00000     0.00000     0.00000
     1.91350     0.00000     0.00000     0.00000
     1.91568     0.00000     0.00000     0.00000
     1.91786     0.00000     0.00000     0.00000
     1.92004     0.00000     0.00000     0.00000
     1.92221     0.00000     0.00000     0.00000
     1.92439     0.00000     0.00000     0.00000
     1.92657     0.00000     0.00000     0.00000
     1.92874     0.00000     0.00000     0.00000
     1.93092     0.00000     0.00000     0.00000
     1.93310     0.00000     0.00000     0.00000
     1.93527     0.00000     0.00000     0.00000
     1.93745     0.00000     0.00000     0.00000
     1.93963     0.00000     0.00000     0.00000
     1.94180     0.00000     0.00000     0.00000
     1.94398     0.00000     0.00000     0.00000
     1.94616     0.00000     0.00000     0.00000
     1.94834     0.00000     0.00000     0.00000
     1.95051     0.00000     0.00000     0.00000
     1.95269     0.00000     0.00000     0.00000
     1.95487     0.00000     0.00000     0.00000
     1.95704     0.00000     0.00000     0.00000
     1.95922     0.00000     0.00000     0.00000
     1.96140     0.00000     0.00000     0.00000
     1.96357     0.00000     0.00000     0.00000
     1.96575     0.00000     0.00000     0.00000
     1.96793     0.00000     0.00000     0.00000
     1.97010     0.00000     0.00000     0.00000
     1.97228     0.00000     0.00000     0.00000
     1.97446     0.00000     0.00000     0.00000
     1.97664     0.00000     0.00000     0.00000
     1.97881     0.00000     0.00000     0.00000
     1.98099     0.00000     0.00000     0.00000
     1.98317     0.00000     0.00000     0.00000
     1.98534     0.00000     0.00000     0.00000
     1.98752     0.00000     0.00000     0.00000
     1.98970     0.00000     0.00000     0.00000
     1.99187     0.00000     0.00000     0.00000
     1.99405     0.00000     0.00000     0.00000
     1.99623     0.00000     0.00000     0.00000
     1.99840     0.00000     0.00000     0.00000
     2.00058     0.00000     0.00000     0.00000
     2.00276     0.00000     0.00000     0.00000
     2.00493     0.00000     0.00000     0.00000
     2.00711     0.00000     0.00000     0.00000
     2.00929     0.00000     0.00000     0.00000
     2.01147     0.00000     0.00000     0.00000
     2.01364     0.00000     0.00000     0.00000
     2.01582     0.00000     0.00000     0.00000
     2.01800     0.00000     0.00000     0.00000
     2.02017     0.00000     0.00000     0.00000
     2.02235     0.00000     0.00000     0.00000
     2.02453     0.00000     0.00000     0.00000
     2.02670     0.00000     0.00000     0.00000
     2.02888     0.00000     0.00000     0.00000
     2.03106     0.00000     0.00000     0.00000
     2.03323     0.00000     0.00000     0.00000
     2.03541     0.00000     0.00000     0.00000
     2.03759     0.00000     0.00000     0.00000
     2.03977     0.00000     0.00000     0.00000
     2.04194     0.00000     0.00000     0.00000
     2.04412     0.00000     0.00000     0.00000
     2.04630     0.00000     0.00000     0.00000
     2.04847     0.00000     0.00000     0.00000
     2.05065     0.00000     0.00000     0.00000
     2.05283     0.00000     0.00000     0.00000
     2.05500     0.00000     0.00000     0.00000
     2.05718     0.00000     0.00000     0.00000
     2.05936     0.00000     0.00000     0.00000
     2.06153     0.00000     0.00000     0.00000
     2.06371     0.00000     0.00000     0.00000
     2.06589     0.00000     0.00000     0.00000
     2.06807     0.00000     0.00000     0.00000
     2.07024     0.00000     0.00000     0.00000
     2.07242     0.00000     0.00000     0.00000
     2.07460     0.00000     0.00000     0.00000
     2.07677     0.00000     0.00000     0.00000
     2.07895     0.00000     0.00000     0.00000
     2.08113     0.00000     0.00000     0.00000
     2.08330     0.00000     0.00000     0.00000
     2.08548     0.00000     0.00000     0.00000
     2.08766     0.00000     0.00000     0.00000
     2.08983     0.00000     0.00000     0.00000
     2.09201     0.00000     0.00000     0.00000
     2.09419     0.00000     0.00000     0.00000
     2.09637     0.00000     0.00000     0.00000
     2.09854     0.00000     0.00000     0.00000
     2.10072     0.00000     0.00000     0.00000
     2.10290     0.00000     0.00000     0.00000
     2.10507     0.00000     0.00000     0.00000
     2.10725     0.00000     0.00000     0.00000
     2.10943     0.00000     0.00000     0.00000
     2.11160     0.00000     0.00000     0.00000
     2.11378     0.00000     0.00000     0.00000
     2.11596     0.00000     0.00000     0.00000
     2.11813     0.00000     0.00000     0.00000
     2.12031     0.00000     0.00000     0.00000
     2.12249     0.00000     0.00000     0.00000
     2.12467     0.00000     0.00000     0.00000
     2.12684     0.00000     0.00000     0.00000
     2.12902     0.00000     0.00000     0.00000
     2.13120     0.00000     0.00000     0.00000
     2.13337     0.00000     0.00000     0.00000
     2.13555     0.00000     0.00000     0.00000
     2.13773     0.00000     0.00000     0.00000
     2.13990     0.00000     0.00000     0.00000
     2.14208     0.00000     0.00000     0.00000
     2.14426     0.00000     0.00000     0.00000
     2.14643     0.00000     0.00000     0.00000
     2.14861     0.00000     0.00000     0.00000
     2.15079     0.00000     0.00000     0.00000
     2.15296     0.00000     0.00000     0.00000
     2.15514     0.00000     0.00000     0.00000
     2.15732     0.00000     0.00000     0.00000
     2.15950     0.00000     0.00000     0.00000
     2.16167     0.00000     0.00000     0.00000
     2.16385     0.00000     0.00000     0.00000
     2.16603     0.00000     0.00000     0.00000
     2.16820     0.00000     0.00000     0.00000
     2.17038     0.00000     0.00000     0.00000
     2.17256     0.00000     0.00000     0.00000
     2.17473     0.00000     0.00000     0.00000
     2.17691     0.00000     0.00000     0.00000
     2.17909     0.00000     0.00000     0.00000
     2.18126     0.00000     0.00000     0.00000
     2.18344     0.00000     0.00000     0.00000
     2.18562     0.00000     0.00000     0.00000
     2.18780     0.00000     0.00000     0.00000
     2.18997     0.00000     0.00000     0.00000
     2.19215     0.00000     0.00000     0.00000
     2.19433     0.00000     0.00000     0.00000
     2.19650     0.00000     0.00000     0.00000
     2.19868     0.00000     0.00000     0.00000
     2.20086     0.00000     0.00000     0.00000
     2.20303     0.00000     0.00000     0.00000
     2.20521     0.00000     0.00000     0.00000
     2.20739     0.00000     0.00000     0.00000
     2.20956     0.00000     0.00000     0.00000
     2.21174     0.00000     0.00000     0.00000
     2.21392     0.00000     0.00000     0.00000
     2.21610     0.00000     0.00000     0.00000
     2.21827     0.00000     0.00000     0.00000
     2.22045     0.00000     0.00000     0.00000
     2.22263     0.00000     0.00000     0.00000
     2.22480     0.00000     0.00000     0.00000
     2.22698     0.00000     0.00000     0.00000
     2.22916     0.00000     0.00000     0.00000
     2.23133     0.00000     0.00000     0.00000
     2.23351     0.00000     0.00000     0.00000
     2.23569     0.00000     0.00000     0.00000
     2.23786     0.00000     0.00000     0.00000
     2.24004     0.00000     0.00000     0.00000
     2.24222     0.00000     0.00000     0.00000
     2.24440     0.00000     0.00000     0.00000
     2.24657     0.00000     0.00000     0.00000
     2.24875     0.00000     0.00000     0.00000
     2.25093     0.00000     0.00000     0.00000
     2.25310     0.00000     0.00000     0.00000
     2.25528     0.00000     0.00000     0.00000
     2.25746     0.00000     0.00000     0.00000
     2.25963     0.00000     0.00000     0.00000
     2.26181     0.00000     0.00000     0.00000
     2.26399     0.00000     0.00000     0.00000
     2.26616     0.00000     0.00000     0.00000
     2.26834     0.00000     0.00000     0.00000
     2.27052     0.00000     0.00000     0.00000
     2.27269     0.00000     0.00000     0.00000
     2.27487     0.00000     0.00000     0.00000
     2.27705     0.00000     0.00000     0.00000
     2.27923     0.00000     0.00000     0.00000
     2.28140     0.00000     0.00000     0.00000
     2.28358     0.00000     0.00000     0.00000
     2.28576     0.00000     0.00000     0.00000
     2.28793     0.00000     0.00000     0.00000
     2.29011     0.00000     0.00000     0.00000
     2.29229     0.00000     0.00000     0.00000
     2.29446     0.00000     0.00000     0.00000
     2.29664     0.00000     0.00000     0.00000
     2.29882     0.00000     0.00000     0.00000
     2.30099     0.00000     0.00000     0.00000
     2.30317     0.00000     0.00000     0.00000
     2.30535     0.00000     0.00000     0.00000
     2.30753     0.00000     0.00000     0.00000
     2.30970     0.00000     0.00000     0.00000
     2.31188     0.00000     0.00000     0.00000
     2.31406     0.00000     0.00000     0.00000
     2.31623     0.00000     0.00000     0.00000
     2.31841     0.00000     0.00000     0.00000
     2.32059     0.00000     0.00000     0.00000
     2.32276     0.00000     0.00000     0.00000
     2.32494     0.00000     0.00000     0.00000
     2.32712     0.00000     0.00000     0.00000
     2.32929     0.00000     0.00000     0.00000
     2.33147     0.00000     0.00000     0.00000
     2.33365     0.00000     0.00000     0.00000
     2.33583     0.00000     0.00000     0.00000
     2.33800     0.00000     0.00000     0.00000
     2.34018     0.00000     0.00000     0.00000
     2.34236     0.00000     0.00000     0.00000
     2.34453     0.00000     0.00000     0.00000
     2.34671     0.00000     0.00000     0.00000
     2.34889     0.00000     0.00000     0.00000
     2.35106     0.00000     0.00000     0.00000
     2.35324     0.00000     0.00000     0.00000
     2.35542     0.00000     0.00000     0.00000
     2.35759     0.00000     0.00000     0.00000
     2.35977     0.00000     0.00000     0.00000
     2.36195     0.00000     0.00000     0.00000
     2.36413     0.00000     0.00000     0.00000
     2.36630     0.00000     0.00000     0.00000
     2.36848     0.00000     0.00000     0.00000
     2.37066     0.00000     0.00000     0.00000
     2.37283     0.00000     0.00000     0.00000
     2.37501     0.00000     0.00000     0.00000
     2.37719     0.00000     0.00000     0.00000
     2.37936     0.00000     0.00000     0.00000
     2.38154     0.00000     0.00000     0.00000
     2.38372     0.00000     0.00000     0.00000
     2.38589     0.00000     0.00000     0.00000
     2.38807     0.00000     0.00000     0.00000
     2.39025     0.00000     0.00000     0.00000
     2.39243     0.00000     0.00000     0.00000
     2.39460     0.00000     0.00000     0.00000
     2.39678     0.00000     0.00000     0.00000
     2.39896     0.00000     0.00000     0.00000
     2.40113     0.00000     0.00000     0.00000
     2.40331     0.00000     0.00000     0.00000
     2.40549     0.00000     0.00000     0.00000
     2.40766     0.00000     0.00000     0.00000
     2.40984     0.00000     0.00000     0.00000
     2.41202     0.00000     0.00000     0.00000
     2.41419     0.00000     0.00000     0.00000
     2.41637     0.00000     0.00000     0.00000
     2.41855     0.00000     0.00000     0.00000
     2.42072     0.00000     0.00000     0.00000
     2.42290     0.00000     0.00000     0.00000
     2.42508     0.00000     0.00000     0.00000
     2.42726     0.00000     0.00000     0.00000
     2.42943     0.00000     0.00000     0.00000
     2.43161     0.00000     0.00000     0.00000
     2.43379     0.00000     0.00000     0.00000
     2.43596     0.00000     0.00000     0.00000
     2.43814     0.00000     0.00000     0.00000
     2.44032     0.00000     0.00000     0.00000
     2.44249     0.00000     0.00000     0.00000
     2.44467     0.00000     0.00000     0.00000
     2.44685     0.00000     0.00000     0.00000
     2.44902     0.00000     0.00000     0.00000
     2.45120     0.00000     0.00000     0.00000
     2.45338     0.00000     0.00000     0.00000
     2.45556     0.00000     0.00000     0.00000
     2.45773     0.00000     0.00000     0.00000
     2.45991     0.00000     0.00000     0.00000
     2.46209     0.00000     0.00000     0.00000
     2.46426     0.00000     0.00000     0.00000
     2.46644     0.00000     0.00000     0.00000
     2.46862     0.00000     0.00000     0.00000
     2.47079     0.00000     0.00000     0.00000
     2.47297     0.00000     0.00000     0.00000
     2.47515     0.00000     0.00000     0.00000
     2.47732     0.00000     0.00000     0.00000
     2.47950     0.00000     0.00000     0.00000
     2.48168     0.00000     0.00000     0.00000
     2.48386     0.00000     0.00000     0.00000
     2.48603     0.00000     0.00000     0.00000
     2.48821     0.00000     0.00000     0.00000
     2.49039     0.00000     0.00000     0.00000
     2.49256     0.00000     0.00000     0.00000
     2.49474     0.00000     0.00000     0.00000
     2.49692     0.00000     0.00000     0.00000
     2.49909     0.00000     0.00000     0.00000
     2.50127     0.00000     0.00000     0.00000
     2.50345     0.00000     0.00000     0.00000
     2.50562     0.00000     0.00000     0.00000
     2.50780     0.00000     0.00000     0.00000
     2.50998     0.00000     0.00000     0.00000
     2.51216     0.00000     0.00000     0.00000
     2.51433     0.00000     0.00000     0.00000
     2.51651     0.00000     0.00000     0.00000
     2.51869     0.00000     0.00000     0.00000
     2.52086     0.00000     0.00000     0.00000
     2.52304     0.00000     0.00000     0.00000
     2.52522     0.00000     0.00000     0.00000
     2.52739     0.00000     0.00000     0.00000
     2.52957     0.00000     0.00000     0.00000
     2.53175     0.00000     0.00000     0.00000
     2.53392     0.00000     0.00000     0.00000
     2.53610     0.00000     0.00000     0.00000
     2.53828     0.00000     0.00000     0.00000
     2.54045     0.00000     0.00000     0.00000
     2.54263     0.00000     0.00000     0.00000
     2.54481     0.00000     0.00000     0.00000
     2.54699     0.00000     0.00000     0.00000
     2.54916     0.00000     0.00000     0.00000
     2.55134     0.00000     0.00000     0.00000
     2.55352     0.00000     0.00000     0.00000
     2.55569     0.00000     0.00000     0.00000
     2.55787     0.00000     0.00000     0.00000
     2.56005     0.00000     0.00000     0.00000
     2.56222     0.00000     0.00000     0.00000
     2.56440     0.00000     0.00000     0.00000
     2.56658     0.00000     0.00000     0.00000
     2.56875     0.00000     0.00000     0.00000
     2.57093     0.00000     0.00000     0.00000
     2.57311     0.00000     0.00000     0.00000
     2.57529     0.00000     0.00000     0.00000
     2.57746     0.00000     0.00000     0.00000
     2.57964     0.00000     0.00000     0.00000
     2.58182     0.00000     0.00000     0.00000
     2.58399     0.00000     0.00000     0.00000
     2.58617     0.00000     0.00000     0.00000
     2.58835     0.00000     0.00000     0.00000
     2.59052     0.00000     0.00000     0.00000
     2.59270     0.00000     0.00000     0.00000
     2.59488     0.00000     0.00000     0.00000
     2.59705     0.00000     0.00000     0.00000
     2.59923     0.00000     0.00000     0.00000
     2.60141     0.00000     0.00000     0.00000
     2.60359     0.00000     0.00000     0.00000
     2.60576     0.00000     0.00000     0.00000
     2.60794     0.00000     0.00000     0.00000
     2.61012     0.00000     0.00000     0.00000
     2.61229     0.00000     0.00000     0.00000
     2.61447     0.00000     0.00000     0.00000
     2.61665     0.00000     0.00000     0.00000
     2.61882     0.00000     0.00000     0.00000
     2.62100     0.00000     0.00000     0.00000
     2.62318     0.00000     0.00000     0.00000
     2.62535     0.00000     0.00000     0.00000
     2.62753     0.00000     0.00000     0.00000
     2.62971     0.00000     0.00000     0.00000
     2.63189     0.00000     0.00000     0.00000
     2.63406     0.00000     0.00000     0.00000
     2.63624     0.00000     0.00000     0.00000
     2.63842     0.00000     0.00000     0.00000
     2.64059     0.00000     0.00000     0.00000
     2.64277     0.00000     0.00000     0.00000
     2.64495     0.00000     0.00000     0.00000
     2.64712     0.00000     0.00000     0.00000
     2.64930     0.00000     0.00000     0.00000
     2.65148     0.00000     0.00000     0.00000
     2.65365     0.00000     0.00000     0.00000
     2.65583     0.00000     0.00000     0.00000
     2.65801     0.00000     0.00000     0.00000
     2.66019     0.00000     0.00000     0.00000
     2.66236     0.00000     0.00000     0.00000
     2.66454     0.00000     0.00000     0.00000
     2.66672     0.00000     0.00000     0.00000
     2.66889     0.00000     0.00000     0.00000
     2.67107     0.00000     0.00000     0.00000
     2.67325     0.00000     0.00000     0.00000
     2.67542     0.00000     0.00000     0.00000
     2.67760     0.00000     0.00000     0.00000
     2.67978     0.00000     0.00000     0.00000
     2.68195     0.00000     0.00000     0.00000
     2.68413     0.00000     0.00000     0.00000
     2.68631     0.00000     0.00000     0.00000
     2.68848     0.00000     0.00000     0.00000
     2.69066     0.00000     0.00000     0.00000
     2.69284     0.00000     0.00000     0.00000
     2.69502     0.00000     0.00000     0.00000
     2.69719     0.00000     0.00000     0.00000
     2.69937     0.00000     0.00000     0.00000
     2.70155     0.00000     0.00000     0.00000
     2.70372     0.00000     0.00000     0.00000
     2.70590     0.00000     0.00000     0.00000
     2.70808     0.00000     0.00000     0.00000
     2.71025     0.00000     0.00000     0.00000
     2.71243     0.00000     0.00000     0.00000
     2.71461     0.00000     0.00000     0.00000
     2.71678     0.00000     0.00000     0.00000
     2.71896     0.00000     0.00000     0.00000
     2.72114     0.00000     0.00000     0.00000
     2.72332     0.00000     0.00000     0.00000
     2.72549     0.00000     0.00000     0.00000
     2.72767     0.00000     0.00000     0.00000
     2.72985     0.00000     0.00000     0.00000
     2.73202     0.00000     0.00000     0.00000
     2.73420     0.00000     0.00000     0.00000
     2.73638     0.00000     0.00000     0.00000
     2.73855     0.00000     0.00000     0.00000
     2.74073     0.00000     0.00000     0.00000
     2.74291     0.00000     0.00000     0.00000
     2.74508     0.00000     0.00000     0.00000
     2.74726     0.00000     0.00000     0.00000
     2.74944     0.00000     0.00000     0.00000
     2.75162     0.00000     0.00000     0.00000
     2.75379     0.00000     0.00000     0.00000
     2.75597     0.00000     0.00000     0.00000
     2.75815     0.00000     0.00000     0.00000
     2.76032     0.00000     0.00000     0.00000
     2.76250     0.00000     0.00000     0.00000
     2.76468     0.00000     0.00000     0.00000
     2.76685     0.00000     0.00000     0.00000
     2.76903     0.00000     0.00000     0.00000
     2.77121     0.00000     0.00000     0.00000
     2.77338     0.00000     0.00000     0.00000
     2.77556     0.00000     0.00000     0.00000
     2.77774     0.00000     0.00000     0.00000
     2.77992     0.00000     0.00000     0.00000
     2.78209     0.00000     0.00000     0.00000
     2.78427     0.00000     0.00000     0.00000
     2.78645     0.00000     0.00000     0.00000
     2.78862     0.00000     0.00000     0.00000
     2.79080     0.00000     0.00000     0.00000
     2.79298     0.00000     0.00000     0.00000
     2.79515     0.00000     0.00000     0.00000
     2.79733     0.00000     0.00000     0.00000
     2.79951     0.00000     0.00000     0.00000
     2.80168     0.00000     0.00000     0.00000
     2.80386     0.00000     0.00000     0.00000
     2.80604     0.00000     0.00000     0.00000
     2.80822     0.00001     0.00000     0.00001
     2.81039     0.00001     0.00000     0.00001
     2.81257     0.00001     0.00000     0.00001
     2.81475     0.00002     0.00000     0.00002
     2.81692     0.00002     0.00000     0.00002
     2.81910     0.00003     0.00000     0.00003
     2.82128     0.00005     0.00000     0.00005
     2.82345     0.00007     0.00000     0.00007
     2.82563     0.00010     0.00000     0.00010
     2.82781     0.00014     0.00000     0.00014
     2.82998     0.00019     0.00000     0.00019
     2.83216     0.00027     0.00000     0.00027
     2.83434     0.00037     0.00000     0.00037
     2.83651     0.00051     0.00000     0.00051
     2.83869     0.00069     0.00000     0.00069
     2.84087     0.00094     0.00000     0.00094
     2.84305     0.00126     0.00000     0.00126
     2.84522     0.00169     0.00000     0.00169
     2.84740     0.00225     0.00000     0.00225
     2.84958     0.00296     0.00000     0.00296
     2.85175     0.00389     0.00000     0.00389
     2.85393     0.00507     0.00000     0.00507
     2.85611     0.00656     0.00000     0.00656
     2.85828     0.00844     0.00000     0.00844
     2.86046     0.01079     0.00000     0.01079
     2.86264     0.01371     0.00000     0.01371
     2.86481     0.01730     0.00000     0.01730
     2.86699     0.02170     0.00000     0.02170
     2.86917     0.02704     0.00000     0.02704
     2.87135     0.03348     0.00000     0.03348
     2.87352     0.04120     0.00000     0.04120
     2.87570     0.05036     0.00000     0.05036
     2.87788     0.06117     0.00000     0.06117
     2.88005     0.07382     0.00000     0.07382
     2.88223     0.08853     0.00000     0.08853
     2.88441     0.10548     0.00000     0.10548
     2.88658     0.12489     0.00000     0.12489
     2.88876     0.14691     0.00000     0.14691
     2.89094     0.17172     0.00000     0.17172
     2.89311     0.19944     0.00000     0.19944
     2.89529     0.23016     0.00000     0.23016
     2.89747     0.26391     0.00000     0.26391
     2.89965     0.30069     0.00000     0.30069
     2.90182     0.34040     0.00000     0.34040
     2.90400     0.38289     0.00000     0.38289
     2.90618     0.42795     0.00000     0.42795
     2.90835     0.47525     0.00000     0.47525
     2.91053     0.52442     0.00000     0.52442
     2.91271     0.57498     0.00000     0.57498
     2.91488     0.62639     0.00000     0.62639
     2.91706     0.67805     0.00000     0.67805
     2.91924     0.72929     0.00000     0.72929
     2.92141     0.77939     0.00000     0.77939
     2.92359     0.82763     0.00000     0.82763
     2.92577     0.87324     0.00000     0.87324
     2.92795     0.91548     0.00000     0.91548
     2.93012     0.95365     0.00000     0.95365
     2.93230     0.98707     0.00000     0.98707
     2.93448     1.01514     0.00000     1.01514
     2.93665     1.03736     0.00000     1.03736
     2.93883     1.05329     0.00000     1.05329
     2.94101     1.06265     0.00000     1.06265
     2.94318     1.06525     0.00000     1.06525
     2.94536     1.06105     0.00000     1.06105
     2.94754     1.05012     0.00000     1.05012
     2.94971     1.03267     0.00000     1.03267
     2.95189     1.00903     0.00000     1.00903
     2.95407     0.97965     0.00000     0.97965
     2.95624     0.94505     0.00000     0.94505
     2.95842     0.90586     0.00000     0.90586
     2.96060     0.86275     0.00000     0.86275
     2.96278     0.81646     0.00000     0.81646
     2.96495     0.76771     0.00000     0.76771
     2.96713     0.71728     0.00000     0.71728
     2.96931     0.66588     0.00000     0.66588
     2.97148     0.61422     0.00000     0.61422
     2.97366     0.56295     0.00000     0.56295
     2.97584     0.51268     0.00000     0.51268
     2.97801     0.46391     0.00000     0.46391
     2.98019     0.41710     0.00000     0.41710
     2.98237     0.37263     0.00000     0.37263
     2.98454     0.33077     0.00000     0.33077
     2.98672     0.29174     0.00000     0.29174
     2.98890     0.25568     0.00000     0.25568
     2.99108     0.22264     0.00000     0.22264
     2.99325     0.19264     0.00000     0.19264
     2.99543     0.16561     0.00000     0.16561
     2.99761     0.14147     0.00000     0.14147
     2.99978     0.12008     0.00000     0.12008
     3.00196     0.10127     0.00000     0.10127
     3.00414     0.08486     0.00000     0.08486
     3.00631     0.07066     0.00000     0.07066
     3.00849     0.05846     0.00000     0.05846
     3.01067     0.04806     0.00000     0.04806
     3.01284     0.03925     0.00000     0.03925
     3.01502     0.03186     0.00000     0.03186
     3.01720     0.02569     0.00000     0.02569
     3.01938     0.02058     0.00000     0.02058
     3.02155     0.01639     0.00000     0.01639
     3.02373     0.01296     0.00000     0.01296
     3.02591     0.01019     0.00000     0.01019
     3.02808     0.00796     0.00000     0.00796
     3.03026     0.00618     0.00000     0.00618
     3.03244     0.00476     0.00000     0.00476
     3.03461     0.00365     0.00000     0.00365
     3.03679     0.00278     0.00000     0.00278
     3.03897     0.00210     0.00000     0.00210
     3.04114     0.00158     0.00000     0.00158
     3.04332     0.00118     0.00000     0.00118
     3.04550     0.00088     0.00000     0.00088
     3.04768     0.00065     0.00000     0.00065
     3.04985     0.00047     0.00000     0.00047
     3.05203     0.00034     0.00000     0.00034
     3.05421     0.00025     0.00000     0.00025
     3.05638     0.00018     0.00000     0.00018
     3.05856     0.00013     0.00000     0.00013
     3.06074     0.00009     0.00000     0.00009
     3.06291     0.00006     0.00000     0.00006
     3.06509     0.00004     0.00000     0.00004
     3.06727     0.00003     0.00000     0.00003
     3.06944     0.00002     0.00000     0.00002
     3.07162     0.00001     0.00000     0.00001
     3.07380     0.00001     0.00000     0.00001
     3.07598     0.00001     0.00000     0.00001
     3.07815     0.00000     0.00000     0.00000
     3.08033     0.00000     0.00000     0.00000
     3.08251     0.00000     0.00000     0.00000
     3.08468     0.00000     0.00000     0.00000
     3.08686     0.00000     0.00000     0.00000
     3.08904     0.00000     0.00000     0.00000
     3.09121     0.00000     0.00000     0.00000
     3.09339     0.00000     0.00000     0.00000
     3.09557     0.00000     0.00000     0.00000
     3.09774     0.00000     0.00000     0.00000
     3.09992     0.00000     0.00000     0.00000
     3.10210     0.00000     0.00000     0.00000
     3.10427     0.00000     0.00000     0.00000
     3.10645     0.00000     0.00000     0.00000
     3.10863     0.00000     0.00000     0.00000
     3.11081     0.00000     0.00000     0.00000
     3.11298     0.00000     0.00000     0.00000
     3.11516     0.00000     0.00000     0.00000
     3.11734     0.00000     0.00000     0.00000
     3.11951     0.00000     0.00000     0.00000
     3.12169     0.00000     0.00000     0.00000
     3.12387     0.00000     0.00000     0.00000
     3.12604     0.00000     0.00000     0.00000
     3.12822     0.00000     0.00000     0.00000
     3.13040     0.00000     0.00000     0.00000
     3.13257     0.00000     0.00000     0.00000
     3.13475     0.00000     0.00000     0.00000
     3.13693     0.00000     0.00000     0.00000
     3.13911     0.00000     0.00000     0.00000
     3.14128     0.00000     0.00000     0.00000
     3.14346     0.00000     0.00000     0.00000
     3.14564     0.00000     0.00000     0.00000
     3.14781     0.00000     0.00000     0.00000
     3.14999     0.00000     0.00000     0.00000
     3.15217     0.00000     0.00000     0.00000
     3.15434     0.00000     0.00000     0.00000
     3.15652     0.00000     0.00000     0.00000
     3.15870     0.00000     0.00000     0.00000
     3.16087     0.00000     0.00000     0.00000
     3.16305     0.00000     0.00000     0.00000
     3.16523     0.00000     0.00000     0.00000
     3.16741     0.00000     0.00000     0.00000
     3.16958     0.00000     0.00000     0.00000
     3.17176     0.00000     0.00000     0.00000
     3.17394     0.00000     0.00000     0.00000
     3.17611     0.00000     0.00000     0.00000
     3.17829     0.00000     0.00000     0.00000
     3.18047     0.00000     0.00000     0.00000
     3.18264     0.00000     0.00000     0.00000
     3.18482     0.00000     0.00000     0.00000
     3.18700     0.00000     0.00000     0.00000
     3.18917     0.00000     0.00000     0.00000
     3.19135     0.00000     0.00000     0.00000
     3.19353     0.00000     0.00000     0.00000
     3.19571     0.00000     0.00000     0.00000
     3.19788     0.00000     0.00000     0.00000
     3.20006     0.00000     0.00000     0.00000
     3.20224     0.00000     0.00000     0.00000
     3.20441     0.00000     0.00000     0.00000
     3.20659     0.00000     0.00000     0.00000
     3.20877     0.00000     0.00000     0.00000
     3.21094     0.00000     0.00000     0.00000
     3.21312     0.00000     0.00000     0.00000
     3.21530     0.00000     0.00000     0.00000
     3.21747     0.00000     0.00000     0.00000
     3.21965     0.00000     0.00000     0.00000
     3.22183     0.00000     0.00000     0.00000
     3.22401     0.00000     0.00000     0.00000
     3.22618     0.00000     0.00000     0.00000
     3.22836     0.00000     0.00000     0.00000
     3.23054     0.00000     0.00000     0.00000
     3.23271     0.00000     0.00000     0.00000
     3.23489     0.00000     0.00000     0.00000
     3.23707     0.00000     0.00000     0.00000
     3.23924     0.00000     0.00000     0.00000
     3.24142     0.00000     0.00000     0.00000
     3.24360     0.00000     0.00000     0.00000
     3.24577     0.00000     0.00000     0.00000
     3.24795     0.00000     0.00000     0.00000
     3.25013     0.00000     0.00000     0.00000
     3.25230     0.00000     0.00000     0.00000
     3.25448     0.00000     0.00000     0.00000
     3.25666     0.00000     0.00000     0.00000
     3.25884     0.00000     0.00000     0.00000
     3.26101     0.00000     0.00000     0.00000
     3.26319     0.00000     0.00000     0.00000
     3.26537     0.00000     0.00000     0.00000
     3.26754     0.00000     0.00000     0.00000
     3.26972     0.00000     0.00000     0.00000
     3.27190     0.00000     0.00000     0.00000
     3.27407     0.00000     0.00000     0.00000
     3.27625     0.00000     0.00000     0.00000
     3.27843     0.00000     0.00000     0.00000
     3.28060     0.00000     0.00000     0.00000
     3.28278     0.00000     0.00000     0.00000
     3.28496     0.00000     0.00000     0.00000
     3.28714     0.00000     0.00000     0.00000
     3.28931     0.00000     0.00000     0.00000
     3.29149     0.00000     0.00000     0.00000
     3.29367     0.00000     0.00000     0.00000
     3.29584     0.00000     0.00000     0.00000
     3.29802     0.00000     0.00000     0.00000
     3.30020     0.00000     0.00000     0.00000
     3.30237     0.00000     0.00000     0.00000
     3.30455     0.00000     0.00000     0.00000
     3.30673     0.00000     0.00000     0.00000
     3.30890     0.00000     0.00000     0.00000
     3.31108     0.00000     0.00000     0.00000
     3.31326     0.00000     0.00000     0.00000
     3.31544     0.00000     0.00000     0.00000
     3.31761     0.00000     0.00000     0.00000
     3.31979     0.00000     0.00000     0.00000
     3.32197     0.00000     0.00000     0.00000
     3.32414     0.00000     0.00000     0.00000
     3.32632     0.00000     0.00000     0.00000
     3.32850     0.00000     0.00000     0.00000
     3.33067     0.00000     0.00000     0.00000
     3.33285     0.00000     0.00000     0.00000
     3.33503     0.00000     0.00000     0.00000
     3.33720     0.00000     0.00000     0.00000
     3.33938     0.00000     0.00000     0.00000
     3.34156     0.00000     0.00000     0.00000
     3.34374     0.00000     0.00000     0.00000
     3.34591     0.00000     0.00000     0.00000
     3.34809     0.00000     0.00000     0.00000
     3.35027     0.00000     0.00000     0.00000
     3.35244     0.00000     0.00000     0.00000
     3.35462     0.00000     0.00000     0.00000
     3.35680     0.00000     0.00000     0.00000
     3.35897     0.00000     0.00000     0.00000
     3.36115     0.00000     0.00000     0.00000
     3.36333     0.00000     0.00000     0.00000
     3.36550     0.00000     0.00000     0.00000
     3.36768     0.00000     0.00000     0.00000
     3.36986     0.00000     0.00000     0.00000
     3.37203     0.00000     0.00000     0.00000
     3.37421     0.00000     0.00000     0.00000
     3.37639     0.00000     0.00000     0.00000
     3.37857     0.00000     0.00000     0.00000
     3.38074     0.00000     0.00000     0.00000
     3.38292     0.00000     0.00000     0.00000
     3.38510     0.00000     0.00000     0.00000
     3.38727     0.00000     0.00000     0.00000
     3.38945     0.00000     0.00000     0.00000
     3.39163     0.00000     0.00000     0.00000
     3.39380     0.00000     0.00000     0.00000
     3.39598     0.00000     0.00000     0.00000
     3.39816     0.00000     0.00000     0.00000
     3.40033     0.00000     0.00000     0.00000
     3.40251     0.00000     0.00000     0.00000
     3.40469     0.00000     0.00000     0.00000
     3.40687     0.00000     0.00000     0.00000
     3.40904     0.00000     0.00000     0.00000
     3.41122     0.00000     0.00000     0.00000
     3.41340     0.00000     0.00000     0.00000
     3.41557     0.00000     0.00000     0.00000
     3.41775     0.00000     0.00000     0.00000
     3.41993     0.00000     0.00000     0.00000
     3.42210     0.00000     0.00000     0.00000
     3.42428     0.00000     0.00000     0.00000
     3.42646     0.00000     0.00000     0.00000
     3.42863     0.00000     0.00000     0.00000
     3.43081     0.00000     0.00000     0.00000
     3.43299     0.00000     0.00000     0.00000
     3.43517     0.00000     0.00000     0.00000
     3.43734     0.00000     0.00000     0.00000
     3.43952     0.00000     0.00000     0.00000
     3.44170     0.00000     0.00000     0.00000
     3.44387     0.00000     0.00000     0.00000
     3.44605     0.00000     0.00000     0.00000
     3.44823     0.00000     0.00000     0.00000
     3.45040     0.00000     0.00000     0.00000
     3.45258     0.00000     0.00000     0.00000
     3.45476     0.00000     0.00000     0.00000
     3.45693     0.00000     0.00000     0.00000
     3.45911     0.00000     0.00000     0.00000
     3.46129     0.00000     0.00000     0.00000
     3.46347     0.00000     0.00000     0.00000
     3.46564     0.00000     0.00000     0.00000
     3.46782     0.00000     0.00000     0.00000
     3.47000     0.00000     0.00000     0.00000
     3.47217     0.00000     0.00000     0.00000
     3.47435     0.00000     0.00000     0.00000
     3.47653     0.00000     0.00000     0.00000
     3.47870     0.00000     0.00000     0.00000
     3.48088     0.00000     0.00000     0.00000
     3.48306     0.00000     0.00000     0.00000
     3.48523     0.00000     0.00000     0.00000
     3.48741     0.00000     0.00000     0.00000
     3.48959     0.00000     0.00000     0.00000
     3.49177     0.00000     0.00000     0.00000
     3.49394     0.00000     0.00000     0.00000
     3.49612     0.00000     0.00000     0.00000
     3.49830     0.00000     0.00000     0.00000
     3.50047     0.00000     0.00000     0.00000
     3.50265     0.00000     0.00000     0.00000
     3.50483     0.00000     0.00000     0.00000
     3.50700     0.00000     0.00000     0.00000
     3.50918     0.00000     0.00000     0.00000
     3.51136     0.00000     0.00000     0.00000
     3.51353     0.00000     0.00000     0.00000
     3.51571     0.00000     0.00000     0.00000
     3.51789     0.00000     0.00000     0.00000
     3.52006     0.00000     0.00000     0.00000
     3.52224     0.00000     0.00000     0.00000
     3.52442     0.00000     0.00000     0.00000
     3.52660     0.00000     0.00000     0.00000
     3.52877     0.00000     0.00000     0.00000
     3.53095     0.00000     0.00000     0.00000
     3.53313     0.00000     0.00000     0.00000
     3.53530     0.00000     0.00000     0.00000
     3.53748     0.00000     0.00000     0.00000
     3.53966     0.00000     0.00000     0.00000
     3.54183     0.00000     0.00000     0.00000
     3.54401     0.00000     0.00000     0.00000
     3.54619     0.00000     0.00000     0.00000
     3.54836     0.00000     0.00000     0.00000
     3.55054     0.00000     0.00000     0.00000
     3.55272     0.00000     0.00000     0.00000
     3.55490     0.00000     0.00000     0.00000
     3.55707     0.00000     0.00000     0.00000
     3.55925     0.00000     0.00000     0.00000
     3.56143     0.00000     0.00000     0.00000
     3.56360     0.00000     0.00000     0.00000
     3.56578     0.00000     0.00000     0.00000
     3.56796     0.00000     0.00000     0.00000
     3.57013     0.00000     0.00000     0.00000
     3.57231     0.00000     0.00000     0.00000
     3.57449     0.00000     0.00000     0.00000
     3.57666     0.00000     0.00000     0.00000
     3.57884     0.00000     0.00000     0.00000
     3.58102     0.00000     0.00000     0.00000
     3.58320     0.00000     0.00000     0.00000
     3.58537     0.00000     0.00000     0.00000
     3.58755     0.00000     0.00000     0.00000
     3.58973     0.00000     0.00000     0.00000
     3.59190     0.00000     0.00000     0.00000
     3.59408     0.00000     0.00000     0.00000
     3.59626     0.00000     0.00000     0.00000
     3.59843     0.00000     0.00000     0.00000
     3.60061     0.00000     0.00000     0.00000
     3.60279     0.00000     0.00000     0.00000
     3.60496     0.00000     0.00000     0.00000
     3.60714     0.00000     0.00000     0.00000
     3.60932     0.00000     0.00000     0.00000
     3.61150     0.00000     0.00000     0.00000
     3.61367     0.00000     0.00000     0.00000
     3.61585     0.00000     0.00000     0.00000
     3.61803     0.00000     0.00000     0.00000
     3.62020     0.00000     0.00000     0.00000
     3.62238     0.00000     0.00000     0.00000
     3.62456     0.00000     0.00000     0.00000
     3.62673     0.00000     0.00000     0.00000
     3.62891     0.00000     0.00000     0.00000
     3.63109     0.00000     0.00000     0.00000
     3.63326     0.00000     0.00000     0.00000
     3.63544     0.00000     0.00000     0.00000
     3.63762     0.00000     0.00000     0.00000
     3.63979     0.00000     0.00000     0.00000
     3.64197     0.00000     0.00000     0.00000
     3.64415     0.00000     0.00000     0.00000
     3.64633     0.00000     0.00000     0.00000
     3.64850     0.00000     0.00000     0.00000
     3.65068     0.00000     0.00000     0.00000
     3.65286     0.00000     0.00000     0.00000
     3.65503     0.00000     0.00000     0.00000
     3.65721     0.00000     0.00000     0.00000
     3.65939     0.00000     0.00000     0.00000
     3.66156     0.00000     0.00000     0.00000
     3.66374     0.00000     0.00000     0.00000
     3.66592     0.00000     0.00000     0.00000
     3.66809     0.00000     0.00000     0.00000
     3.67027     0.00000     0.00000     0.00000
     3.67245     0.00000     0.00000     0.00000
     3.67463     0.00000     0.00000     0.00000
     3.67680     0.00000     0.00000     0.00000
     3.67898     0.00000     0.00000     0.00000
     3.68116     0.00000     0.00000     0.00000
     3.68333     0.00000     0.00000     0.00000
     3.68551     0.00000     0.00000     0.00000
     3.68769     0.00000     0.00000     0.00000
     3.68986     0.00000     0.00000     0.00000
     3.69204     0.00000     0.00000     0.00000
     3.69422     0.00000     0.00000     0.00000
     3.69639     0.00000     0.00000     0.00000
     3.69857     0.00000     0.00000     0.00000
     3.70075     0.00000     0.00000     0.00000
     3.70293     0.00000     0.00000     0.00000
     3.70510     0.00000     0.00000     0.00000
     3.70728     0.00000     0.00000     0.00000
     3.70946     0.00000     0.00000     0.00000
     3.71163     0.00000     0.00000     0.00000
     3.71381     0.00000     0.00000     0.00000
     3.71599     0.00000     0.00000     0.00000
     3.71816     0.00000     0.00000     0.00000
     3.72034     0.00000     0.00000     0.00000
     3.72252     0.00000     0.00000     0.00000
     3.72469     0.00000     0.00000     0.00000
     3.72687     0.00000     0.00000     0.00000
     3.72905     0.00000     0.00000     0.00000
     3.73123     0.00000     0.00000     0.00000
     3.73340     0.00000     0.00000     0.00000
     3.73558     0.00000     0.00000     0.00000
     3.73776     0.00000     0.00000     0.00000
     3.73993     0.00000     0.00000     0.00000
     3.74211     0.00000     0.00000     0.00000
     3.74429     0.00000     0.00000     0.00000
     3.74646     0.00000     0.00000     0.00000
     3.74864     0.00000     0.00000     0.00000
     3.75082     0.00000     0.00000     0.00000
     3.75299     0.00000     0.00000     0.00000
     3.75517     0.00000     0.00000     0.00000
     3.75735     0.00000     0.00000     0.00000
     3.75953     0.00000     0.00000     0.00000
     3.76170     0.00000     0.00000     0.00000
     3.76388     0.00000     0.00000     0.00000
     3.76606     0.00000     0.00000     0.00000
     3.76823     0.00000     0.00000     0.00000
     3.77041     0.00000     0.00000     0.00000
     3.77259     0.00000     0.00000     0.00000
     3.77476     0.00000     0.00000     0.00000
     3.77694     0.00000     0.00000     0.00000
     3.77912     0.00000     0.00000     0.00000
     3.78129     0.00000     0.00000     0.00000
     3.78347     0.00000     0.00000     0.00000
     3.78565     0.00000     0.00000     0.00000
     3.78782     0.00000     0.00000     0.00000
     3.79000     0.00000     0.00000     0.00000
     3.79218     0.00000     0.00000     0.00000
     3.79436     0.00000     0.00000     0.00000
     3.79653     0.00000     0.00000     0.00000
     3.79871     0.00000     0.00000     0.00000
     3.80089     0.00000     0.00000     0.00000
     3.80306     0.00000     0.00000     0.00000
     3.80524     0.00000     0.00000     0.00000
     3.80742     0.00000     0.00000     0.00000
     3.80959     0.00000     0.00000     0.00000
     3.81177     0.00000     0.00000     0.00000
     3.81395     0.00000     0.00000     0.00000
     3.81612     0.00000     0.00000     0.00000
     3.81830     0.00000     0.00000     0.00000
     3.82048     0.00000     0.00000     0.00000
     3.82266     0.00000     0.00000     0.00000
     3.82483     0.00000     0.00000     0.00000
     3.82701     0.00000     0.00000     0.00000
     3.82919     0.00000     0.00000     0.00000
     3.83136     0.00000     0.00000     0.00000
     3.83354     0.00000     0.00000     0.00000
     3.83572     0.00000     0.00000     0.00000
     3.83789     0.00000     0.00000     0.00000
     3.84007     0.00000     0.00000     0.00000
     3.84225     0.00000     0.00000     0.00000
     3.84442     0.00000     0.00000     0.00000
     3.84660     0.00000     0.00000     0.00000
     3.84878     0.00000     0.00000     0.00000
     3.85096     0.00000     0.00000     0.00000
     3.85313     0.00000     0.00000     0.00000
     3.85531     0.00000     0.00000     0.00000
     3.85749     0.00000     0.00000     0.00000
     3.85966     0.00000     0.00000     0.00000
     3.86184     0.00000     0.00000     0.00000
     3.86402     0.00000     0.00000     0.00000
     3.86619     0.00000     0.00000     0.00000
     3.86837     0.00000     0.00000     0.00000
     3.87055     0.00000     0.00000     0.00000
     3.87272     0.00000     0.00000     0.00000
     3.87490     0.00000     0.00000     0.00000
     3.87708     0.00000     0.00000     0.00000
     3.87926     0.00000     0.00000     0.00000
     3.88143     0.00000     0.00000     0.00000
     3.88361     0.00000     0.00000     0.00000
     3.88579     0.00000     0.00000     0.00000
     3.88796     0.00000     0.00000     0.00000
     3.89014     0.00000     0.00000     0.00000
     3.89232     0.00000     0.00000     0.00000
     3.89449     0.00000     0.00000     0.00000
     3.89667     0.00000     0.00000     0.00000
     3.89885     0.00000     0.00000     0.00000
     3.90102     0.00000     0.00000     0.00000
     3.90320     0.00000     0.00000     0.00000
     3.90538     0.00000     0.00000     0.00000
     3.90756     0.00000     0.00000     0.00000
     3.90973     0.00000     0.00000     0.00000
     3.91191     0.00000     0.00000     0.00000
     3.91409     0.00000     0.00000     0.00000
     3.91626     0.00000     0.00000     0.00000
     3.91844     0.00000     0.00000     0.00000
     3.92062     0.00000     0.00000     0.00000
     3.92279     0.00000     0.00000     0.00000
     3.92497     0.00000     0.00000     0.00000
     3.92715     0.00000     0.00000     0.00000
     3.92932     0.00000     0.00000     0.00000
     3.93150     0.00000     0.00000     0.00000
     3.93368     0.00000     0.00000     0.00000
     3.93585     0.00000     0.00000     0.00000
     3.93803     0.00000     0.00000     0.00000
     3.94021     0.00000     0.00000     0.00000
     3.94239     0.00000     0.00000     0.00000
     3.94456     0.00000     0.00000     0.00000
     3.94674     0.00000     0.00000     0.00000
     3.94892     0.00000     0.00000     0.00000
     3.95109     0.00000     0.00000     0.00000
     3.95327     0.00000     0.00000     0.00000
     3.95545     0.00000     0.00000     0.00000
     3.95762     0.00000     0.00000     0.00000
     3.95980     0.00000     0.00000     0.00000
     3.96198     0.00000     0.00000     0.00000
     3.96415     0.00000     0.00000     0.00000
     3.96633     0.00000     0.00000     0.00000
     3.96851     0.00000     0.00000     0.00000
     3.97069     0.00000     0.00000     0.00000
     3.97286     0.00000     0.00000     0.00000
     3.97504     0.00000     0.00000     0.00000
     3.97722     0.00000     0.00000     0.00000
     3.97939     0.00000     0.00000     0.00000
     3.98157     0.00000     0.00000     0.00000
     3.98375     0.00000     0.00000     0.00000
     3.98592     0.00000     0.00000     0.00000
     3.98810     0.00000     0.00000     0.00000
     3.99028     0.00000     0.00000     0.00000
     3.99245     0.00000     0.00000     0.00000
     3.99463     0.00000     0.00000     0.00000
     3.99681     0.00000     0.00000     0.00000
     3.99899     0.00000     0.00000     0.00000
     4.00116     0.00000     0.00000     0.00000
     4.00334     0.00000     0.00000     0.00000
     4.00552     0.00000     0.00000     0.00000
     4.00769     0.00000     0.00000     0.00000
     4.00987     0.00000     0.00000     0.00000
     4.01205     0.00000     0.00000     0.00000
     4.01422     0.00000     0.00000     0.00000
     4.01640     0.00000     0.00000     0.00000
     4.01858     0.00000     0.00000     0.00000
     4.02075     0.00000     0.00000     0.00000
     4.02293     0.00000     0.00000     0.00000
     4.02511     0.00000     0.00000     0.00000
     4.02729     0.00000     0.00000     0.00000
     4.02946     0.00000     0.00000     0.00000
     4.03164     0.00000     0.00000     0.00000
     4.03382     0.00000     0.00000     0.00000
     4.03599     0.00000     0.00000     0.00000
     4.03817     0.00000     0.00000     0.00000
     4.04035     0.00000     0.00000     0.00000
     4.04252     0.00000     0.00000     0.00000
     4.04470     0.00000     0.00000     0.00000
     4.04688     0.00000     0.00000     0.00000
     4.04905     0.00000     0.00000     0.00000
     4.05123     0.00000     0.00000     0.00000
     4.05341     0.00000     0.00000     0.00000
     4.05558     0.00000     0.00000     0.00000
     4.05776     0.00000     0.00000     0.00000
     4.05994     0.00000     0.00000     0.00000
     4.06212     0.00000     0.00000     0.00000
     4.06429     0.00000     0.00000     0.00000
     4.06647     0.00000     0.00000     0.00000
     4.06865     0.00000     0.00000     0.00000
     4.07082     0.00000     0.00000     0.00000
     4.07300     0.00000     0.00000     0.00000
     4.07518     0.00000     0.00000     0.00000
     4.07735     0.00000     0.00000     0.00000
     4.07953     0.00000     0.00000     0.00000
     4.08171     0.00000     0.00000     0.00000
     4.08388     0.00000     0.00000     0.00000
     4.08606     0.00000     0.00000     0.00000
     4.08824     0.00000     0.00000     0.00000
     4.09042     0.00000     0.00000     0.00000
     4.09259     0.00000     0.00000     0.00000
     4.09477     0.00000     0.00000     0.00000
     4.09695     0.00000     0.00000     0.00000
     4.09912     0.00000     0.00000     0.00000
     4.10130     0.00000     0.00000     0.00000
     4.10348     0.00000     0.00000     0.00000
     4.10565     0.00000     0.00000     0.00000
     4.10783     0.00000     0.00000     0.00000
     4.11001     0.00000     0.00000     0.00000
     4.11218     0.00000     0.00000     0.00000
     4.11436     0.00000     0.00000     0.00000
     4.11654     0.00000     0.00000     0.00000
     4.11872     0.00000     0.00000     0.00000
     4.12089     0.00000     0.00000     0.00000
     4.12307     0.00000     0.00000     0.00000
     4.12525     0.00000     0.00000     0.00000
     4.12742     0.00000     0.00000     0.00000
     4.12960     0.00000     0.00000     0.00000
     4.13178     0.00000     0.00000     0.00000
     4.13395     0.00000     0.00000     0.00000
     4.13613     0.00000     0.00000     0.00000
     4.13831     0.00000     0.00000     0.00000
     4.14048     0.00000     0.00000     0.00000
     4.14266     0.00000     0.00000     0.00000
     4.14484     0.00000     0.00000     0.00000
     4.14702     0.00000     0.00000     0.00000
     4.14919     0.00000     0.00000     0.00000
     4.15137     0.00000     0.00000     0.00000
     4.15355     0.00000     0.00000     0.00000
     4.15572     0.00000     0.00000     0.00000
     4.15790     0.00000     0.00000     0.00000
     4.16008     0.00000     0.00000     0.00000
     4.16225     0.00000     0.00000     0.00000
     4.16443     0.00000     0.00000     0.00000
     4.16661     0.00000     0.00000     0.00000
     4.16878     0.00000     0.00000     0.00000
     4.17096     0.00000     0.00000     0.00000
     4.17314     0.00000     0.00000     0.00000
     4.17532     0.00000     0.00000     0.00000
     4.17749     0.00000     0.00000     0.00000
     4.17967     0.00000     0.00000     0.00000
     4.18185     0.00000     0.00000     0.00000
     4.18402     0.00000     0.00000     0.00000
     4.18620     0.00000     0.00000     0.00000
     4.18838     0.00000     0.00000     0.00000
     4.19055     0.00000     0.00000     0.00000
     4.19273     0.00000     0.00000     0.00000
     4.19491     0.00000     0.00000     0.00000
     4.19708     0.00000     0.00000     0.00000
     4.19926     0.00000     0.00000     0.00000
     4.20144     0.00000     0.00000     0.00000
     4.20361     0.00000     0.00000     0.00000
     4.20579     0.00000     0.00000     0.00000
     4.20797     0.00000     0.00000     0.00000
     4.21015     0.00000     0.00000     0.00000
     4.21232     0.00000     0.00000     0.00000
     4.21450     0.00000     0.00000     0.00000
     4.21668     0.00000     0.00000     0.00000
     4.21885     0.00000     0.00000     0.00000
     4.22103     0.00000     0.00000     0.00000
     4.22321     0.00000     0.00000     0.00000
     4.22538     0.00000     0.00000     0.00000
     4.22756     0.00000     0.00000     0.00000
     4.22974     0.00000     0.00000     0.00000
     4.23191     0.00000     0.00000     0.00000
     4.23409     0.00000     0.00000     0.00000
     4.23627     0.00000     0.00000     0.00000
     4.23845     0.00000     0.00000     0.00000
     4.24062     0.00000     0.00000     0.00000
     4.24280     0.00000     0.00000     0.00000
     4.24498     0.00000     0.00000     0.00000
     4.24715     0.00000     0.00000     0.00000
     4.24933     0.00000     0.00000     0.00000
     4.25151     0.00000     0.00000     0.00000
     4.25368     0.00000     0.00000     0.00000
     4.25586     0.00000     0.00000     0.00000
     4.25804     0.00000     0.00000     0.00000
     4.26021     0.00000     0.00000     0.00000
     4.26239     0.00000     0.00000     0.00000
     4.26457     0.00000     0.00000     0.00000
     4.26675     0.00000     0.00000     0.00000
     4.26892     0.00000     0.00000     0.00000
     4.27110     0.00000     0.00000     0.00000
     4.27328     0.00000     0.00000     0.00000
     4.27545     0.00000     0.00000     0.00000
     4.27763     0.00000     0.00000     0.00000
     4.27981     0.00000     0.00000     0.00000
     4.28198     0.00000     0.00000     0.00000
     4.28416     0.00000     0.00000     0.00000
     4.28634     0.00000     0.00000     0.00000
     4.28851     0.00000     0.00000     0.00000
     4.29069     0.00000     0.00000     0.00000
     4.29287     0.00000     0.00000     0.00000
     4.29505     0.00000     0.00000     0.00000
     4.29722     0.00000     0.00000     0.00000
     4.29940     0.00000     0.00000     0.00000
     4.30158     0.00000     0.00000     0.00000
     4.30375     0.00000     0.00000     0.00000
     4.30593     0.00000     0.00000     0.00000
     4.30811     0.00000     0.00000     0.00000
     4.31028     0.00000     0.00000     0.00000
     4.31246     0.00000     0.00000     0.00000
     4.31464     0.00000     0.00000     0.00000
     4.31681     0.00000     0.00000     0.00000
     4.31899     0.00000     0.00000     0.00000
     4.32117     0.00000     0.00000     0.00000
     4.32335     0.00000     0.00000     0.00000
     4.32552     0.00000     0.00000     0.00000
     4.32770     0.00000     0.00000     0.00000
     4.32988     0.00000     0.00000     0.00000
     4.33205     0.00000     0.00000     0.00000
     4.33423     0.00000     0.00000     0.00000
     4.33641     0.00000     0.00000     0.00000
     4.33858     0.00000     0.00000     0.00000
     4.34076     0.00000     0.00000     0.00000
     4.34294     0.00000     0.00000     0.00000
     4.34511     0.00000     0.00000     0.00000
     4.34729     0.00000     0.00000     0.00000
     4.34947     0.00000     0.00000     0.00000
     4.35164     0.00000     0.00000     0.00000
     4.35382     0.00000     0.00000     0.00000
     4.35600     0.00000     0.00000     0.00000
     4.35818     0.00000     0.00000     0.00000
     4.36035     0.00000     0.00000     0.00000
     4.36253     0.00000     0.00000     0.00000
     4.36471     0.00000     0.00000     0.00000
     4.36688     0.00000     0.00000     0.00000
     4.36906     0.00000     0.00000     0.00000
     4.37124     0.00000     0.00000     0.00000
     4.37341     0.00000     0.00000     0.00000
     4.37559     0.00000     0.00000     0.00000
     4.37777     0.00000     0.00000     0.00000
     4.37994     0.00000     0.00000     0.00000
     4.38212     0.00000     0.00000     0.00000
     4.38430     0.00000     0.00000     0.00000
     4.38648     0.00000     0.00000     0.00000
     4.38865     0.00000     0.00000     0.00000
     4.39083     0.00000     0.00000     0.00000
     4.39301     0.00000     0.00000     0.00000
     4.39518     0.00000     0.00000     0.00000
     4.39736     0.00000     0.00000     0.00000
     4.39954     0.00000     0.00000     0.00000
     4.40171     0.00000     0.00000     0.00000
     4.40389     0.00000     0.00000     0.00000
     4.40607     0.00000     0.00000     0.00000
     4.40824     0.00000     0.00000     0.00000
     4.41042     0.00000     0.00000     0.00000
     4.41260     0.00000     0.00000     0.00000
     4.41478     0.00000     0.00000     0.00000
     4.41695     0.00000     0.00000     0.00000
     4.41913     0.00000     0.00000     0.00000
     4.42131     0.00000     0.00000     0.00000
     4.42348     0.00000     0.00000     0.00000
     4.42566     0.00000     0.00000     0.00000
     4.42784     0.00000     0.00000     0.00000
     4.43001     0.00000     0.00000     0.00000
     4.43219     0.00000     0.00000     0.00000
     4.43437     0.00000     0.00000     0.00000
     4.43654     0.00000     0.00000     0.00000
     4.43872     0.00000     0.00000     0.00000
     4.44090     0.00000     0.00000     0.00000
     4.44308     0.00000     0.00000     0.00000
     4.44525     0.00000     0.00000     0.00000
     4.44743     0.00000     0.00000     0.00000
     4.44961     0.00000     0.00000     0.00000
     4.45178     0.00000     0.00000     0.00000
     4.45396     0.00000     0.00000     0.00000
     4.45614     0.00000     0.00000     0.00000
     4.45831     0.00000     0.00000     0.00000
     4.46049     0.00000     0.00000     0.00000
     4.46267     0.00000     0.00000     0.00000
     4.46484     0.00000     0.00000     0.00000
     4.46702     0.00000     0.00000     0.00000
     4.46920     0.00000     0.00000     0.00000
     4.47137     0.00000     0.00000     0.00000
     4.47355     0.00000     0.00000     0.00000
     4.47573     0.00000     0.00000     0.00000
     4.47791     0.00000     0.00000     0.00000
     4.48008     0.00000     0.00000     0.00000
     4.48226     0.00000     0.00000     0.00000
     4.48444     0.00000     0.00000     0.00000
     4.48661     0.00000     0.00000     0.00000
     4.48879     0.00000     0.00000     0.00000
     4.49097     0.00000     0.00000     0.00000
     4.49314     0.00000     0.00000     0.00000
     4.49532     0.00000     0.00000     0.00000
     4.49750     0.00000     0.00000     0.00000
     4.49967     0.00000     0.00000     0.00000
     4.50185     0.00000     0.00000     0.00000
     4.50403     0.00000     0.00000     0.00000
     4.50621     0.00000     0.00000     0.00000
     4.50838     0.00000     0.00000     0.00000
     4.51056     0.00000     0.00000     0.00000
     4.51274     0.00000     0.00000     0.00000
     4.51491     0.00000     0.00000     0.00000
     4.51709     0.00000     0.00000     0.00000
     4.51927     0.00000     0.00000     0.00000
     4.52144     0.00000     0.00000     0.00000
     4.52362     0.00000     0.00000     0.00000
     4.52580     0.00000     0.00000     0.00000
     4.52797     0.00000     0.00000     0.00000
     4.53015     0.00000     0.00000     0.00000
     4.53233     0.00000     0.00000     0.00000
     4.53451     0.00000     0.00000     0.00000
     4.53668     0.00000     0.00000     0.00000
     4.53886     0.00000     0.00000     0.00000
     4.54104     0.00000     0.00000     0.00000
     4.54321     0.00000     0.00000     0.00000
     4.54539     0.00000     0.00000     0.00000
     4.54757     0.00000     0.00000     0.00000
     4.54974     0.00000     0.00000     0.00000
     4.55192     0.00000     0.00000     0.00000
     4.55410     0.00000     0.00000     0.00000
     4.55627     0.00000     0.00000     0.00000
     4.55845     0.00000     0.00000     0.00000
     4.56063     0.00000     0.00000     0.00000
     4.56281     0.00000     0.00000     0.00000
     4.56498     0.00000     0.00000     0.00000
     4.56716     0.00000     0.00000     0.00000
     4.56934     0.00000     0.00000     0.00000
     4.57151     0.00000     0.00000     0.00000
     4.57369     0.00000     0.00000     0.00000
     4.57587     0.00000     0.00000     0.00000
     4.57804     0.00000     0.00000     0.00000
     4.58022     0.00000     0.00000     0.00000
     4.58240     0.00000     0.00000     0.00000
     4.58457     0.00000     0.00000     0.00000
     4.58675     0.00000     0.00000     0.00000
     4.58893     0.00000     0.00000     0.00000
     4.59111     0.00000     0.00000     0.00000
     4.59328     0.00000     0.00000     0.00000
     4.59546     0.00000     0.00000     0.00000
     4.59764     0.00000     0.00000     0.00000
     4.59981     0.00000     0.00000     0.00000
     4.60199     0.00000     0.00000     0.00000
     4.60417     0.00000     0.00000     0.00000
     4.60634     0.00000     0.00000     0.00000
     4.60852     0.00000     0.00000     0.00000
     4.61070     0.00000     0.00000     0.00000
     4.61287     0.00000     0.00000     0.00000
     4.61505     0.00000     0.00000     0.00000
     4.61723     0.00000     0.00000     0.00000
     4.61940     0.00000     0.00000     0.00000
     4.62158     0.00000     0.00000     0.00000
     4.62376     0.00000     0.00000     0.00000
     4.62594     0.00000     0.00000     0.00000
     4.62811     0.00000     0.00000     0.00000
     4.63029     0.00000     0.00000     0.00000
     4.63247     0.00000     0.00000     0.00000
     4.63464     0.00000     0.00000     0.00000
     4.63682     0.00000     0.00000     0.00000
     4.63900     0.00000     0.00000     0.00000
     4.64117     0.00000     0.00000     0.00000
     4.64335     0.00000     0.00000     0.00000
     4.64553     0.00000     0.00000     0.00000
     4.64770     0.00000     0.00000     0.00000
     4.64988     0.00000     0.00000     0.00000
     4.65206     0.00000     0.00000     0.00000
     4.65424     0.00000     0.00000     0.00000
     4.65641     0.00000     0.00000     0.00000
     4.65859     0.00000     0.00000     0.00000
     4.66077     0.00000     0.00000     0.00000
     4.66294     0.00000     0.00000     0.00000
     4.66512     0.00000     0.00000     0.00000
     4.66730     0.00000     0.00000     0.00000
     4.66947     0.00000     0.00000     0.00000
     4.67165     0.00000     0.00000     0.00000
     4.67383     0.00000     0.00000     0.00000
     4.67600     0.00000     0.00000     0.00000
     4.67818     0.00000     0.00000     0.00000
     4.68036     0.00000     0.00000     0.00000
     4.68254     0.00000     0.00000     0.00000
     4.68471     0.00000     0.00000     0.00000
     4.68689     0.00000     0.00000     0.00000
     4.68907     0.00000     0.00000     0.00000
     4.69124     0.00000     0.00000     0.00000
     4.69342     0.00000     0.00000     0.00000
     4.69560     0.00000     0.00000     0.00000
     4.69777     0.00000     0.00000     0.00000
     4.69995     0.00000     0.00000     0.00000
     4.70213     0.00000     0.00000     0.00000
     4.70430     0.00000     0.00000     0.00000
     4.70648     0.00000     0.00000     0.00000
     4.70866     0.00000     0.00000     0.00000
     4.71084     0.00000     0.00000     0.00000
     4.71301     0.00000     0.00000     0.00000
     4.71519     0.00000     0.00000     0.00000
     4.71737     0.00000     0.00000     0.00000
     4.71954     0.00000     0.00000     0.00000
     4.72172     0.00000     0.00000     0.00000
     4.72390     0.00000     0.00000     0.00000
     4.72607     0.00000     0.00000     0.00000
     4.72825     0.00000     0.00000     0.00000
     4.73043     0.00000     0.00000     0.00000
     4.73260     0.00000     0.00000     0.00000
     4.73478     0.00000     0.00000     0.00000
     4.73696     0.00000     0.00000     0.00000
     4.73913     0.00000     0.00000     0.00000
     4.74131     0.00000     0.00000     0.00000
     4.74349     0.00000     0.00000     0.00000
     4.74567     0.00000     0.00000     0.00000
     4.74784     0.00000     0.00000     0.00000
     4.75002     0.00000     0.00000     0.00000
     4.75220     0.00000     0.00000     0.00000
     4.75437     0.00000     0.00000     0.00000
     4.75655     0.00000     0.00000     0.00000
     4.75873     0.00000     0.00000     0.00000
     4.76090     0.00000     0.00000     0.00000
     4.76308     0.00000     0.00000     0.00000
     4.76526     0.00000     0.00000     0.00000
     4.76743     0.00000     0.00000     0.00000
     4.76961     0.00000     0.00000     0.00000
     4.77179     0.00000     0.00000     0.00000
     4.77397     0.00000     0.00000     0.00000
     4.77614     0.00000     0.00000     0.00000
     4.77832     0.00000     0.00000     0.00000
     4.78050     0.00000     0.00000     0.00000
     4.78267     0.00000     0.00000     0.00000
     4.78485     0.00000     0.00000     0.00000
     4.78703     0.00000     0.00000     0.00000
     4.78920     0.00000     0.00000     0.00000
     4.79138     0.00000     0.00000     0.00000
     4.79356     0.00000     0.00000     0.00000
     4.79573     0.00000     0.00000     0.00000
     4.79791     0.00000     0.00000     0.00000
     4.80009     0.00000     0.00000     0.00000
     4.80227     0.00000     0.00000     0.00000
     4.80444     0.00000     0.00000     0.00000
     4.80662     0.00000     0.00000     0.00000
     4.80880     0.00000     0.00000     0.00000
     4.81097     0.00000     0.00000     0.00000
     4.81315     0.00000     0.00000     0.00000
     4.81533     0.00000     0.00000     0.00000
     4.81750     0.00000     0.00000     0.00000
     4.81968     0.00000     0.00000     0.00000
     4.82186     0.00000     0.00000     0.00000
     4.82403     0.00000     0.00000     0.00000
     4.82621     0.00000     0.00000     0.00000
     4.82839     0.00000     0.00000     0.00000
     4.83057     0.00000     0.00000     0.00000
     4.83274     0.00000     0.00000     0.00000
     4.83492     0.00000     0.00000     0.00000
     4.83710     0.00000     0.00000     0.00000
     4.83927     0.00000     0.00000     0.00000
     4.84145     0.00000     0.00000     0.00000
     4.84363     0.00000     0.00000     0.00000
     4.84580     0.00000     0.00000     0.00000
     4.84798     0.00000     0.00000     0.00000
     4.85016     0.00000     0.00000     0.00000
     4.85233     0.00000     0.00000     0.00000
     4.85451     0.00000     0.00000     0.00000
     4.85669     0.00000     0.00000     0.00000
     4.85887     0.00000     0.00000     0.00000
     4.86104     0.00000     0.00000     0.00000
     4.86322     0.00000     0.00000     0.00000
     4.86540     0.00000     0.00000     0.00000
     4.86757     0.00000     0.00000     0.00000
     4.86975     0.00000     0.00000     0.00000
     4.87193     0.00000     0.00000     0.00000
     4.87410     0.00000     0.00000     0.00000
     4.87628     0.00000     0.00000     0.00000
     4.87846     0.00000     0.00000     0.00000
     4.88063     0.00000     0.00000     0.00000
     4.88281     0.00000     0.00000     0.00000
     4.88499     0.00000     0.00000     0.00000
     4.88716     0.00000     0.00000     0.00000
     4.88934     0.00000     0.00000     0.00000
     4.89152     0.00000     0.00000     0.00000
     4.89370     0.00000     0.00000     0.00000
     4.89587     0.00000     0.00000     0.00000
     4.89805     0.00000     0.00000     0.00000
     4.90023     0.00000     0.00000     0.00000
     4.90240     0.00000     0.00000     0.00000
     4.90458     0.00000     0.00000     0.00000
     4.90676     0.00000     0.00000     0.00000
     4.90893     0.00000     0.00000     0.00000
     4.91111     0.00000     0.00000     0.00000
     4.91329     0.00000     0.00000     0.00000
     4.91546     0.00000     0.00000     0.00000
     4.91764     0.00000     0.00000     0.00000
     4.91982     0.00000     0.00000     0.00000
     4.92200     0.00000     0.00000     0.00000
     4.92417     0.00000     0.00000     0.00000
     4.92635     0.00000     0.00000     0.00000
     4.92853     0.00000     0.00000     0.00000
     4.93070     0.00000     0.00000     0.00000
     4.93288     0.00000     0.00000     0.00000
     4.93506     0.00000     0.00000     0.00000
     4.93723     0.00000     0.00000     0.00000
     4.93941     0.00000     0.00000     0.00000
     4.94159     0.00000     0.00000     0.00000
     4.94376     0.00000     0.00000     0.00000
     4.94594     0.00000     0.00000     0.00000
     4.94812     0.00000     0.00000     0.00000
     4.95030     0.00000     0.00000     0.00000
     4.95247     0.00000     0.00000     0.00000
     4.95465     0.00000     0.00000     0.00000
     4.95683     0.00000     0.00000     0.00000
     4.95900     0.00000     0.00000     0.00000
     4.96118     0.00000     0.00000     0.00000
     4.96336     0.00000     0.00000     0.00000
     4.96553     0.00000     0.00000     0.00000
     4.96771     0.00000     0.00000     0.00000
     4.96989     0.00000     0.00000     0.00000
     4.97206     0.00000     0.00000     0.00000
     4.97424     0.00000     0.00000     0.00000
     4.97642     0.00000     0.00000     0.00000
     4.97860     0.00000     0.00000     0.00000
     4.98077     0.00000     0.00000     0.00000
     4.98295     0.00000     0.00000     0.00000
     4.98513     0.00000     0.00000     0.00000
     4.98730     0.00000     0.00000     0.00000
     4.98948     0.00000     0.00000     0.00000
     4.99166     0.00000     0.00000     0.00000
     4.99383     0.00000     0.00000     0.00000
     4.99601     0.00000     0.00000     0.00000
     4.99819     0.00000     0.00000     0.00000
     5.00036     0.00000     0.00000     0.00000
     5.00254     0.00000     0.00000     0.00000
     5.00472     0.00000     0.00000     0.00000
     5.00690     0.00000     0.00000     0.00000
     5.00907     0.00000     0.00000     0.00000
     5.01125     0.00000     0.00000     0.00000
     5.01343     0.00000     0.00000     0.00000
     5.01560     0.00000     0.00000     0.00000
     5.01778     0.00000     0.00000     0.00000
     5.01996     0.00000     0.00000     0.00000
     5.02213     0.00000     0.00000     0.00000
     5.02431     0.00000     0.00000     0.00000
     5.02649     0.00000     0.00000     0.00000
     5.02866     0.00000     0.00000     0.00000
     5.03084     0.00000     0.00000     0.00000
     5.03302     0.00000     0.00000     0.00000
     5.03519     0.00000     0.00000     0.00000
     5.03737     0.00000     0.00000     0.00000
     5.03955     0.00000     0.00000     0.00000
     5.04173     0.00000     0.00000     0.00000
     5.04390     0.00000     0.00000     0.00000
     5.04608     0.00000     0.00000     0.00000
     5.04826     0.00000     0.00000     0.00000
     5.05043     0.00000     0.00000     0.00000
     5.05261     0.00000     0.00000     0.00000
     5.05479     0.00000     0.00000     0.00000
     5.05696     0.00000     0.00000     0.00000
     5.05914     0.00000     0.00000     0.00000
     5.06132     0.00000     0.00000     0.00000
     5.06349     0.00000     0.00000     0.00000
     5.06567     0.00000     0.00000     0.00000
     5.06785     0.00000     0.00000     0.00000
     5.07003     0.00000     0.00000     0.00000
     5.07220     0.00000     0.00000     0.00000
     5.07438     0.00000     0.00000     0.00000
     5.07656     0.00000     0.00000     0.00000
     5.07873     0.00000     0.00000     0.00000
     5.08091     0.00000     0.00000     0.00000
     5.08309     0.00000     0.00000     0.00000
     5.08526     0.00000     0.00000     0.00000
     5.08744     0.00000     0.00000     0.00000
     5.08962     0.00000     0.00000     0.00000
     5.09179     0.00000     0.00000     0.00000
     5.09397     0.00000     0.00000     0.00000
     5.09615     0.00000     0.00000     0.00000
     5.09833     0.00000     0.00000     0.00000
     5.10050     0.00000     0.00000     0.00000
     5.10268     0.00000     0.00000     0.00000
     5.10486     0.00000     0.00000     0.00000
     5.10703     0.00000     0.00000     0.00000
     5.10921     0.00000     0.00000     0.00000
     5.11139     0.00000     0.00000     0.00000
     5.11356     0.00000     0.00000     0.00000
     5.11574     0.00000     0.00000     0.00000
     5.11792     0.00000     0.00000     0.00000
     5.12009     0.00000     0.00000     0.00000
     5.12227     0.00000     0.00000     0.00000
     5.12445     0.00000     0.00000     0.00000
     5.12663     0.00000     0.00000     0.00000
     5.12880     0.00000     0.00000     0.00000
     5.13098     0.00000     0.00000     0.00000
     5.13316     0.00000     0.00000     0.00000
     5.13533     0.00000     0.00000     0.00000
     5.13751     0.00000     0.00000     0.00000
     5.13969     0.00000     0.00000     0.00000
     5.14186     0.00000     0.00000     0.00000
     5.14404     0.00000     0.00000     0.00000
     5.14622     0.00000     0.00000     0.00000
     5.14839     0.00000     0.00000     0.00000
     5.15057     0.00000     0.00000     0.00000
     5.15275     0.00000     0.00000     0.00000
     5.15492     0.00000     0.00000     0.00000
     5.15710     0.00000     0.00000     0.00000
     5.15928     0.00000     0.00000     0.00000
     5.16146     0.00000     0.00000     0.00000
     5.16363     0.00000     0.00000     0.00000
     5.16581     0.00000     0.00000     0.00000
     5.16799     0.00000     0.00000     0.00000
     5.17016     0.00000     0.00000     0.00000
     5.17234     0.00000     0.00000     0.00000
     5.17452     0.00000     0.00000     0.00000
     5.17669     0.00000     0.00000     0.00000
     5.17887     0.00000     0.00000     0.00000
     5.18105     0.00000     0.00000     0.00000
     5.18322     0.00000     0.00000     0.00000
     5.18540     0.00000     0.00000     0.00000
     5.18758     0.00000     0.00000     0.00000
     5.18976     0.00000     0.00000     0.00000
     5.19193     0.00000     0.00000     0.00000
     5.19411     0.00000     0.00000     0.00000
     5.19629     0.00000     0.00000     0.00000
     5.19846     0.00000     0.00000     0.00000
     5.20064     0.00000     0.00000     0.00000
     5.20282     0.00000     0.00000     0.00000
     5.20499     0.00000     0.00000     0.00000
     5.20717     0.00000     0.00000     0.00000
     5.20935     0.00000     0.00000     0.00000
     5.21152     0.00000     0.00000     0.00000
     5.21370     0.00000     0.00000     0.00000
     5.21588     0.00000     0.00000     0.00000
     5.21806     0.00000     0.00000     0.00000
     5.22023     0.00000     0.00000     0.00000
     5.22241     0.00000     0.00000     0.00000
     5.22459     0.00000     0.00000     0.00000
     5.22676     0.00000     0.00000     0.00000
     5.22894     0.00000     0.00000     0.00000
     5.23112     0.00000     0.00000     0.00000
     5.23329     0.00000     0.00000     0.00000
     5.23547     0.00000     0.00000     0.00000
     5.23765     0.00000     0.00000     0.00000
     5.23982     0.00000     0.00000     0.00000
     5.24200     0.00000     0.00000     0.00000
     5.24418     0.00000     0.00000     0.00000
     5.24636     0.00000     0.00000     0.00000
     5.24853     0.00000     0.00000     0.00000
     5.25071     0.00000     0.00000     0.00000
     5.25289     0.00000     0.00000     0.00000
     5.25506     0.00000     0.00000     0.00000
     5.25724     0.00000     0.00000     0.00000
     5.25942     0.00000     0.00000     0.00000
     5.26159     0.00000     0.00000     0.00000
     5.26377     0.00000     0.00000     0.00000
     5.26595     0.00000     0.00000     0.00000
     5.26812     0.00000     0.00000     0.00000
     5.27030     0.00000     0.00000     0.00000
     5.27248     0.00000     0.00000     0.00000
     5.27466     0.00000     0.00000     0.00000
     5.27683     0.00000     0.00000     0.00000
     5.27901     0.00000     0.00000     0.00000
     5.28119     0.00000     0.00000     0.00000
     5.28336     0.00000     0.00000     0.00000
     5.28554     0.00000     0.00000     0.00000
     5.28772     0.00000     0.00000     0.00000
     5.28989     0.00000     0.00000     0.00000
     5.29207     0.00000     0.00000     0.00000
     5.29425     0.00000     0.00000     0.00000
     5.29642     0.00000     0.00000     0.00000
     5.29860     0.00001     0.00001     0.00000
     5.30078     0.00001     0.00001     0.00000
     5.30295     0.00002     0.00001     0.00000
     5.30513     0.00002     0.00002     0.00001
     5.30731     0.00003     0.00003     0.00001
     5.30949     0.00005     0.00004     0.00001
     5.31166     0.00008     0.00006     0.00002
     5.31384     0.00011     0.00008     0.00003
     5.31602     0.00016     0.00012     0.00004
     5.31819     0.00023     0.00018     0.00005
     5.32037     0.00033     0.00025     0.00008
     5.32255     0.00047     0.00036     0.00011
     5.32472     0.00067     0.00051     0.00016
     5.32690     0.00094     0.00072     0.00022
     5.32908     0.00132     0.00101     0.00031
     5.33125     0.00183     0.00140     0.00043
     5.33343     0.00252     0.00193     0.00060
     5.33561     0.00346     0.00264     0.00082
     5.33779     0.00471     0.00360     0.00111
     5.33996     0.00637     0.00487     0.00150
     5.34214     0.00856     0.00654     0.00202
     5.34432     0.01144     0.00874     0.00270
     5.34649     0.01518     0.01160     0.00358
     5.34867     0.02002     0.01530     0.00473
     5.35085     0.02624     0.02005     0.00619
     5.35302     0.03417     0.02610     0.00806
     5.35520     0.04420     0.03377     0.01043
     5.35738     0.05682     0.04341     0.01341
     5.35955     0.07258     0.05545     0.01713
     5.36173     0.09212     0.07037     0.02174
     5.36391     0.11617     0.08875     0.02742
     5.36609     0.14556     0.11120     0.03436
     5.36826     0.18122     0.13845     0.04277
     5.37044     0.22419     0.17128     0.05292
     5.37262     0.27557     0.21053     0.06504
     5.37479     0.33658     0.25713     0.07944
     5.37697     0.40846     0.31205     0.09641
     5.37915     0.49252     0.37627     0.11625
     5.38132     0.59011     0.45082     0.13928
     5.38350     0.70252     0.53670     0.16581
     5.38568     0.83100     0.63486     0.19614
     5.38785     0.97671     0.74618     0.23053
     5.39003     1.14065     0.87142     0.26923
     5.39221     1.32360     1.01119     0.31241
     5.39439     1.52611     1.16590     0.36021
     5.39656     1.74837     1.33570     0.41267
     5.39874     1.99022     1.52046     0.46975
     5.40092     2.25107     1.71975     0.53132
     5.40309     2.52986     1.93274     0.59712
     5.40527     2.82505     2.15826     0.66680
     5.40745     3.13456     2.39471     0.73985
     5.40962     3.45579     2.64012     0.81567
     5.41180     3.78563     2.89211     0.89352
     5.41398     4.12050     3.14794     0.97256
     5.41615     4.45637     3.40453     1.05184
     5.41833     4.78888     3.65856     1.13032
     5.42051     5.11337     3.90646     1.20691
     5.42269     5.42501     4.14454     1.28047
     5.42486     5.71893     4.36909     1.34984
     5.42704     5.99031     4.57642     1.41389
     5.42922     6.23454     4.76300     1.47154
     5.43139     6.44733     4.92557     1.52176
     5.43357     6.62485     5.06118     1.56366
     5.43575     6.76383     5.16736     1.59647
     5.43792     6.86167     5.24211     1.61956
     5.44010     6.91651     5.28401     1.63251
     5.44228     6.92732     5.29227     1.63506
     5.44445     6.89389     5.26672     1.62716
     5.44663     6.81684     5.20786     1.60898
     5.44881     6.69766     5.11681     1.58085
     5.45098     6.53858     4.99528     1.54330
     5.45316     6.34255     4.84552     1.49703
     5.45534     6.11315     4.67027     1.44289
     5.45752     5.85446     4.47263     1.38183
     5.45969     5.57095     4.25604     1.31491
     5.46187     5.26735     4.02410     1.24325
     5.46405     4.94852     3.78052     1.16800
     5.46622     4.61933     3.52903     1.09030
     5.46840     4.28453     3.27326     1.01128
     5.47058     3.94865     3.01665     0.93200
     5.47275     3.61588     2.76242     0.85346
     5.47493     3.29003     2.51348     0.77655
     5.47711     2.97445     2.27239     0.70206
     5.47928     2.67198     2.04131     0.63067
     5.48146     2.38496     1.82204     0.56292
     5.48364     2.11519     1.61594     0.49925
     5.48582     1.86396     1.42401     0.43995
     5.48799     1.63210     1.24687     0.38522
     5.49017     1.41996     1.08481     0.33515
     5.49235     1.22751     0.93778     0.28973
     5.49452     1.05438     0.80551     0.24886
     5.49670     0.89989     0.68749     0.21240
     5.49888     0.76313     0.58301     0.18012
     5.50105     0.64303     0.49126     0.15177
     5.50323     0.53837     0.41130     0.12707
     5.50541     0.44787     0.34216     0.10571
     5.50758     0.37021     0.28283     0.08738
     5.50976     0.30406     0.23230     0.07177
     5.51194     0.24814     0.18957     0.05857
     5.51412     0.20121     0.15372     0.04749
     5.51629     0.16212     0.12385     0.03826
     5.51847     0.12979     0.09915     0.03063
     5.52065     0.10324     0.07887     0.02437
     5.52282     0.08160     0.06234     0.01926
     5.52500     0.06408     0.04896     0.01513
     5.52718     0.05001     0.03820     0.01180
     5.52935     0.03877     0.02962     0.00915
     5.53153     0.02987     0.02282     0.00705
     5.53371     0.02287     0.01747     0.00540
     5.53588     0.01739     0.01329     0.00410
     5.53806     0.01314     0.01004     0.00310
     5.54024     0.00987     0.00754     0.00233
     5.54242     0.00736     0.00563     0.00174
     5.54459     0.00546     0.00417     0.00129
     5.54677     0.00402     0.00307     0.00095
     5.54895     0.00294     0.00225     0.00069
     5.55112     0.00214     0.00164     0.00051
     5.55330     0.00155     0.00118     0.00037
     5.55548     0.00111     0.00085     0.00026
     5.55765     0.00079     0.00061     0.00019
     5.55983     0.00056     0.00043     0.00013
     5.56201     0.00040     0.00030     0.00009
     5.56418     0.00028     0.00021     0.00007
     5.56636     0.00019     0.00015     0.00005
     5.56854     0.00013     0.00010     0.00003
     5.57071     0.00009     0.00007     0.00002
     5.57289     0.00006     0.00005     0.00001
     5.57507     0.00004     0.00003     0.00001
     5.57725     0.00003     0.00002     0.00001
     5.57942     0.00002     0.00001     0.00000
     5.58160     0.00001     0.00001     0.00000
     5.58378     0.00001     0.00001     0.00000
     5.58595     0.00001     0.00000     0.00000
     5.58813     0.00000     0.00000     0.00000
     5.59031     0.00000     0.00000     0.00000
     5.59248     0.00000     0.00000     0.00000
     5.59466     0.00000     0.00000     0.00000
     5.59684     0.00000     0.00000     0.00000
     5.59901     0.00000     0.00000     0.00000
     5.60119     0.00000     0.00000     0.00000
     5.60337     0.00000     0.00000     0.00000
     5.60555     0.00000     0.00000     0.00000
     5.60772     0.00000     0.00000     0.00000
     5.60990     0.00000     0.00000     0.00000
     5.61208     0.00000     0.00000     0.00000
     5.61425     0.00000     0.00000     0.00000
     5.61643     0.00000     0.00000     0.00000
     5.61861     0.00000     0.00000     0.00000
     5.62078     0.00000     0.00000     0.00000
     5.62296     0.00000     0.00000     0.00000
     5.62514     0.00000     0.00000     0.00000
     5.62731     0.00000     0.00000     0.00000
     5.62949     0.00000     0.00000     0.00000
     5.63167     0.00000     0.00000     0.00000
     5.63385     0.00000     0.00000     0.00000
     5.63602     0.00000     0.00000     0.00000
     5.63820     0.00000     0.00000     0.00000
     5.64038     0.00000     0.00000     0.00000
     5.64255     0.00000     0.00000     0.00000
     5.64473     0.00000     0.00000     0.00000
     5.64691     0.00000     0.00000     0.00000
     5.64908     0.00000     0.00000     0.00000
     5.65126     0.00000     0.00000     0.00000
     5.65344     0.00000     0.00000     0.00000
     5.65561     0.00000     0.00000     0.00000
     5.65779     0.00000     0.00000     0.00000
     5.65997     0.00000     0.00000     0.00000
     5.66215     0.00000     0.00000     0.00000
     5.66432     0.00000     0.00000     0.00000
     5.66650     0.00000     0.00000     0.00000
     5.66868     0.00000     0.00000     0.00000
     5.67085     0.00000     0.00000     0.00000
     5.67303     0.00000     0.00000     0.00000
     5.67521     0.00000     0.00000     0.00000
     5.67738     0.00000     0.00000     0.00000
     5.67956     0.00000     0.00000     0.00000
     5.68174     0.00000     0.00000     0.00000
     5.68391     0.00000     0.00000     0.00000
     5.68609     0.00000     0.00000     0.00000
     5.68827     0.00000     0.00000     0.00000
     5.69045     0.00000     0.00000     0.00000
     5.69262     0.00000     0.00000     0.00000
     5.69480     0.00000     0.00000     0.00000
     5.69698     0.00000     0.00000     0.00000
     5.69915     0.00000     0.00000     0.00000
     5.70133     0.00000     0.00000     0.00000
     5.70351     0.00000     0.00000     0.00000
     5.70568     0.00000     0.00000     0.00000
     5.70786     0.00000     0.00000     0.00000
     5.71004     0.00000     0.00000     0.00000
     5.71221     0.00000     0.00000     0.00000
     5.71439     0.00000     0.00000     0.00000
     5.71657     0.00000     0.00000     0.00000
     5.71874     0.00000     0.00000     0.00000
     5.72092     0.00000     0.00000     0.00000
     5.72310     0.00000     0.00000     0.00000
     5.72528     0.00000     0.00000     0.00000
     5.72745     0.00000     0.00000     0.00000
     5.72963     0.00000     0.00000     0.00000
     5.73181     0.00000     0.00000     0.00000
     5.73398     0.00000     0.00000     0.00000
     5.73616     0.00000     0.00000     0.00000
     5.73834     0.00000     0.00000     0.00000
     5.74051     0.00000     0.00000     0.00000
     5.74269     0.00000     0.00000     0.00000
     5.74487     0.00000     0.00000     0.00000
     5.74704     0.00000     0.00000     0.00000
     5.74922     0.00000     0.00000     0.00000
     5.75140     0.00000     0.00000     0.00000
     5.75358     0.00000     0.00000     0.00000
     5.75575     0.00000     0.00000     0.00000
     5.75793     0.00000     0.00000     0.00000
     5.76011     0.00000     0.00000     0.00000
     5.76228     0.00000     0.00000     0.00000
     5.76446     0.00000     0.00000     0.00000
     5.76664     0.00000     0.00000     0.00000
     5.76881     0.00000     0.00000     0.00000
     5.77099     0.00000     0.00000     0.00000
     5.77317     0.00000     0.00000     0.00000
     5.77534     0.00000     0.00000     0.00000
     5.77752     0.00000     0.00000     0.00000
     5.77970     0.00000     0.00000     0.00000
     5.78188     0.00000     0.00000     0.00000
     5.78405     0.00001     0.00001     0.00000
     5.78623     0.00001     0.00001     0.00000
     5.78841     0.00002     0.00001     0.00000
     5.79058     0.00002     0.00002     0.00000
     5.79276     0.00003     0.00003     0.00001
     5.79494     0.00005     0.00004     0.00001
     5.79711     0.00008     0.00006     0.00001
     5.79929     0.00011     0.00009     0.00002
     5.80147     0.00016     0.00013     0.00003
     5.80364     0.00023     0.00019     0.00004
     5.80582     0.00033     0.00027     0.00006
     5.80800     0.00047     0.00038     0.00008
     5.81018     0.00066     0.00054     0.00012
     5.81235     0.00093     0.00076     0.00016
     5.81453     0.00129     0.00106     0.00023
     5.81671     0.00179     0.00147     0.00032
     5.81888     0.00247     0.00203     0.00044
     5.82106     0.00338     0.00278     0.00060
     5.82324     0.00459     0.00378     0.00081
     5.82541     0.00620     0.00511     0.00110
     5.82759     0.00833     0.00686     0.00147
     5.82977     0.01112     0.00915     0.00196
     5.83194     0.01474     0.01214     0.00260
     5.83412     0.01941     0.01598     0.00343
     5.83630     0.02540     0.02092     0.00448
     5.83847     0.03304     0.02721     0.00583
     5.84065     0.04269     0.03516     0.00753
     5.84283     0.05481     0.04514     0.00967
     5.84501     0.06992     0.05758     0.01234
     5.84718     0.08863     0.07299     0.01564
     5.84936     0.11163     0.09193     0.01970
     5.85154     0.13971     0.11505     0.02466
     5.85371     0.17372     0.14306     0.03066
     5.85589     0.21464     0.17676     0.03788
     5.85807     0.26351     0.21700     0.04651
     5.86024     0.32144     0.26471     0.05673
     5.86242     0.38960     0.32084     0.06876
     5.86460     0.46920     0.38639     0.08281
     5.86677     0.56147     0.46237     0.09910
     5.86895     0.66759     0.54976     0.11783
     5.87113     0.78870     0.64950     0.13920
     5.87331     0.92584     0.76243     0.16341
     5.87548     1.07989     0.88930     0.19060
     5.87766     1.25154     1.03065     0.22089
     5.87984     1.44122     1.18685     0.25437
     5.88201     1.64907     1.35801     0.29105
     5.88419     1.87484     1.54394     0.33090
     5.88637     2.11793     1.74413     0.37380
     5.88854     2.37728     1.95770     0.41958
     5.89072     2.65136     2.18341     0.46795
     5.89290     2.93818     2.41960     0.51857
     5.89507     3.23525     2.66424     0.57101
     5.89725     3.53963     2.91490     0.62473
     5.89943     3.84794     3.16879     0.67914
     5.90161     4.15642     3.42283     0.73359
     5.90378     4.46098     3.67364     0.78734
     5.90596     4.75732     3.91768     0.83964
     5.90814     5.04098     4.15127     0.88971
     5.91031     5.30748     4.37074     0.93674
     5.91249     5.55242     4.57244     0.97997
     5.91467     5.77160     4.75294     1.01866
     5.91684     5.96116     4.90904     1.05212
     5.91902     6.11767     5.03793     1.07974
     5.92120     6.23823     5.13722     1.10102
     5.92337     6.32059     5.20504     1.11555
     5.92555     6.36319     5.24012     1.12307
     5.92773     6.36520     5.24177     1.12343
     5.92991     6.32659     5.20998     1.11661
     5.93208     6.24810     5.14534     1.10276
     5.93426     6.13122     5.04909     1.08213
     5.93644     5.97814     4.92303     1.05511
     5.93861     5.79170     4.76949     1.02221
     5.94079     5.57527     4.59127     0.98401
     5.94297     5.33270     4.39150     0.94120
     5.94514     5.06814     4.17364     0.89450
     5.94732     4.78597     3.94127     0.84470
     5.94950     4.49069     3.69810     0.79258
     5.95167     4.18674     3.44780     0.73894
     5.95385     3.87846     3.19393     0.68453
     5.95603     3.56996     2.93988     0.63008
     5.95821     3.26503     2.68877     0.57626
     5.96038     2.96710     2.44342     0.52368
     5.96256     2.67916     2.20630     0.47286
     5.96474     2.40372     1.97948     0.42425
     5.96691     2.14284     1.76464     0.37820
     5.96909     1.89809     1.56309     0.33500
     5.97127     1.67057     1.37572     0.29485
     5.97344     1.46094     1.20309     0.25785
     5.97562     1.26947     1.04541     0.22405
     5.97780     1.09605     0.90260     0.19345
     5.97997     0.94029     0.77433     0.16596
     5.98215     0.80151     0.66005     0.14146
     5.98433     0.67886     0.55905     0.11982
     5.98650     0.57131     0.47048     0.10083
     5.98868     0.47773     0.39341     0.08432
     5.99086     0.39693     0.32688     0.07006
     5.99304     0.32769     0.26986     0.05784
     5.99521     0.26881     0.22136     0.04744
     5.99739     0.21910     0.18043     0.03867
     5.99957     0.17744     0.14612     0.03132
     6.00174     0.14279     0.11758     0.02520
     6.00392     0.11417     0.09402     0.02015
     6.00610     0.09070     0.07469     0.01601
     6.00827     0.07160     0.05896     0.01264
     6.01045     0.05616     0.04625     0.00991
     6.01263     0.04377     0.03604     0.00773
     6.01480     0.03389     0.02791     0.00598
     6.01698     0.02608     0.02148     0.00460
     6.01916     0.01994     0.01642     0.00352
     6.02134     0.01515     0.01247     0.00267
     6.02351     0.01143     0.00942     0.00202
     6.02569     0.00857     0.00706     0.00151
     6.02787     0.00639     0.00526     0.00113
     6.03004     0.00473     0.00390     0.00084
     6.03222     0.00348     0.00287     0.00061
     6.03440     0.00254     0.00210     0.00045
     6.03657     0.00185     0.00152     0.00033
     6.03875     0.00133     0.00110     0.00024
     6.04093     0.00096     0.00079     0.00017
     6.04310     0.00068     0.00056     0.00012
     6.04528     0.00048     0.00040     0.00009
     6.04746     0.00034     0.00028     0.00006
     6.04964     0.00024     0.00020     0.00004
     6.05181     0.00016     0.00014     0.00003
     6.05399     0.00011     0.00009     0.00002
     6.05617     0.00008     0.00006     0.00001
     6.05834     0.00005     0.00004     0.00001
     6.06052     0.00004     0.00003     0.00001
     6.06270     0.00002     0.00002     0.00000
     6.06487     0.00002     0.00001     0.00000
     6.06705     0.00001     0.00001     0.00000
     6.06923     0.00001     0.00001     0.00000
     6.07140     0.00001     0.00000     0.00000
     6.07358     0.00000     0.00000     0.00000
     6.07576     0.00000     0.00000     0.00000
     6.07794     0.00000     0.00000     0.00000
     6.08011     0.00001     0.00000     0.00000
     6.08229     0.00001     0.00001     0.00000
     6.08447     0.00001     0.00001     0.00000
     6.08664     0.00002     0.00001     0.00000
     6.08882     0.00003     0.00002     0.00001
     6.09100     0.00004     0.00003     0.00001
     6.09317     0.00006     0.00004     0.00002
     6.09535     0.00009     0.00007     0.00002
     6.09753     0.00013     0.00010     0.00003
     6.09970     0.00019     0.00014     0.00005
     6.10188     0.00027     0.00020     0.00007
     6.10406     0.00038     0.00029     0.00010
     6.10624     0.00055     0.00041     0.00014
     6.10841     0.00077     0.00058     0.00019
     6.11059     0.00109     0.00081     0.00027
     6.11277     0.00151     0.00113     0.00038
     6.11494     0.00210     0.00157     0.00053
     6.11712     0.00289     0.00217     0.00073
     6.11930     0.00396     0.00296     0.00100
     6.12147     0.00538     0.00403     0.00135
     6.12365     0.00727     0.00545     0.00183
     6.12583     0.00977     0.00731     0.00246
     6.12800     0.01303     0.00975     0.00328
     6.13018     0.01727     0.01293     0.00434
     6.13236     0.02275     0.01703     0.00572
     6.13453     0.02978     0.02229     0.00749
     6.13671     0.03872     0.02898     0.00974
     6.13889     0.05003     0.03745     0.01258
     6.14107     0.06423     0.04808     0.01615
     6.14324     0.08193     0.06133     0.02060
     6.14542     0.10385     0.07774     0.02611
     6.14760     0.13079     0.09790     0.03289
     6.14977     0.16367     0.12252     0.04116
     6.15195     0.20351     0.15234     0.05117
     6.15413     0.25143     0.18821     0.06322
     6.15630     0.30865     0.23104     0.07761
     6.15848     0.37648     0.28182     0.09467
     6.16066     0.45629     0.34155     0.11473
     6.16283     0.54948     0.41132     0.13817
     6.16501     0.65749     0.49216     0.16533
     6.16719     0.78171     0.58515     0.19656
     6.16937     0.92347     0.69126     0.23221
     6.17154     1.08397     0.81141     0.27257
     6.17372     1.26426     0.94636     0.31790
     6.17590     1.46512     1.09672     0.36841
     6.17807     1.68707     1.26285     0.42421
     6.18025     1.93024     1.44488     0.48536
     6.18243     2.19438     1.64260     0.55178
     6.18460     2.47874     1.85546     0.62328
     6.18678     2.78209     2.08253     0.69956
     6.18896     3.10265     2.32248     0.78016
     6.19113     3.43806     2.57356     0.86450
     6.19331     3.78544     2.83359     0.95185
     6.19549     4.14132     3.09998     1.04134
     6.19767     4.50175     3.36978     1.13197
     6.19984     4.86234     3.63970     1.22264
     6.20202     5.21830     3.90615     1.31215
     6.20420     5.56460     4.16537     1.39922
     6.20637     5.89602     4.41346     1.48256
     6.20855     6.20732     4.64649     1.56084
     6.21073     6.49337     4.86061     1.63276
     6.21290     6.74927     5.05216     1.69711
     6.21508     6.97051     5.21777     1.75274
     6.21726     7.15306     5.35442     1.79864
     6.21943     7.29357     5.45960     1.83397
     6.22161     7.38939     5.53133     1.85807
     6.22379     7.43872     5.56825     1.87047
     6.22597     7.44060     5.56965     1.87094
     6.22814     7.39500     5.53552     1.85948
     6.23032     7.30279     5.46650     1.83629
     6.23250     7.16572     5.36390     1.80183
     6.23467     6.98637     5.22965     1.75673
     6.23685     6.76806     5.06623     1.70183
     6.23903     6.51474     4.87660     1.63814
     6.24120     6.23089     4.66413     1.56676
     6.24338     5.92140     4.43246     1.48894
     6.24556     5.59137     4.18542     1.40596
     6.24773     5.24606     3.92694     1.31913
     6.24991     4.89068     3.66091     1.22976
     6.25209     4.53028     3.39114     1.13914
     6.25426     4.16967     3.12120     1.04847
     6.25644     3.81328     2.85442     0.95885
     6.25862     3.46510     2.59380     0.87130
     6.26080     3.12863     2.34193     0.78670
     6.26297     2.80680     2.10103     0.70577
     6.26515     2.50202     1.87289     0.62914
     6.26733     2.21611     1.65886     0.55724
     6.26950     1.95034     1.45993     0.49041
     6.27168     1.70550     1.27665     0.42885
     6.27386     1.48188     1.10926     0.37262
     6.27603     1.27936     0.95767     0.32170
     6.27821     1.09748     0.82152     0.27596
     6.28039     0.93545     0.70023     0.23522
     6.28256     0.79225     0.59304     0.19921
     6.28474     0.66669     0.49905     0.16764
     6.28692     0.55745     0.41728     0.14017
     6.28910     0.46314     0.34668     0.11646
     6.29127     0.38233     0.28619     0.09614
     6.29345     0.31361     0.23475     0.07886
     6.29563     0.25559     0.19133     0.06427
     6.29780     0.20698     0.15494     0.05205
     6.29998     0.16655     0.12467     0.04188
     6.30216     0.13316     0.09968     0.03348
     6.30433     0.10578     0.07918     0.02660
     6.30651     0.08350     0.06250     0.02100
     6.30869     0.06549     0.04902     0.01647
     6.31086     0.05104     0.03820     0.01283
     6.31304     0.03952     0.02958     0.00994
     6.31522     0.03041     0.02276     0.00765
     6.31740     0.02325     0.01740     0.00585
     6.31957     0.01766     0.01322     0.00444
     6.32175     0.01333     0.00998     0.00335
     6.32393     0.00999     0.00748     0.00251
     6.32610     0.00745     0.00558     0.00187
     6.32828     0.00551     0.00413     0.00139
     6.33046     0.00406     0.00304     0.00102
     6.33263     0.00297     0.00222     0.00075
     6.33481     0.00215     0.00161     0.00054
     6.33699     0.00155     0.00116     0.00039
     6.33916     0.00111     0.00083     0.00028
     6.34134     0.00079     0.00059     0.00020
     6.34352     0.00056     0.00042     0.00014
     6.34570     0.00040     0.00030     0.00010
     6.34787     0.00028     0.00021     0.00007
     6.35005     0.00019     0.00014     0.00005
     6.35223     0.00013     0.00010     0.00003
     6.35440     0.00009     0.00007     0.00002
     6.35658     0.00006     0.00005     0.00002
     6.35876     0.00004     0.00003     0.00001
     6.36093     0.00003     0.00002     0.00001
     6.36311     0.00002     0.00001     0.00000
     6.36529     0.00001     0.00001     0.00000
     6.36746     0.00001     0.00001     0.00000
     6.36964     0.00001     0.00000     0.00000
     6.37182     0.00000     0.00000     0.00000
     6.37400     0.00000     0.00000     0.00000
     6.37617     0.00000     0.00000     0.00000
     6.37835     0.00000     0.00000     0.00000
     6.38053     0.00000     0.00000     0.00000
     6.38270     0.00000     0.00000     0.00000
     6.38488     0.00000     0.00000     0.00000
     6.38706     0.00000     0.00000     0.00000
     6.38923     0.00000     0.00000     0.00000
     6.39141     0.00000     0.00000     0.00000
     6.39359     0.00000     0.00000     0.00000
     6.39576     0.00000     0.00000     0.00000
     6.39794     0.00000     0.00000     0.00000
     6.40012     0.00000     0.00000     0.00000
     6.40229     0.00000     0.00000     0.00000
     6.40447     0.00000     0.00000     0.00000
     6.40665     0.00000     0.00000     0.00000
     6.40883     0.00000     0.00000     0.00000
     6.41100     0.00000     0.00000     0.00000
     6.41318     0.00000     0.00000     0.00000
     6.41536     0.00000     0.00000     0.00000
     6.41753     0.00000     0.00000     0.00000
     6.41971     0.00000     0.00000     0.00000
     6.42189     0.00000     0.00000     0.00000
     6.42406     0.00000     0.00000     0.00000
     6.42624     0.00000     0.00000     0.00000
     6.42842     0.00000     0.00000     0.00000
     6.43059     0.00000     0.00000     0.00000
     6.43277     0.00000     0.00000     0.00000
     6.43495     0.00000     0.00000     0.00000
     6.43713     0.00000     0.00000     0.00000
     6.43930     0.00000     0.00000     0.00000
     6.44148     0.00000     0.00000     0.00000
     6.44366     0.00000     0.00000     0.00000
     6.44583     0.00000     0.00000     0.00000
     6.44801     0.00000     0.00000     0.00000
     6.45019     0.00000     0.00000     0.00000
     6.45236     0.00000     0.00000     0.00000
     6.45454     0.00000     0.00000     0.00000
     6.45672     0.00000     0.00000     0.00000
     6.45889     0.00000     0.00000     0.00000
     6.46107     0.00000     0.00000     0.00000
     6.46325     0.00000     0.00000     0.00000
     6.46543     0.00000     0.00000     0.00000
     6.46760     0.00000     0.00000     0.00000
     6.46978     0.00000     0.00000     0.00000
     6.47196     0.00000     0.00000     0.00000
     6.47413     0.00000     0.00000     0.00000
     6.47631     0.00000     0.00000     0.00000
     6.47849     0.00000     0.00000     0.00000
     6.48066     0.00000     0.00000     0.00000
     6.48284     0.00000     0.00000     0.00000
     6.48502     0.00000     0.00000     0.00000
     6.48719     0.00000     0.00000     0.00000
     6.48937     0.00000     0.00000     0.00000
     6.49155     0.00000     0.00000     0.00000
     6.49373     0.00000     0.00000     0.00000
     6.49590     0.00000     0.00000     0.00000
     6.49808     0.00000     0.00000     0.00000
     6.50026     0.00000     0.00000     0.00000
     6.50243     0.00000     0.00000     0.00000
     6.50461     0.00000     0.00000     0.00000
     6.50679     0.00000     0.00000     0.00000
     6.50896     0.00000     0.00000     0.00000
     6.51114     0.00000     0.00000     0.00000
     6.51332     0.00000     0.00000     0.00000
     6.51549     0.00000     0.00000     0.00000
     6.51767     0.00000     0.00000     0.00000
     6.51985     0.00000     0.00000     0.00000
     6.52203     0.00000     0.00000     0.00000
     6.52420     0.00000     0.00000     0.00000
     6.52638     0.00000     0.00000     0.00000
     6.52856     0.00000     0.00000     0.00000
     6.53073     0.00000     0.00000     0.00000
     6.53291     0.00000     0.00000     0.00000
     6.53509     0.00000     0.00000     0.00000
     6.53726     0.00000     0.00000     0.00000
     6.53944     0.00000     0.00000     0.00000
     6.54162     0.00000     0.00000     0.00000
     6.54379     0.00000     0.00000     0.00000
     6.54597     0.00000     0.00000     0.00000
     6.54815     0.00000     0.00000     0.00000
     6.55032     0.00000     0.00000     0.00000
     6.55250     0.00000     0.00000     0.00000
     6.55468     0.00000     0.00000     0.00000
     6.55686     0.00000     0.00000     0.00000
     6.55903     0.00000     0.00000     0.00000
     6.56121     0.00000     0.00000     0.00000
     6.56339     0.00000     0.00000     0.00000
     6.56556     0.00000     0.00000     0.00000
     6.56774     0.00000     0.00000     0.00000
     6.56992     0.00000     0.00000     0.00000
     6.57209     0.00000     0.00000     0.00000
     6.57427     0.00000     0.00000     0.00000
     6.57645     0.00000     0.00000     0.00000
     6.57862     0.00000     0.00000     0.00000
     6.58080     0.00000     0.00000     0.00000
     6.58298     0.00000     0.00000     0.00000
     6.58516     0.00000     0.00000     0.00000
     6.58733     0.00000     0.00000     0.00000
     6.58951     0.00000     0.00000     0.00000
     6.59169     0.00000     0.00000     0.00000
     6.59386     0.00000     0.00000     0.00000
     6.59604     0.00000     0.00000     0.00000
     6.59822     0.00000     0.00000     0.00000
     6.60039     0.00000     0.00000     0.00000
     6.60257     0.00000     0.00000     0.00000
     6.60475     0.00000     0.00000     0.00000
     6.60692     0.00000     0.00000     0.00000
     6.60910     0.00000     0.00000     0.00000
     6.61128     0.00000     0.00000     0.00000
     6.61346     0.00000     0.00000     0.00000
     6.61563     0.00000     0.00000     0.00000
     6.61781     0.00000     0.00000     0.00000
     6.61999     0.00000     0.00000     0.00000
     6.62216     0.00000     0.00000     0.00000
     6.62434     0.00000     0.00000     0.00000
     6.62652     0.00000     0.00000     0.00000
     6.62869     0.00000     0.00000     0.00000
     6.63087     0.00000     0.00000     0.00000
     6.63305     0.00000     0.00000     0.00000
     6.63522     0.00000     0.00000     0.00000
     6.63740     0.00000     0.00000     0.00000
     6.63958     0.00000     0.00000     0.00000
     6.64176     0.00000     0.00000     0.00000
     6.64393     0.00000     0.00000     0.00000
     6.64611     0.00000     0.00000     0.00000
     6.64829     0.00000     0.00000     0.00000
     6.65046     0.00000     0.00000     0.00000
     6.65264     0.00000     0.00000     0.00000
     6.65482     0.00000     0.00000     0.00000
     6.65699     0.00000     0.00000     0.00000
     6.65917     0.00000     0.00000     0.00000
     6.66135     0.00000     0.00000     0.00000
     6.66352     0.00000     0.00000     0.00000
     6.66570     0.00000     0.00000     0.00000
     6.66788     0.00000     0.00000     0.00000
     6.67005     0.00000     0.00000     0.00000
     6.67223     0.00000     0.00000     0.00000
     6.67441     0.00000     0.00000     0.00000
     6.67659     0.00000     0.00000     0.00000
     6.67876     0.00000     0.00000     0.00000
     6.68094     0.00000     0.00000     0.00000
     6.68312     0.00000     0.00000     0.00000
     6.68529     0.00000     0.00000     0.00000
     6.68747     0.00000     0.00000     0.00000
     6.68965     0.00000     0.00000     0.00000
     6.69182     0.00000     0.00000     0.00000
     6.69400     0.00000     0.00000     0.00000
     6.69618     0.00000     0.00000     0.00000
     6.69835     0.00000     0.00000     0.00000
     6.70053     0.00000     0.00000     0.00000
     6.70271     0.00000     0.00000     0.00000
     6.70489     0.00000     0.00000     0.00000
     6.70706     0.00000     0.00000     0.00000
     6.70924     0.00000     0.00000     0.00000
     6.71142     0.00000     0.00000     0.00000
     6.71359     0.00000     0.00000     0.00000
     6.71577     0.00000     0.00000     0.00000
     6.71795     0.00000     0.00000     0.00000
     6.72012     0.00000     0.00000     0.00000
     6.72230     0.00000     0.00000     0.00000
     6.72448     0.00000     0.00000     0.00000
     6.72665     0.00000     0.00000     0.00000
     6.72883     0.00000     0.00000     0.00000
     6.73101     0.00000     0.00000     0.00000
     6.73319     0.00000     0.00000     0.00000
     6.73536     0.00000     0.00000     0.00000
     6.73754     0.00000     0.00000     0.00000
     6.73972     0.00000     0.00000     0.00000
     6.74189     0.00000     0.00000     0.00000
     6.74407     0.00000     0.00000     0.00000
     6.74625     0.00000     0.00000     0.00000
     6.74842     0.00000     0.00000     0.00000
     6.75060     0.00000     0.00000     0.00000
     6.75278     0.00000     0.00000     0.00000
     6.75495     0.00000     0.00000     0.00000
     6.75713     0.00000     0.00000     0.00000
     6.75931     0.00000     0.00000     0.00000
     6.76149     0.00000     0.00000     0.00000
     6.76366     0.00000     0.00000     0.00000
     6.76584     0.00000     0.00000     0.00000
     6.76802     0.00000     0.00000     0.00000
     6.77019     0.00000     0.00000     0.00000
     6.77237     0.00000     0.00000     0.00000
     6.77455     0.00000     0.00000     0.00000
     6.77672     0.00000     0.00000     0.00000
     6.77890     0.00000     0.00000     0.00000
     6.78108     0.00000     0.00000     0.00000
     6.78325     0.00000     0.00000     0.00000
     6.78543     0.00000     0.00000     0.00000
     6.78761     0.00000     0.00000     0.00000
     6.78979     0.00000     0.00000     0.00000
     6.79196     0.00000     0.00000     0.00000
     6.79414     0.00000     0.00000     0.00000
     6.79632     0.00000     0.00000     0.00000
     6.79849     0.00000     0.00000     0.00000
     6.80067     0.00000     0.00000     0.00000
     6.80285     0.00000     0.00000     0.00000
     6.80502     0.00000     0.00000     0.00000
     6.80720     0.00000     0.00000     0.00000
     6.80938     0.00000     0.00000     0.00000
     6.81155     0.00000     0.00000     0.00000
     6.81373     0.00000     0.00000     0.00000
     6.81591     0.00000     0.00000     0.00000
     6.81808     0.00000     0.00000     0.00000
     6.82026     0.00000     0.00000     0.00000
     6.82244     0.00000     0.00000     0.00000
     6.82462     0.00000     0.00000     0.00000
     6.82679     0.00000     0.00000     0.00000
     6.82897     0.00000     0.00000     0.00000
     6.83115     0.00000     0.00000     0.00000
     6.83332     0.00000     0.00000     0.00000
     6.83550     0.00000     0.00000     0.00000
     6.83768     0.00000     0.00000     0.00000
     6.83985     0.00000     0.00000     0.00000
     6.84203     0.00000     0.00000     0.00000
     6.84421     0.00000     0.00000     0.00000
     6.84638     0.00000     0.00000     0.00000
     6.84856     0.00000     0.00000     0.00000
     6.85074     0.00000     0.00000     0.00000
     6.85292     0.00000     0.00000     0.00000
     6.85509     0.00000     0.00000     0.00000
     6.85727     0.00000     0.00000     0.00000
     6.85945     0.00000     0.00000     0.00000
     6.86162     0.00000     0.00000     0.00000
     6.86380     0.00000     0.00000     0.00000
     6.86598     0.00000     0.00000     0.00000
     6.86815     0.00000     0.00000     0.00000
     6.87033     0.00000     0.00000     0.00000
     6.87251     0.00000     0.00000     0.00000
     6.87468     0.00000     0.00000     0.00000
     6.87686     0.00000     0.00000     0.00000
     6.87904     0.00000     0.00000     0.00000
     6.88122     0.00000     0.00000     0.00000
     6.88339     0.00000     0.00000     0.00000
     6.88557     0.00000     0.00000     0.00000
     6.88775     0.00000     0.00000     0.00000
     6.88992     0.00000     0.00000     0.00000
     6.89210     0.00000     0.00000     0.00000
     6.89428     0.00000     0.00000     0.00000
     6.89645     0.00000     0.00000     0.00000
     6.89863     0.00000     0.00000     0.00000
     6.90081     0.00000     0.00000     0.00000
     6.90298     0.00000     0.00000     0.00000
     6.90516     0.00000     0.00000     0.00000
     6.90734     0.00000     0.00000     0.00000
     6.90952     0.00000     0.00000     0.00000
     6.91169     0.00000     0.00000     0.00000
     6.91387     0.00000     0.00000     0.00000
     6.91605     0.00000     0.00000     0.00000
     6.91822     0.00000     0.00000     0.00000
     6.92040     0.00000     0.00000     0.00000
     6.92258     0.00000     0.00000     0.00000
     6.92475     0.00000     0.00000     0.00000
     6.92693     0.00000     0.00000     0.00000
     6.92911     0.00000     0.00000     0.00000
     6.93128     0.00000     0.00000     0.00000
     6.93346     0.00000     0.00000     0.00000
     6.93564     0.00000     0.00000     0.00000
     6.93781     0.00000     0.00000     0.00000
     6.93999     0.00000     0.00000     0.00000
     6.94217     0.00000     0.00000     0.00000
     6.94435     0.00000     0.00000     0.00000
     6.94652     0.00000     0.00000     0.00000
     6.94870     0.00000     0.00000     0.00000
     6.95088     0.00000     0.00000     0.00000
     6.95305     0.00000     0.00000     0.00000
     6.95523     0.00000     0.00000     0.00000
     6.95741     0.00000     0.00000     0.00000
     6.95958     0.00000     0.00000     0.00000
     6.96176     0.00000     0.00000     0.00000
     6.96394     0.00000     0.00000     0.00000
     6.96611     0.00000     0.00000     0.00000
     6.96829     0.00000     0.00000     0.00000
     6.97047     0.00000     0.00000     0.00000
     6.97265     0.00000     0.00000     0.00000
     6.97482     0.00000     0.00000     0.00000
     6.97700     0.00000     0.00000     0.00000
     6.97918     0.00000     0.00000     0.00000
     6.98135     0.00000     0.00000     0.00000
     6.98353     0.00000     0.00000     0.00000
     6.98571     0.00000     0.00000     0.00000
     6.98788     0.00000     0.00000     0.00000
     6.99006     0.00000     0.00000     0.00000
     6.99224     0.00000     0.00000     0.00000
     6.99441     0.00000     0.00000     0.00000
     6.99659     0.00000     0.00000     0.00000
     6.99877     0.00000     0.00000     0.00000
     7.00095     0.00000     0.00000     0.00000
     7.00312     0.00000     0.00000     0.00000
     7.00530     0.00000     0.00000     0.00000
     7.00748     0.00000     0.00000     0.00000
     7.00965     0.00000     0.00000     0.00000
     7.01183     0.00000     0.00000     0.00000
     7.01401     0.00000     0.00000     0.00000
     7.01618     0.00000     0.00000     0.00000
     7.01836     0.00000     0.00000     0.00000
     7.02054     0.00000     0.00000     0.00000
     7.02271     0.00000     0.00000     0.00000
     7.02489     0.00000     0.00000     0.00000
     7.02707     0.00000     0.00000     0.00000
     7.02925     0.00000     0.00000     0.00000
     7.03142     0.00000     0.00000     0.00000
     7.03360     0.00000     0.00000     0.00000
     7.03578     0.00000     0.00000     0.00000
     7.03795     0.00000     0.00000     0.00000
     7.04013     0.00000     0.00000     0.00000
     7.04231     0.00000     0.00000     0.00000
     7.04448     0.00000     0.00000     0.00000
     7.04666     0.00000     0.00000     0.00000
     7.04884     0.00000     0.00000     0.00000
     7.05101     0.00000     0.00000     0.00000
     7.05319     0.00000     0.00000     0.00000
     7.05537     0.00000     0.00000     0.00000
     7.05755     0.00000     0.00000     0.00000
     7.05972     0.00000     0.00000     0.00000
     7.06190     0.00000     0.00000     0.00000
     7.06408     0.00000     0.00000     0.00000
     7.06625     0.00000     0.00000     0.00000
     7.06843     0.00000     0.00000     0.00000
     7.07061     0.00000     0.00000     0.00000
     7.07278     0.00000     0.00000     0.00000
     7.07496     0.00000     0.00000     0.00000
     7.07714     0.00000     0.00000     0.00000
     7.07931     0.00000     0.00000     0.00000
     7.08149     0.00000     0.00000     0.00000
     7.08367     0.00000     0.00000     0.00000
     7.08584     0.00000     0.00000     0.00000
     7.08802     0.00000     0.00000     0.00000
     7.09020     0.00000     0.00000     0.00000
     7.09238     0.00000     0.00000     0.00000
     7.09455     0.00000     0.00000     0.00000
     7.09673     0.00000     0.00000     0.00000
     7.09891     0.00000     0.00000     0.00000
     7.10108     0.00000     0.00000     0.00000
     7.10326     0.00000     0.00000     0.00000
     7.10544     0.00000     0.00000     0.00000
     7.10761     0.00000     0.00000     0.00000
     7.10979     0.00000     0.00000     0.00000
     7.11197     0.00000     0.00000     0.00000
     7.11414     0.00000     0.00000     0.00000
     7.11632     0.00000     0.00000     0.00000
     7.11850     0.00000     0.00000     0.00000
     7.12068     0.00000     0.00000     0.00000
     7.12285     0.00000     0.00000     0.00000
     7.12503     0.00000     0.00000     0.00000
     7.12721     0.00000     0.00000     0.00000
     7.12938     0.00000     0.00000     0.00000
     7.13156     0.00000     0.00000     0.00000
     7.13374     0.00000     0.00000     0.00000
     7.13591     0.00000     0.00000     0.00000
     7.13809     0.00000     0.00000     0.00000
     7.14027     0.00000     0.00000     0.00000
     7.14244     0.00000     0.00000     0.00000
     7.14462     0.00000     0.00000     0.00000
     7.14680     0.00000     0.00000     0.00000
     7.14898     0.00000     0.00000     0.00000
     7.15115     0.00000     0.00000     0.00000
     7.15333     0.00000     0.00000     0.00000
     7.15551     0.00000     0.00000     0.00000
     7.15768     0.00000     0.00000     0.00000
     7.15986     0.00000     0.00000     0.00000
     7.16204     0.00000     0.00000     0.00000
     7.16421     0.00000     0.00000     0.00000
     7.16639     0.00000     0.00000     0.00000
     7.16857     0.00000     0.00000     0.00000
     7.17074     0.00000     0.00000     0.00000
     7.17292     0.00000     0.00000     0.00000
     7.17510     0.00000     0.00000     0.00000
     7.17728     0.00000     0.00000     0.00000
     7.17945     0.00000     0.00000     0.00000
     7.18163     0.00000     0.00000     0.00000
     7.18381     0.00000     0.00000     0.00000
     7.18598     0.00000     0.00000     0.00000
     7.18816     0.00000     0.00000     0.00000
     7.19034     0.00000     0.00000     0.00000
     7.19251     0.00000     0.00000     0.00000
     7.19469     0.00000     0.00000     0.00000
     7.19687     0.00000     0.00000     0.00000
     7.19904     0.00000     0.00000     0.00000
     7.20122     0.00000     0.00000     0.00000
     7.20340     0.00000     0.00000     0.00000
     7.20558     0.00000     0.00000     0.00000
     7.20775     0.00000     0.00000     0.00000
     7.20993     0.00000     0.00000     0.00000
     7.21211     0.00000     0.00000     0.00000
     7.21428     0.00000     0.00000     0.00000
     7.21646     0.00000     0.00000     0.00000
     7.21864     0.00000     0.00000     0.00000
     7.22081     0.00000     0.00000     0.00000
     7.22299     0.00000     0.00000     0.00000
     7.22517     0.00000     0.00000     0.00000
     7.22734     0.00000     0.00000     0.00000
     7.22952     0.00000     0.00000     0.00000
     7.23170     0.00000     0.00000     0.00000
     7.23387     0.00000     0.00000     0.00000
     7.23605     0.00000     0.00000     0.00000
     7.23823     0.00000     0.00000     0.00000
     7.24041     0.00000     0.00000     0.00000
     7.24258     0.00000     0.00000     0.00000
     7.24476     0.00000     0.00000     0.00000
     7.24694     0.00000     0.00000     0.00000
     7.24911     0.00000     0.00000     0.00000
     7.25129     0.00000     0.00000     0.00000
     7.25347     0.00000     0.00000     0.00000
     7.25564     0.00000     0.00000     0.00000
     7.25782     0.00000     0.00000     0.00000
     7.26000     0.00000     0.00000     0.00000
     7.26217     0.00000     0.00000     0.00000
     7.26435     0.00000     0.00000     0.00000
     7.26653     0.00000     0.00000     0.00000
     7.26871     0.00000     0.00000     0.00000
     7.27088     0.00000     0.00000     0.00000
     7.27306     0.00000     0.00000     0.00000
     7.27524     0.00000     0.00000     0.00000
     7.27741     0.00000     0.00000     0.00000
     7.27959     0.00000     0.00000     0.00000
     7.28177     0.00000     0.00000     0.00000
     7.28394     0.00000     0.00000     0.00000
     7.28612     0.00000     0.00000     0.00000
     7.28830     0.00000     0.00000     0.00000
     7.29047     0.00000     0.00000     0.00000
     7.29265     0.00000     0.00000     0.00000
     7.29483     0.00000     0.00000     0.00000
     7.29701     0.00000     0.00000     0.00000
     7.29918     0.00000     0.00000     0.00000
     7.30136     0.00000     0.00000     0.00000
     7.30354     0.00000     0.00000     0.00000
     7.30571     0.00000     0.00000     0.00000
     7.30789     0.00000     0.00000     0.00000
     7.31007     0.00000     0.00000     0.00000
     7.31224     0.00000     0.00000     0.00000
     7.31442     0.00000     0.00000     0.00000
     7.31660     0.00000     0.00000     0.00000
     7.31877     0.00000     0.00000     0.00000
     7.32095     0.00000     0.00000     0.00000
     7.32313     0.00000     0.00000     0.00000
     7.32531     0.00000     0.00000     0.00000
     7.32748     0.00000     0.00000     0.00000
     7.32966     0.00000     0.00000     0.00000
     7.33184     0.00000     0.00000     0.00000
     7.33401     0.00000     0.00000     0.00000
     7.33619     0.00000     0.00000     0.00000
     7.33837     0.00000     0.00000     0.00000
     7.34054     0.00000     0.00000     0.00000
     7.34272     0.00000     0.00000     0.00000
     7.34490     0.00000     0.00000     0.00000
     7.34707     0.00000     0.00000     0.00000
     7.34925     0.00000     0.00000     0.00000
     7.35143     0.00000     0.00000     0.00000
     7.35360     0.00000     0.00000     0.00000
     7.35578     0.00000     0.00000     0.00000
     7.35796     0.00000     0.00000     0.00000
     7.36014     0.00000     0.00000     0.00000
     7.36231     0.00000     0.00000     0.00000
     7.36449     0.00000     0.00000     0.00000
     7.36667     0.00000     0.00000     0.00000
     7.36884     0.00000     0.00000     0.00000
     7.37102     0.00000     0.00000     0.00000
     7.37320     0.00000     0.00000     0.00000
     7.37537     0.00000     0.00000     0.00000
     7.37755     0.00000     0.00000     0.00000
     7.37973     0.00000     0.00000     0.00000
     7.38190     0.00000     0.00000     0.00000
     7.38408     0.00000     0.00000     0.00000
     7.38626     0.00000     0.00000     0.00000
     7.38844     0.00000     0.00000     0.00000
     7.39061     0.00000     0.00000     0.00000
     7.39279     0.00000     0.00000     0.00000
     7.39497     0.00000     0.00000     0.00000
     7.39714     0.00000     0.00000     0.00000
     7.39932     0.00000     0.00000     0.00000
     7.40150     0.00000     0.00000     0.00000
     7.40367     0.00000     0.00000     0.00000
     7.40585     0.00000     0.00000     0.00000
     7.40803     0.00000     0.00000     0.00000
     7.41020     0.00000     0.00000     0.00000
     7.41238     0.00000     0.00000     0.00000
     7.41456     0.00000     0.00000     0.00000
     7.41674     0.00000     0.00000     0.00000
     7.41891     0.00000     0.00000     0.00000
     7.42109     0.00000     0.00000     0.00000
     7.42327     0.00000     0.00000     0.00000
     7.42544     0.00000     0.00000     0.00000
     7.42762     0.00000     0.00000     0.00000
     7.42980     0.00000     0.00000     0.00000
     7.43197     0.00000     0.00000     0.00000
     7.43415     0.00000     0.00000     0.00000
     7.43633     0.00000     0.00000     0.00000
     7.43850     0.00000     0.00000     0.00000
     7.44068     0.00000     0.00000     0.00000
     7.44286     0.00000     0.00000     0.00000
     7.44504     0.00000     0.00000     0.00000
     7.44721     0.00000     0.00000     0.00000
     7.44939     0.00000     0.00000     0.00000
     7.45157     0.00000     0.00000     0.00000
     7.45374     0.00000     0.00000     0.00000
     7.45592     0.00000     0.00000     0.00000
     7.45810     0.00000     0.00000     0.00000
     7.46027     0.00000     0.00000     0.00000
     7.46245     0.00000     0.00000     0.00000
     7.46463     0.00000     0.00000     0.00000
     7.46680     0.00000     0.00000     0.00000
     7.46898     0.00000     0.00000     0.00000
     7.47116     0.00000     0.00000     0.00000
     7.47334     0.00000     0.00000     0.00000
     7.47551     0.00000     0.00000     0.00000
     7.47769     0.00000     0.00000     0.00000
     7.47987     0.00000     0.00000     0.00000
     7.48204     0.00000     0.00000     0.00000
     7.48422     0.00000     0.00000     0.00000
     7.48640     0.00000     0.00000     0.00000
     7.48857     0.00000     0.00000     0.00000
     7.49075     0.00000     0.00000     0.00000
     7.49293     0.00000     0.00000     0.00000
     7.49510     0.00000     0.00000     0.00000
     7.49728     0.00000     0.00000     0.00000
     7.49946     0.00000     0.00000     0.00000
     7.50163     0.00000     0.00000     0.00000
     7.50381     0.00000     0.00000     0.00000
     7.50599     0.00000     0.00000     0.00000
     7.50817     0.00000     0.00000     0.00000
     7.51034     0.00000     0.00000     0.00000
     7.51252     0.00000     0.00000     0.00000
     7.51470     0.00000     0.00000     0.00000
     7.51687     0.00000     0.00000     0.00000
     7.51905     0.00000     0.00000     0.00000
     7.52123     0.00000     0.00000     0.00000
     7.52340     0.00000     0.00000     0.00000
     7.52558     0.00000     0.00000     0.00000
     7.52776     0.00000     0.00000     0.00000
     7.52993     0.00000     0.00000     0.00000
     7.53211     0.00000     0.00000     0.00000
     7.53429     0.00000     0.00000     0.00000
     7.53647     0.00000     0.00000     0.00000
     7.53864     0.00000     0.00000     0.00000
     7.54082     0.00000     0.00000     0.00000
     7.54300     0.00000     0.00000     0.00000
     7.54517     0.00000     0.00000     0.00000
     7.54735     0.00000     0.00000     0.00000
     7.54953     0.00000     0.00000     0.00000
     7.55170     0.00000     0.00000     0.00000
     7.55388     0.00000     0.00000     0.00000
     7.55606     0.00000     0.00000     0.00000
     7.55823     0.00000     0.00000     0.00000
     7.56041     0.00000     0.00000     0.00000
     7.56259     0.00000     0.00000     0.00000
     7.56477     0.00000     0.00000     0.00000
     7.56694     0.00000     0.00000     0.00000
     7.56912     0.00000     0.00000     0.00000
     7.57130     0.00000     0.00000     0.00000
     7.57347     0.00000     0.00000     0.00000
     7.57565     0.00000     0.00000     0.00000
     7.57783     0.00000     0.00000     0.00000
     7.58000     0.00000     0.00000     0.00000
     7.58218     0.00000     0.00000     0.00000
     7.58436     0.00000     0.00000     0.00000
     7.58653     0.00000     0.00000     0.00000
     7.58871     0.00000     0.00000     0.00000
     7.59089     0.00000     0.00000     0.00000
     7.59307     0.00000     0.00000     0.00000
     7.59524     0.00000     0.00000     0.00000
     7.59742     0.00000     0.00000     0.00000
     7.59960     0.00000     0.00000     0.00000
     7.60177     0.00000     0.00000     0.00000
     7.60395     0.00000     0.00000     0.00000
     7.60613     0.00000     0.00000     0.00000
     7.60830     0.00000     0.00000     0.00000
     7.61048     0.00000     0.00000     0.00000
     7.61266     0.00000     0.00000     0.00000
     7.61483     0.00000     0.00000     0.00000
     7.61701     0.00000     0.00000     0.00000
     7.61919     0.00000     0.00000     0.00000
     7.62136     0.00000     0.00000     0.00000
     7.62354     0.00000     0.00000     0.00000
     7.62572     0.00000     0.00000     0.00000
     7.62790     0.00000     0.00000     0.00000
     7.63007     0.00000     0.00000     0.00000
     7.63225     0.00000     0.00000     0.00000
     7.63443     0.00000     0.00000     0.00000
     7.63660     0.00000     0.00000     0.00000
     7.63878     0.00000     0.00000     0.00000
     7.64096     0.00000     0.00000     0.00000
     7.64313     0.00000     0.00000     0.00000
     7.64531     0.00000     0.00000     0.00000
     7.64749     0.00000     0.00000     0.00000
     7.64966     0.00000     0.00000     0.00000
     7.65184     0.00000     0.00000     0.00000
     7.65402     0.00000     0.00000     0.00000
     7.65620     0.00000     0.00000     0.00000
     7.65837     0.00000     0.00000     0.00000
     7.66055     0.00000     0.00000     0.00000
     7.66273     0.00000     0.00000     0.00000
     7.66490     0.00000     0.00000     0.00000
     7.66708     0.00000     0.00000     0.00000
     7.66926     0.00000     0.00000     0.00000
     7.67143     0.00000     0.00000     0.00000
     7.67361     0.00000     0.00000     0.00000
     7.67579     0.00000     0.00000     0.00000
     7.67796     0.00000     0.00000     0.00000
     7.68014     0.00000     0.00000     0.00000
     7.68232     0.00000     0.00000     0.00000
     7.68450     0.00000     0.00000     0.00000
     7.68667     0.00000     0.00000     0.00000
     7.68885     0.00000     0.00000     0.00000
     7.69103     0.00000     0.00000     0.00000
     7.69320     0.00000     0.00000     0.00000
     7.69538     0.00000     0.00000     0.00000
     7.69756     0.00000     0.00000     0.00000
     7.69973     0.00000     0.00000     0.00000
     7.70191     0.00000     0.00000     0.00000
     7.70409     0.00000     0.00000     0.00000
     7.70626     0.00000     0.00000     0.00000
     7.70844     0.00000     0.00000     0.00000
     7.71062     0.00000     0.00000     0.00000
     7.71280     0.00000     0.00000     0.00000
     7.71497     0.00000     0.00000     0.00000
     7.71715     0.00000     0.00000     0.00000
     7.71933     0.00000     0.00000     0.00000
     7.72150     0.00000     0.00000     0.00000
     7.72368     0.00000     0.00000     0.00000
     7.72586     0.00000     0.00000     0.00000
     7.72803     0.00000     0.00000     0.00000
     7.73021     0.00000     0.00000     0.00000
     7.73239     0.00000     0.00000     0.00000
     7.73456     0.00000     0.00000     0.00000
     7.73674     0.00000     0.00000     0.00000
     7.73892     0.00000     0.00000     0.00000
     7.74110     0.00000     0.00000     0.00000
     7.74327     0.00000     0.00000     0.00000
     7.74545     0.00000     0.00000     0.00000
     7.74763     0.00000     0.00000     0.00000
     7.74980     0.00000     0.00000     0.00000
     7.75198     0.00000     0.00000     0.00000
     7.75416     0.00000     0.00000     0.00000
     7.75633     0.00000     0.00000     0.00000
     7.75851     0.00000     0.00000     0.00000
     7.76069     0.00000     0.00000     0.00000
     7.76286     0.00000     0.00000     0.00000
     7.76504     0.00000     0.00000     0.00000
     7.76722     0.00000     0.00000     0.00000
     7.76939     0.00000     0.00000     0.00000
     7.77157     0.00000     0.00000     0.00000
     7.77375     0.00000     0.00000     0.00000
     7.77593     0.00000     0.00000     0.00000
     7.77810     0.00000     0.00000     0.00000
     7.78028     0.00000     0.00000     0.00000
     7.78246     0.00000     0.00000     0.00000
     7.78463     0.00000     0.00000     0.00000
     7.78681     0.00000     0.00000     0.00000
     7.78899     0.00000     0.00000     0.00000
     7.79116     0.00000     0.00000     0.00000
     7.79334     0.00000     0.00000     0.00000
     7.79552     0.00000     0.00000     0.00000
     7.79769     0.00000     0.00000     0.00000
     7.79987     0.00000     0.00000     0.00000
     7.80205     0.00000     0.00000     0.00000
     7.80423     0.00000     0.00000     0.00000
     7.80640     0.00000     0.00000     0.00000
     7.80858     0.00000     0.00000     0.00000
     7.81076     0.00000     0.00000     0.00000
     7.81293     0.00000     0.00000     0.00000
     7.81511     0.00000     0.00000     0.00000
     7.81729     0.00000     0.00000     0.00000
     7.81946     0.00000     0.00000     0.00000
     7.82164     0.00000     0.00000     0.00000
     7.82382     0.00000     0.00000     0.00000
     7.82599     0.00000     0.00000     0.00000
     7.82817     0.00000     0.00000     0.00000
     7.83035     0.00000     0.00000     0.00000
     7.83253     0.00000     0.00000     0.00000
     7.83470     0.00000     0.00000     0.00000
     7.83688     0.00000     0.00000     0.00000
     7.83906     0.00000     0.00000     0.00000
     7.84123     0.00000     0.00000     0.00000
     7.84341     0.00000     0.00000     0.00000
     7.84559     0.00000     0.00000     0.00000
     7.84776     0.00000     0.00000     0.00000
     7.84994     0.00000     0.00000     0.00000
     7.85212     0.00000     0.00000     0.00000
     7.85429     0.00000     0.00000     0.00000
     7.85647     0.00000     0.00000     0.00000
     7.85865     0.00000     0.00000     0.00000
     7.86083     0.00000     0.00000     0.00000
     7.86300     0.00000     0.00000     0.00000
     7.86518     0.00000     0.00000     0.00000
     7.86736     0.00000     0.00000     0.00000
     7.86953     0.00000     0.00000     0.00000
     7.87171     0.00000     0.00000     0.00000
     7.87389     0.00000     0.00000     0.00000
     7.87606     0.00000     0.00000     0.00000
     7.87824     0.00000     0.00000     0.00000
     7.88042     0.00000     0.00000     0.00000
     7.88259     0.00000     0.00000     0.00000
     7.88477     0.00000     0.00000     0.00000
     7.88695     0.00000     0.00000     0.00000
     7.88913     0.00000     0.00000     0.00000
     7.89130     0.00000     0.00000     0.00000
     7.89348     0.00000     0.00000     0.00000
     7.89566     0.00000     0.00000     0.00000
     7.89783     0.00000     0.00000     0.00000
     7.90001     0.00000     0.00000     0.00000
     7.90219     0.00000     0.00000     0.00000
     7.90436     0.00000     0.00000     0.00000
     7.90654     0.00000     0.00000     0.00000
     7.90872     0.00000     0.00000     0.00000
     7.91089     0.00000     0.00000     0.00000
     7.91307     0.00000     0.00000     0.00000
     7.91525     0.00000     0.00000     0.00000
     7.91742     0.00000     0.00000     0.00000
     7.91960     0.00000     0.00000     0.00000
     7.92178     0.00000     0.00000     0.00000
     7.92396     0.00000     0.00000     0.00000
     7.92613     0.00000     0.00000     0.00000
     7.92831     0.00000     0.00000     0.00000
     7.93049     0.00000     0.00000     0.00000
     7.93266     0.00000     0.00000     0.00000
     7.93484     0.00000     0.00000     0.00000
     7.93702     0.00000     0.00000     0.00000
     7.93919     0.00000     0.00000     0.00000
     7.94137     0.00000     0.00000     0.00000
     7.94355     0.00000     0.00000     0.00000
     7.94572     0.00000     0.00000     0.00000
     7.94790     0.00000     0.00000     0.00000
     7.95008     0.00000     0.00000     0.00000
     7.95226     0.00000     0.00000     0.00000
     7.95443     0.00000     0.00000     0.00000
     7.95661     0.00000     0.00000     0.00000
     7.95879     0.00000     0.00000     0.00000
     7.96096     0.00000     0.00000     0.00000
     7.96314     0.00000     0.00000     0.00000
     7.96532     0.00000     0.00000     0.00000
     7.96749     0.00000     0.00000     0.00000
     7.96967     0.00000     0.00000     0.00000
     7.97185     0.00000     0.00000     0.00000
     7.97402     0.00000     0.00000     0.00000
     7.97620     0.00000     0.00000     0.00000
     7.97838     0.00000     0.00000     0.00000
     7.98056     0.00000     0.00000     0.00000
     7.98273     0.00000     0.00000     0.00000
     7.98491     0.00000     0.00000     0.00000
     7.98709     0.00000     0.00000     0.00000
     7.98926     0.00000     0.00000     0.00000
     7.99144     0.00000     0.00000     0.00000
     7.99362     0.00000     0.00000     0.00000
     7.99579     0.00000     0.00000     0.00000
     7.99797     0.00000     0.00000     0.00000
     8.00015     0.00000     0.00000     0.00000
     8.00232     0.00000     0.00000     0.00000
     8.00450     0.00000     0.00000     0.00000
     8.00668     0.00000     0.00000     0.00000
     8.00886     0.00000     0.00000     0.00000
     8.01103     0.00000     0.00000     0.00000
     8.01321     0.00000     0.00000     0.00000
     8.01539     0.00000     0.00000     0.00000
     8.01756     0.00000     0.00000     0.00000
     8.01974     0.00000     0.00000     0.00000
     8.02192     0.00000     0.00000     0.00000
     8.02409     0.00000     0.00000     0.00000
     8.02627     0.00000     0.00000     0.00000
     8.02845     0.00000     0.00000     0.00000
     8.03062     0.00000     0.00000     0.00000
     8.03280     0.00000     0.00000     0.00000
     8.03498     0.00000     0.00000     0.00000
     8.03715     0.00000     0.00000     0.00000
     8.03933     0.00000     0.00000     0.00000
     8.04151     0.00000     0.00000     0.00000
     8.04369     0.00000     0.00000     0.00000
     8.04586     0.00000     0.00000     0.00000
     8.04804     0.00000     0.00000     0.00000
     8.05022     0.00000     0.00000     0.00000
     8.05239     0.00000     0.00000     0.00000
     8.05457     0.00000     0.00000     0.00000
     8.05675     0.00000     0.00000     0.00000
     8.05892     0.00000     0.00000     0.00000
     8.06110     0.00000     0.00000     0.00000
     8.06328     0.00000     0.00000     0.00000
     8.06545     0.00000     0.00000     0.00000
     8.06763     0.00000     0.00000     0.00000
     8.06981     0.00000     0.00000     0.00000
     8.07199     0.00000     0.00000     0.00000
     8.07416     0.00000     0.00000     0.00000
     8.07634     0.00000     0.00000     0.00000
     8.07852     0.00000     0.00000     0.00000
     8.08069     0.00000     0.00000     0.00000
     8.08287     0.00000     0.00000     0.00000
     8.08505     0.00000     0.00000     0.00000
     8.08722     0.00000     0.00000     0.00000
     8.08940     0.00000     0.00000     0.00000
     8.09158     0.00000     0.00000     0.00000
     8.09375     0.00000     0.00000     0.00000
     8.09593     0.00000     0.00000     0.00000
     8.09811     0.00000     0.00000     0.00000
     8.10029     0.00000     0.00000     0.00000
     8.10246     0.00000     0.00000     0.00000
     8.10464     0.00000     0.00000     0.00000
     8.10682     0.00000     0.00000     0.00000
     8.10899     0.00000     0.00000     0.00000
     8.11117     0.00000     0.00000     0.00000
     8.11335     0.00000     0.00000     0.00000
     8.11552     0.00000     0.00000     0.00000
     8.11770     0.00000     0.00000     0.00000
     8.11988     0.00000     0.00000     0.00000
     8.12205     0.00000     0.00000     0.00000
     8.12423     0.00000     0.00000     0.00000
     8.12641     0.00000     0.00000     0.00000
     8.12859     0.00000     0.00000     0.00000
     8.13076     0.00000     0.00000     0.00000
     8.13294     0.00000     0.00000     0.00000
     8.13512     0.00000     0.00000     0.00000
     8.13729     0.00000     0.00000     0.00000
     8.13947     0.00000     0.00000     0.00000
     8.14165     0.00000     0.00000     0.00000
     8.14382     0.00000     0.00000     0.00000
     8.14600     0.00000     0.00000     0.00000
     8.14818     0.00000     0.00000     0.00000
     8.15035     0.00000     0.00000     0.00000
     8.15253     0.00000     0.00000     0.00000
     8.15471     0.00000     0.00000     0.00000
     8.15689     0.00000     0.00000     0.00000
     8.15906     0.00000     0.00000     0.00000
     8.16124     0.00000     0.00000     0.00000
     8.16342     0.00000     0.00000     0.00000
     8.16559     0.00000     0.00000     0.00000
     8.16777     0.00000     0.00000     0.00000
     8.16995     0.00000     0.00000     0.00000
     8.17212     0.00000     0.00000     0.00000
     8.17430     0.00000     0.00000     0.00000
     8.17648     0.00000     0.00000     0.00000
     8.17865     0.00000     0.00000     0.00000
     8.18083     0.00000     0.00000     0.00000
     8.18301     0.00000     0.00000     0.00000
     8.18518     0.00000     0.00000     0.00000
     8.18736     0.00000     0.00000     0.00000
     8.18954     0.00000     0.00000     0.00000
     8.19172     0.00000     0.00000     0.00000
     8.19389     0.00000     0.00000     0.00000
     8.19607     0.00000     0.00000     0.00000
     8.19825     0.00000     0.00000     0.00000
     8.20042     0.00000     0.00000     0.00000
     8.20260     0.00000     0.00000     0.00000
     8.20478     0.00000     0.00000     0.00000
     8.20695     0.00000     0.00000     0.00000
     8.20913     0.00000     0.00000     0.00000
     8.21131     0.00000     0.00000     0.00000
     8.21348     0.00000     0.00000     0.00000
     8.21566     0.00000     0.00000     0.00000
     8.21784     0.00000     0.00000     0.00000
     8.22002     0.00000     0.00000     0.00000
     8.22219     0.00000     0.00000     0.00000
     8.22437     0.00000     0.00000     0.00000
     8.22655     0.00000     0.00000     0.00000
     8.22872     0.00000     0.00000     0.00000
     8.23090     0.00000     0.00000     0.00000
     8.23308     0.00000     0.00000     0.00000
     8.23525     0.00000     0.00000     0.00000
     8.23743     0.00000     0.00000     0.00000
     8.23961     0.00000     0.00000     0.00000
     8.24178     0.00000     0.00000     0.00000
     8.24396     0.00000     0.00000     0.00000
     8.24614     0.00000     0.00000     0.00000
     8.24832     0.00000     0.00000     0.00000
     8.25049     0.00000     0.00000     0.00000
     8.25267     0.00000     0.00000     0.00000
     8.25485     0.00000     0.00000     0.00000
     8.25702     0.00000     0.00000     0.00000
     8.25920     0.00000     0.00000     0.00000
     8.26138     0.00000     0.00000     0.00000
     8.26355     0.00000     0.00000     0.00000
     8.26573     0.00000     0.00000     0.00000
     8.26791     0.00000     0.00000     0.00000
     8.27008     0.00000     0.00000     0.00000
     8.27226     0.00000     0.00000     0.00000
     8.27444     0.00000     0.00000     0.00000
     8.27662     0.00000     0.00000     0.00000
     8.27879     0.00000     0.00000     0.00000
     8.28097     0.00000     0.00000     0.00000
     8.28315     0.00000     0.00000     0.00000
     8.28532     0.00000     0.00000     0.00000
     8.28750     0.00000     0.00000     0.00000
     8.28968     0.00000     0.00000     0.00000
     8.29185     0.00000     0.00000     0.00000
     8.29403     0.00000     0.00000     0.00000
     8.29621     0.00000     0.00000     0.00000
     8.29838     0.00000     0.00000     0.00000
     8.30056     0.00000     0.00000     0.00000
     8.30274     0.00000     0.00000     0.00000
     8.30492     0.00000     0.00000     0.00000
     8.30709     0.00000     0.00000     0.00000
     8.30927     0.00000     0.00000     0.00000
     8.31145     0.00000     0.00000     0.00000
     8.31362     0.00000     0.00000     0.00000
     8.31580     0.00000     0.00000     0.00000
     8.31798     0.00000     0.00000     0.00000
     8.32015     0.00000     0.00000     0.00000
     8.32233     0.00000     0.00000     0.00000
     8.32451     0.00000     0.00000     0.00000
     8.32668     0.00000     0.00000     0.00000
     8.32886     0.00000     0.00000     0.00000
     8.33104     0.00000     0.00000     0.00000
     8.33321     0.00000     0.00000     0.00000
     8.33539     0.00000     0.00000     0.00000
     8.33757     0.00000     0.00000     0.00000
     8.33975     0.00000     0.00000     0.00000
     8.34192     0.00000     0.00000     0.00000
     8.34410     0.00000     0.00000     0.00000
     8.34628     0.00000     0.00000     0.00000
     8.34845     0.00000     0.00000     0.00000
     8.35063     0.00000     0.00000     0.00000
     8.35281     0.00000     0.00000     0.00000
     8.35498     0.00000     0.00000     0.00000
     8.35716     0.00000     0.00000     0.00000
     8.35934     0.00000     0.00000     0.00000
     8.36151     0.00000     0.00000     0.00000
     8.36369     0.00000     0.00000     0.00000
     8.36587     0.00000     0.00000     0.00000
     8.36805     0.00000     0.00000     0.00000
     8.37022     0.00000     0.00000     0.00000
     8.37240     0.00000     0.00000     0.00000
     8.37458     0.00000     0.00000     0.00000
     8.37675     0.00000     0.00000     0.00000
     8.37893     0.00000     0.00000     0.00000
     8.38111     0.00000     0.00000     0.00000
     8.38328     0.00000     0.00000     0.00000
     8.38546     0.00000     0.00000     0.00000
     8.38764     0.00000     0.00000     0.00000
     8.38981     0.00000     0.00000     0.00000
     8.39199     0.00000     0.00000     0.00000
     8.39417     0.00000     0.00000     0.00000
     8.39635     0.00000     0.00000     0.00000
     8.39852     0.00000     0.00000     0.00000
     8.40070     0.00000     0.00000     0.00000
     8.40288     0.00000     0.00000     0.00000
     8.40505     0.00000     0.00000     0.00000
     8.40723     0.00000     0.00000     0.00000
     8.40941     0.00000     0.00000     0.00000
     8.41158     0.00000     0.00000     0.00000
     8.41376     0.00000     0.00000     0.00000
     8.41594     0.00000     0.00000     0.00000
     8.41811     0.00000     0.00000     0.00000
     8.42029     0.00000     0.00000     0.00000
     8.42247     0.00000     0.00000     0.00000
     8.42465     0.00000     0.00000     0.00000
     8.42682     0.00000     0.00000     0.00000
     8.42900     0.00000     0.00000     0.00000
     8.43118     0.00000     0.00000     0.00000
     8.43335     0.00000     0.00000     0.00000
     8.43553     0.00000     0.00000     0.00000
     8.43771     0.00000     0.00000     0.00000
     8.43988     0.00000     0.00000     0.00000
     8.44206     0.00000     0.00000     0.00000
     8.44424     0.00000     0.00000     0.00000
     8.44641     0.00000     0.00000     0.00000
     8.44859     0.00000     0.00000     0.00000
     8.45077     0.00000     0.00000     0.00000
     8.45294     0.00000     0.00000     0.00000
     8.45512     0.00000     0.00000     0.00000
     8.45730     0.00000     0.00000     0.00000
     8.45948     0.00000     0.00000     0.00000
     8.46165     0.00000     0.00000     0.00000
     8.46383     0.00000     0.00000     0.00000
     8.46601     0.00000     0.00000     0.00000
     8.46818     0.00000     0.00000     0.00000
     8.47036     0.00000     0.00000     0.00000
     8.47254     0.00000     0.00000     0.00000
     8.47471     0.00000     0.00000     0.00000
     8.47689     0.00000     0.00000     0.00000
     8.47907     0.00000     0.00000     0.00000
     8.48124     0.00000     0.00000     0.00000
     8.48342     0.00000     0.00000     0.00000
     8.48560     0.00000     0.00000     0.00000
     8.48778     0.00000     0.00000     0.00000
     8.48995     0.00000     0.00000     0.00000
     8.49213     0.00000     0.00000     0.00000
     8.49431     0.00000     0.00000     0.00000
     8.49648     0.00000     0.00000     0.00000
     8.49866     0.00001     0.00001     0.00000
     8.50084     0.00001     0.00001     0.00000
     8.50301     0.00002     0.00001     0.00000
     8.50519     0.00003     0.00002     0.00001
     8.50737     0.00004     0.00003     0.00001
     8.50954     0.00006     0.00004     0.00001
     8.51172     0.00008     0.00006     0.00002
     8.51390     0.00012     0.00009     0.00003
     8.51608     0.00018     0.00013     0.00005
     8.51825     0.00026     0.00019     0.00007
     8.52043     0.00037     0.00027     0.00010
     8.52261     0.00052     0.00039     0.00014
     8.52478     0.00074     0.00055     0.00019
     8.52696     0.00104     0.00077     0.00027
     8.52914     0.00145     0.00107     0.00038
     8.53131     0.00200     0.00148     0.00052
     8.53349     0.00276     0.00205     0.00072
     8.53567     0.00378     0.00280     0.00098
     8.53784     0.00515     0.00381     0.00134
     8.54002     0.00696     0.00516     0.00181
     8.54220     0.00935     0.00693     0.00243
     8.54438     0.01248     0.00925     0.00324
     8.54655     0.01656     0.01226     0.00430
     8.54873     0.02182     0.01616     0.00566
     8.55091     0.02858     0.02116     0.00742
     8.55308     0.03718     0.02753     0.00965
     8.55526     0.04807     0.03559     0.01247
     8.55744     0.06175     0.04572     0.01602
     8.55961     0.07881     0.05836     0.02045
     8.56179     0.09995     0.07401     0.02594
     8.56397     0.12595     0.09326     0.03268
     8.56614     0.15770     0.11677     0.04092
     8.56832     0.19619     0.14528     0.05091
     8.57050     0.24253     0.17959     0.06294
     8.57268     0.29789     0.22059     0.07730
     8.57485     0.36356     0.26921     0.09435
     8.57703     0.44087     0.32646     0.11441
     8.57921     0.53122     0.39336     0.13785
     8.58138     0.63599     0.47095     0.16504
     8.58356     0.75658     0.56024     0.19634
     8.58574     0.89428     0.66221     0.23207
     8.58791     1.05030     0.77775     0.27256
     8.59009     1.22568     0.90761     0.31807
     8.59227     1.42121     1.05240     0.36881
     8.59444     1.63743     1.21251     0.42492
     8.59662     1.87450     1.38806     0.48644
     8.59880     2.13221     1.57889     0.55332
     8.60097     2.40987     1.78450     0.62537
     8.60315     2.70632     2.00401     0.70230
     8.60533     3.01984     2.23618     0.78366
     8.60751     3.34819     2.47932     0.86887
     8.60968     3.68855     2.73136     0.95720
     8.61186     4.03760     2.98982     1.04778
     8.61404     4.39147     3.25187     1.13961
     8.61621     4.74590     3.51431     1.23158
     8.61839     5.09620     3.77371     1.32249
     8.62057     5.43746     4.02641     1.41105
     8.62274     5.76455     4.26862     1.49593
     8.62492     6.07233     4.49653     1.57580
     8.62710     6.35574     4.70639     1.64934
     8.62927     6.60993     4.89462     1.71531
     8.63145     6.83044     5.05790     1.77253
     8.63363     7.01327     5.19329     1.81998
     8.63581     7.15506     5.29828     1.85677
     8.63798     7.25314     5.37092     1.88223
     8.64016     7.30566     5.40981     1.89586
     8.64234     7.31162     5.41422     1.89740
     8.64451     7.27091     5.38407     1.88684
     8.64669     7.18429     5.31993     1.86436
     8.64887     7.05341     5.22302     1.83040
     8.65104     6.88075     5.09516     1.78559
     8.65322     6.66948     4.93872     1.73076
     8.65540     6.42347     4.75655     1.66692
     8.65757     6.14706     4.55186     1.59519
     8.65975     5.84501     4.32820     1.51681
     8.66193     5.52235     4.08928     1.43308
     8.66411     5.18422     3.83889     1.34533
     8.66628     4.83574     3.58084     1.25490
     8.66846     4.48191     3.31884     1.16308
     8.67064     4.12747     3.05637     1.07110
     8.67281     3.77682     2.79671     0.98010
     8.67499     3.43390     2.54279     0.89111
     8.67717     3.10220     2.29716     0.80504
     8.67934     2.78466     2.06203     0.72263
     8.68152     2.48368     1.83916     0.64453
     8.68370     2.20110     1.62991     0.57120
     8.68587     1.93823     1.43525     0.50298
     8.68805     1.69586     1.25577     0.44008
     8.69023     1.47433     1.09173     0.38260
     8.69241     1.27356     0.94307     0.33050
     8.69458     1.09312     0.80945     0.28367
     8.69676     0.93225     0.69033     0.24192
     8.69894     0.78999     0.58498     0.20501
     8.70111     0.66517     0.49255     0.17261
     8.70329     0.55649     0.41208     0.14441
     8.70547     0.46260     0.34255     0.12005
     8.70764     0.38210     0.28294     0.09916
     8.70982     0.31359     0.23221     0.08138
     8.71200     0.25573     0.18937     0.06636
     8.71417     0.20721     0.15344     0.05377
     8.71635     0.16682     0.12353     0.04329
     8.71853     0.13345     0.09882     0.03463
     8.72070     0.10608     0.07855     0.02753
     8.72288     0.08378     0.06204     0.02174
     8.72506     0.06575     0.04868     0.01706
     8.72724     0.05127     0.03796     0.01330
     8.72941     0.03972     0.02941     0.01031
     8.73159     0.03058     0.02264     0.00793
     8.73377     0.02339     0.01732     0.00607
     8.73594     0.01778     0.01316     0.00461
     8.73812     0.01342     0.00994     0.00348
     8.74030     0.01007     0.00746     0.00261
     8.74247     0.00751     0.00556     0.00195
     8.74465     0.00556     0.00412     0.00144
     8.74683     0.00410     0.00303     0.00106
     8.74900     0.00300     0.00222     0.00078
     8.75118     0.00218     0.00161     0.00056
     8.75336     0.00157     0.00116     0.00041
     8.75554     0.00113     0.00084     0.00029
     8.75771     0.00080     0.00060     0.00021
     8.75989     0.00057     0.00042     0.00015
     8.76207     0.00040     0.00030     0.00010
     8.76424     0.00028     0.00021     0.00007
     8.76642     0.00019     0.00014     0.00005
     8.76860     0.00013     0.00010     0.00003
     8.77077     0.00009     0.00007     0.00002
     8.77295     0.00006     0.00005     0.00002
     8.77513     0.00004     0.00003     0.00001
     8.77730     0.00003     0.00002     0.00001
     8.77948     0.00002     0.00001     0.00000
     8.78166     0.00001     0.00001     0.00000
     8.78384     0.00001     0.00001     0.00000
     8.78601     0.00001     0.00000     0.00000
     8.78819     0.00000     0.00000     0.00000
     8.79037     0.00000     0.00000     0.00000
     8.79254     0.00000     0.00000     0.00000
     8.79472     0.00000     0.00000     0.00000
     8.79690     0.00000     0.00000     0.00000
     8.79907     0.00000     0.00000     0.00000
     8.80125     0.00000     0.00000     0.00000
     8.80343     0.00000     0.00000     0.00000
     8.80560     0.00000     0.00000     0.00000
     8.80778     0.00000     0.00000     0.00000
     8.80996     0.00000     0.00000     0.00000
     8.81214     0.00000     0.00000     0.00000
     8.81431     0.00000     0.00000     0.00000
     8.81649     0.00000     0.00000     0.00000
     8.81867     0.00000     0.00000     0.00000
     8.82084     0.00000     0.00000     0.00000
     8.82302     0.00000     0.00000     0.00000
     8.82520     0.00000     0.00000     0.00000
     8.82737     0.00000     0.00000     0.00000
     8.82955     0.00000     0.00000     0.00000
     8.83173     0.00000     0.00000     0.00000
     8.83390     0.00000     0.00000     0.00000
     8.83608     0.00000     0.00000     0.00000
     8.83826     0.00000     0.00000     0.00000
     8.84044     0.00000     0.00000     0.00000
     8.84261     0.00000     0.00000     0.00000
     8.84479     0.00000     0.00000     0.00000
     8.84697     0.00000     0.00000     0.00000
     8.84914     0.00000     0.00000     0.00000
     8.85132     0.00000     0.00000     0.00000
     8.85350     0.00000     0.00000     0.00000
     8.85567     0.00000     0.00000     0.00000
     8.85785     0.00000     0.00000     0.00000
     8.86003     0.00000     0.00000     0.00000
     8.86220     0.00000     0.00000     0.00000
     8.86438     0.00000     0.00000     0.00000
     8.86656     0.00000     0.00000     0.00000
     8.86873     0.00000     0.00000     0.00000
     8.87091     0.00000     0.00000     0.00000
     8.87309     0.00000     0.00000     0.00000
     8.87527     0.00000     0.00000     0.00000
     8.87744     0.00000     0.00000     0.00000
     8.87962     0.00000     0.00000     0.00000
     8.88180     0.00000     0.00000     0.00000
     8.88397     0.00000     0.00000     0.00000
     8.88615     0.00000     0.00000     0.00000
     8.88833     0.00000     0.00000     0.00000
     8.89050     0.00000     0.00000     0.00000
     8.89268     0.00000     0.00000     0.00000
     8.89486     0.00000     0.00000     0.00000
     8.89703     0.00000     0.00000     0.00000
     8.89921     0.00000     0.00000     0.00000
     8.90139     0.00000     0.00000     0.00000
     8.90357     0.00000     0.00000     0.00000
     8.90574     0.00000     0.00000     0.00000
     8.90792     0.00000     0.00000     0.00000
     8.91010     0.00000     0.00000     0.00000
     8.91227     0.00000     0.00000     0.00000
     8.91445     0.00000     0.00000     0.00000
     8.91663     0.00000     0.00000     0.00000
     8.91880     0.00000     0.00000     0.00000
     8.92098     0.00000     0.00000     0.00000
     8.92316     0.00000     0.00000     0.00000
     8.92533     0.00000     0.00000     0.00000
     8.92751     0.00000     0.00000     0.00000
     8.92969     0.00000     0.00000     0.00000
     8.93187     0.00000     0.00000     0.00000
     8.93404     0.00000     0.00000     0.00000
     8.93622     0.00000     0.00000     0.00000
     8.93840     0.00000     0.00000     0.00000
     8.94057     0.00000     0.00000     0.00000
     8.94275     0.00000     0.00000     0.00000
     8.94493     0.00000     0.00000     0.00000
     8.94710     0.00000     0.00000     0.00000
     8.94928     0.00000     0.00000     0.00000
     8.95146     0.00000     0.00000     0.00000
     8.95363     0.00000     0.00000     0.00000
     8.95581     0.00000     0.00000     0.00000
     8.95799     0.00000     0.00000     0.00000
     8.96017     0.00000     0.00000     0.00000
     8.96234     0.00000     0.00000     0.00000
     8.96452     0.00000     0.00000     0.00000
     8.96670     0.00000     0.00000     0.00000
     8.96887     0.00000     0.00000     0.00000
     8.97105     0.00000     0.00000     0.00000
     8.97323     0.00000     0.00000     0.00000
     8.97540     0.00000     0.00000     0.00000
     8.97758     0.00000     0.00000     0.00000
     8.97976     0.00000     0.00000     0.00000
     8.98193     0.00000     0.00000     0.00000
     8.98411     0.00000     0.00000     0.00000
     8.98629     0.00000     0.00000     0.00000
     8.98847     0.00000     0.00000     0.00000
     8.99064     0.00000     0.00000     0.00000
     8.99282     0.00000     0.00000     0.00000
     8.99500     0.00000     0.00000     0.00000
     8.99717     0.00000     0.00000     0.00000
     8.99935     0.00000     0.00000     0.00000
     9.00153     0.00000     0.00000     0.00000
     9.00370     0.00000     0.00000     0.00000
     9.00588     0.00000     0.00000     0.00000
     9.00806     0.00000     0.00000     0.00000
     9.01023     0.00000     0.00000     0.00000
     9.01241     0.00000     0.00000     0.00000
     9.01459     0.00000     0.00000     0.00000
     9.01676     0.00000     0.00000     0.00000
     9.01894     0.00000     0.00000     0.00000
     9.02112     0.00000     0.00000     0.00000
     9.02330     0.00000     0.00000     0.00000
     9.02547     0.00000     0.00000     0.00000
     9.02765     0.00000     0.00000     0.00000
     9.02983     0.00000     0.00000     0.00000
     9.03200     0.00000     0.00000     0.00000
     9.03418     0.00000     0.00000     0.00000
     9.03636     0.00000     0.00000     0.00000
     9.03853     0.00000     0.00000     0.00000
     9.04071     0.00000     0.00000     0.00000
     9.04289     0.00000     0.00000     0.00000
     9.04506     0.00000     0.00000     0.00000
     9.04724     0.00000     0.00000     0.00000
     9.04942     0.00000     0.00000     0.00000
     9.05160     0.00000     0.00000     0.00000
     9.05377     0.00000     0.00000     0.00000
     9.05595     0.00000     0.00000     0.00000
     9.05813     0.00000     0.00000     0.00000
     9.06030     0.00000     0.00000     0.00000
     9.06248     0.00000     0.00000     0.00000
     9.06466     0.00000     0.00000     0.00000
     9.06683     0.00000     0.00000     0.00000
     9.06901     0.00000     0.00000     0.00000
     9.07119     0.00000     0.00000     0.00000
     9.07336     0.00000     0.00000     0.00000
     9.07554     0.00000     0.00000     0.00000
     9.07772     0.00000     0.00000     0.00000
     9.07990     0.00000     0.00000     0.00000
     9.08207     0.00000     0.00000     0.00000
     9.08425     0.00000     0.00000     0.00000
     9.08643     0.00000     0.00000     0.00000
     9.08860     0.00000     0.00000     0.00000
     9.09078     0.00000     0.00000     0.00000
     9.09296     0.00000     0.00000     0.00000
     9.09513     0.00000     0.00000     0.00000
     9.09731     0.00000     0.00000     0.00000
     9.09949     0.00000     0.00000     0.00000
     9.10166     0.00000     0.00000     0.00000
     9.10384     0.00000     0.00000     0.00000
     9.10602     0.00000     0.00000     0.00000
     9.10820     0.00000     0.00000     0.00000
     9.11037     0.00000     0.00000     0.00000
     9.11255     0.00000     0.00000     0.00000
     9.11473     0.00000     0.00000     0.00000
     9.11690     0.00000     0.00000     0.00000
     9.11908     0.00000     0.00000     0.00000
     9.12126     0.00000     0.00000     0.00000
     9.12343     0.00000     0.00000     0.00000
     9.12561     0.00000     0.00000     0.00000
     9.12779     0.00000     0.00000     0.00000
     9.12996     0.00000     0.00000     0.00000
     9.13214     0.00000     0.00000     0.00000
     9.13432     0.00000     0.00000     0.00000
     9.13649     0.00000     0.00000     0.00000
     9.13867     0.00000     0.00000     0.00000
     9.14085     0.00000     0.00000     0.00000
     9.14303     0.00000     0.00000     0.00000
     9.14520     0.00000     0.00000     0.00000
     9.14738     0.00000     0.00000     0.00000
     9.14956     0.00000     0.00000     0.00000
     9.15173     0.00000     0.00000     0.00000
     9.15391     0.00000     0.00000     0.00000
     9.15609     0.00000     0.00000     0.00000
     9.15826     0.00000     0.00000     0.00000
     9.16044     0.00000     0.00000     0.00000
     9.16262     0.00000     0.00000     0.00000
     9.16479     0.00000     0.00000     0.00000
     9.16697     0.00000     0.00000     0.00000
     9.16915     0.00000     0.00000     0.00000
     9.17133     0.00000     0.00000     0.00000
     9.17350     0.00000     0.00000     0.00000
     9.17568     0.00000     0.00000     0.00000
     9.17786     0.00000     0.00000     0.00000
     9.18003     0.00000     0.00000     0.00000
     9.18221     0.00000     0.00000     0.00000
     9.18439     0.00000     0.00000     0.00000
     9.18656     0.00000     0.00000     0.00000
     9.18874     0.00000     0.00000     0.00000
     9.19092     0.00000     0.00000     0.00000
     9.19309     0.00000     0.00000     0.00000
     9.19527     0.00000     0.00000     0.00000
     9.19745     0.00000     0.00000     0.00000
     9.19963     0.00000     0.00000     0.00000
     9.20180     0.00000     0.00000     0.00000
     9.20398     0.00000     0.00000     0.00000
     9.20616     0.00000     0.00000     0.00000
     9.20833     0.00000     0.00000     0.00000
     9.21051     0.00000     0.00000     0.00000
     9.21269     0.00000     0.00000     0.00000
     9.21486     0.00000     0.00000     0.00000
     9.21704     0.00000     0.00000     0.00000
     9.21922     0.00000     0.00000     0.00000
     9.22139     0.00000     0.00000     0.00000
     9.22357     0.00000     0.00000     0.00000
     9.22575     0.00000     0.00000     0.00000
     9.22793     0.00000     0.00000     0.00000
     9.23010     0.00000     0.00000     0.00000
     9.23228     0.00000     0.00000     0.00000
     9.23446     0.00000     0.00000     0.00000
     9.23663     0.00000     0.00000     0.00000
     9.23881     0.00000     0.00000     0.00000
     9.24099     0.00000     0.00000     0.00000
     9.24316     0.00000     0.00000     0.00000
     9.24534     0.00000     0.00000     0.00000
     9.24752     0.00000     0.00000     0.00000
     9.24969     0.00000     0.00000     0.00000
     9.25187     0.00000     0.00000     0.00000
     9.25405     0.00000     0.00000     0.00000
     9.25623     0.00000     0.00000     0.00000
     9.25840     0.00000     0.00000     0.00000
     9.26058     0.00000     0.00000     0.00000
     9.26276     0.00000     0.00000     0.00000
     9.26493     0.00000     0.00000     0.00000
     9.26711     0.00000     0.00000     0.00000
     9.26929     0.00000     0.00000     0.00000
     9.27146     0.00000     0.00000     0.00000
     9.27364     0.00000     0.00000     0.00000
     9.27582     0.00000     0.00000     0.00000
     9.27799     0.00000     0.00000     0.00000
     9.28017     0.00000     0.00000     0.00000
     9.28235     0.00000     0.00000     0.00000
     9.28452     0.00000     0.00000     0.00000
     9.28670     0.00000     0.00000     0.00000
     9.28888     0.00000     0.00000     0.00000
     9.29106     0.00000     0.00000     0.00000
     9.29323     0.00000     0.00000     0.00000
     9.29541     0.00000     0.00000     0.00000
     9.29759     0.00000     0.00000     0.00000
     9.29976     0.00000     0.00000     0.00000
     9.30194     0.00000     0.00000     0.00000
     9.30412     0.00000     0.00000     0.00000
     9.30629     0.00000     0.00000     0.00000
     9.30847     0.00000     0.00000     0.00000
     9.31065     0.00000     0.00000     0.00000
     9.31282     0.00000     0.00000     0.00000
     9.31500     0.00000     0.00000     0.00000
     9.31718     0.00000     0.00000     0.00000
     9.31936     0.00000     0.00000     0.00000
     9.32153     0.00000     0.00000     0.00000
     9.32371     0.00000     0.00000     0.00000
     9.32589     0.00000     0.00000     0.00000
     9.32806     0.00000     0.00000     0.00000
     9.33024     0.00000     0.00000     0.00000
     9.33242     0.00000     0.00000     0.00000
     9.33459     0.00000     0.00000     0.00000
     9.33677     0.00000     0.00000     0.00000
     9.33895     0.00000     0.00000     0.00000
     9.34112     0.00000     0.00000     0.00000
     9.34330     0.00000     0.00000     0.00000
     9.34548     0.00000     0.00000     0.00000
     9.34766     0.00000     0.00000     0.00000
     9.34983     0.00000     0.00000     0.00000
     9.35201     0.00000     0.00000     0.00000
     9.35419     0.00000     0.00000     0.00000
     9.35636     0.00000     0.00000     0.00000
     9.35854     0.00000     0.00000     0.00000
     9.36072     0.00000     0.00000     0.00000
     9.36289     0.00000     0.00000     0.00000
     9.36507     0.00000     0.00000     0.00000
     9.36725     0.00000     0.00000     0.00000
     9.36942     0.00000     0.00000     0.00000
     9.37160     0.00000     0.00000     0.00000
     9.37378     0.00000     0.00000     0.00000
     9.37596     0.00000     0.00000     0.00000
     9.37813     0.00000     0.00000     0.00000
     9.38031     0.00000     0.00000     0.00000
     9.38249     0.00000     0.00000     0.00000
     9.38466     0.00000     0.00000     0.00000
     9.38684     0.00000     0.00000     0.00000
     9.38902     0.00000     0.00000     0.00000
     9.39119     0.00000     0.00000     0.00000
     9.39337     0.00000     0.00000     0.00000
     9.39555     0.00000     0.00000     0.00000
     9.39772     0.00000     0.00000     0.00000
     9.39990     0.00000     0.00000     0.00000
     9.40208     0.00000     0.00000     0.00000
     9.40426     0.00000     0.00000     0.00000
     9.40643     0.00000     0.00000     0.00000
     9.40861     0.00000     0.00000     0.00000
     9.41079     0.00000     0.00000     0.00000
     9.41296     0.00000     0.00000     0.00000
     9.41514     0.00000     0.00000     0.00000
     9.41732     0.00000     0.00000     0.00000
     9.41949     0.00000     0.00000     0.00000
     9.42167     0.00000     0.00000     0.00000
     9.42385     0.00000     0.00000     0.00000
     9.42602     0.00000     0.00000     0.00000
     9.42820     0.00000     0.00000     0.00000
     9.43038     0.00000     0.00000     0.00000
     9.43255     0.00000     0.00000     0.00000
     9.43473     0.00000     0.00000     0.00000
     9.43691     0.00000     0.00000     0.00000
     9.43909     0.00000     0.00000     0.00000
     9.44126     0.00000     0.00000     0.00000
     9.44344     0.00000     0.00000     0.00000
     9.44562     0.00000     0.00000     0.00000
     9.44779     0.00000     0.00000     0.00000
     9.44997     0.00000     0.00000     0.00000
     9.45215     0.00000     0.00000     0.00000
     9.45432     0.00000     0.00000     0.00000
     9.45650     0.00000     0.00000     0.00000
     9.45868     0.00000     0.00000     0.00000
     9.46085     0.00000     0.00000     0.00000
     9.46303     0.00000     0.00000     0.00000
     9.46521     0.00000     0.00000     0.00000
     9.46739     0.00000     0.00000     0.00000
     9.46956     0.00000     0.00000     0.00000
     9.47174     0.00000     0.00000     0.00000
     9.47392     0.00000     0.00000     0.00000
     9.47609     0.00000     0.00000     0.00000
     9.47827     0.00000     0.00000     0.00000
     9.48045     0.00000     0.00000     0.00000
     9.48262     0.00000     0.00000     0.00000
     9.48480     0.00000     0.00000     0.00000
     9.48698     0.00000     0.00000     0.00000
     9.48915     0.00000     0.00000     0.00000
     9.49133     0.00000     0.00000     0.00000
     9.49351     0.00000     0.00000     0.00000
     9.49569     0.00000     0.00000     0.00000
     9.49786     0.00000     0.00000     0.00000
     9.50004     0.00000     0.00000     0.00000
     9.50222     0.00000     0.00000     0.00000
     9.50439     0.00000     0.00000     0.00000
     9.50657     0.00000     0.00000     0.00000
     9.50875     0.00000     0.00000     0.00000
     9.51092     0.00000     0.00000     0.00000
     9.51310     0.00000     0.00000     0.00000
     9.51528     0.00000     0.00000     0.00000
     9.51745     0.00000     0.00000     0.00000
     9.51963     0.00000     0.00000     0.00000
     9.52181     0.00000     0.00000     0.00000
     9.52399     0.00000     0.00000     0.00000
     9.52616     0.00000     0.00000     0.00000
     9.52834     0.00000     0.00000     0.00000
     9.53052     0.00000     0.00000     0.00000
     9.53269     0.00000     0.00000     0.00000
     9.53487     0.00000     0.00000     0.00000
     9.53705     0.00000     0.00000     0.00000
     9.53922     0.00000     0.00000     0.00000
     9.54140     0.00000     0.00000     0.00000
     9.54358     0.00000     0.00000     0.00000
     9.54575     0.00000     0.00000     0.00000
     9.54793     0.00000     0.00000     0.00000
     9.55011     0.00000     0.00000     0.00000
     9.55228     0.00000     0.00000     0.00000
     9.55446     0.00000     0.00000     0.00000
     9.55664     0.00000     0.00000     0.00000
     9.55882     0.00000     0.00000     0.00000
     9.56099     0.00000     0.00000     0.00000
     9.56317     0.00000     0.00000     0.00000
     9.56535     0.00000     0.00000     0.00000
     9.56752     0.00000     0.00000     0.00000
     9.56970     0.00000     0.00000     0.00000
     9.57188     0.00000     0.00000     0.00000
     9.57405     0.00000     0.00000     0.00000
     9.57623     0.00000     0.00000     0.00000
     9.57841     0.00000     0.00000     0.00000
     9.58058     0.00000     0.00000     0.00000
     9.58276     0.00000     0.00000     0.00000
     9.58494     0.00000     0.00000     0.00000
     9.58712     0.00000     0.00000     0.00000
     9.58929     0.00000     0.00000     0.00000
     9.59147     0.00000     0.00000     0.00000
     9.59365     0.00000     0.00000     0.00000
     9.59582     0.00000     0.00000     0.00000
     9.59800     0.00000     0.00000     0.00000
     9.60018     0.00000     0.00000     0.00000
     9.60235     0.00000     0.00000     0.00000
     9.60453     0.00000     0.00000     0.00000
     9.60671     0.00000     0.00000     0.00000
     9.60888     0.00000     0.00000     0.00000
     9.61106     0.00000     0.00000     0.00000
     9.61324     0.00000     0.00000     0.00000
     9.61542     0.00000     0.00000     0.00000
     9.61759     0.00000     0.00000     0.00000
     9.61977     0.00000     0.00000     0.00000
     9.62195     0.00000     0.00000     0.00000
     9.62412     0.00000     0.00000     0.00000
     9.62630     0.00000     0.00000     0.00000
     9.62848     0.00000     0.00000     0.00000
     9.63065     0.00000     0.00000     0.00000
     9.63283     0.00000     0.00000     0.00000
     9.63501     0.00000     0.00000     0.00000
     9.63718     0.00000     0.00000     0.00000
     9.63936     0.00000     0.00000     0.00000
     9.64154     0.00000     0.00000     0.00000
     9.64372     0.00000     0.00000     0.00000
     9.64589     0.00000     0.00000     0.00000
     9.64807     0.00000     0.00000     0.00000
     9.65025     0.00000     0.00000     0.00000
     9.65242     0.00000     0.00000     0.00000
     9.65460     0.00000     0.00000     0.00000
     9.65678     0.00000     0.00000     0.00000
     9.65895     0.00000     0.00000     0.00000
     9.66113     0.00000     0.00000     0.00000
     9.66331     0.00000     0.00000     0.00000
     9.66548     0.00000     0.00000     0.00000
     9.66766     0.00000     0.00000     0.00000
     9.66984     0.00000     0.00000     0.00000
     9.67202     0.00000     0.00000     0.00000
     9.67419     0.00000     0.00000     0.00000
     9.67637     0.00000     0.00000     0.00000
     9.67855     0.00000     0.00000     0.00000
     9.68072     0.00000     0.00000     0.00000
     9.68290     0.00000     0.00000     0.00000
     9.68508     0.00000     0.00000     0.00000
     9.68725     0.00000     0.00000     0.00000
     9.68943     0.00000     0.00000     0.00000
     9.69161     0.00000     0.00000     0.00000
     9.69378     0.00000     0.00000     0.00000
     9.69596     0.00000     0.00000     0.00000
     9.69814     0.00000     0.00000     0.00000
     9.70031     0.00000     0.00000     0.00000
     9.70249     0.00000     0.00000     0.00000
     9.70467     0.00000     0.00000     0.00000
     9.70685     0.00000     0.00000     0.00000
     9.70902     0.00000     0.00000     0.00000
     9.71120     0.00000     0.00000     0.00000
     9.71338     0.00000     0.00000     0.00000
     9.71555     0.00000     0.00000     0.00000
     9.71773     0.00000     0.00000     0.00000
     9.71991     0.00000     0.00000     0.00000
     9.72208     0.00000     0.00000     0.00000
     9.72426     0.00001     0.00000     0.00000
     9.72644     0.00001     0.00000     0.00001
     9.72861     0.00001     0.00000     0.00001
     9.73079     0.00002     0.00000     0.00002
     9.73297     0.00003     0.00001     0.00002
     9.73515     0.00004     0.00001     0.00003
     9.73732     0.00006     0.00001     0.00005
     9.73950     0.00009     0.00002     0.00007
     9.74168     0.00013     0.00003     0.00011
     9.74385     0.00019     0.00004     0.00015
     9.74603     0.00028     0.00006     0.00022
     9.74821     0.00040     0.00008     0.00032
     9.75038     0.00057     0.00012     0.00045
     9.75256     0.00080     0.00017     0.00063
     9.75474     0.00112     0.00023     0.00088
     9.75691     0.00156     0.00033     0.00123
     9.75909     0.00215     0.00045     0.00170
     9.76127     0.00296     0.00062     0.00234
     9.76345     0.00404     0.00085     0.00319
     9.76562     0.00547     0.00115     0.00433
     9.76780     0.00738     0.00155     0.00583
     9.76998     0.00988     0.00207     0.00781
     9.77215     0.01314     0.00275     0.01039
     9.77433     0.01737     0.00364     0.01373
     9.77651     0.02282     0.00478     0.01804
     9.77868     0.02978     0.00624     0.02354
     9.78086     0.03862     0.00809     0.03053
     9.78304     0.04977     0.01043     0.03934
     9.78521     0.06372     0.01335     0.05036
     9.78739     0.08106     0.01699     0.06407
     9.78957     0.10246     0.02147     0.08099
     9.79175     0.12869     0.02697     0.10172
     9.79392     0.16061     0.03366     0.12695
     9.79610     0.19915     0.04174     0.15742
     9.79828     0.24538     0.05142     0.19395
     9.80045     0.30040     0.06296     0.23744
     9.80263     0.36542     0.07658     0.28884
     9.80481     0.44167     0.09256     0.34911
     9.80698     0.53043     0.11116     0.41926
     9.80916     0.63296     0.13265     0.50031
     9.81134     0.75049     0.15728     0.59321
     9.81351     0.88416     0.18530     0.69887
     9.81569     1.03501     0.21691     0.81810
     9.81787     1.20386     0.25229     0.95156
     9.82004     1.39132     0.29158     1.09974
     9.82222     1.59771     0.33483     1.26288
     9.82440     1.82302     0.38205     1.44097
     9.82658     2.06683     0.43315     1.63368
     9.82875     2.32830     0.48794     1.84036
     9.83093     2.60611     0.54617     2.05995
     9.83311     2.89846     0.60743     2.29103
     9.83528     3.20305     0.67127     2.53178
     9.83746     3.51706     0.73707     2.77998
     9.83964     3.83721     0.80417     3.03304
     9.84181     4.15980     0.87177     3.28803
     9.84399     4.48074     0.93903     3.54171
     9.84617     4.79565     1.00503     3.79062
     9.84834     5.09995     1.06880     4.03115
     9.85052     5.38896     1.12937     4.25959
     9.85270     5.65802     1.18576     4.47226
     9.85488     5.90261     1.23702     4.66560
     9.85705     6.11850     1.28226     4.83624
     9.85923     6.30182     1.32068     4.98114
     9.86141     6.44922     1.35157     5.09765
     9.86358     6.55797     1.37436     5.18361
     9.86576     6.62601     1.38862     5.23739
     9.86794     6.65204     1.39407     5.25797
     9.87011     6.63558     1.39062     5.24495
     9.87229     6.57692     1.37833     5.19859
     9.87447     6.47720     1.35743     5.11977
     9.87664     6.33829     1.32832     5.00997
     9.87882     6.16280     1.29154     4.87126
     9.88100     5.95394     1.24777     4.70616
     9.88318     5.71546     1.19779     4.51766
     9.88535     5.45152     1.14248     4.30904
     9.88753     5.16661     1.08277     4.08384
     9.88971     4.86535     1.01963     3.84571
     9.89188     4.55242     0.95405     3.59837
     9.89406     4.23245     0.88700     3.34545
     9.89624     3.90986     0.81939     3.09047
     9.89841     3.58882     0.75211     2.83671
     9.90059     3.27313     0.68595     2.58717
     9.90277     2.96616     0.62162     2.34454
     9.90494     2.67083     0.55973     2.11110
     9.90712     2.38956     0.50078     1.88878
     9.90930     2.12428     0.44519     1.67909
     9.91148     1.87640     0.39324     1.48316
     9.91365     1.64687     0.34513     1.30173
     9.91583     1.43619     0.30098     1.13521
     9.91801     1.24448     0.26081     0.98367
     9.92018     1.07148     0.22455     0.84693
     9.92236     0.91664     0.19210     0.72454
     9.92454     0.77918     0.16329     0.61588
     9.92671     0.65810     0.13792     0.52018
     9.92889     0.55229     0.11574     0.43655
     9.93107     0.46054     0.09652     0.36402
     9.93324     0.38158     0.07997     0.30161
     9.93542     0.31414     0.06583     0.24831
     9.93760     0.25697     0.05385     0.20312
     9.93978     0.20886     0.04377     0.16509
     9.94195     0.16868     0.03535     0.13333
     9.94413     0.13536     0.02837     0.10699
     9.94631     0.10793     0.02262     0.08531
     9.94848     0.08550     0.01792     0.06759
     9.95066     0.06731     0.01411     0.05320
     9.95284     0.05265     0.01103     0.04161
     9.95501     0.04092     0.00857     0.03234
     9.95719     0.03160     0.00662     0.02498
     9.95937     0.02424     0.00508     0.01916
     9.96154     0.01848     0.00387     0.01461
     9.96372     0.01400     0.00293     0.01107
     9.96590     0.01054     0.00221     0.00833
     9.96807     0.00788     0.00165     0.00623
     9.97025     0.00586     0.00123     0.00463
     9.97243     0.00433     0.00091     0.00342
     9.97461     0.00317     0.00067     0.00251
     9.97678     0.00231     0.00048     0.00183
     9.97896     0.00168     0.00035     0.00132
     9.98114     0.00121     0.00025     0.00095
     9.98331     0.00086     0.00018     0.00068
     9.98549     0.00061     0.00013     0.00048
     9.98767     0.00043     0.00009     0.00034
     9.98984     0.00030     0.00006     0.00024
     9.99202     0.00021     0.00004     0.00017
     9.99420     0.00015     0.00003     0.00012
     9.99637     0.00010     0.00002     0.00008
     9.99855     0.00007     0.00001     0.00005
    10.00073     0.00005     0.00001     0.00004
    10.00291     0.00003     0.00001     0.00003
    10.00508     0.00002     0.00000     0.00002
    10.00726     0.00001     0.00000     0.00001
    10.00944     0.00001     0.00000     0.00001
    10.01161     0.00001     0.00000     0.00000
    10.01379     0.00000     0.00000     0.00000
    10.01597     0.00000     0.00000     0.00000
    10.01814     0.00000     0.00000     0.00000
    10.02032     0.00000     0.00000     0.00000
    10.02250     0.00000     0.00000     0.00000
    10.02467     0.00000     0.00000     0.00000
    10.02685     0.00000     0.00000     0.00000
    10.02903     0.00000     0.00000     0.00000
    10.03121     0.00000     0.00000     0.00000
    10.03338     0.00000     0.00000     0.00000
    10.03556     0.00000     0.00000     0.00000
    10.03774     0.00000     0.00000     0.00000
    10.03991     0.00000     0.00000     0.00000
    10.04209     0.00000     0.00000     0.00000
    10.04427     0.00000     0.00000     0.00000
    10.04644     0.00000     0.00000     0.00000
    10.04862     0.00000     0.00000     0.00000
    10.05080     0.00000     0.00000     0.00000
    10.05297     0.00000     0.00000     0.00000
    10.05515     0.00000     0.00000     0.00000
    10.05733     0.00000     0.00000     0.00000
    10.05951     0.00000     0.00000     0.00000
    10.06168     0.00000     0.00000     0.00000
    10.06386     0.00000     0.00000     0.00000
    10.06604     0.00000     0.00000     0.00000
    10.06821     0.00000     0.00000     0.00000
    10.07039     0.00000     0.00000     0.00000
    10.07257     0.00000     0.00000     0.00000
    10.07474     0.00000     0.00000     0.00000
    10.07692     0.00000     0.00000     0.00000
    10.07910     0.00000     0.00000     0.00000
    10.08127     0.00000     0.00000     0.00000
    10.08345     0.00000     0.00000     0.00000
    10.08563     0.00000     0.00000     0.00000
    10.08781     0.00000     0.00000     0.00000
    10.08998     0.00000     0.00000     0.00000
    10.09216     0.00000     0.00000     0.00000
    10.09434     0.00000     0.00000     0.00000
    10.09651     0.00000     0.00000     0.00000
    10.09869     0.00000     0.00000     0.00000
    10.10087     0.00000     0.00000     0.00000
    10.10304     0.00000     0.00000     0.00000
    10.10522     0.00000     0.00000     0.00000
    10.10740     0.00000     0.00000     0.00000
    10.10957     0.00000     0.00000     0.00000
    10.11175     0.00000     0.00000     0.00000
    10.11393     0.00000     0.00000     0.00000
    10.11610     0.00000     0.00000     0.00000
    10.11828     0.00000     0.00000     0.00000
    10.12046     0.00000     0.00000     0.00000
    10.12264     0.00000     0.00000     0.00000
    10.12481     0.00000     0.00000     0.00000
    10.12699     0.00000     0.00000     0.00000
    10.12917     0.00000     0.00000     0.00000
    10.13134     0.00000     0.00000     0.00000
    10.13352     0.00000     0.00000     0.00000
    10.13570     0.00000     0.00000     0.00000
    10.13787     0.00000     0.00000     0.00000
    10.14005     0.00000     0.00000     0.00000
    10.14223     0.00000     0.00000     0.00000
    10.14440     0.00000     0.00000     0.00000
    10.14658     0.00000     0.00000     0.00000
    10.14876     0.00000     0.00000     0.00000
    10.15094     0.00000     0.00000     0.00000
    10.15311     0.00000     0.00000     0.00000
    10.15529     0.00000     0.00000     0.00000
    10.15747     0.00000     0.00000     0.00000
    10.15964     0.00000     0.00000     0.00000
    10.16182     0.00000     0.00000     0.00000
    10.16400     0.00000     0.00000     0.00000
    10.16617     0.00000     0.00000     0.00000
    10.16835     0.00000     0.00000     0.00000
    10.17053     0.00000     0.00000     0.00000
    10.17270     0.00000     0.00000     0.00000
    10.17488     0.00000     0.00000     0.00000
    10.17706     0.00000     0.00000     0.00000
    10.17924     0.00000     0.00000     0.00000
    10.18141     0.00000     0.00000     0.00000
    10.18359     0.00000     0.00000     0.00000
    10.18577     0.00000     0.00000     0.00000
    10.18794     0.00000     0.00000     0.00000
    10.19012     0.00000     0.00000     0.00000
    10.19230     0.00000     0.00000     0.00000
    10.19447     0.00000     0.00000     0.00000
    10.19665     0.00000     0.00000     0.00000
    10.19883     0.00000     0.00000     0.00000
    10.20100     0.00000     0.00000     0.00000
    10.20318     0.00000     0.00000     0.00000
    10.20536     0.00000     0.00000     0.00000
    10.20754     0.00000     0.00000     0.00000
    10.20971     0.00000     0.00000     0.00000
    10.21189     0.00000     0.00000     0.00000
    10.21407     0.00000     0.00000     0.00000
    10.21624     0.00000     0.00000     0.00000
    10.21842     0.00000     0.00000     0.00000
    10.22060     0.00000     0.00000     0.00000
    10.22277     0.00000     0.00000     0.00000
    10.22495     0.00000     0.00000     0.00000
    10.22713     0.00000     0.00000     0.00000
    10.22930     0.00000     0.00000     0.00000
    10.23148     0.00000     0.00000     0.00000
    10.23366     0.00000     0.00000     0.00000
    10.23583     0.00000     0.00000     0.00000
    10.23801     0.00000     0.00000     0.00000
    10.24019     0.00000     0.00000     0.00000
    10.24237     0.00000     0.00000     0.00000
    10.24454     0.00000     0.00000     0.00000
    10.24672     0.00000     0.00000     0.00000
    10.24890     0.00000     0.00000     0.00000
    10.25107     0.00000     0.00000     0.00000
    10.25325     0.00000     0.00000     0.00000
    10.25543     0.00000     0.00000     0.00000
    10.25760     0.00000     0.00000     0.00000
    10.25978     0.00000     0.00000     0.00000
    10.26196     0.00000     0.00000     0.00000
    10.26413     0.00000     0.00000     0.00000
    10.26631     0.00000     0.00000     0.00000
    10.26849     0.00000     0.00000     0.00000
    10.27067     0.00000     0.00000     0.00000
    10.27284     0.00000     0.00000     0.00000
    10.27502     0.00000     0.00000     0.00000
    10.27720     0.00000     0.00000     0.00000
    10.27937     0.00000     0.00000     0.00000
    10.28155     0.00000     0.00000     0.00000
    10.28373     0.00000     0.00000     0.00000
    10.28590     0.00000     0.00000     0.00000
    10.28808     0.00000     0.00000     0.00000
    10.29026     0.00000     0.00000     0.00000
    10.29243     0.00000     0.00000     0.00000
    10.29461     0.00000     0.00000     0.00000
    10.29679     0.00000     0.00000     0.00000
    10.29897     0.00000     0.00000     0.00000
    10.30114     0.00000     0.00000     0.00000
    10.30332     0.00000     0.00000     0.00000
    10.30550     0.00000     0.00000     0.00000
    10.30767     0.00000     0.00000     0.00000
    10.30985     0.00000     0.00000     0.00000
    10.31203     0.00000     0.00000     0.00000
    10.31420     0.00000     0.00000     0.00000
    10.31638     0.00000     0.00000     0.00000
    10.31856     0.00000     0.00000     0.00000
    10.32073     0.00000     0.00000     0.00000
    10.32291     0.00000     0.00000     0.00000
    10.32509     0.00000     0.00000     0.00000
    10.32727     0.00000     0.00000     0.00000
    10.32944     0.00000     0.00000     0.00000
    10.33162     0.00000     0.00000     0.00000
    10.33380     0.00000     0.00000     0.00000
    10.33597     0.00000     0.00000     0.00000
    10.33815     0.00000     0.00000     0.00000
    10.34033     0.00000     0.00000     0.00000
    10.34250     0.00000     0.00000     0.00000
    10.34468     0.00000     0.00000     0.00000
    10.34686     0.00000     0.00000     0.00000
    10.34903     0.00000     0.00000     0.00000
    10.35121     0.00000     0.00000     0.00000
    10.35339     0.00000     0.00000     0.00000
    10.35557     0.00000     0.00000     0.00000
    10.35774     0.00000     0.00000     0.00000
    10.35992     0.00000     0.00000     0.00000
    10.36210     0.00000     0.00000     0.00000
    10.36427     0.00000     0.00000     0.00000
    10.36645     0.00000     0.00000     0.00000
    10.36863     0.00000     0.00000     0.00000
    10.37080     0.00000     0.00000     0.00000
    10.37298     0.00000     0.00000     0.00000
    10.37516     0.00000     0.00000     0.00000
    10.37733     0.00000     0.00000     0.00000
    10.37951     0.00000     0.00000     0.00000
    10.38169     0.00000     0.00000     0.00000
    10.38386     0.00000     0.00000     0.00000
    10.38604     0.00000     0.00000     0.00000
    10.38822     0.00000     0.00000     0.00000
    10.39040     0.00000     0.00000     0.00000
    10.39257     0.00000     0.00000     0.00000
    10.39475     0.00000     0.00000     0.00000
    10.39693     0.00000     0.00000     0.00000
    10.39910     0.00000     0.00000     0.00000
    10.40128     0.00000     0.00000     0.00000
    10.40346     0.00000     0.00000     0.00000
    10.40563     0.00000     0.00000     0.00000
    10.40781     0.00000     0.00000     0.00000
    10.40999     0.00000     0.00000     0.00000
    10.41216     0.00000     0.00000     0.00000
    10.41434     0.00000     0.00000     0.00000
    10.41652     0.00000     0.00000     0.00000
    10.41870     0.00000     0.00000     0.00000
    10.42087     0.00000     0.00000     0.00000
    10.42305     0.00000     0.00000     0.00000
    10.42523     0.00000     0.00000     0.00000
    10.42740     0.00000     0.00000     0.00000
    10.42958     0.00000     0.00000     0.00000
    10.43176     0.00000     0.00000     0.00000
    10.43393     0.00000     0.00000     0.00000
    10.43611     0.00000     0.00000     0.00000
    10.43829     0.00000     0.00000     0.00000
    10.44046     0.00000     0.00000     0.00000
    10.44264     0.00000     0.00000     0.00000
    10.44482     0.00000     0.00000     0.00000
    10.44700     0.00000     0.00000     0.00000
    10.44917     0.00000     0.00000     0.00000
    10.45135     0.00000     0.00000     0.00000
    10.45353     0.00000     0.00000     0.00000
    10.45570     0.00000     0.00000     0.00000
    10.45788     0.00000     0.00000     0.00000
    10.46006     0.00000     0.00000     0.00000
    10.46223     0.00000     0.00000     0.00000
    10.46441     0.00000     0.00000     0.00000
    10.46659     0.00000     0.00000     0.00000
    10.46876     0.00000     0.00000     0.00000
    10.47094     0.00000     0.00000     0.00000
    10.47312     0.00000     0.00000     0.00000
    10.47530     0.00000     0.00000     0.00000
    10.47747     0.00000     0.00000     0.00000
    10.47965     0.00000     0.00000     0.00000
    10.48183     0.00000     0.00000     0.00000
    10.48400     0.00000     0.00000     0.00000
    10.48618     0.00000     0.00000     0.00000
    10.48836     0.00000     0.00000     0.00000
    10.49053     0.00000     0.00000     0.00000
    10.49271     0.00000     0.00000     0.00000
    10.49489     0.00000     0.00000     0.00000
    10.49706     0.00000     0.00000     0.00000
    10.49924     0.00000     0.00000     0.00000
    10.50142     0.00000     0.00000     0.00000
    10.50360     0.00000     0.00000     0.00000
    10.50577     0.00000     0.00000     0.00000
    10.50795     0.00000     0.00000     0.00000
    10.51013     0.00000     0.00000     0.00000
    10.51230     0.00000     0.00000     0.00000
    10.51448     0.00000     0.00000     0.00000
    10.51666     0.00000     0.00000     0.00000
    10.51883     0.00000     0.00000     0.00000
    10.52101     0.00000     0.00000     0.00000
    10.52319     0.00000     0.00000     0.00000
    10.52536     0.00000     0.00000     0.00000
    10.52754     0.00000     0.00000     0.00000
    10.52972     0.00000     0.00000     0.00000
    10.53189     0.00000     0.00000     0.00000
    10.53407     0.00000     0.00000     0.00000
    10.53625     0.00000     0.00000     0.00000
    10.53843     0.00000     0.00000     0.00000
    10.54060     0.00000     0.00000     0.00000
    10.54278     0.00000     0.00000     0.00000
    10.54496     0.00000     0.00000     0.00000
    10.54713     0.00000     0.00000     0.00000
    10.54931     0.00000     0.00000     0.00000
    10.55149     0.00000     0.00000     0.00000
    10.55366     0.00000     0.00000     0.00000
    10.55584     0.00000     0.00000     0.00000
    10.55802     0.00000     0.00000     0.00000
    10.56019     0.00000     0.00000     0.00000
    10.56237     0.00000     0.00000     0.00000
    10.56455     0.00000     0.00000     0.00000
    10.56673     0.00000     0.00000     0.00000
    10.56890     0.00000     0.00000     0.00000
    10.57108     0.00000     0.00000     0.00000
    10.57326     0.00000     0.00000     0.00000
    10.57543     0.00000     0.00000     0.00000
    10.57761     0.00000     0.00000     0.00000
    10.57979     0.00000     0.00000     0.00000
    10.58196     0.00000     0.00000     0.00000
    10.58414     0.00000     0.00000     0.00000
    10.58632     0.00000     0.00000     0.00000
    10.58849     0.00000     0.00000     0.00000
    10.59067     0.00000     0.00000     0.00000
    10.59285     0.00000     0.00000     0.00000
    10.59503     0.00000     0.00000     0.00000
    10.59720     0.00000     0.00000     0.00000
    10.59938     0.00000     0.00000     0.00000
    10.60156     0.00000     0.00000     0.00000
    10.60373     0.00000     0.00000     0.00000
    10.60591     0.00000     0.00000     0.00000
    10.60809     0.00000     0.00000     0.00000
    10.61026     0.00000     0.00000     0.00000
    10.61244     0.00000     0.00000     0.00000
    10.61462     0.00000     0.00000     0.00000
    10.61679     0.00000     0.00000     0.00000
    10.61897     0.00000     0.00000     0.00000
    10.62115     0.00000     0.00000     0.00000
    10.62333     0.00000     0.00000     0.00000
    10.62550     0.00000     0.00000     0.00000
    10.62768     0.00000     0.00000     0.00000
    10.62986     0.00000     0.00000     0.00000
    10.63203     0.00000     0.00000     0.00000
    10.63421     0.00000     0.00000     0.00000
    10.63639     0.00000     0.00000     0.00000
    10.63856     0.00000     0.00000     0.00000
    10.64074     0.00000     0.00000     0.00000
    10.64292     0.00000     0.00000     0.00000
    10.64509     0.00000     0.00000     0.00000
    10.64727     0.00000     0.00000     0.00000
    10.64945     0.00000     0.00000     0.00000
    10.65162     0.00000     0.00000     0.00000
    10.65380     0.00000     0.00000     0.00000
    10.65598     0.00000     0.00000     0.00000
    10.65816     0.00000     0.00000     0.00000
    10.66033     0.00000     0.00000     0.00000
    10.66251     0.00000     0.00000     0.00000
    10.66469     0.00000     0.00000     0.00000
    10.66686     0.00000     0.00000     0.00000
    10.66904     0.00000     0.00000     0.00000
    10.67122     0.00000     0.00000     0.00000
    10.67339     0.00000     0.00000     0.00000
    10.67557     0.00000     0.00000     0.00000
    10.67775     0.00000     0.00000     0.00000
    10.67992     0.00000     0.00000     0.00000
    10.68210     0.00000     0.00000     0.00000
    10.68428     0.00000     0.00000     0.00000
    10.68646     0.00000     0.00000     0.00000
    10.68863     0.00000     0.00000     0.00000
    10.69081     0.00000     0.00000     0.00000
    10.69299     0.00000     0.00000     0.00000
    10.69516     0.00000     0.00000     0.00000
    10.69734     0.00000     0.00000     0.00000
    10.69952     0.00000     0.00000     0.00000
    10.70169     0.00000     0.00000     0.00000
    10.70387     0.00000     0.00000     0.00000
    10.70605     0.00000     0.00000     0.00000
    10.70822     0.00000     0.00000     0.00000
    10.71040     0.00000     0.00000     0.00000
    10.71258     0.00000     0.00000     0.00000
    10.71476     0.00000     0.00000     0.00000
    10.71693     0.00000     0.00000     0.00000
    10.71911     0.00000     0.00000     0.00000
    10.72129     0.00000     0.00000     0.00000
    10.72346     0.00000     0.00000     0.00000
    10.72564     0.00000     0.00000     0.00000
    10.72782     0.00000     0.00000     0.00000
    10.72999     0.00000     0.00000     0.00000
    10.73217     0.00000     0.00000     0.00000
    10.73435     0.00000     0.00000     0.00000
    10.73652     0.00000     0.00000     0.00000
    10.73870     0.00000     0.00000     0.00000
    10.74088     0.00000     0.00000     0.00000
    10.74306     0.00000     0.00000     0.00000
    10.74523     0.00000     0.00000     0.00000
    10.74741     0.00000     0.00000     0.00000
    10.74959     0.00000     0.00000     0.00000
    10.75176     0.00000     0.00000     0.00000
    10.75394     0.00000     0.00000     0.00000
    10.75612     0.00000     0.00000     0.00000
    10.75829     0.00000     0.00000     0.00000
    10.76047     0.00000     0.00000     0.00000
    10.76265     0.00000     0.00000     0.00000
    10.76482     0.00000     0.00000     0.00000
    10.76700     0.00000     0.00000     0.00000
    10.76918     0.00000     0.00000     0.00000
    10.77136     0.00000     0.00000     0.00000
    10.77353     0.00000     0.00000     0.00000
    10.77571     0.00000     0.00000     0.00000
    10.77789     0.00000     0.00000     0.00000
    10.78006     0.00000     0.00000     0.00000
    10.78224     0.00000     0.00000     0.00000
    10.78442     0.00000     0.00000     0.00000
    10.78659     0.00000     0.00000     0.00000
    10.78877     0.00000     0.00000     0.00000
    10.79095     0.00000     0.00000     0.00000
    10.79312     0.00000     0.00000     0.00000
    10.79530     0.00000     0.00000     0.00000
    10.79748     0.00000     0.00000     0.00000
    10.79965     0.00000     0.00000     0.00000
    10.80183     0.00000     0.00000     0.00000
    10.80401     0.00000     0.00000     0.00000
    10.80619     0.00000     0.00000     0.00000
    10.80836     0.00000     0.00000     0.00000
    10.81054     0.00000     0.00000     0.00000
    10.81272     0.00000     0.00000     0.00000
    10.81489     0.00000     0.00000     0.00000
    10.81707     0.00000     0.00000     0.00000
    10.81925     0.00000     0.00000     0.00000
    10.82142     0.00000     0.00000     0.00000
    10.82360     0.00000     0.00000     0.00000
    10.82578     0.00000     0.00000     0.00000
    10.82795     0.00000     0.00000     0.00000
    10.83013     0.00000     0.00000     0.00000
    10.83231     0.00000     0.00000     0.00000
    10.83449     0.00000     0.00000     0.00000
    10.83666     0.00000     0.00000     0.00000
    10.83884     0.00000     0.00000     0.00000
    10.84102     0.00000     0.00000     0.00000
    10.84319     0.00000     0.00000     0.00000
    10.84537     0.00000     0.00000     0.00000
    10.84755     0.00000     0.00000     0.00000
    10.84972     0.00000     0.00000     0.00000
    10.85190     0.00000     0.00000     0.00000
    10.85408     0.00000     0.00000     0.00000
    10.85625     0.00000     0.00000     0.00000
    10.85843     0.00000     0.00000     0.00000
    10.86061     0.00000     0.00000     0.00000
    10.86279     0.00000     0.00000     0.00000
    10.86496     0.00000     0.00000     0.00000
    10.86714     0.00000     0.00000     0.00000
    10.86932     0.00000     0.00000     0.00000
    10.87149     0.00000     0.00000     0.00000
    10.87367     0.00000     0.00000     0.00000
    10.87585     0.00000     0.00000     0.00000
    10.87802     0.00000     0.00000     0.00000
    10.88020     0.00000     0.00000     0.00000
    10.88238     0.00000     0.00000     0.00000
    10.88455     0.00000     0.00000     0.00000
&
