# Spin 1
# Original Fermi-level:     -3.91787 eV
# DOS shifted relative to Fermi-level
# Energy(eV)   pDOS(/eV)
#                  Total         l=0         l=1         l=2
   -10.88455     0.00000     0.00000     0.00000     0.00000
   -10.88238     0.00000     0.00000     0.00000     0.00000
   -10.88020     0.00000     0.00000     0.00000     0.00000
   -10.87802     0.00000     0.00000     0.00000     0.00000
   -10.87585     0.00000     0.00000     0.00000     0.00000
   -10.87367     0.00000     0.00000     0.00000     0.00000
   -10.87149     0.00000     0.00000     0.00000     0.00000
   -10.86932     0.00000     0.00000     0.00000     0.00000
   -10.86714     0.00000     0.00000     0.00000     0.00000
   -10.86496     0.00000     0.00000     0.00000     0.00000
   -10.86279     0.00000     0.00000     0.00000     0.00000
   -10.86061     0.00000     0.00000     0.00000     0.00000
   -10.85843     0.00000     0.00000     0.00000     0.00000
   -10.85625     0.00000     0.00000     0.00000     0.00000
   -10.85408     0.00000     0.00000     0.00000     0.00000
   -10.85190     0.00000     0.00000     0.00000     0.00000
   -10.84972     0.00000     0.00000     0.00000     0.00000
   -10.84755     0.00000     0.00000     0.00000     0.00000
   -10.84537     0.00000     0.00000     0.00000     0.00000
   -10.84319     0.00000     0.00000     0.00000     0.00000
   -10.84102     0.00000     0.00000     0.00000     0.00000
   -10.83884     0.00000     0.00000     0.00000     0.00000
   -10.83666     0.00000     0.00000     0.00000     0.00000
   -10.83449     0.00000     0.00000     0.00000     0.00000
   -10.83231     0.00000     0.00000     0.00000     0.00000
   -10.83013     0.00000     0.00000     0.00000     0.00000
   -10.82795     0.00000     0.00000     0.00000     0.00000
   -10.82578     0.00000     0.00000     0.00000     0.00000
   -10.82360     0.00000     0.00000     0.00000     0.00000
   -10.82142     0.00000     0.00000     0.00000     0.00000
   -10.81925     0.00000     0.00000     0.00000     0.00000
   -10.81707     0.00000     0.00000     0.00000     0.00000
   -10.81489     0.00000     0.00000     0.00000     0.00000
   -10.81272     0.00000     0.00000     0.00000     0.00000
   -10.81054     0.00000     0.00000     0.00000     0.00000
   -10.80836     0.00000     0.00000     0.00000     0.00000
   -10.80619     0.00000     0.00000     0.00000     0.00000
   -10.80401     0.00000     0.00000     0.00000     0.00000
   -10.80183     0.00000     0.00000     0.00000     0.00000
   -10.79965     0.00000     0.00000     0.00000     0.00000
   -10.79748     0.00000     0.00000     0.00000     0.00000
   -10.79530     0.00000     0.00000     0.00000     0.00000
   -10.79312     0.00000     0.00000     0.00000     0.00000
   -10.79095     0.00000     0.00000     0.00000     0.00000
   -10.78877     0.00000     0.00000     0.00000     0.00000
   -10.78659     0.00000     0.00000     0.00000     0.00000
   -10.78442     0.00000     0.00000     0.00000     0.00000
   -10.78224     0.00000     0.00000     0.00000     0.00000
   -10.78006     0.00000     0.00000     0.00000     0.00000
   -10.77789     0.00000     0.00000     0.00000     0.00000
   -10.77571     0.00000     0.00000     0.00000     0.00000
   -10.77353     0.00000     0.00000     0.00000     0.00000
   -10.77136     0.00000     0.00000     0.00000     0.00000
   -10.76918     0.00000     0.00000     0.00000     0.00000
   -10.76700     0.00000     0.00000     0.00000     0.00000
   -10.76482     0.00000     0.00000     0.00000     0.00000
   -10.76265     0.00000     0.00000     0.00000     0.00000
   -10.76047     0.00000     0.00000     0.00000     0.00000
   -10.75829     0.00000     0.00000     0.00000     0.00000
   -10.75612     0.00000     0.00000     0.00000     0.00000
   -10.75394     0.00000     0.00000     0.00000     0.00000
   -10.75176     0.00000     0.00000     0.00000     0.00000
   -10.74959     0.00000     0.00000     0.00000     0.00000
   -10.74741     0.00000     0.00000     0.00000     0.00000
   -10.74523     0.00000     0.00000     0.00000     0.00000
   -10.74306     0.00000     0.00000     0.00000     0.00000
   -10.74088     0.00000     0.00000     0.00000     0.00000
   -10.73870     0.00000     0.00000     0.00000     0.00000
   -10.73652     0.00000     0.00000     0.00000     0.00000
   -10.73435     0.00000     0.00000     0.00000     0.00000
   -10.73217     0.00000     0.00000     0.00000     0.00000
   -10.72999     0.00000     0.00000     0.00000     0.00000
   -10.72782     0.00000     0.00000     0.00000     0.00000
   -10.72564     0.00000     0.00000     0.00000     0.00000
   -10.72346     0.00000     0.00000     0.00000     0.00000
   -10.72129     0.00000     0.00000     0.00000     0.00000
   -10.71911     0.00000     0.00000     0.00000     0.00000
   -10.71693     0.00000     0.00000     0.00000     0.00000
   -10.71476     0.00000     0.00000     0.00000     0.00000
   -10.71258     0.00000     0.00000     0.00000     0.00000
   -10.71040     0.00000     0.00000     0.00000     0.00000
   -10.70822     0.00000     0.00000     0.00000     0.00000
   -10.70605     0.00000     0.00000     0.00000     0.00000
   -10.70387     0.00000     0.00000     0.00000     0.00000
   -10.70169     0.00000     0.00000     0.00000     0.00000
   -10.69952     0.00000     0.00000     0.00000     0.00000
   -10.69734     0.00000     0.00000     0.00000     0.00000
   -10.69516     0.00000     0.00000     0.00000     0.00000
   -10.69299     0.00000     0.00000     0.00000     0.00000
   -10.69081     0.00000     0.00000     0.00000     0.00000
   -10.68863     0.00000     0.00000     0.00000     0.00000
   -10.68646     0.00000     0.00000     0.00000     0.00000
   -10.68428     0.00000     0.00000     0.00000     0.00000
   -10.68210     0.00000     0.00000     0.00000     0.00000
   -10.67992     0.00000     0.00000     0.00000     0.00000
   -10.67775     0.00000     0.00000     0.00000     0.00000
   -10.67557     0.00000     0.00000     0.00000     0.00000
   -10.67339     0.00000     0.00000     0.00000     0.00000
   -10.67122     0.00000     0.00000     0.00000     0.00000
   -10.66904     0.00000     0.00000     0.00000     0.00000
   -10.66686     0.00000     0.00000     0.00000     0.00000
   -10.66469     0.00000     0.00000     0.00000     0.00000
   -10.66251     0.00000     0.00000     0.00000     0.00000
   -10.66033     0.00000     0.00000     0.00000     0.00000
   -10.65816     0.00000     0.00000     0.00000     0.00000
   -10.65598     0.00000     0.00000     0.00000     0.00000
   -10.65380     0.00000     0.00000     0.00000     0.00000
   -10.65162     0.00000     0.00000     0.00000     0.00000
   -10.64945     0.00000     0.00000     0.00000     0.00000
   -10.64727     0.00000     0.00000     0.00000     0.00000
   -10.64509     0.00000     0.00000     0.00000     0.00000
   -10.64292     0.00000     0.00000     0.00000     0.00000
   -10.64074     0.00000     0.00000     0.00000     0.00000
   -10.63856     0.00000     0.00000     0.00000     0.00000
   -10.63639     0.00000     0.00000     0.00000     0.00000
   -10.63421     0.00000     0.00000     0.00000     0.00000
   -10.63203     0.00000     0.00000     0.00000     0.00000
   -10.62986     0.00000     0.00000     0.00000     0.00000
   -10.62768     0.00000     0.00000     0.00000     0.00000
   -10.62550     0.00000     0.00000     0.00000     0.00000
   -10.62333     0.00000     0.00000     0.00000     0.00000
   -10.62115     0.00000     0.00000     0.00000     0.00000
   -10.61897     0.00000     0.00000     0.00000     0.00000
   -10.61679     0.00000     0.00000     0.00000     0.00000
   -10.61462     0.00000     0.00000     0.00000     0.00000
   -10.61244     0.00000     0.00000     0.00000     0.00000
   -10.61026     0.00000     0.00000     0.00000     0.00000
   -10.60809     0.00000     0.00000     0.00000     0.00000
   -10.60591     0.00000     0.00000     0.00000     0.00000
   -10.60373     0.00000     0.00000     0.00000     0.00000
   -10.60156     0.00000     0.00000     0.00000     0.00000
   -10.59938     0.00000     0.00000     0.00000     0.00000
   -10.59720     0.00000     0.00000     0.00000     0.00000
   -10.59503     0.00000     0.00000     0.00000     0.00000
   -10.59285     0.00000     0.00000     0.00000     0.00000
   -10.59067     0.00000     0.00000     0.00000     0.00000
   -10.58849     0.00000     0.00000     0.00000     0.00000
   -10.58632     0.00000     0.00000     0.00000     0.00000
   -10.58414     0.00000     0.00000     0.00000     0.00000
   -10.58196     0.00000     0.00000     0.00000     0.00000
   -10.57979     0.00000     0.00000     0.00000     0.00000
   -10.57761     0.00000     0.00000     0.00000     0.00000
   -10.57543     0.00000     0.00000     0.00000     0.00000
   -10.57326     0.00000     0.00000     0.00000     0.00000
   -10.57108     0.00000     0.00000     0.00000     0.00000
   -10.56890     0.00000     0.00000     0.00000     0.00000
   -10.56673     0.00000     0.00000     0.00000     0.00000
   -10.56455     0.00000     0.00000     0.00000     0.00000
   -10.56237     0.00000     0.00000     0.00000     0.00000
   -10.56019     0.00000     0.00000     0.00000     0.00000
   -10.55802     0.00000     0.00000     0.00000     0.00000
   -10.55584     0.00000     0.00000     0.00000     0.00000
   -10.55366     0.00000     0.00000     0.00000     0.00000
   -10.55149     0.00000     0.00000     0.00000     0.00000
   -10.54931     0.00000     0.00000     0.00000     0.00000
   -10.54713     0.00000     0.00000     0.00000     0.00000
   -10.54496     0.00000     0.00000     0.00000     0.00000
   -10.54278     0.00000     0.00000     0.00000     0.00000
   -10.54060     0.00000     0.00000     0.00000     0.00000
   -10.53843     0.00000     0.00000     0.00000     0.00000
   -10.53625     0.00000     0.00000     0.00000     0.00000
   -10.53407     0.00000     0.00000     0.00000     0.00000
   -10.53189     0.00000     0.00000     0.00000     0.00000
   -10.52972     0.00000     0.00000     0.00000     0.00000
   -10.52754     0.00000     0.00000     0.00000     0.00000
   -10.52536     0.00000     0.00000     0.00000     0.00000
   -10.52319     0.00000     0.00000     0.00000     0.00000
   -10.52101     0.00000     0.00000     0.00000     0.00000
   -10.51883     0.00000     0.00000     0.00000     0.00000
   -10.51666     0.00000     0.00000     0.00000     0.00000
   -10.51448     0.00000     0.00000     0.00000     0.00000
   -10.51230     0.00000     0.00000     0.00000     0.00000
   -10.51013     0.00000     0.00000     0.00000     0.00000
   -10.50795     0.00000     0.00000     0.00000     0.00000
   -10.50577     0.00000     0.00000     0.00000     0.00000
   -10.50360     0.00000     0.00000     0.00000     0.00000
   -10.50142     0.00000     0.00000     0.00000     0.00000
   -10.49924     0.00000     0.00000     0.00000     0.00000
   -10.49706     0.00000     0.00000     0.00000     0.00000
   -10.49489     0.00000     0.00000     0.00000     0.00000
   -10.49271     0.00000     0.00000     0.00000     0.00000
   -10.49053     0.00000     0.00000     0.00000     0.00000
   -10.48836     0.00000     0.00000     0.00000     0.00000
   -10.48618     0.00000     0.00000     0.00000     0.00000
   -10.48400     0.00000     0.00000     0.00000     0.00000
   -10.48183     0.00000     0.00000     0.00000     0.00000
   -10.47965     0.00000     0.00000     0.00000     0.00000
   -10.47747     0.00000     0.00000     0.00000     0.00000
   -10.47530     0.00000     0.00000     0.00000     0.00000
   -10.47312     0.00000     0.00000     0.00000     0.00000
   -10.47094     0.00000     0.00000     0.00000     0.00000
   -10.46876     0.00000     0.00000     0.00000     0.00000
   -10.46659     0.00000     0.00000     0.00000     0.00000
   -10.46441     0.00000     0.00000     0.00000     0.00000
   -10.46223     0.00000     0.00000     0.00000     0.00000
   -10.46006     0.00000     0.00000     0.00000     0.00000
   -10.45788     0.00000     0.00000     0.00000     0.00000
   -10.45570     0.00000     0.00000     0.00000     0.00000
   -10.45353     0.00000     0.00000     0.00000     0.00000
   -10.45135     0.00000     0.00000     0.00000     0.00000
   -10.44917     0.00000     0.00000     0.00000     0.00000
   -10.44700     0.00000     0.00000     0.00000     0.00000
   -10.44482     0.00000     0.00000     0.00000     0.00000
   -10.44264     0.00000     0.00000     0.00000     0.00000
   -10.44046     0.00000     0.00000     0.00000     0.00000
   -10.43829     0.00001     0.00001     0.00000     0.00000
   -10.43611     0.00001     0.00001     0.00000     0.00000
   -10.43393     0.00001     0.00001     0.00000     0.00000
   -10.43176     0.00002     0.00002     0.00000     0.00000
   -10.42958     0.00003     0.00003     0.00001     0.00000
   -10.42740     0.00005     0.00004     0.00001     0.00000
   -10.42523     0.00007     0.00006     0.00001     0.00000
   -10.42305     0.00011     0.00009     0.00002     0.00000
   -10.42087     0.00016     0.00012     0.00003     0.00000
   -10.41870     0.00022     0.00018     0.00004     0.00000
   -10.41652     0.00032     0.00026     0.00006     0.00000
   -10.41434     0.00046     0.00037     0.00009     0.00000
   -10.41216     0.00065     0.00052     0.00012     0.00001
   -10.40999     0.00092     0.00073     0.00018     0.00001
   -10.40781     0.00129     0.00103     0.00025     0.00001
   -10.40563     0.00179     0.00143     0.00034     0.00002
   -10.40346     0.00248     0.00198     0.00047     0.00003
   -10.40128     0.00340     0.00272     0.00065     0.00003
   -10.39910     0.00464     0.00371     0.00089     0.00005
   -10.39693     0.00629     0.00503     0.00120     0.00006
   -10.39475     0.00848     0.00677     0.00162     0.00009
   -10.39257     0.01135     0.00907     0.00217     0.00012
   -10.39040     0.01510     0.01206     0.00288     0.00015
   -10.38822     0.01995     0.01594     0.00381     0.00020
   -10.38604     0.02620     0.02093     0.00500     0.00027
   -10.38386     0.03419     0.02731     0.00653     0.00035
   -10.38169     0.04433     0.03541     0.00846     0.00045
   -10.37951     0.05710     0.04562     0.01090     0.00058
   -10.37733     0.07309     0.05839     0.01395     0.00074
   -10.37516     0.09296     0.07427     0.01775     0.00095
   -10.37298     0.11748     0.09385     0.02243     0.00120
   -10.37080     0.14751     0.11785     0.02816     0.00150
   -10.36863     0.18405     0.14704     0.03514     0.00187
   -10.36645     0.22816     0.18228     0.04356     0.00232
   -10.36427     0.28105     0.22453     0.05366     0.00286
   -10.36210     0.34399     0.27481     0.06568     0.00350
   -10.35992     0.41834     0.33421     0.07987     0.00426
   -10.35774     0.50550     0.40385     0.09651     0.00514
   -10.35557     0.60694     0.48488     0.11588     0.00618
   -10.35339     0.72408     0.57847     0.13825     0.00737
   -10.35121     0.85832     0.68571     0.16388     0.00873
   -10.34903     1.01095     0.80765     0.19302     0.01029
   -10.34686     1.18313     0.94520     0.22589     0.01204
   -10.34468     1.37580     1.09913     0.26268     0.01400
   -10.34250     1.58964     1.26996     0.30350     0.01618
   -10.34033     1.82501     1.45799     0.34844     0.01857
   -10.33815     2.08185     1.66318     0.39748     0.02118
   -10.33597     2.35968     1.88515     0.45053     0.02401
   -10.33380     2.65754     2.12310     0.50739     0.02704
   -10.33162     2.97390     2.37584     0.56779     0.03026
   -10.32944     3.30668     2.64170     0.63133     0.03365
   -10.32727     3.65325     2.91858     0.69750     0.03718
   -10.32509     4.01040     3.20390     0.76569     0.04081
   -10.32291     4.37437     3.49468     0.83518     0.04451
   -10.32073     4.74094     3.78753     0.90517     0.04824
   -10.31856     5.10545     4.07873     0.97476     0.05195
   -10.31638     5.46290     4.36430     1.04301     0.05559
   -10.31420     5.80810     4.64008     1.10892     0.05910
   -10.31203     6.13571     4.90181     1.17147     0.06244
   -10.30985     6.44045     5.14526     1.22965     0.06554
   -10.30767     6.71720     5.36635     1.28249     0.06835
   -10.30550     6.96114     5.56124     1.32906     0.07084
   -10.30332     7.16792     5.72644     1.36854     0.07294
   -10.30114     7.33376     5.85893     1.40021     0.07463
   -10.29897     7.45557     5.95624     1.42346     0.07587
   -10.29679     7.53104     6.01653     1.43787     0.07664
   -10.29461     7.55875     6.03867     1.44316     0.07692
   -10.29243     7.53816     6.02222     1.43923     0.07671
   -10.29026     7.46967     5.96750     1.42616     0.07601
   -10.28808     7.35458     5.87556     1.40418     0.07484
   -10.28590     7.19507     5.74813     1.37373     0.07322
   -10.28373     6.99411     5.58758     1.33536     0.07117
   -10.28155     6.75539     5.39687     1.28978     0.06874
   -10.27937     6.48320     5.17941     1.23781     0.06597
   -10.27720     6.18227     4.93901     1.18036     0.06291
   -10.27502     5.85771     4.67971     1.11839     0.05961
   -10.27284     5.51478     4.40574     1.05292     0.05612
   -10.27067     5.15880     4.12135     0.98495     0.05250
   -10.26849     4.79501     3.83073     0.91549     0.04879
   -10.26631     4.42845     3.53788     0.84551     0.04506
   -10.26413     4.06381     3.24657     0.77589     0.04135
   -10.26196     3.70541     2.96024     0.70746     0.03771
   -10.25978     3.35706     2.68195     0.64095     0.03416
   -10.25760     3.02206     2.41432     0.57699     0.03075
   -10.25543     2.70313     2.15953     0.51610     0.02751
   -10.25325     2.40244     1.91930     0.45869     0.02445
   -10.25107     2.12157     1.69492     0.40506     0.02159
   -10.24890     1.86159     1.48722     0.35543     0.01894
   -10.24672     1.62304     1.29664     0.30988     0.01652
   -10.24454     1.40604     1.12328     0.26845     0.01431
   -10.24237     1.21027     0.96689     0.23107     0.01232
   -10.24019     1.03512     0.82696     0.19763     0.01053
   -10.23801     0.87967     0.70277     0.16795     0.00895
   -10.23583     0.74279     0.59342     0.14182     0.00756
   -10.23366     0.62322     0.49789     0.11899     0.00634
   -10.23148     0.51955     0.41507     0.09920     0.00529
   -10.22930     0.43037     0.34382     0.08217     0.00438
   -10.22713     0.35422     0.28298     0.06763     0.00360
   -10.22495     0.28968     0.23143     0.05531     0.00295
   -10.22277     0.23539     0.18805     0.04494     0.00240
   -10.22060     0.19006     0.15184     0.03629     0.00193
   -10.21842     0.15247     0.12181     0.02911     0.00155
   -10.21624     0.12154     0.09710     0.02321     0.00124
   -10.21407     0.09627     0.07691     0.01838     0.00098
   -10.21189     0.07576     0.06053     0.01447     0.00077
   -10.20971     0.05925     0.04733     0.01131     0.00060
   -10.20754     0.04603     0.03678     0.00879     0.00047
   -10.20536     0.03554     0.02839     0.00679     0.00036
   -10.20318     0.02726     0.02178     0.00521     0.00028
   -10.20100     0.02078     0.01660     0.00397     0.00021
   -10.19883     0.01574     0.01257     0.00300     0.00016
   -10.19665     0.01184     0.00946     0.00226     0.00012
   -10.19447     0.00886     0.00707     0.00169     0.00009
   -10.19230     0.00658     0.00526     0.00126     0.00007
   -10.19012     0.00486     0.00388     0.00093     0.00005
   -10.18794     0.00356     0.00285     0.00068     0.00004
   -10.18577     0.00260     0.00207     0.00050     0.00003
   -10.18359     0.00188     0.00150     0.00036     0.00002
   -10.18141     0.00135     0.00108     0.00026     0.00001
   -10.17924     0.00097     0.00077     0.00018     0.00001
   -10.17706     0.00069     0.00055     0.00013     0.00001
   -10.17488     0.00049     0.00039     0.00009     0.00000
   -10.17270     0.00034     0.00027     0.00006     0.00000
   -10.17053     0.00024     0.00019     0.00005     0.00000
   -10.16835     0.00016     0.00013     0.00003     0.00000
   -10.16617     0.00011     0.00009     0.00002     0.00000
   -10.16400     0.00008     0.00006     0.00001     0.00000
   -10.16182     0.00005     0.00004     0.00001     0.00000
   -10.15964     0.00004     0.00003     0.00001     0.00000
   -10.15747     0.00002     0.00002     0.00000     0.00000
   -10.15529     0.00002     0.00001     0.00000     0.00000
   -10.15311     0.00001     0.00001     0.00000     0.00000
   -10.15094     0.00001     0.00001     0.00000     0.00000
   -10.14876     0.00000     0.00000     0.00000     0.00000
   -10.14658     0.00000     0.00000     0.00000     0.00000
   -10.14440     0.00000     0.00000     0.00000     0.00000
   -10.14223     0.00000     0.00000     0.00000     0.00000
   -10.14005     0.00000     0.00000     0.00000     0.00000
   -10.13787     0.00000     0.00000     0.00000     0.00000
   -10.13570     0.00000     0.00000     0.00000     0.00000
   -10.13352     0.00000     0.00000     0.00000     0.00000
   -10.13134     0.00000     0.00000     0.00000     0.00000
   -10.12917     0.00000     0.00000     0.00000     0.00000
   -10.12699     0.00000     0.00000     0.00000     0.00000
   -10.12481     0.00000     0.00000     0.00000     0.00000
   -10.12264     0.00000     0.00000     0.00000     0.00000
   -10.12046     0.00000     0.00000     0.00000     0.00000
   -10.11828     0.00000     0.00000     0.00000     0.00000
   -10.11610     0.00000     0.00000     0.00000     0.00000
   -10.11393     0.00000     0.00000     0.00000     0.00000
   -10.11175     0.00000     0.00000     0.00000     0.00000
   -10.10957     0.00000     0.00000     0.00000     0.00000
   -10.10740     0.00000     0.00000     0.00000     0.00000
   -10.10522     0.00000     0.00000     0.00000     0.00000
   -10.10304     0.00000     0.00000     0.00000     0.00000
   -10.10087     0.00000     0.00000     0.00000     0.00000
   -10.09869     0.00000     0.00000     0.00000     0.00000
   -10.09651     0.00000     0.00000     0.00000     0.00000
   -10.09434     0.00000     0.00000     0.00000     0.00000
   -10.09216     0.00000     0.00000     0.00000     0.00000
   -10.08998     0.00000     0.00000     0.00000     0.00000
   -10.08781     0.00000     0.00000     0.00000     0.00000
   -10.08563     0.00000     0.00000     0.00000     0.00000
   -10.08345     0.00000     0.00000     0.00000     0.00000
   -10.08127     0.00000     0.00000     0.00000     0.00000
   -10.07910     0.00000     0.00000     0.00000     0.00000
   -10.07692     0.00000     0.00000     0.00000     0.00000
   -10.07474     0.00000     0.00000     0.00000     0.00000
   -10.07257     0.00000     0.00000     0.00000     0.00000
   -10.07039     0.00000     0.00000     0.00000     0.00000
   -10.06821     0.00000     0.00000     0.00000     0.00000
   -10.06604     0.00000     0.00000     0.00000     0.00000
   -10.06386     0.00000     0.00000     0.00000     0.00000
   -10.06168     0.00000     0.00000     0.00000     0.00000
   -10.05951     0.00000     0.00000     0.00000     0.00000
   -10.05733     0.00000     0.00000     0.00000     0.00000
   -10.05515     0.00000     0.00000     0.00000     0.00000
   -10.05297     0.00000     0.00000     0.00000     0.00000
   -10.05080     0.00000     0.00000     0.00000     0.00000
   -10.04862     0.00000     0.00000     0.00000     0.00000
   -10.04644     0.00000     0.00000     0.00000     0.00000
   -10.04427     0.00000     0.00000     0.00000     0.00000
   -10.04209     0.00000     0.00000     0.00000     0.00000
   -10.03991     0.00000     0.00000     0.00000     0.00000
   -10.03774     0.00000     0.00000     0.00000     0.00000
   -10.03556     0.00000     0.00000     0.00000     0.00000
   -10.03338     0.00000     0.00000     0.00000     0.00000
   -10.03121     0.00000     0.00000     0.00000     0.00000
   -10.02903     0.00000     0.00000     0.00000     0.00000
   -10.02685     0.00000     0.00000     0.00000     0.00000
   -10.02467     0.00000     0.00000     0.00000     0.00000
   -10.02250     0.00000     0.00000     0.00000     0.00000
   -10.02032     0.00000     0.00000     0.00000     0.00000
   -10.01814     0.00000     0.00000     0.00000     0.00000
   -10.01597     0.00000     0.00000     0.00000     0.00000
   -10.01379     0.00000     0.00000     0.00000     0.00000
   -10.01161     0.00000     0.00000     0.00000     0.00000
   -10.00944     0.00000     0.00000     0.00000     0.00000
   -10.00726     0.00000     0.00000     0.00000     0.00000
   -10.00508     0.00000     0.00000     0.00000     0.00000
   -10.00291     0.00000     0.00000     0.00000     0.00000
   -10.00073     0.00000     0.00000     0.00000     0.00000
    -9.99855     0.00000     0.00000     0.00000     0.00000
    -9.99637     0.00000     0.00000     0.00000     0.00000
    -9.99420     0.00000     0.00000     0.00000     0.00000
    -9.99202     0.00000     0.00000     0.00000     0.00000
    -9.98984     0.00000     0.00000     0.00000     0.00000
    -9.98767     0.00000     0.00000     0.00000     0.00000
    -9.98549     0.00000     0.00000     0.00000     0.00000
    -9.98331     0.00000     0.00000     0.00000     0.00000
    -9.98114     0.00000     0.00000     0.00000     0.00000
    -9.97896     0.00000     0.00000     0.00000     0.00000
    -9.97678     0.00000     0.00000     0.00000     0.00000
    -9.97461     0.00000     0.00000     0.00000     0.00000
    -9.97243     0.00000     0.00000     0.00000     0.00000
    -9.97025     0.00000     0.00000     0.00000     0.00000
    -9.96807     0.00000     0.00000     0.00000     0.00000
    -9.96590     0.00000     0.00000     0.00000     0.00000
    -9.96372     0.00000     0.00000     0.00000     0.00000
    -9.96154     0.00000     0.00000     0.00000     0.00000
    -9.95937     0.00000     0.00000     0.00000     0.00000
    -9.95719     0.00000     0.00000     0.00000     0.00000
    -9.95501     0.00000     0.00000     0.00000     0.00000
    -9.95284     0.00000     0.00000     0.00000     0.00000
    -9.95066     0.00000     0.00000     0.00000     0.00000
    -9.94848     0.00000     0.00000     0.00000     0.00000
    -9.94631     0.00000     0.00000     0.00000     0.00000
    -9.94413     0.00000     0.00000     0.00000     0.00000
    -9.94195     0.00000     0.00000     0.00000     0.00000
    -9.93978     0.00000     0.00000     0.00000     0.00000
    -9.93760     0.00000     0.00000     0.00000     0.00000
    -9.93542     0.00000     0.00000     0.00000     0.00000
    -9.93324     0.00000     0.00000     0.00000     0.00000
    -9.93107     0.00000     0.00000     0.00000     0.00000
    -9.92889     0.00000     0.00000     0.00000     0.00000
    -9.92671     0.00000     0.00000     0.00000     0.00000
    -9.92454     0.00000     0.00000     0.00000     0.00000
    -9.92236     0.00000     0.00000     0.00000     0.00000
    -9.92018     0.00000     0.00000     0.00000     0.00000
    -9.91801     0.00000     0.00000     0.00000     0.00000
    -9.91583     0.00000     0.00000     0.00000     0.00000
    -9.91365     0.00000     0.00000     0.00000     0.00000
    -9.91148     0.00000     0.00000     0.00000     0.00000
    -9.90930     0.00000     0.00000     0.00000     0.00000
    -9.90712     0.00000     0.00000     0.00000     0.00000
    -9.90494     0.00000     0.00000     0.00000     0.00000
    -9.90277     0.00000     0.00000     0.00000     0.00000
    -9.90059     0.00000     0.00000     0.00000     0.00000
    -9.89841     0.00000     0.00000     0.00000     0.00000
    -9.89624     0.00000     0.00000     0.00000     0.00000
    -9.89406     0.00000     0.00000     0.00000     0.00000
    -9.89188     0.00000     0.00000     0.00000     0.00000
    -9.88971     0.00000     0.00000     0.00000     0.00000
    -9.88753     0.00000     0.00000     0.00000     0.00000
    -9.88535     0.00000     0.00000     0.00000     0.00000
    -9.88318     0.00000     0.00000     0.00000     0.00000
    -9.88100     0.00000     0.00000     0.00000     0.00000
    -9.87882     0.00000     0.00000     0.00000     0.00000
    -9.87664     0.00000     0.00000     0.00000     0.00000
    -9.87447     0.00000     0.00000     0.00000     0.00000
    -9.87229     0.00000     0.00000     0.00000     0.00000
    -9.87011     0.00000     0.00000     0.00000     0.00000
    -9.86794     0.00000     0.00000     0.00000     0.00000
    -9.86576     0.00000     0.00000     0.00000     0.00000
    -9.86358     0.00000     0.00000     0.00000     0.00000
    -9.86141     0.00000     0.00000     0.00000     0.00000
    -9.85923     0.00000     0.00000     0.00000     0.00000
    -9.85705     0.00000     0.00000     0.00000     0.00000
    -9.85488     0.00000     0.00000     0.00000     0.00000
    -9.85270     0.00000     0.00000     0.00000     0.00000
    -9.85052     0.00000     0.00000     0.00000     0.00000
    -9.84834     0.00000     0.00000     0.00000     0.00000
    -9.84617     0.00000     0.00000     0.00000     0.00000
    -9.84399     0.00000     0.00000     0.00000     0.00000
    -9.84181     0.00000     0.00000     0.00000     0.00000
    -9.83964     0.00000     0.00000     0.00000     0.00000
    -9.83746     0.00000     0.00000     0.00000     0.00000
    -9.83528     0.00000     0.00000     0.00000     0.00000
    -9.83311     0.00000     0.00000     0.00000     0.00000
    -9.83093     0.00000     0.00000     0.00000     0.00000
    -9.82875     0.00000     0.00000     0.00000     0.00000
    -9.82658     0.00000     0.00000     0.00000     0.00000
    -9.82440     0.00000     0.00000     0.00000     0.00000
    -9.82222     0.00000     0.00000     0.00000     0.00000
    -9.82004     0.00000     0.00000     0.00000     0.00000
    -9.81787     0.00000     0.00000     0.00000     0.00000
    -9.81569     0.00000     0.00000     0.00000     0.00000
    -9.81351     0.00000     0.00000     0.00000     0.00000
    -9.81134     0.00000     0.00000     0.00000     0.00000
    -9.80916     0.00000     0.00000     0.00000     0.00000
    -9.80698     0.00000     0.00000     0.00000     0.00000
    -9.80481     0.00000     0.00000     0.00000     0.00000
    -9.80263     0.00000     0.00000     0.00000     0.00000
    -9.80045     0.00000     0.00000     0.00000     0.00000
    -9.79828     0.00000     0.00000     0.00000     0.00000
    -9.79610     0.00000     0.00000     0.00000     0.00000
    -9.79392     0.00000     0.00000     0.00000     0.00000
    -9.79175     0.00000     0.00000     0.00000     0.00000
    -9.78957     0.00000     0.00000     0.00000     0.00000
    -9.78739     0.00000     0.00000     0.00000     0.00000
    -9.78521     0.00000     0.00000     0.00000     0.00000
    -9.78304     0.00000     0.00000     0.00000     0.00000
    -9.78086     0.00000     0.00000     0.00000     0.00000
    -9.77868     0.00000     0.00000     0.00000     0.00000
    -9.77651     0.00000     0.00000     0.00000     0.00000
    -9.77433     0.00000     0.00000     0.00000     0.00000
    -9.77215     0.00000     0.00000     0.00000     0.00000
    -9.76998     0.00000     0.00000     0.00000     0.00000
    -9.76780     0.00000     0.00000     0.00000     0.00000
    -9.76562     0.00000     0.00000     0.00000     0.00000
    -9.76345     0.00000     0.00000     0.00000     0.00000
    -9.76127     0.00000     0.00000     0.00000     0.00000
    -9.75909     0.00000     0.00000     0.00000     0.00000
    -9.75691     0.00000     0.00000     0.00000     0.00000
    -9.75474     0.00000     0.00000     0.00000     0.00000
    -9.75256     0.00000     0.00000     0.00000     0.00000
    -9.75038     0.00000     0.00000     0.00000     0.00000
    -9.74821     0.00000     0.00000     0.00000     0.00000
    -9.74603     0.00000     0.00000     0.00000     0.00000
    -9.74385     0.00000     0.00000     0.00000     0.00000
    -9.74168     0.00000     0.00000     0.00000     0.00000
    -9.73950     0.00000     0.00000     0.00000     0.00000
    -9.73732     0.00000     0.00000     0.00000     0.00000
    -9.73515     0.00000     0.00000     0.00000     0.00000
    -9.73297     0.00000     0.00000     0.00000     0.00000
    -9.73079     0.00000     0.00000     0.00000     0.00000
    -9.72861     0.00000     0.00000     0.00000     0.00000
    -9.72644     0.00000     0.00000     0.00000     0.00000
    -9.72426     0.00000     0.00000     0.00000     0.00000
    -9.72208     0.00000     0.00000     0.00000     0.00000
    -9.71991     0.00000     0.00000     0.00000     0.00000
    -9.71773     0.00000     0.00000     0.00000     0.00000
    -9.71555     0.00000     0.00000     0.00000     0.00000
    -9.71338     0.00000     0.00000     0.00000     0.00000
    -9.71120     0.00000     0.00000     0.00000     0.00000
    -9.70902     0.00000     0.00000     0.00000     0.00000
    -9.70685     0.00000     0.00000     0.00000     0.00000
    -9.70467     0.00000     0.00000     0.00000     0.00000
    -9.70249     0.00000     0.00000     0.00000     0.00000
    -9.70031     0.00000     0.00000     0.00000     0.00000
    -9.69814     0.00000     0.00000     0.00000     0.00000
    -9.69596     0.00000     0.00000     0.00000     0.00000
    -9.69378     0.00000     0.00000     0.00000     0.00000
    -9.69161     0.00000     0.00000     0.00000     0.00000
    -9.68943     0.00000     0.00000     0.00000     0.00000
    -9.68725     0.00000     0.00000     0.00000     0.00000
    -9.68508     0.00000     0.00000     0.00000     0.00000
    -9.68290     0.00000     0.00000     0.00000     0.00000
    -9.68072     0.00000     0.00000     0.00000     0.00000
    -9.67855     0.00000     0.00000     0.00000     0.00000
    -9.67637     0.00000     0.00000     0.00000     0.00000
    -9.67419     0.00000     0.00000     0.00000     0.00000
    -9.67202     0.00000     0.00000     0.00000     0.00000
    -9.66984     0.00000     0.00000     0.00000     0.00000
    -9.66766     0.00000     0.00000     0.00000     0.00000
    -9.66548     0.00000     0.00000     0.00000     0.00000
    -9.66331     0.00000     0.00000     0.00000     0.00000
    -9.66113     0.00000     0.00000     0.00000     0.00000
    -9.65895     0.00000     0.00000     0.00000     0.00000
    -9.65678     0.00000     0.00000     0.00000     0.00000
    -9.65460     0.00000     0.00000     0.00000     0.00000
    -9.65242     0.00000     0.00000     0.00000     0.00000
    -9.65025     0.00000     0.00000     0.00000     0.00000
    -9.64807     0.00000     0.00000     0.00000     0.00000
    -9.64589     0.00000     0.00000     0.00000     0.00000
    -9.64372     0.00000     0.00000     0.00000     0.00000
    -9.64154     0.00000     0.00000     0.00000     0.00000
    -9.63936     0.00000     0.00000     0.00000     0.00000
    -9.63718     0.00000     0.00000     0.00000     0.00000
    -9.63501     0.00000     0.00000     0.00000     0.00000
    -9.63283     0.00000     0.00000     0.00000     0.00000
    -9.63065     0.00000     0.00000     0.00000     0.00000
    -9.62848     0.00000     0.00000     0.00000     0.00000
    -9.62630     0.00000     0.00000     0.00000     0.00000
    -9.62412     0.00000     0.00000     0.00000     0.00000
    -9.62195     0.00000     0.00000     0.00000     0.00000
    -9.61977     0.00000     0.00000     0.00000     0.00000
    -9.61759     0.00000     0.00000     0.00000     0.00000
    -9.61542     0.00000     0.00000     0.00000     0.00000
    -9.61324     0.00000     0.00000     0.00000     0.00000
    -9.61106     0.00000     0.00000     0.00000     0.00000
    -9.60888     0.00000     0.00000     0.00000     0.00000
    -9.60671     0.00000     0.00000     0.00000     0.00000
    -9.60453     0.00000     0.00000     0.00000     0.00000
    -9.60235     0.00000     0.00000     0.00000     0.00000
    -9.60018     0.00000     0.00000     0.00000     0.00000
    -9.59800     0.00000     0.00000     0.00000     0.00000
    -9.59582     0.00000     0.00000     0.00000     0.00000
    -9.59365     0.00000     0.00000     0.00000     0.00000
    -9.59147     0.00000     0.00000     0.00000     0.00000
    -9.58929     0.00000     0.00000     0.00000     0.00000
    -9.58712     0.00000     0.00000     0.00000     0.00000
    -9.58494     0.00000     0.00000     0.00000     0.00000
    -9.58276     0.00000     0.00000     0.00000     0.00000
    -9.58058     0.00000     0.00000     0.00000     0.00000
    -9.57841     0.00000     0.00000     0.00000     0.00000
    -9.57623     0.00000     0.00000     0.00000     0.00000
    -9.57405     0.00000     0.00000     0.00000     0.00000
    -9.57188     0.00000     0.00000     0.00000     0.00000
    -9.56970     0.00000     0.00000     0.00000     0.00000
    -9.56752     0.00000     0.00000     0.00000     0.00000
    -9.56535     0.00000     0.00000     0.00000     0.00000
    -9.56317     0.00000     0.00000     0.00000     0.00000
    -9.56099     0.00000     0.00000     0.00000     0.00000
    -9.55882     0.00000     0.00000     0.00000     0.00000
    -9.55664     0.00000     0.00000     0.00000     0.00000
    -9.55446     0.00000     0.00000     0.00000     0.00000
    -9.55228     0.00000     0.00000     0.00000     0.00000
    -9.55011     0.00000     0.00000     0.00000     0.00000
    -9.54793     0.00000     0.00000     0.00000     0.00000
    -9.54575     0.00000     0.00000     0.00000     0.00000
    -9.54358     0.00000     0.00000     0.00000     0.00000
    -9.54140     0.00000     0.00000     0.00000     0.00000
    -9.53922     0.00000     0.00000     0.00000     0.00000
    -9.53705     0.00000     0.00000     0.00000     0.00000
    -9.53487     0.00000     0.00000     0.00000     0.00000
    -9.53269     0.00000     0.00000     0.00000     0.00000
    -9.53052     0.00000     0.00000     0.00000     0.00000
    -9.52834     0.00000     0.00000     0.00000     0.00000
    -9.52616     0.00000     0.00000     0.00000     0.00000
    -9.52399     0.00000     0.00000     0.00000     0.00000
    -9.52181     0.00000     0.00000     0.00000     0.00000
    -9.51963     0.00000     0.00000     0.00000     0.00000
    -9.51745     0.00000     0.00000     0.00000     0.00000
    -9.51528     0.00000     0.00000     0.00000     0.00000
    -9.51310     0.00000     0.00000     0.00000     0.00000
    -9.51092     0.00000     0.00000     0.00000     0.00000
    -9.50875     0.00000     0.00000     0.00000     0.00000
    -9.50657     0.00000     0.00000     0.00000     0.00000
    -9.50439     0.00000     0.00000     0.00000     0.00000
    -9.50222     0.00000     0.00000     0.00000     0.00000
    -9.50004     0.00000     0.00000     0.00000     0.00000
    -9.49786     0.00000     0.00000     0.00000     0.00000
    -9.49569     0.00000     0.00000     0.00000     0.00000
    -9.49351     0.00000     0.00000     0.00000     0.00000
    -9.49133     0.00000     0.00000     0.00000     0.00000
    -9.48915     0.00000     0.00000     0.00000     0.00000
    -9.48698     0.00000     0.00000     0.00000     0.00000
    -9.48480     0.00000     0.00000     0.00000     0.00000
    -9.48262     0.00000     0.00000     0.00000     0.00000
    -9.48045     0.00000     0.00000     0.00000     0.00000
    -9.47827     0.00000     0.00000     0.00000     0.00000
    -9.47609     0.00000     0.00000     0.00000     0.00000
    -9.47392     0.00000     0.00000     0.00000     0.00000
    -9.47174     0.00000     0.00000     0.00000     0.00000
    -9.46956     0.00000     0.00000     0.00000     0.00000
    -9.46739     0.00000     0.00000     0.00000     0.00000
    -9.46521     0.00000     0.00000     0.00000     0.00000
    -9.46303     0.00000     0.00000     0.00000     0.00000
    -9.46085     0.00000     0.00000     0.00000     0.00000
    -9.45868     0.00000     0.00000     0.00000     0.00000
    -9.45650     0.00000     0.00000     0.00000     0.00000
    -9.45432     0.00000     0.00000     0.00000     0.00000
    -9.45215     0.00000     0.00000     0.00000     0.00000
    -9.44997     0.00000     0.00000     0.00000     0.00000
    -9.44779     0.00000     0.00000     0.00000     0.00000
    -9.44562     0.00000     0.00000     0.00000     0.00000
    -9.44344     0.00000     0.00000     0.00000     0.00000
    -9.44126     0.00000     0.00000     0.00000     0.00000
    -9.43909     0.00000     0.00000     0.00000     0.00000
    -9.43691     0.00000     0.00000     0.00000     0.00000
    -9.43473     0.00000     0.00000     0.00000     0.00000
    -9.43255     0.00000     0.00000     0.00000     0.00000
    -9.43038     0.00000     0.00000     0.00000     0.00000
    -9.42820     0.00000     0.00000     0.00000     0.00000
    -9.42602     0.00000     0.00000     0.00000     0.00000
    -9.42385     0.00000     0.00000     0.00000     0.00000
    -9.42167     0.00000     0.00000     0.00000     0.00000
    -9.41949     0.00000     0.00000     0.00000     0.00000
    -9.41732     0.00000     0.00000     0.00000     0.00000
    -9.41514     0.00000     0.00000     0.00000     0.00000
    -9.41296     0.00000     0.00000     0.00000     0.00000
    -9.41079     0.00000     0.00000     0.00000     0.00000
    -9.40861     0.00000     0.00000     0.00000     0.00000
    -9.40643     0.00000     0.00000     0.00000     0.00000
    -9.40426     0.00000     0.00000     0.00000     0.00000
    -9.40208     0.00000     0.00000     0.00000     0.00000
    -9.39990     0.00000     0.00000     0.00000     0.00000
    -9.39772     0.00000     0.00000     0.00000     0.00000
    -9.39555     0.00000     0.00000     0.00000     0.00000
    -9.39337     0.00000     0.00000     0.00000     0.00000
    -9.39119     0.00000     0.00000     0.00000     0.00000
    -9.38902     0.00000     0.00000     0.00000     0.00000
    -9.38684     0.00000     0.00000     0.00000     0.00000
    -9.38466     0.00000     0.00000     0.00000     0.00000
    -9.38249     0.00000     0.00000     0.00000     0.00000
    -9.38031     0.00000     0.00000     0.00000     0.00000
    -9.37813     0.00000     0.00000     0.00000     0.00000
    -9.37596     0.00000     0.00000     0.00000     0.00000
    -9.37378     0.00000     0.00000     0.00000     0.00000
    -9.37160     0.00000     0.00000     0.00000     0.00000
    -9.36942     0.00000     0.00000     0.00000     0.00000
    -9.36725     0.00000     0.00000     0.00000     0.00000
    -9.36507     0.00000     0.00000     0.00000     0.00000
    -9.36289     0.00000     0.00000     0.00000     0.00000
    -9.36072     0.00000     0.00000     0.00000     0.00000
    -9.35854     0.00000     0.00000     0.00000     0.00000
    -9.35636     0.00000     0.00000     0.00000     0.00000
    -9.35419     0.00000     0.00000     0.00000     0.00000
    -9.35201     0.00000     0.00000     0.00000     0.00000
    -9.34983     0.00000     0.00000     0.00000     0.00000
    -9.34766     0.00000     0.00000     0.00000     0.00000
    -9.34548     0.00000     0.00000     0.00000     0.00000
    -9.34330     0.00000     0.00000     0.00000     0.00000
    -9.34112     0.00000     0.00000     0.00000     0.00000
    -9.33895     0.00000     0.00000     0.00000     0.00000
    -9.33677     0.00000     0.00000     0.00000     0.00000
    -9.33459     0.00000     0.00000     0.00000     0.00000
    -9.33242     0.00000     0.00000     0.00000     0.00000
    -9.33024     0.00000     0.00000     0.00000     0.00000
    -9.32806     0.00000     0.00000     0.00000     0.00000
    -9.32589     0.00000     0.00000     0.00000     0.00000
    -9.32371     0.00000     0.00000     0.00000     0.00000
    -9.32153     0.00000     0.00000     0.00000     0.00000
    -9.31936     0.00000     0.00000     0.00000     0.00000
    -9.31718     0.00000     0.00000     0.00000     0.00000
    -9.31500     0.00000     0.00000     0.00000     0.00000
    -9.31282     0.00000     0.00000     0.00000     0.00000
    -9.31065     0.00000     0.00000     0.00000     0.00000
    -9.30847     0.00000     0.00000     0.00000     0.00000
    -9.30629     0.00000     0.00000     0.00000     0.00000
    -9.30412     0.00000     0.00000     0.00000     0.00000
    -9.30194     0.00000     0.00000     0.00000     0.00000
    -9.29976     0.00000     0.00000     0.00000     0.00000
    -9.29759     0.00000     0.00000     0.00000     0.00000
    -9.29541     0.00000     0.00000     0.00000     0.00000
    -9.29323     0.00000     0.00000     0.00000     0.00000
    -9.29106     0.00000     0.00000     0.00000     0.00000
    -9.28888     0.00000     0.00000     0.00000     0.00000
    -9.28670     0.00000     0.00000     0.00000     0.00000
    -9.28452     0.00000     0.00000     0.00000     0.00000
    -9.28235     0.00000     0.00000     0.00000     0.00000
    -9.28017     0.00000     0.00000     0.00000     0.00000
    -9.27799     0.00000     0.00000     0.00000     0.00000
    -9.27582     0.00000     0.00000     0.00000     0.00000
    -9.27364     0.00000     0.00000     0.00000     0.00000
    -9.27146     0.00000     0.00000     0.00000     0.00000
    -9.26929     0.00000     0.00000     0.00000     0.00000
    -9.26711     0.00000     0.00000     0.00000     0.00000
    -9.26493     0.00000     0.00000     0.00000     0.00000
    -9.26276     0.00000     0.00000     0.00000     0.00000
    -9.26058     0.00000     0.00000     0.00000     0.00000
    -9.25840     0.00000     0.00000     0.00000     0.00000
    -9.25623     0.00000     0.00000     0.00000     0.00000
    -9.25405     0.00000     0.00000     0.00000     0.00000
    -9.25187     0.00000     0.00000     0.00000     0.00000
    -9.24969     0.00000     0.00000     0.00000     0.00000
    -9.24752     0.00000     0.00000     0.00000     0.00000
    -9.24534     0.00000     0.00000     0.00000     0.00000
    -9.24316     0.00000     0.00000     0.00000     0.00000
    -9.24099     0.00000     0.00000     0.00000     0.00000
    -9.23881     0.00000     0.00000     0.00000     0.00000
    -9.23663     0.00000     0.00000     0.00000     0.00000
    -9.23446     0.00000     0.00000     0.00000     0.00000
    -9.23228     0.00000     0.00000     0.00000     0.00000
    -9.23010     0.00000     0.00000     0.00000     0.00000
    -9.22793     0.00000     0.00000     0.00000     0.00000
    -9.22575     0.00000     0.00000     0.00000     0.00000
    -9.22357     0.00000     0.00000     0.00000     0.00000
    -9.22139     0.00000     0.00000     0.00000     0.00000
    -9.21922     0.00000     0.00000     0.00000     0.00000
    -9.21704     0.00000     0.00000     0.00000     0.00000
    -9.21486     0.00000     0.00000     0.00000     0.00000
    -9.21269     0.00000     0.00000     0.00000     0.00000
    -9.21051     0.00000     0.00000     0.00000     0.00000
    -9.20833     0.00000     0.00000     0.00000     0.00000
    -9.20616     0.00000     0.00000     0.00000     0.00000
    -9.20398     0.00000     0.00000     0.00000     0.00000
    -9.20180     0.00000     0.00000     0.00000     0.00000
    -9.19963     0.00000     0.00000     0.00000     0.00000
    -9.19745     0.00000     0.00000     0.00000     0.00000
    -9.19527     0.00000     0.00000     0.00000     0.00000
    -9.19309     0.00000     0.00000     0.00000     0.00000
    -9.19092     0.00000     0.00000     0.00000     0.00000
    -9.18874     0.00000     0.00000     0.00000     0.00000
    -9.18656     0.00000     0.00000     0.00000     0.00000
    -9.18439     0.00000     0.00000     0.00000     0.00000
    -9.18221     0.00000     0.00000     0.00000     0.00000
    -9.18003     0.00000     0.00000     0.00000     0.00000
    -9.17786     0.00000     0.00000     0.00000     0.00000
    -9.17568     0.00000     0.00000     0.00000     0.00000
    -9.17350     0.00000     0.00000     0.00000     0.00000
    -9.17133     0.00000     0.00000     0.00000     0.00000
    -9.16915     0.00000     0.00000     0.00000     0.00000
    -9.16697     0.00000     0.00000     0.00000     0.00000
    -9.16479     0.00000     0.00000     0.00000     0.00000
    -9.16262     0.00000     0.00000     0.00000     0.00000
    -9.16044     0.00000     0.00000     0.00000     0.00000
    -9.15826     0.00000     0.00000     0.00000     0.00000
    -9.15609     0.00000     0.00000     0.00000     0.00000
    -9.15391     0.00000     0.00000     0.00000     0.00000
    -9.15173     0.00000     0.00000     0.00000     0.00000
    -9.14956     0.00000     0.00000     0.00000     0.00000
    -9.14738     0.00000     0.00000     0.00000     0.00000
    -9.14520     0.00000     0.00000     0.00000     0.00000
    -9.14303     0.00000     0.00000     0.00000     0.00000
    -9.14085     0.00000     0.00000     0.00000     0.00000
    -9.13867     0.00000     0.00000     0.00000     0.00000
    -9.13649     0.00000     0.00000     0.00000     0.00000
    -9.13432     0.00000     0.00000     0.00000     0.00000
    -9.13214     0.00000     0.00000     0.00000     0.00000
    -9.12996     0.00000     0.00000     0.00000     0.00000
    -9.12779     0.00000     0.00000     0.00000     0.00000
    -9.12561     0.00000     0.00000     0.00000     0.00000
    -9.12343     0.00000     0.00000     0.00000     0.00000
    -9.12126     0.00000     0.00000     0.00000     0.00000
    -9.11908     0.00000     0.00000     0.00000     0.00000
    -9.11690     0.00000     0.00000     0.00000     0.00000
    -9.11473     0.00000     0.00000     0.00000     0.00000
    -9.11255     0.00000     0.00000     0.00000     0.00000
    -9.11037     0.00000     0.00000     0.00000     0.00000
    -9.10820     0.00000     0.00000     0.00000     0.00000
    -9.10602     0.00000     0.00000     0.00000     0.00000
    -9.10384     0.00000     0.00000     0.00000     0.00000
    -9.10166     0.00000     0.00000     0.00000     0.00000
    -9.09949     0.00000     0.00000     0.00000     0.00000
    -9.09731     0.00000     0.00000     0.00000     0.00000
    -9.09513     0.00000     0.00000     0.00000     0.00000
    -9.09296     0.00000     0.00000     0.00000     0.00000
    -9.09078     0.00000     0.00000     0.00000     0.00000
    -9.08860     0.00000     0.00000     0.00000     0.00000
    -9.08643     0.00000     0.00000     0.00000     0.00000
    -9.08425     0.00000     0.00000     0.00000     0.00000
    -9.08207     0.00000     0.00000     0.00000     0.00000
    -9.07990     0.00000     0.00000     0.00000     0.00000
    -9.07772     0.00000     0.00000     0.00000     0.00000
    -9.07554     0.00000     0.00000     0.00000     0.00000
    -9.07336     0.00000     0.00000     0.00000     0.00000
    -9.07119     0.00000     0.00000     0.00000     0.00000
    -9.06901     0.00000     0.00000     0.00000     0.00000
    -9.06683     0.00000     0.00000     0.00000     0.00000
    -9.06466     0.00000     0.00000     0.00000     0.00000
    -9.06248     0.00000     0.00000     0.00000     0.00000
    -9.06030     0.00000     0.00000     0.00000     0.00000
    -9.05813     0.00000     0.00000     0.00000     0.00000
    -9.05595     0.00000     0.00000     0.00000     0.00000
    -9.05377     0.00000     0.00000     0.00000     0.00000
    -9.05160     0.00000     0.00000     0.00000     0.00000
    -9.04942     0.00000     0.00000     0.00000     0.00000
    -9.04724     0.00000     0.00000     0.00000     0.00000
    -9.04506     0.00000     0.00000     0.00000     0.00000
    -9.04289     0.00000     0.00000     0.00000     0.00000
    -9.04071     0.00000     0.00000     0.00000     0.00000
    -9.03853     0.00000     0.00000     0.00000     0.00000
    -9.03636     0.00000     0.00000     0.00000     0.00000
    -9.03418     0.00000     0.00000     0.00000     0.00000
    -9.03200     0.00000     0.00000     0.00000     0.00000
    -9.02983     0.00000     0.00000     0.00000     0.00000
    -9.02765     0.00000     0.00000     0.00000     0.00000
    -9.02547     0.00000     0.00000     0.00000     0.00000
    -9.02330     0.00000     0.00000     0.00000     0.00000
    -9.02112     0.00000     0.00000     0.00000     0.00000
    -9.01894     0.00000     0.00000     0.00000     0.00000
    -9.01676     0.00000     0.00000     0.00000     0.00000
    -9.01459     0.00000     0.00000     0.00000     0.00000
    -9.01241     0.00000     0.00000     0.00000     0.00000
    -9.01023     0.00000     0.00000     0.00000     0.00000
    -9.00806     0.00000     0.00000     0.00000     0.00000
    -9.00588     0.00000     0.00000     0.00000     0.00000
    -9.00370     0.00000     0.00000     0.00000     0.00000
    -9.00153     0.00000     0.00000     0.00000     0.00000
    -8.99935     0.00000     0.00000     0.00000     0.00000
    -8.99717     0.00000     0.00000     0.00000     0.00000
    -8.99500     0.00000     0.00000     0.00000     0.00000
    -8.99282     0.00000     0.00000     0.00000     0.00000
    -8.99064     0.00000     0.00000     0.00000     0.00000
    -8.98847     0.00000     0.00000     0.00000     0.00000
    -8.98629     0.00000     0.00000     0.00000     0.00000
    -8.98411     0.00000     0.00000     0.00000     0.00000
    -8.98193     0.00000     0.00000     0.00000     0.00000
    -8.97976     0.00000     0.00000     0.00000     0.00000
    -8.97758     0.00000     0.00000     0.00000     0.00000
    -8.97540     0.00000     0.00000     0.00000     0.00000
    -8.97323     0.00000     0.00000     0.00000     0.00000
    -8.97105     0.00000     0.00000     0.00000     0.00000
    -8.96887     0.00000     0.00000     0.00000     0.00000
    -8.96670     0.00000     0.00000     0.00000     0.00000
    -8.96452     0.00000     0.00000     0.00000     0.00000
    -8.96234     0.00000     0.00000     0.00000     0.00000
    -8.96017     0.00000     0.00000     0.00000     0.00000
    -8.95799     0.00000     0.00000     0.00000     0.00000
    -8.95581     0.00000     0.00000     0.00000     0.00000
    -8.95363     0.00000     0.00000     0.00000     0.00000
    -8.95146     0.00000     0.00000     0.00000     0.00000
    -8.94928     0.00000     0.00000     0.00000     0.00000
    -8.94710     0.00000     0.00000     0.00000     0.00000
    -8.94493     0.00000     0.00000     0.00000     0.00000
    -8.94275     0.00000     0.00000     0.00000     0.00000
    -8.94057     0.00000     0.00000     0.00000     0.00000
    -8.93840     0.00000     0.00000     0.00000     0.00000
    -8.93622     0.00000     0.00000     0.00000     0.00000
    -8.93404     0.00000     0.00000     0.00000     0.00000
    -8.93187     0.00000     0.00000     0.00000     0.00000
    -8.92969     0.00000     0.00000     0.00000     0.00000
    -8.92751     0.00000     0.00000     0.00000     0.00000
    -8.92533     0.00000     0.00000     0.00000     0.00000
    -8.92316     0.00000     0.00000     0.00000     0.00000
    -8.92098     0.00000     0.00000     0.00000     0.00000
    -8.91880     0.00000     0.00000     0.00000     0.00000
    -8.91663     0.00000     0.00000     0.00000     0.00000
    -8.91445     0.00000     0.00000     0.00000     0.00000
    -8.91227     0.00000     0.00000     0.00000     0.00000
    -8.91010     0.00000     0.00000     0.00000     0.00000
    -8.90792     0.00000     0.00000     0.00000     0.00000
    -8.90574     0.00000     0.00000     0.00000     0.00000
    -8.90357     0.00000     0.00000     0.00000     0.00000
    -8.90139     0.00000     0.00000     0.00000     0.00000
    -8.89921     0.00000     0.00000     0.00000     0.00000
    -8.89703     0.00000     0.00000     0.00000     0.00000
    -8.89486     0.00000     0.00000     0.00000     0.00000
    -8.89268     0.00000     0.00000     0.00000     0.00000
    -8.89050     0.00000     0.00000     0.00000     0.00000
    -8.88833     0.00000     0.00000     0.00000     0.00000
    -8.88615     0.00000     0.00000     0.00000     0.00000
    -8.88397     0.00000     0.00000     0.00000     0.00000
    -8.88180     0.00000     0.00000     0.00000     0.00000
    -8.87962     0.00000     0.00000     0.00000     0.00000
    -8.87744     0.00000     0.00000     0.00000     0.00000
    -8.87527     0.00000     0.00000     0.00000     0.00000
    -8.87309     0.00000     0.00000     0.00000     0.00000
    -8.87091     0.00000     0.00000     0.00000     0.00000
    -8.86873     0.00000     0.00000     0.00000     0.00000
    -8.86656     0.00000     0.00000     0.00000     0.00000
    -8.86438     0.00000     0.00000     0.00000     0.00000
    -8.86220     0.00000     0.00000     0.00000     0.00000
    -8.86003     0.00000     0.00000     0.00000     0.00000
    -8.85785     0.00000     0.00000     0.00000     0.00000
    -8.85567     0.00000     0.00000     0.00000     0.00000
    -8.85350     0.00000     0.00000     0.00000     0.00000
    -8.85132     0.00000     0.00000     0.00000     0.00000
    -8.84914     0.00000     0.00000     0.00000     0.00000
    -8.84697     0.00000     0.00000     0.00000     0.00000
    -8.84479     0.00000     0.00000     0.00000     0.00000
    -8.84261     0.00000     0.00000     0.00000     0.00000
    -8.84044     0.00000     0.00000     0.00000     0.00000
    -8.83826     0.00000     0.00000     0.00000     0.00000
    -8.83608     0.00000     0.00000     0.00000     0.00000
    -8.83390     0.00000     0.00000     0.00000     0.00000
    -8.83173     0.00000     0.00000     0.00000     0.00000
    -8.82955     0.00000     0.00000     0.00000     0.00000
    -8.82737     0.00000     0.00000     0.00000     0.00000
    -8.82520     0.00000     0.00000     0.00000     0.00000
    -8.82302     0.00000     0.00000     0.00000     0.00000
    -8.82084     0.00000     0.00000     0.00000     0.00000
    -8.81867     0.00000     0.00000     0.00000     0.00000
    -8.81649     0.00000     0.00000     0.00000     0.00000
    -8.81431     0.00000     0.00000     0.00000     0.00000
    -8.81214     0.00000     0.00000     0.00000     0.00000
    -8.80996     0.00000     0.00000     0.00000     0.00000
    -8.80778     0.00000     0.00000     0.00000     0.00000
    -8.80560     0.00000     0.00000     0.00000     0.00000
    -8.80343     0.00000     0.00000     0.00000     0.00000
    -8.80125     0.00000     0.00000     0.00000     0.00000
    -8.79907     0.00000     0.00000     0.00000     0.00000
    -8.79690     0.00000     0.00000     0.00000     0.00000
    -8.79472     0.00000     0.00000     0.00000     0.00000
    -8.79254     0.00000     0.00000     0.00000     0.00000
    -8.79037     0.00000     0.00000     0.00000     0.00000
    -8.78819     0.00000     0.00000     0.00000     0.00000
    -8.78601     0.00000     0.00000     0.00000     0.00000
    -8.78384     0.00000     0.00000     0.00000     0.00000
    -8.78166     0.00000     0.00000     0.00000     0.00000
    -8.77948     0.00000     0.00000     0.00000     0.00000
    -8.77730     0.00000     0.00000     0.00000     0.00000
    -8.77513     0.00000     0.00000     0.00000     0.00000
    -8.77295     0.00000     0.00000     0.00000     0.00000
    -8.77077     0.00000     0.00000     0.00000     0.00000
    -8.76860     0.00000     0.00000     0.00000     0.00000
    -8.76642     0.00000     0.00000     0.00000     0.00000
    -8.76424     0.00000     0.00000     0.00000     0.00000
    -8.76207     0.00000     0.00000     0.00000     0.00000
    -8.75989     0.00000     0.00000     0.00000     0.00000
    -8.75771     0.00000     0.00000     0.00000     0.00000
    -8.75554     0.00000     0.00000     0.00000     0.00000
    -8.75336     0.00000     0.00000     0.00000     0.00000
    -8.75118     0.00000     0.00000     0.00000     0.00000
    -8.74900     0.00000     0.00000     0.00000     0.00000
    -8.74683     0.00000     0.00000     0.00000     0.00000
    -8.74465     0.00000     0.00000     0.00000     0.00000
    -8.74247     0.00000     0.00000     0.00000     0.00000
    -8.74030     0.00000     0.00000     0.00000     0.00000
    -8.73812     0.00000     0.00000     0.00000     0.00000
    -8.73594     0.00000     0.00000     0.00000     0.00000
    -8.73377     0.00000     0.00000     0.00000     0.00000
    -8.73159     0.00000     0.00000     0.00000     0.00000
    -8.72941     0.00000     0.00000     0.00000     0.00000
    -8.72724     0.00000     0.00000     0.00000     0.00000
    -8.72506     0.00000     0.00000     0.00000     0.00000
    -8.72288     0.00000     0.00000     0.00000     0.00000
    -8.72070     0.00000     0.00000     0.00000     0.00000
    -8.71853     0.00000     0.00000     0.00000     0.00000
    -8.71635     0.00000     0.00000     0.00000     0.00000
    -8.71417     0.00000     0.00000     0.00000     0.00000
    -8.71200     0.00000     0.00000     0.00000     0.00000
    -8.70982     0.00000     0.00000     0.00000     0.00000
    -8.70764     0.00000     0.00000     0.00000     0.00000
    -8.70547     0.00000     0.00000     0.00000     0.00000
    -8.70329     0.00000     0.00000     0.00000     0.00000
    -8.70111     0.00000     0.00000     0.00000     0.00000
    -8.69894     0.00000     0.00000     0.00000     0.00000
    -8.69676     0.00000     0.00000     0.00000     0.00000
    -8.69458     0.00000     0.00000     0.00000     0.00000
    -8.69241     0.00000     0.00000     0.00000     0.00000
    -8.69023     0.00000     0.00000     0.00000     0.00000
    -8.68805     0.00000     0.00000     0.00000     0.00000
    -8.68587     0.00000     0.00000     0.00000     0.00000
    -8.68370     0.00000     0.00000     0.00000     0.00000
    -8.68152     0.00000     0.00000     0.00000     0.00000
    -8.67934     0.00000     0.00000     0.00000     0.00000
    -8.67717     0.00000     0.00000     0.00000     0.00000
    -8.67499     0.00000     0.00000     0.00000     0.00000
    -8.67281     0.00000     0.00000     0.00000     0.00000
    -8.67064     0.00000     0.00000     0.00000     0.00000
    -8.66846     0.00000     0.00000     0.00000     0.00000
    -8.66628     0.00000     0.00000     0.00000     0.00000
    -8.66411     0.00000     0.00000     0.00000     0.00000
    -8.66193     0.00000     0.00000     0.00000     0.00000
    -8.65975     0.00000     0.00000     0.00000     0.00000
    -8.65757     0.00000     0.00000     0.00000     0.00000
    -8.65540     0.00000     0.00000     0.00000     0.00000
    -8.65322     0.00000     0.00000     0.00000     0.00000
    -8.65104     0.00000     0.00000     0.00000     0.00000
    -8.64887     0.00000     0.00000     0.00000     0.00000
    -8.64669     0.00000     0.00000     0.00000     0.00000
    -8.64451     0.00000     0.00000     0.00000     0.00000
    -8.64234     0.00000     0.00000     0.00000     0.00000
    -8.64016     0.00000     0.00000     0.00000     0.00000
    -8.63798     0.00000     0.00000     0.00000     0.00000
    -8.63581     0.00000     0.00000     0.00000     0.00000
    -8.63363     0.00000     0.00000     0.00000     0.00000
    -8.63145     0.00000     0.00000     0.00000     0.00000
    -8.62927     0.00000     0.00000     0.00000     0.00000
    -8.62710     0.00000     0.00000     0.00000     0.00000
    -8.62492     0.00000     0.00000     0.00000     0.00000
    -8.62274     0.00000     0.00000     0.00000     0.00000
    -8.62057     0.00000     0.00000     0.00000     0.00000
    -8.61839     0.00000     0.00000     0.00000     0.00000
    -8.61621     0.00000     0.00000     0.00000     0.00000
    -8.61404     0.00000     0.00000     0.00000     0.00000
    -8.61186     0.00000     0.00000     0.00000     0.00000
    -8.60968     0.00000     0.00000     0.00000     0.00000
    -8.60751     0.00000     0.00000     0.00000     0.00000
    -8.60533     0.00000     0.00000     0.00000     0.00000
    -8.60315     0.00000     0.00000     0.00000     0.00000
    -8.60097     0.00000     0.00000     0.00000     0.00000
    -8.59880     0.00000     0.00000     0.00000     0.00000
    -8.59662     0.00000     0.00000     0.00000     0.00000
    -8.59444     0.00000     0.00000     0.00000     0.00000
    -8.59227     0.00000     0.00000     0.00000     0.00000
    -8.59009     0.00000     0.00000     0.00000     0.00000
    -8.58791     0.00000     0.00000     0.00000     0.00000
    -8.58574     0.00000     0.00000     0.00000     0.00000
    -8.58356     0.00000     0.00000     0.00000     0.00000
    -8.58138     0.00000     0.00000     0.00000     0.00000
    -8.57921     0.00000     0.00000     0.00000     0.00000
    -8.57703     0.00000     0.00000     0.00000     0.00000
    -8.57485     0.00000     0.00000     0.00000     0.00000
    -8.57268     0.00000     0.00000     0.00000     0.00000
    -8.57050     0.00000     0.00000     0.00000     0.00000
    -8.56832     0.00000     0.00000     0.00000     0.00000
    -8.56614     0.00000     0.00000     0.00000     0.00000
    -8.56397     0.00000     0.00000     0.00000     0.00000
    -8.56179     0.00000     0.00000     0.00000     0.00000
    -8.55961     0.00000     0.00000     0.00000     0.00000
    -8.55744     0.00000     0.00000     0.00000     0.00000
    -8.55526     0.00000     0.00000     0.00000     0.00000
    -8.55308     0.00000     0.00000     0.00000     0.00000
    -8.55091     0.00000     0.00000     0.00000     0.00000
    -8.54873     0.00000     0.00000     0.00000     0.00000
    -8.54655     0.00000     0.00000     0.00000     0.00000
    -8.54438     0.00000     0.00000     0.00000     0.00000
    -8.54220     0.00000     0.00000     0.00000     0.00000
    -8.54002     0.00000     0.00000     0.00000     0.00000
    -8.53784     0.00000     0.00000     0.00000     0.00000
    -8.53567     0.00000     0.00000     0.00000     0.00000
    -8.53349     0.00000     0.00000     0.00000     0.00000
    -8.53131     0.00000     0.00000     0.00000     0.00000
    -8.52914     0.00000     0.00000     0.00000     0.00000
    -8.52696     0.00000     0.00000     0.00000     0.00000
    -8.52478     0.00000     0.00000     0.00000     0.00000
    -8.52261     0.00000     0.00000     0.00000     0.00000
    -8.52043     0.00000     0.00000     0.00000     0.00000
    -8.51825     0.00000     0.00000     0.00000     0.00000
    -8.51608     0.00000     0.00000     0.00000     0.00000
    -8.51390     0.00000     0.00000     0.00000     0.00000
    -8.51172     0.00000     0.00000     0.00000     0.00000
    -8.50954     0.00000     0.00000     0.00000     0.00000
    -8.50737     0.00000     0.00000     0.00000     0.00000
    -8.50519     0.00000     0.00000     0.00000     0.00000
    -8.50301     0.00000     0.00000     0.00000     0.00000
    -8.50084     0.00000     0.00000     0.00000     0.00000
    -8.49866     0.00000     0.00000     0.00000     0.00000
    -8.49648     0.00000     0.00000     0.00000     0.00000
    -8.49431     0.00000     0.00000     0.00000     0.00000
    -8.49213     0.00000     0.00000     0.00000     0.00000
    -8.48995     0.00000     0.00000     0.00000     0.00000
    -8.48778     0.00000     0.00000     0.00000     0.00000
    -8.48560     0.00000     0.00000     0.00000     0.00000
    -8.48342     0.00000     0.00000     0.00000     0.00000
    -8.48124     0.00000     0.00000     0.00000     0.00000
    -8.47907     0.00000     0.00000     0.00000     0.00000
    -8.47689     0.00000     0.00000     0.00000     0.00000
    -8.47471     0.00000     0.00000     0.00000     0.00000
    -8.47254     0.00000     0.00000     0.00000     0.00000
    -8.47036     0.00000     0.00000     0.00000     0.00000
    -8.46818     0.00000     0.00000     0.00000     0.00000
    -8.46601     0.00000     0.00000     0.00000     0.00000
    -8.46383     0.00000     0.00000     0.00000     0.00000
    -8.46165     0.00000     0.00000     0.00000     0.00000
    -8.45948     0.00000     0.00000     0.00000     0.00000
    -8.45730     0.00000     0.00000     0.00000     0.00000
    -8.45512     0.00000     0.00000     0.00000     0.00000
    -8.45294     0.00000     0.00000     0.00000     0.00000
    -8.45077     0.00000     0.00000     0.00000     0.00000
    -8.44859     0.00000     0.00000     0.00000     0.00000
    -8.44641     0.00000     0.00000     0.00000     0.00000
    -8.44424     0.00000     0.00000     0.00000     0.00000
    -8.44206     0.00000     0.00000     0.00000     0.00000
    -8.43988     0.00000     0.00000     0.00000     0.00000
    -8.43771     0.00000     0.00000     0.00000     0.00000
    -8.43553     0.00000     0.00000     0.00000     0.00000
    -8.43335     0.00000     0.00000     0.00000     0.00000
    -8.43118     0.00000     0.00000     0.00000     0.00000
    -8.42900     0.00000     0.00000     0.00000     0.00000
    -8.42682     0.00000     0.00000     0.00000     0.00000
    -8.42465     0.00000     0.00000     0.00000     0.00000
    -8.42247     0.00000     0.00000     0.00000     0.00000
    -8.42029     0.00000     0.00000     0.00000     0.00000
    -8.41811     0.00000     0.00000     0.00000     0.00000
    -8.41594     0.00000     0.00000     0.00000     0.00000
    -8.41376     0.00000     0.00000     0.00000     0.00000
    -8.41158     0.00000     0.00000     0.00000     0.00000
    -8.40941     0.00000     0.00000     0.00000     0.00000
    -8.40723     0.00000     0.00000     0.00000     0.00000
    -8.40505     0.00000     0.00000     0.00000     0.00000
    -8.40288     0.00000     0.00000     0.00000     0.00000
    -8.40070     0.00000     0.00000     0.00000     0.00000
    -8.39852     0.00000     0.00000     0.00000     0.00000
    -8.39635     0.00000     0.00000     0.00000     0.00000
    -8.39417     0.00000     0.00000     0.00000     0.00000
    -8.39199     0.00000     0.00000     0.00000     0.00000
    -8.38981     0.00000     0.00000     0.00000     0.00000
    -8.38764     0.00000     0.00000     0.00000     0.00000
    -8.38546     0.00000     0.00000     0.00000     0.00000
    -8.38328     0.00000     0.00000     0.00000     0.00000
    -8.38111     0.00000     0.00000     0.00000     0.00000
    -8.37893     0.00000     0.00000     0.00000     0.00000
    -8.37675     0.00000     0.00000     0.00000     0.00000
    -8.37458     0.00000     0.00000     0.00000     0.00000
    -8.37240     0.00000     0.00000     0.00000     0.00000
    -8.37022     0.00000     0.00000     0.00000     0.00000
    -8.36805     0.00000     0.00000     0.00000     0.00000
    -8.36587     0.00000     0.00000     0.00000     0.00000
    -8.36369     0.00000     0.00000     0.00000     0.00000
    -8.36151     0.00000     0.00000     0.00000     0.00000
    -8.35934     0.00000     0.00000     0.00000     0.00000
    -8.35716     0.00000     0.00000     0.00000     0.00000
    -8.35498     0.00000     0.00000     0.00000     0.00000
    -8.35281     0.00000     0.00000     0.00000     0.00000
    -8.35063     0.00000     0.00000     0.00000     0.00000
    -8.34845     0.00000     0.00000     0.00000     0.00000
    -8.34628     0.00000     0.00000     0.00000     0.00000
    -8.34410     0.00000     0.00000     0.00000     0.00000
    -8.34192     0.00000     0.00000     0.00000     0.00000
    -8.33975     0.00000     0.00000     0.00000     0.00000
    -8.33757     0.00000     0.00000     0.00000     0.00000
    -8.33539     0.00000     0.00000     0.00000     0.00000
    -8.33321     0.00000     0.00000     0.00000     0.00000
    -8.33104     0.00000     0.00000     0.00000     0.00000
    -8.32886     0.00000     0.00000     0.00000     0.00000
    -8.32668     0.00000     0.00000     0.00000     0.00000
    -8.32451     0.00000     0.00000     0.00000     0.00000
    -8.32233     0.00000     0.00000     0.00000     0.00000
    -8.32015     0.00000     0.00000     0.00000     0.00000
    -8.31798     0.00000     0.00000     0.00000     0.00000
    -8.31580     0.00000     0.00000     0.00000     0.00000
    -8.31362     0.00000     0.00000     0.00000     0.00000
    -8.31145     0.00000     0.00000     0.00000     0.00000
    -8.30927     0.00000     0.00000     0.00000     0.00000
    -8.30709     0.00000     0.00000     0.00000     0.00000
    -8.30492     0.00000     0.00000     0.00000     0.00000
    -8.30274     0.00000     0.00000     0.00000     0.00000
    -8.30056     0.00000     0.00000     0.00000     0.00000
    -8.29838     0.00000     0.00000     0.00000     0.00000
    -8.29621     0.00000     0.00000     0.00000     0.00000
    -8.29403     0.00000     0.00000     0.00000     0.00000
    -8.29185     0.00000     0.00000     0.00000     0.00000
    -8.28968     0.00000     0.00000     0.00000     0.00000
    -8.28750     0.00000     0.00000     0.00000     0.00000
    -8.28532     0.00000     0.00000     0.00000     0.00000
    -8.28315     0.00000     0.00000     0.00000     0.00000
    -8.28097     0.00000     0.00000     0.00000     0.00000
    -8.27879     0.00000     0.00000     0.00000     0.00000
    -8.27662     0.00000     0.00000     0.00000     0.00000
    -8.27444     0.00000     0.00000     0.00000     0.00000
    -8.27226     0.00000     0.00000     0.00000     0.00000
    -8.27008     0.00000     0.00000     0.00000     0.00000
    -8.26791     0.00000     0.00000     0.00000     0.00000
    -8.26573     0.00000     0.00000     0.00000     0.00000
    -8.26355     0.00000     0.00000     0.00000     0.00000
    -8.26138     0.00000     0.00000     0.00000     0.00000
    -8.25920     0.00000     0.00000     0.00000     0.00000
    -8.25702     0.00000     0.00000     0.00000     0.00000
    -8.25485     0.00000     0.00000     0.00000     0.00000
    -8.25267     0.00000     0.00000     0.00000     0.00000
    -8.25049     0.00000     0.00000     0.00000     0.00000
    -8.24832     0.00000     0.00000     0.00000     0.00000
    -8.24614     0.00000     0.00000     0.00000     0.00000
    -8.24396     0.00000     0.00000     0.00000     0.00000
    -8.24178     0.00000     0.00000     0.00000     0.00000
    -8.23961     0.00000     0.00000     0.00000     0.00000
    -8.23743     0.00000     0.00000     0.00000     0.00000
    -8.23525     0.00000     0.00000     0.00000     0.00000
    -8.23308     0.00000     0.00000     0.00000     0.00000
    -8.23090     0.00000     0.00000     0.00000     0.00000
    -8.22872     0.00000     0.00000     0.00000     0.00000
    -8.22655     0.00000     0.00000     0.00000     0.00000
    -8.22437     0.00000     0.00000     0.00000     0.00000
    -8.22219     0.00000     0.00000     0.00000     0.00000
    -8.22002     0.00000     0.00000     0.00000     0.00000
    -8.21784     0.00000     0.00000     0.00000     0.00000
    -8.21566     0.00000     0.00000     0.00000     0.00000
    -8.21348     0.00000     0.00000     0.00000     0.00000
    -8.21131     0.00000     0.00000     0.00000     0.00000
    -8.20913     0.00000     0.00000     0.00000     0.00000
    -8.20695     0.00000     0.00000     0.00000     0.00000
    -8.20478     0.00000     0.00000     0.00000     0.00000
    -8.20260     0.00000     0.00000     0.00000     0.00000
    -8.20042     0.00000     0.00000     0.00000     0.00000
    -8.19825     0.00000     0.00000     0.00000     0.00000
    -8.19607     0.00000     0.00000     0.00000     0.00000
    -8.19389     0.00000     0.00000     0.00000     0.00000
    -8.19172     0.00000     0.00000     0.00000     0.00000
    -8.18954     0.00000     0.00000     0.00000     0.00000
    -8.18736     0.00000     0.00000     0.00000     0.00000
    -8.18518     0.00000     0.00000     0.00000     0.00000
    -8.18301     0.00000     0.00000     0.00000     0.00000
    -8.18083     0.00000     0.00000     0.00000     0.00000
    -8.17865     0.00000     0.00000     0.00000     0.00000
    -8.17648     0.00000     0.00000     0.00000     0.00000
    -8.17430     0.00000     0.00000     0.00000     0.00000
    -8.17212     0.00000     0.00000     0.00000     0.00000
    -8.16995     0.00000     0.00000     0.00000     0.00000
    -8.16777     0.00000     0.00000     0.00000     0.00000
    -8.16559     0.00000     0.00000     0.00000     0.00000
    -8.16342     0.00000     0.00000     0.00000     0.00000
    -8.16124     0.00000     0.00000     0.00000     0.00000
    -8.15906     0.00000     0.00000     0.00000     0.00000
    -8.15689     0.00000     0.00000     0.00000     0.00000
    -8.15471     0.00000     0.00000     0.00000     0.00000
    -8.15253     0.00000     0.00000     0.00000     0.00000
    -8.15035     0.00000     0.00000     0.00000     0.00000
    -8.14818     0.00000     0.00000     0.00000     0.00000
    -8.14600     0.00000     0.00000     0.00000     0.00000
    -8.14382     0.00000     0.00000     0.00000     0.00000
    -8.14165     0.00000     0.00000     0.00000     0.00000
    -8.13947     0.00000     0.00000     0.00000     0.00000
    -8.13729     0.00000     0.00000     0.00000     0.00000
    -8.13512     0.00000     0.00000     0.00000     0.00000
    -8.13294     0.00000     0.00000     0.00000     0.00000
    -8.13076     0.00000     0.00000     0.00000     0.00000
    -8.12859     0.00000     0.00000     0.00000     0.00000
    -8.12641     0.00000     0.00000     0.00000     0.00000
    -8.12423     0.00000     0.00000     0.00000     0.00000
    -8.12205     0.00000     0.00000     0.00000     0.00000
    -8.11988     0.00000     0.00000     0.00000     0.00000
    -8.11770     0.00000     0.00000     0.00000     0.00000
    -8.11552     0.00000     0.00000     0.00000     0.00000
    -8.11335     0.00000     0.00000     0.00000     0.00000
    -8.11117     0.00000     0.00000     0.00000     0.00000
    -8.10899     0.00000     0.00000     0.00000     0.00000
    -8.10682     0.00000     0.00000     0.00000     0.00000
    -8.10464     0.00000     0.00000     0.00000     0.00000
    -8.10246     0.00000     0.00000     0.00000     0.00000
    -8.10029     0.00000     0.00000     0.00000     0.00000
    -8.09811     0.00000     0.00000     0.00000     0.00000
    -8.09593     0.00000     0.00000     0.00000     0.00000
    -8.09375     0.00000     0.00000     0.00000     0.00000
    -8.09158     0.00000     0.00000     0.00000     0.00000
    -8.08940     0.00000     0.00000     0.00000     0.00000
    -8.08722     0.00000     0.00000     0.00000     0.00000
    -8.08505     0.00000     0.00000     0.00000     0.00000
    -8.08287     0.00000     0.00000     0.00000     0.00000
    -8.08069     0.00000     0.00000     0.00000     0.00000
    -8.07852     0.00000     0.00000     0.00000     0.00000
    -8.07634     0.00000     0.00000     0.00000     0.00000
    -8.07416     0.00000     0.00000     0.00000     0.00000
    -8.07199     0.00000     0.00000     0.00000     0.00000
    -8.06981     0.00000     0.00000     0.00000     0.00000
    -8.06763     0.00000     0.00000     0.00000     0.00000
    -8.06545     0.00000     0.00000     0.00000     0.00000
    -8.06328     0.00000     0.00000     0.00000     0.00000
    -8.06110     0.00000     0.00000     0.00000     0.00000
    -8.05892     0.00000     0.00000     0.00000     0.00000
    -8.05675     0.00000     0.00000     0.00000     0.00000
    -8.05457     0.00000     0.00000     0.00000     0.00000
    -8.05239     0.00000     0.00000     0.00000     0.00000
    -8.05022     0.00000     0.00000     0.00000     0.00000
    -8.04804     0.00000     0.00000     0.00000     0.00000
    -8.04586     0.00000     0.00000     0.00000     0.00000
    -8.04369     0.00000     0.00000     0.00000     0.00000
    -8.04151     0.00000     0.00000     0.00000     0.00000
    -8.03933     0.00000     0.00000     0.00000     0.00000
    -8.03715     0.00000     0.00000     0.00000     0.00000
    -8.03498     0.00000     0.00000     0.00000     0.00000
    -8.03280     0.00000     0.00000     0.00000     0.00000
    -8.03062     0.00000     0.00000     0.00000     0.00000
    -8.02845     0.00000     0.00000     0.00000     0.00000
    -8.02627     0.00000     0.00000     0.00000     0.00000
    -8.02409     0.00000     0.00000     0.00000     0.00000
    -8.02192     0.00000     0.00000     0.00000     0.00000
    -8.01974     0.00000     0.00000     0.00000     0.00000
    -8.01756     0.00000     0.00000     0.00000     0.00000
    -8.01539     0.00000     0.00000     0.00000     0.00000
    -8.01321     0.00000     0.00000     0.00000     0.00000
    -8.01103     0.00000     0.00000     0.00000     0.00000
    -8.00886     0.00000     0.00000     0.00000     0.00000
    -8.00668     0.00000     0.00000     0.00000     0.00000
    -8.00450     0.00000     0.00000     0.00000     0.00000
    -8.00232     0.00000     0.00000     0.00000     0.00000
    -8.00015     0.00000     0.00000     0.00000     0.00000
    -7.99797     0.00000     0.00000     0.00000     0.00000
    -7.99579     0.00000     0.00000     0.00000     0.00000
    -7.99362     0.00000     0.00000     0.00000     0.00000
    -7.99144     0.00000     0.00000     0.00000     0.00000
    -7.98926     0.00000     0.00000     0.00000     0.00000
    -7.98709     0.00000     0.00000     0.00000     0.00000
    -7.98491     0.00000     0.00000     0.00000     0.00000
    -7.98273     0.00000     0.00000     0.00000     0.00000
    -7.98056     0.00000     0.00000     0.00000     0.00000
    -7.97838     0.00000     0.00000     0.00000     0.00000
    -7.97620     0.00000     0.00000     0.00000     0.00000
    -7.97402     0.00000     0.00000     0.00000     0.00000
    -7.97185     0.00000     0.00000     0.00000     0.00000
    -7.96967     0.00000     0.00000     0.00000     0.00000
    -7.96749     0.00000     0.00000     0.00000     0.00000
    -7.96532     0.00000     0.00000     0.00000     0.00000
    -7.96314     0.00000     0.00000     0.00000     0.00000
    -7.96096     0.00000     0.00000     0.00000     0.00000
    -7.95879     0.00000     0.00000     0.00000     0.00000
    -7.95661     0.00000     0.00000     0.00000     0.00000
    -7.95443     0.00000     0.00000     0.00000     0.00000
    -7.95226     0.00000     0.00000     0.00000     0.00000
    -7.95008     0.00000     0.00000     0.00000     0.00000
    -7.94790     0.00000     0.00000     0.00000     0.00000
    -7.94572     0.00000     0.00000     0.00000     0.00000
    -7.94355     0.00000     0.00000     0.00000     0.00000
    -7.94137     0.00000     0.00000     0.00000     0.00000
    -7.93919     0.00000     0.00000     0.00000     0.00000
    -7.93702     0.00000     0.00000     0.00000     0.00000
    -7.93484     0.00000     0.00000     0.00000     0.00000
    -7.93266     0.00000     0.00000     0.00000     0.00000
    -7.93049     0.00000     0.00000     0.00000     0.00000
    -7.92831     0.00000     0.00000     0.00000     0.00000
    -7.92613     0.00000     0.00000     0.00000     0.00000
    -7.92396     0.00000     0.00000     0.00000     0.00000
    -7.92178     0.00000     0.00000     0.00000     0.00000
    -7.91960     0.00000     0.00000     0.00000     0.00000
    -7.91742     0.00000     0.00000     0.00000     0.00000
    -7.91525     0.00000     0.00000     0.00000     0.00000
    -7.91307     0.00000     0.00000     0.00000     0.00000
    -7.91089     0.00000     0.00000     0.00000     0.00000
    -7.90872     0.00000     0.00000     0.00000     0.00000
    -7.90654     0.00000     0.00000     0.00000     0.00000
    -7.90436     0.00000     0.00000     0.00000     0.00000
    -7.90219     0.00000     0.00000     0.00000     0.00000
    -7.90001     0.00000     0.00000     0.00000     0.00000
    -7.89783     0.00000     0.00000     0.00000     0.00000
    -7.89566     0.00000     0.00000     0.00000     0.00000
    -7.89348     0.00000     0.00000     0.00000     0.00000
    -7.89130     0.00000     0.00000     0.00000     0.00000
    -7.88913     0.00000     0.00000     0.00000     0.00000
    -7.88695     0.00000     0.00000     0.00000     0.00000
    -7.88477     0.00000     0.00000     0.00000     0.00000
    -7.88259     0.00000     0.00000     0.00000     0.00000
    -7.88042     0.00000     0.00000     0.00000     0.00000
    -7.87824     0.00000     0.00000     0.00000     0.00000
    -7.87606     0.00000     0.00000     0.00000     0.00000
    -7.87389     0.00000     0.00000     0.00000     0.00000
    -7.87171     0.00000     0.00000     0.00000     0.00000
    -7.86953     0.00000     0.00000     0.00000     0.00000
    -7.86736     0.00000     0.00000     0.00000     0.00000
    -7.86518     0.00000     0.00000     0.00000     0.00000
    -7.86300     0.00000     0.00000     0.00000     0.00000
    -7.86083     0.00000     0.00000     0.00000     0.00000
    -7.85865     0.00000     0.00000     0.00000     0.00000
    -7.85647     0.00000     0.00000     0.00000     0.00000
    -7.85429     0.00000     0.00000     0.00000     0.00000
    -7.85212     0.00000     0.00000     0.00000     0.00000
    -7.84994     0.00000     0.00000     0.00000     0.00000
    -7.84776     0.00000     0.00000     0.00000     0.00000
    -7.84559     0.00000     0.00000     0.00000     0.00000
    -7.84341     0.00000     0.00000     0.00000     0.00000
    -7.84123     0.00000     0.00000     0.00000     0.00000
    -7.83906     0.00000     0.00000     0.00000     0.00000
    -7.83688     0.00000     0.00000     0.00000     0.00000
    -7.83470     0.00000     0.00000     0.00000     0.00000
    -7.83253     0.00000     0.00000     0.00000     0.00000
    -7.83035     0.00000     0.00000     0.00000     0.00000
    -7.82817     0.00000     0.00000     0.00000     0.00000
    -7.82599     0.00000     0.00000     0.00000     0.00000
    -7.82382     0.00000     0.00000     0.00000     0.00000
    -7.82164     0.00000     0.00000     0.00000     0.00000
    -7.81946     0.00000     0.00000     0.00000     0.00000
    -7.81729     0.00000     0.00000     0.00000     0.00000
    -7.81511     0.00000     0.00000     0.00000     0.00000
    -7.81293     0.00000     0.00000     0.00000     0.00000
    -7.81076     0.00000     0.00000     0.00000     0.00000
    -7.80858     0.00000     0.00000     0.00000     0.00000
    -7.80640     0.00000     0.00000     0.00000     0.00000
    -7.80423     0.00000     0.00000     0.00000     0.00000
    -7.80205     0.00000     0.00000     0.00000     0.00000
    -7.79987     0.00000     0.00000     0.00000     0.00000
    -7.79769     0.00000     0.00000     0.00000     0.00000
    -7.79552     0.00000     0.00000     0.00000     0.00000
    -7.79334     0.00000     0.00000     0.00000     0.00000
    -7.79116     0.00000     0.00000     0.00000     0.00000
    -7.78899     0.00000     0.00000     0.00000     0.00000
    -7.78681     0.00000     0.00000     0.00000     0.00000
    -7.78463     0.00000     0.00000     0.00000     0.00000
    -7.78246     0.00000     0.00000     0.00000     0.00000
    -7.78028     0.00000     0.00000     0.00000     0.00000
    -7.77810     0.00000     0.00000     0.00000     0.00000
    -7.77593     0.00000     0.00000     0.00000     0.00000
    -7.77375     0.00000     0.00000     0.00000     0.00000
    -7.77157     0.00000     0.00000     0.00000     0.00000
    -7.76939     0.00000     0.00000     0.00000     0.00000
    -7.76722     0.00000     0.00000     0.00000     0.00000
    -7.76504     0.00000     0.00000     0.00000     0.00000
    -7.76286     0.00000     0.00000     0.00000     0.00000
    -7.76069     0.00000     0.00000     0.00000     0.00000
    -7.75851     0.00000     0.00000     0.00000     0.00000
    -7.75633     0.00000     0.00000     0.00000     0.00000
    -7.75416     0.00000     0.00000     0.00000     0.00000
    -7.75198     0.00000     0.00000     0.00000     0.00000
    -7.74980     0.00000     0.00000     0.00000     0.00000
    -7.74763     0.00000     0.00000     0.00000     0.00000
    -7.74545     0.00000     0.00000     0.00000     0.00000
    -7.74327     0.00000     0.00000     0.00000     0.00000
    -7.74110     0.00000     0.00000     0.00000     0.00000
    -7.73892     0.00000     0.00000     0.00000     0.00000
    -7.73674     0.00000     0.00000     0.00000     0.00000
    -7.73456     0.00000     0.00000     0.00000     0.00000
    -7.73239     0.00000     0.00000     0.00000     0.00000
    -7.73021     0.00000    -0.00000     0.00000     0.00000
    -7.72803     0.00000    -0.00000     0.00000     0.00000
    -7.72586     0.00000    -0.00000     0.00000     0.00000
    -7.72368     0.00000    -0.00000     0.00000     0.00000
    -7.72150     0.00000    -0.00000     0.00000     0.00000
    -7.71933     0.00000    -0.00000     0.00000     0.00000
    -7.71715     0.00000    -0.00000     0.00000     0.00000
    -7.71497     0.00000    -0.00000     0.00000     0.00000
    -7.71280     0.00000    -0.00000     0.00000     0.00000
    -7.71062     0.00001    -0.00000     0.00001     0.00000
    -7.70844     0.00001    -0.00000     0.00001     0.00000
    -7.70626     0.00002    -0.00000     0.00002     0.00000
    -7.70409     0.00002    -0.00000     0.00002     0.00000
    -7.70191     0.00004    -0.00000     0.00004     0.00000
    -7.69973     0.00005    -0.00000     0.00005     0.00000
    -7.69756     0.00008    -0.00000     0.00008     0.00000
    -7.69538     0.00011    -0.00000     0.00011     0.00000
    -7.69320     0.00017    -0.00000     0.00016     0.00000
    -7.69103     0.00024    -0.00000     0.00024     0.00000
    -7.68885     0.00034    -0.00000     0.00034     0.00000
    -7.68667     0.00049    -0.00000     0.00049     0.00000
    -7.68450     0.00070    -0.00000     0.00069     0.00000
    -7.68232     0.00098    -0.00000     0.00097     0.00001
    -7.68014     0.00137    -0.00000     0.00136     0.00001
    -7.67796     0.00191    -0.00000     0.00190     0.00001
    -7.67579     0.00264    -0.00000     0.00262     0.00002
    -7.67361     0.00363    -0.00000     0.00361     0.00003
    -7.67143     0.00496    -0.00000     0.00492     0.00004
    -7.66926     0.00673    -0.00000     0.00668     0.00005
    -7.66708     0.00907    -0.00000     0.00900     0.00006
    -7.66490     0.01214    -0.00000     0.01205     0.00009
    -7.66273     0.01616    -0.00000     0.01604     0.00012
    -7.66055     0.02136    -0.00000     0.02121     0.00015
    -7.65837     0.02806    -0.00000     0.02786     0.00020
    -7.65620     0.03663    -0.00000     0.03637     0.00026
    -7.65402     0.04751    -0.00000     0.04717     0.00034
    -7.65184     0.06123    -0.00000     0.06079     0.00044
    -7.64966     0.07841    -0.00000     0.07785     0.00056
    -7.64749     0.09977    -0.00000     0.09905     0.00071
    -7.64531     0.12613    -0.00000     0.12523     0.00090
    -7.64313     0.15844    -0.00000     0.15731     0.00113
    -7.64096     0.19776    -0.00000     0.19635     0.00141
    -7.63878     0.24527    -0.00000     0.24352     0.00175
    -7.63660     0.30225    -0.00000     0.30009     0.00216
    -7.63443     0.37008    -0.00000     0.36744     0.00265
    -7.63225     0.45026    -0.00000     0.44704     0.00322
    -7.63007     0.54430    -0.00000     0.54041     0.00389
    -7.62790     0.65379    -0.00000     0.64912     0.00467
    -7.62572     0.78029    -0.00000     0.77471     0.00558
    -7.62354     0.92533    -0.00000     0.91872     0.00662
    -7.62136     1.09033    -0.00000     1.08254     0.00780
    -7.61919     1.27656    -0.00000     1.26743     0.00913
    -7.61701     1.48506    -0.00000     1.47444     0.01062
    -7.61483     1.71658    -0.00000     1.70431     0.01227
    -7.61266     1.97155    -0.00000     1.95746     0.01410
    -7.61048     2.24994    -0.00000     2.23386     0.01609
    -7.60830     2.55127    -0.00000     2.53303     0.01824
    -7.60613     2.87449    -0.00000     2.85394     0.02055
    -7.60395     3.21800    -0.00000     3.19499     0.02301
    -7.60177     3.57957    -0.00000     3.55398     0.02559
    -7.59960     3.95637    -0.00000     3.92809     0.02829
    -7.59742     4.34494    -0.00000     4.31388     0.03106
    -7.59524     4.74123    -0.00000     4.70734     0.03390
    -7.59307     5.14066    -0.00000     5.10391     0.03675
    -7.59089     5.53818    -0.00000     5.49859     0.03959
    -7.58871     5.92838    -0.00000     5.88599     0.04238
    -7.58653     6.30558    -0.00000     6.26050     0.04508
    -7.58436     6.66400    -0.00000     6.61635     0.04764
    -7.58218     6.99786    -0.00000     6.94783     0.05003
    -7.58000     7.30156    -0.00000     7.24936     0.05220
    -7.57783     7.56985    -0.00000     7.51573     0.05412
    -7.57565     7.79792    -0.00000     7.74217     0.05575
    -7.57347     7.98162    -0.00000     7.92456     0.05706
    -7.57130     8.11753    -0.00000     8.05950     0.05804
    -7.56912     8.20309    -0.00000     8.14444     0.05865
    -7.56694     8.23666    -0.00000     8.17777     0.05889
    -7.56477     8.21761    -0.00000     8.15886     0.05875
    -7.56259     8.14630    -0.00000     8.08806     0.05824
    -7.56041     8.02409    -0.00000     7.96673     0.05737
    -7.55823     7.85329    -0.00000     7.79715     0.05615
    -7.55606     7.63710    -0.00000     7.58250     0.05460
    -7.55388     7.37947    -0.00000     7.32671     0.05276
    -7.55170     7.08505    -0.00000     7.03439     0.05065
    -7.54953     6.75897    -0.00000     6.71065     0.04832
    -7.54735     6.40677    -0.00000     6.36097     0.04580
    -7.54517     6.03418    -0.00000     5.99104     0.04314
    -7.54300     5.64700    -0.00000     5.60663     0.04037
    -7.54082     5.25095    -0.00000     5.21341     0.03754
    -7.53864     4.85153    -0.00000     4.81684     0.03469
    -7.53647     4.45389    -0.00000     4.42205     0.03184
    -7.53429     4.06276    -0.00000     4.03371     0.02905
    -7.53211     3.68233    -0.00000     3.65601     0.02633
    -7.52993     3.31624    -0.00000     3.29253     0.02371
    -7.52776     2.96749    -0.00000     2.94627     0.02122
    -7.52558     2.63847    -0.00000     2.61961     0.01886
    -7.52340     2.33097    -0.00000     2.31431     0.01667
    -7.52123     2.04617    -0.00000     2.03154     0.01463
    -7.51905     1.78471    -0.00000     1.77195     0.01276
    -7.51687     1.54672    -0.00000     1.53566     0.01106
    -7.51470     1.33192    -0.00000     1.32240     0.00952
    -7.51252     1.13963    -0.00000     1.13149     0.00815
    -7.51034     0.96889    -0.00000     0.96196     0.00693
    -7.50817     0.81847    -0.00000     0.81261     0.00585
    -7.50599     0.68699    -0.00000     0.68208     0.00491
    -7.50381     0.57295    -0.00000     0.56885     0.00410
    -7.50163     0.47480    -0.00000     0.47140     0.00339
    -7.49946     0.39095    -0.00000     0.38815     0.00280
    -7.49728     0.31985    -0.00000     0.31756     0.00229
    -7.49510     0.26001    -0.00000     0.25816     0.00186
    -7.49293     0.21002    -0.00000     0.20852     0.00150
    -7.49075     0.16856    -0.00000     0.16736     0.00121
    -7.48857     0.13442    -0.00000     0.13346     0.00096
    -7.48640     0.10651    -0.00000     0.10575     0.00076
    -7.48422     0.08386    -0.00000     0.08326     0.00060
    -7.48204     0.06560    -0.00000     0.06514     0.00047
    -7.47987     0.05100    -0.00000     0.05063     0.00036
    -7.47769     0.03939    -0.00000     0.03910     0.00028
    -7.47551     0.03023    -0.00000     0.03001     0.00022
    -7.47334     0.02305    -0.00000     0.02288     0.00016
    -7.47116     0.01746    -0.00000     0.01734     0.00012
    -7.46898     0.01315    -0.00000     0.01305     0.00009
    -7.46680     0.00983    -0.00000     0.00976     0.00007
    -7.46463     0.00731    -0.00000     0.00726     0.00005
    -7.46245     0.00540    -0.00000     0.00536     0.00004
    -7.46027     0.00396    -0.00000     0.00393     0.00003
    -7.45810     0.00289    -0.00000     0.00287     0.00002
    -7.45592     0.00209    -0.00000     0.00208     0.00001
    -7.45374     0.00151    -0.00000     0.00150     0.00001
    -7.45157     0.00108    -0.00000     0.00107     0.00001
    -7.44939     0.00077    -0.00000     0.00076     0.00001
    -7.44721     0.00054    -0.00000     0.00054     0.00000
    -7.44504     0.00038    -0.00000     0.00038     0.00000
    -7.44286     0.00026    -0.00000     0.00026     0.00000
    -7.44068     0.00018    -0.00000     0.00018     0.00000
    -7.43850     0.00013    -0.00000     0.00013     0.00000
    -7.43633     0.00009    -0.00000     0.00009     0.00000
    -7.43415     0.00006    -0.00000     0.00006     0.00000
    -7.43197     0.00004    -0.00000     0.00004     0.00000
    -7.42980     0.00003    -0.00000     0.00003     0.00000
    -7.42762     0.00002    -0.00000     0.00002     0.00000
    -7.42544     0.00001    -0.00000     0.00001     0.00000
    -7.42327     0.00001    -0.00000     0.00001     0.00000
    -7.42109     0.00001    -0.00000     0.00001     0.00000
    -7.41891     0.00000    -0.00000     0.00000     0.00000
    -7.41674     0.00000    -0.00000     0.00000     0.00000
    -7.41456     0.00000    -0.00000     0.00000     0.00000
    -7.41238     0.00000    -0.00000     0.00000     0.00000
    -7.41020     0.00000    -0.00000     0.00000     0.00000
    -7.40803     0.00000    -0.00000     0.00000     0.00000
    -7.40585     0.00000    -0.00000     0.00000     0.00000
    -7.40367     0.00000    -0.00000     0.00000     0.00000
    -7.40150     0.00000     0.00000     0.00000     0.00000
    -7.39932     0.00000     0.00000     0.00000     0.00000
    -7.39714     0.00000     0.00000     0.00000     0.00000
    -7.39497     0.00000     0.00000     0.00000     0.00000
    -7.39279     0.00000     0.00000     0.00000     0.00000
    -7.39061     0.00000     0.00000     0.00000     0.00000
    -7.38844     0.00000     0.00000     0.00000     0.00000
    -7.38626     0.00000     0.00000     0.00000     0.00000
    -7.38408     0.00000     0.00000     0.00000     0.00000
    -7.38190     0.00000     0.00000     0.00000     0.00000
    -7.37973     0.00000     0.00000     0.00000     0.00000
    -7.37755     0.00000     0.00000     0.00000     0.00000
    -7.37537     0.00000     0.00000     0.00000     0.00000
    -7.37320     0.00000     0.00000     0.00000     0.00000
    -7.37102     0.00000     0.00000     0.00000     0.00000
    -7.36884     0.00000     0.00000     0.00000     0.00000
    -7.36667     0.00000     0.00000     0.00000     0.00000
    -7.36449     0.00000     0.00000     0.00000     0.00000
    -7.36231     0.00000     0.00000     0.00000     0.00000
    -7.36014     0.00000     0.00000     0.00000     0.00000
    -7.35796     0.00000     0.00000     0.00000     0.00000
    -7.35578     0.00000     0.00000     0.00000     0.00000
    -7.35360     0.00000     0.00000     0.00000     0.00000
    -7.35143     0.00000     0.00000     0.00000     0.00000
    -7.34925     0.00000     0.00000     0.00000     0.00000
    -7.34707     0.00000     0.00000     0.00000     0.00000
    -7.34490     0.00000     0.00000     0.00000     0.00000
    -7.34272     0.00000     0.00000     0.00000     0.00000
    -7.34054     0.00000     0.00000     0.00000     0.00000
    -7.33837     0.00000     0.00000     0.00000     0.00000
    -7.33619     0.00000     0.00000     0.00000     0.00000
    -7.33401     0.00000     0.00000     0.00000     0.00000
    -7.33184     0.00000     0.00000     0.00000     0.00000
    -7.32966     0.00000     0.00000     0.00000     0.00000
    -7.32748     0.00000     0.00000     0.00000     0.00000
    -7.32531     0.00000     0.00000     0.00000     0.00000
    -7.32313     0.00000     0.00000     0.00000     0.00000
    -7.32095     0.00000     0.00000     0.00000     0.00000
    -7.31877     0.00000     0.00000     0.00000     0.00000
    -7.31660     0.00000     0.00000     0.00000     0.00000
    -7.31442     0.00000     0.00000     0.00000     0.00000
    -7.31224     0.00000     0.00000     0.00000     0.00000
    -7.31007     0.00000     0.00000     0.00000     0.00000
    -7.30789     0.00000     0.00000     0.00000     0.00000
    -7.30571     0.00000     0.00000     0.00000     0.00000
    -7.30354     0.00000     0.00000     0.00000     0.00000
    -7.30136     0.00000     0.00000     0.00000     0.00000
    -7.29918     0.00000     0.00000     0.00000     0.00000
    -7.29701     0.00000     0.00000     0.00000     0.00000
    -7.29483     0.00000     0.00000     0.00000     0.00000
    -7.29265     0.00000     0.00000     0.00000     0.00000
    -7.29047     0.00000     0.00000     0.00000     0.00000
    -7.28830     0.00000     0.00000     0.00000     0.00000
    -7.28612     0.00000     0.00000     0.00000     0.00000
    -7.28394     0.00000     0.00000     0.00000     0.00000
    -7.28177     0.00000     0.00000     0.00000     0.00000
    -7.27959     0.00000     0.00000     0.00000     0.00000
    -7.27741     0.00000     0.00000     0.00000     0.00000
    -7.27524     0.00000     0.00000     0.00000     0.00000
    -7.27306     0.00000     0.00000     0.00000     0.00000
    -7.27088     0.00000     0.00000     0.00000     0.00000
    -7.26871     0.00000     0.00000     0.00000     0.00000
    -7.26653     0.00000     0.00000     0.00000     0.00000
    -7.26435     0.00000     0.00000     0.00000     0.00000
    -7.26217     0.00000     0.00000     0.00000     0.00000
    -7.26000     0.00000     0.00000     0.00000     0.00000
    -7.25782     0.00000     0.00000     0.00000     0.00000
    -7.25564     0.00000     0.00000     0.00000     0.00000
    -7.25347     0.00000     0.00000     0.00000     0.00000
    -7.25129     0.00000     0.00000     0.00000     0.00000
    -7.24911     0.00000     0.00000     0.00000     0.00000
    -7.24694     0.00000     0.00000     0.00000     0.00000
    -7.24476     0.00000     0.00000     0.00000     0.00000
    -7.24258     0.00000     0.00000     0.00000     0.00000
    -7.24041     0.00000     0.00000     0.00000     0.00000
    -7.23823     0.00000     0.00000     0.00000     0.00000
    -7.23605     0.00000     0.00000     0.00000     0.00000
    -7.23387     0.00000     0.00000     0.00000     0.00000
    -7.23170     0.00000     0.00000     0.00000     0.00000
    -7.22952     0.00000     0.00000     0.00000     0.00000
    -7.22734     0.00000     0.00000     0.00000     0.00000
    -7.22517     0.00000     0.00000     0.00000     0.00000
    -7.22299     0.00000     0.00000     0.00000     0.00000
    -7.22081     0.00000     0.00000     0.00000     0.00000
    -7.21864     0.00000     0.00000     0.00000     0.00000
    -7.21646     0.00000     0.00000     0.00000     0.00000
    -7.21428     0.00000     0.00000     0.00000     0.00000
    -7.21211     0.00000     0.00000     0.00000     0.00000
    -7.20993     0.00000     0.00000     0.00000     0.00000
    -7.20775     0.00000     0.00000     0.00000     0.00000
    -7.20558     0.00000     0.00000     0.00000     0.00000
    -7.20340     0.00000     0.00000     0.00000     0.00000
    -7.20122     0.00000     0.00000     0.00000     0.00000
    -7.19904     0.00000     0.00000     0.00000     0.00000
    -7.19687     0.00000     0.00000     0.00000     0.00000
    -7.19469     0.00000     0.00000     0.00000     0.00000
    -7.19251     0.00000     0.00000     0.00000     0.00000
    -7.19034     0.00000     0.00000     0.00000     0.00000
    -7.18816     0.00000     0.00000     0.00000     0.00000
    -7.18598     0.00000     0.00000     0.00000     0.00000
    -7.18381     0.00000     0.00000     0.00000     0.00000
    -7.18163     0.00000     0.00000     0.00000     0.00000
    -7.17945     0.00000     0.00000     0.00000     0.00000
    -7.17728     0.00000     0.00000     0.00000     0.00000
    -7.17510     0.00000     0.00000     0.00000     0.00000
    -7.17292     0.00000     0.00000     0.00000     0.00000
    -7.17074     0.00000     0.00000     0.00000     0.00000
    -7.16857     0.00000     0.00000     0.00000     0.00000
    -7.16639     0.00000     0.00000     0.00000     0.00000
    -7.16421     0.00000     0.00000     0.00000     0.00000
    -7.16204     0.00000     0.00000     0.00000     0.00000
    -7.15986     0.00000     0.00000     0.00000     0.00000
    -7.15768     0.00000     0.00000     0.00000     0.00000
    -7.15551     0.00000     0.00000     0.00000     0.00000
    -7.15333     0.00000     0.00000     0.00000     0.00000
    -7.15115     0.00000     0.00000     0.00000     0.00000
    -7.14898     0.00000     0.00000     0.00000     0.00000
    -7.14680     0.00000     0.00000     0.00000     0.00000
    -7.14462     0.00000     0.00000     0.00000     0.00000
    -7.14244     0.00000     0.00000     0.00000     0.00000
    -7.14027     0.00000     0.00000     0.00000     0.00000
    -7.13809     0.00000     0.00000     0.00000     0.00000
    -7.13591     0.00000     0.00000     0.00000     0.00000
    -7.13374     0.00000     0.00000     0.00000     0.00000
    -7.13156     0.00000     0.00000     0.00000     0.00000
    -7.12938     0.00000     0.00000     0.00000     0.00000
    -7.12721     0.00000     0.00000     0.00000     0.00000
    -7.12503     0.00000     0.00000     0.00000     0.00000
    -7.12285     0.00000     0.00000     0.00000     0.00000
    -7.12068     0.00000     0.00000     0.00000     0.00000
    -7.11850     0.00000     0.00000     0.00000     0.00000
    -7.11632     0.00000     0.00000     0.00000     0.00000
    -7.11414     0.00000     0.00000     0.00000     0.00000
    -7.11197     0.00000     0.00000     0.00000     0.00000
    -7.10979     0.00000     0.00000     0.00000     0.00000
    -7.10761     0.00000     0.00000     0.00000     0.00000
    -7.10544     0.00000     0.00000     0.00000     0.00000
    -7.10326     0.00000     0.00000     0.00000     0.00000
    -7.10108     0.00000     0.00000     0.00000     0.00000
    -7.09891     0.00000     0.00000     0.00000     0.00000
    -7.09673     0.00000     0.00000     0.00000     0.00000
    -7.09455     0.00000     0.00000     0.00000     0.00000
    -7.09238     0.00000     0.00000     0.00000     0.00000
    -7.09020     0.00000     0.00000     0.00000     0.00000
    -7.08802     0.00000     0.00000     0.00000     0.00000
    -7.08584     0.00000     0.00000     0.00000     0.00000
    -7.08367     0.00000     0.00000     0.00000     0.00000
    -7.08149     0.00000     0.00000     0.00000     0.00000
    -7.07931     0.00000     0.00000     0.00000     0.00000
    -7.07714     0.00000     0.00000     0.00000     0.00000
    -7.07496     0.00000     0.00000     0.00000     0.00000
    -7.07278     0.00000     0.00000     0.00000     0.00000
    -7.07061     0.00000     0.00000     0.00000     0.00000
    -7.06843     0.00000     0.00000     0.00000     0.00000
    -7.06625     0.00000     0.00000     0.00000     0.00000
    -7.06408     0.00000     0.00000     0.00000     0.00000
    -7.06190     0.00000     0.00000     0.00000     0.00000
    -7.05972     0.00000     0.00000     0.00000     0.00000
    -7.05755     0.00000     0.00000     0.00000     0.00000
    -7.05537     0.00000     0.00000     0.00000     0.00000
    -7.05319     0.00000     0.00000     0.00000     0.00000
    -7.05101     0.00000     0.00000     0.00000     0.00000
    -7.04884     0.00000     0.00000     0.00000     0.00000
    -7.04666     0.00000     0.00000     0.00000     0.00000
    -7.04448     0.00000     0.00000     0.00000     0.00000
    -7.04231     0.00000     0.00000     0.00000     0.00000
    -7.04013     0.00000     0.00000     0.00000     0.00000
    -7.03795     0.00000     0.00000     0.00000     0.00000
    -7.03578     0.00000     0.00000     0.00000     0.00000
    -7.03360     0.00000     0.00000     0.00000     0.00000
    -7.03142     0.00000     0.00000     0.00000     0.00000
    -7.02925     0.00000     0.00000     0.00000     0.00000
    -7.02707     0.00000     0.00000     0.00000     0.00000
    -7.02489     0.00000     0.00000     0.00000     0.00000
    -7.02271     0.00000     0.00000     0.00000     0.00000
    -7.02054     0.00000     0.00000     0.00000     0.00000
    -7.01836     0.00000     0.00000     0.00000     0.00000
    -7.01618     0.00000     0.00000     0.00000     0.00000
    -7.01401     0.00000     0.00000     0.00000     0.00000
    -7.01183     0.00000     0.00000     0.00000     0.00000
    -7.00965     0.00000     0.00000     0.00000     0.00000
    -7.00748     0.00000     0.00000     0.00000     0.00000
    -7.00530     0.00000     0.00000     0.00000     0.00000
    -7.00312     0.00000     0.00000     0.00000     0.00000
    -7.00095     0.00000     0.00000     0.00000     0.00000
    -6.99877     0.00000     0.00000     0.00000     0.00000
    -6.99659     0.00000     0.00000     0.00000     0.00000
    -6.99441     0.00000     0.00000     0.00000     0.00000
    -6.99224     0.00000     0.00000     0.00000     0.00000
    -6.99006     0.00000     0.00000     0.00000     0.00000
    -6.98788     0.00000     0.00000     0.00000     0.00000
    -6.98571     0.00000     0.00000     0.00000     0.00000
    -6.98353     0.00000     0.00000     0.00000     0.00000
    -6.98135     0.00000     0.00000     0.00000     0.00000
    -6.97918     0.00000     0.00000     0.00000     0.00000
    -6.97700     0.00000     0.00000     0.00000     0.00000
    -6.97482     0.00000     0.00000     0.00000     0.00000
    -6.97265     0.00000     0.00000     0.00000     0.00000
    -6.97047     0.00000     0.00000     0.00000     0.00000
    -6.96829     0.00000     0.00000     0.00000     0.00000
    -6.96611     0.00000     0.00000     0.00000     0.00000
    -6.96394     0.00000     0.00000     0.00000     0.00000
    -6.96176     0.00000     0.00000     0.00000     0.00000
    -6.95958     0.00000     0.00000     0.00000     0.00000
    -6.95741     0.00000     0.00000     0.00000     0.00000
    -6.95523     0.00000     0.00000     0.00000     0.00000
    -6.95305     0.00000     0.00000     0.00000     0.00000
    -6.95088     0.00000     0.00000     0.00000     0.00000
    -6.94870     0.00000     0.00000     0.00000     0.00000
    -6.94652     0.00000     0.00000     0.00000     0.00000
    -6.94435     0.00000     0.00000     0.00000     0.00000
    -6.94217     0.00000     0.00000     0.00000     0.00000
    -6.93999     0.00000     0.00000     0.00000     0.00000
    -6.93781     0.00000     0.00000     0.00000     0.00000
    -6.93564     0.00000     0.00000     0.00000     0.00000
    -6.93346     0.00000     0.00000     0.00000     0.00000
    -6.93128     0.00000     0.00000     0.00000     0.00000
    -6.92911     0.00000     0.00000     0.00000     0.00000
    -6.92693     0.00000     0.00000     0.00000     0.00000
    -6.92475     0.00000     0.00000     0.00000     0.00000
    -6.92258     0.00000     0.00000     0.00000     0.00000
    -6.92040     0.00000     0.00000     0.00000     0.00000
    -6.91822     0.00000     0.00000     0.00000     0.00000
    -6.91605     0.00000     0.00000     0.00000     0.00000
    -6.91387     0.00000     0.00000     0.00000     0.00000
    -6.91169     0.00000     0.00000     0.00000     0.00000
    -6.90952     0.00000     0.00000     0.00000     0.00000
    -6.90734     0.00000     0.00000     0.00000     0.00000
    -6.90516     0.00000     0.00000     0.00000     0.00000
    -6.90298     0.00000     0.00000     0.00000     0.00000
    -6.90081     0.00000     0.00000     0.00000     0.00000
    -6.89863     0.00000     0.00000     0.00000     0.00000
    -6.89645     0.00000     0.00000     0.00000     0.00000
    -6.89428     0.00000     0.00000     0.00000     0.00000
    -6.89210     0.00000     0.00000     0.00000     0.00000
    -6.88992     0.00000     0.00000     0.00000     0.00000
    -6.88775     0.00000     0.00000     0.00000     0.00000
    -6.88557     0.00000     0.00000     0.00000     0.00000
    -6.88339     0.00000     0.00000     0.00000     0.00000
    -6.88122     0.00000     0.00000     0.00000     0.00000
    -6.87904     0.00000     0.00000     0.00000     0.00000
    -6.87686     0.00000     0.00000     0.00000     0.00000
    -6.87468     0.00000     0.00000     0.00000     0.00000
    -6.87251     0.00000     0.00000     0.00000     0.00000
    -6.87033     0.00000     0.00000     0.00000     0.00000
    -6.86815     0.00000     0.00000     0.00000     0.00000
    -6.86598     0.00000     0.00000     0.00000     0.00000
    -6.86380     0.00000     0.00000     0.00000     0.00000
    -6.86162     0.00000     0.00000     0.00000     0.00000
    -6.85945     0.00000     0.00000     0.00000     0.00000
    -6.85727     0.00000     0.00000     0.00000     0.00000
    -6.85509     0.00000     0.00000     0.00000     0.00000
    -6.85292     0.00000     0.00000     0.00000     0.00000
    -6.85074     0.00000     0.00000     0.00000     0.00000
    -6.84856     0.00000     0.00000     0.00000     0.00000
    -6.84638     0.00000     0.00000     0.00000     0.00000
    -6.84421     0.00000     0.00000     0.00000     0.00000
    -6.84203     0.00000     0.00000     0.00000     0.00000
    -6.83985     0.00000     0.00000     0.00000     0.00000
    -6.83768     0.00000     0.00000     0.00000     0.00000
    -6.83550     0.00000     0.00000     0.00000     0.00000
    -6.83332     0.00000     0.00000     0.00000     0.00000
    -6.83115     0.00000     0.00000     0.00000     0.00000
    -6.82897     0.00000     0.00000     0.00000     0.00000
    -6.82679     0.00000     0.00000     0.00000     0.00000
    -6.82462     0.00000     0.00000     0.00000     0.00000
    -6.82244     0.00000     0.00000     0.00000     0.00000
    -6.82026     0.00000     0.00000     0.00000     0.00000
    -6.81808     0.00000     0.00000     0.00000     0.00000
    -6.81591     0.00000     0.00000     0.00000     0.00000
    -6.81373     0.00000     0.00000     0.00000     0.00000
    -6.81155     0.00000     0.00000     0.00000     0.00000
    -6.80938     0.00000     0.00000     0.00000     0.00000
    -6.80720     0.00000     0.00000     0.00000     0.00000
    -6.80502     0.00000     0.00000     0.00000     0.00000
    -6.80285     0.00000     0.00000     0.00000     0.00000
    -6.80067     0.00000     0.00000     0.00000     0.00000
    -6.79849     0.00000     0.00000     0.00000     0.00000
    -6.79632     0.00000     0.00000     0.00000     0.00000
    -6.79414     0.00000     0.00000     0.00000     0.00000
    -6.79196     0.00000     0.00000     0.00000     0.00000
    -6.78979     0.00000     0.00000     0.00000     0.00000
    -6.78761     0.00000     0.00000     0.00000     0.00000
    -6.78543     0.00000     0.00000     0.00000     0.00000
    -6.78325     0.00000     0.00000     0.00000     0.00000
    -6.78108     0.00000     0.00000     0.00000     0.00000
    -6.77890     0.00000     0.00000     0.00000     0.00000
    -6.77672     0.00000     0.00000     0.00000     0.00000
    -6.77455     0.00000     0.00000     0.00000     0.00000
    -6.77237     0.00000     0.00000     0.00000     0.00000
    -6.77019     0.00000     0.00000     0.00000     0.00000
    -6.76802     0.00000     0.00000     0.00000     0.00000
    -6.76584     0.00000     0.00000     0.00000     0.00000
    -6.76366     0.00000     0.00000     0.00000     0.00000
    -6.76149     0.00000     0.00000     0.00000     0.00000
    -6.75931     0.00000     0.00000     0.00000     0.00000
    -6.75713     0.00000     0.00000     0.00000     0.00000
    -6.75495     0.00000     0.00000     0.00000     0.00000
    -6.75278     0.00000     0.00000     0.00000     0.00000
    -6.75060     0.00000     0.00000     0.00000     0.00000
    -6.74842     0.00000     0.00000     0.00000     0.00000
    -6.74625     0.00000     0.00000     0.00000     0.00000
    -6.74407     0.00000     0.00000     0.00000     0.00000
    -6.74189     0.00000     0.00000     0.00000     0.00000
    -6.73972     0.00000     0.00000     0.00000     0.00000
    -6.73754     0.00000     0.00000     0.00000     0.00000
    -6.73536     0.00000     0.00000     0.00000     0.00000
    -6.73319     0.00000     0.00000     0.00000     0.00000
    -6.73101     0.00000     0.00000     0.00000     0.00000
    -6.72883     0.00000     0.00000     0.00000     0.00000
    -6.72665     0.00000     0.00000     0.00000     0.00000
    -6.72448     0.00000     0.00000     0.00000     0.00000
    -6.72230     0.00000     0.00000     0.00000     0.00000
    -6.72012     0.00000     0.00000     0.00000     0.00000
    -6.71795     0.00000     0.00000     0.00000     0.00000
    -6.71577     0.00000     0.00000     0.00000     0.00000
    -6.71359     0.00000     0.00000     0.00000     0.00000
    -6.71142     0.00000     0.00000     0.00000     0.00000
    -6.70924     0.00000     0.00000     0.00000     0.00000
    -6.70706     0.00000     0.00000     0.00000     0.00000
    -6.70489     0.00000     0.00000     0.00000     0.00000
    -6.70271     0.00000     0.00000     0.00000     0.00000
    -6.70053     0.00000     0.00000     0.00000     0.00000
    -6.69835     0.00000     0.00000     0.00000     0.00000
    -6.69618     0.00000     0.00000     0.00000     0.00000
    -6.69400     0.00000     0.00000     0.00000     0.00000
    -6.69182     0.00000     0.00000     0.00000     0.00000
    -6.68965     0.00000     0.00000     0.00000     0.00000
    -6.68747     0.00000     0.00000     0.00000     0.00000
    -6.68529     0.00000     0.00000     0.00000     0.00000
    -6.68312     0.00000     0.00000     0.00000     0.00000
    -6.68094     0.00000     0.00000     0.00000     0.00000
    -6.67876     0.00000     0.00000     0.00000     0.00000
    -6.67659     0.00000     0.00000     0.00000     0.00000
    -6.67441     0.00000     0.00000     0.00000     0.00000
    -6.67223     0.00000     0.00000     0.00000     0.00000
    -6.67005     0.00000     0.00000     0.00000     0.00000
    -6.66788     0.00000     0.00000     0.00000     0.00000
    -6.66570     0.00000     0.00000     0.00000     0.00000
    -6.66352     0.00000     0.00000     0.00000     0.00000
    -6.66135     0.00000     0.00000     0.00000     0.00000
    -6.65917     0.00000     0.00000     0.00000     0.00000
    -6.65699     0.00000     0.00000     0.00000     0.00000
    -6.65482     0.00000     0.00000     0.00000     0.00000
    -6.65264     0.00000     0.00000     0.00000     0.00000
    -6.65046     0.00000     0.00000     0.00000     0.00000
    -6.64829     0.00000     0.00000     0.00000     0.00000
    -6.64611     0.00000     0.00000     0.00000     0.00000
    -6.64393     0.00000     0.00000     0.00000     0.00000
    -6.64176     0.00000     0.00000     0.00000     0.00000
    -6.63958     0.00000     0.00000     0.00000     0.00000
    -6.63740     0.00000     0.00000     0.00000     0.00000
    -6.63522     0.00000     0.00000     0.00000     0.00000
    -6.63305     0.00000     0.00000     0.00000     0.00000
    -6.63087     0.00000     0.00000     0.00000     0.00000
    -6.62869     0.00000     0.00000     0.00000     0.00000
    -6.62652     0.00000     0.00000     0.00000     0.00000
    -6.62434     0.00000     0.00000     0.00000     0.00000
    -6.62216     0.00000     0.00000     0.00000     0.00000
    -6.61999     0.00000     0.00000     0.00000     0.00000
    -6.61781     0.00000     0.00000     0.00000     0.00000
    -6.61563     0.00000     0.00000     0.00000     0.00000
    -6.61346     0.00000     0.00000     0.00000     0.00000
    -6.61128     0.00000     0.00000     0.00000     0.00000
    -6.60910     0.00000     0.00000     0.00000     0.00000
    -6.60692     0.00000     0.00000     0.00000     0.00000
    -6.60475     0.00000     0.00000     0.00000     0.00000
    -6.60257     0.00000     0.00000     0.00000     0.00000
    -6.60039     0.00000     0.00000     0.00000     0.00000
    -6.59822     0.00000     0.00000     0.00000     0.00000
    -6.59604     0.00000     0.00000     0.00000     0.00000
    -6.59386     0.00000     0.00000     0.00000     0.00000
    -6.59169     0.00000     0.00000     0.00000     0.00000
    -6.58951     0.00000     0.00000     0.00000     0.00000
    -6.58733     0.00000     0.00000     0.00000     0.00000
    -6.58516     0.00000     0.00000     0.00000     0.00000
    -6.58298     0.00000     0.00000     0.00000     0.00000
    -6.58080     0.00000     0.00000     0.00000     0.00000
    -6.57862     0.00000     0.00000     0.00000     0.00000
    -6.57645     0.00000     0.00000     0.00000     0.00000
    -6.57427     0.00000     0.00000     0.00000     0.00000
    -6.57209     0.00000     0.00000     0.00000     0.00000
    -6.56992     0.00000     0.00000     0.00000     0.00000
    -6.56774     0.00000     0.00000     0.00000     0.00000
    -6.56556     0.00000     0.00000     0.00000     0.00000
    -6.56339     0.00000     0.00000     0.00000     0.00000
    -6.56121     0.00000    -0.00000     0.00000    -0.00000
    -6.55903     0.00000    -0.00000     0.00000    -0.00000
    -6.55686     0.00000    -0.00000     0.00000    -0.00000
    -6.55468     0.00000    -0.00000     0.00000    -0.00000
    -6.55250     0.00000    -0.00000     0.00000    -0.00000
    -6.55032     0.00000    -0.00000     0.00000    -0.00000
    -6.54815     0.00000    -0.00000     0.00000    -0.00000
    -6.54597     0.00000    -0.00000     0.00000    -0.00000
    -6.54379     0.00001    -0.00000     0.00001    -0.00000
    -6.54162     0.00001    -0.00000     0.00001    -0.00000
    -6.53944     0.00001    -0.00000     0.00001    -0.00000
    -6.53726     0.00002    -0.00000     0.00002    -0.00000
    -6.53509     0.00003    -0.00000     0.00003    -0.00000
    -6.53291     0.00005    -0.00000     0.00005    -0.00000
    -6.53073     0.00007    -0.00000     0.00007    -0.00000
    -6.52856     0.00010    -0.00000     0.00010    -0.00000
    -6.52638     0.00015    -0.00000     0.00015    -0.00000
    -6.52420     0.00021    -0.00000     0.00021    -0.00000
    -6.52203     0.00031    -0.00000     0.00031    -0.00000
    -6.51985     0.00044    -0.00000     0.00044    -0.00000
    -6.51767     0.00063    -0.00000     0.00063    -0.00000
    -6.51549     0.00089    -0.00000     0.00090    -0.00000
    -6.51332     0.00126    -0.00000     0.00126    -0.00000
    -6.51114     0.00176    -0.00000     0.00176    -0.00000
    -6.50896     0.00245    -0.00001     0.00245    -0.00000
    -6.50679     0.00338    -0.00001     0.00339    -0.00000
    -6.50461     0.00464    -0.00001     0.00465    -0.00000
    -6.50243     0.00633    -0.00002     0.00635    -0.00000
    -6.50026     0.00857    -0.00002     0.00860    -0.00000
    -6.49808     0.01154    -0.00003     0.01158    -0.00000
    -6.49590     0.01545    -0.00004     0.01550    -0.00001
    -6.49373     0.02054    -0.00006     0.02060    -0.00001
    -6.49155     0.02713    -0.00008     0.02722    -0.00001
    -6.48937     0.03561    -0.00010     0.03573    -0.00001
    -6.48719     0.04645    -0.00013     0.04659    -0.00002
    -6.48502     0.06019    -0.00017     0.06038    -0.00002
    -6.48284     0.07750    -0.00022     0.07775    -0.00003
    -6.48066     0.09916    -0.00028     0.09948    -0.00004
    -6.47849     0.12606    -0.00035     0.12646    -0.00005
    -6.47631     0.15923    -0.00045     0.15974    -0.00006
    -6.47413     0.19985    -0.00056     0.20049    -0.00008
    -6.47196     0.24924    -0.00070     0.25003    -0.00010
    -6.46978     0.30884    -0.00087     0.30982    -0.00012
    -6.46760     0.38025    -0.00107     0.38147    -0.00015
    -6.46543     0.46519    -0.00130     0.46668    -0.00018
    -6.46325     0.56548    -0.00158     0.56728    -0.00022
    -6.46107     0.68299    -0.00191     0.68517    -0.00026
    -6.45889     0.81967    -0.00230     0.82228    -0.00032
    -6.45672     0.97742    -0.00274     0.98054    -0.00038
    -6.45454     1.15810    -0.00325     1.16179    -0.00045
    -6.45236     1.36342    -0.00382     1.36777    -0.00053
    -6.45019     1.59490    -0.00447     1.59999    -0.00062
    -6.44801     1.85379    -0.00520     1.85970    -0.00071
    -6.44583     2.14094    -0.00600     2.14777    -0.00083
    -6.44366     2.45681    -0.00689     2.46464    -0.00095
    -6.44148     2.80129    -0.00785     2.81022    -0.00108
    -6.43930     3.17369    -0.00890     3.18381    -0.00122
    -6.43713     3.57267    -0.01001     3.58406    -0.00138
    -6.43495     3.99614    -0.01120     4.00888    -0.00154
    -6.43277     4.44129    -0.01245     4.45545    -0.00171
    -6.43059     4.90454    -0.01375     4.92018    -0.00189
    -6.42842     5.38156    -0.01508     5.39872    -0.00208
    -6.42624     5.86730    -0.01644     5.88601    -0.00226
    -6.42406     6.35607    -0.01781     6.37634    -0.00245
    -6.42189     6.84164    -0.01918     6.86345    -0.00264
    -6.41971     7.31731    -0.02051     7.34065    -0.00282
    -6.41753     7.77614    -0.02180     7.80093    -0.00300
    -6.41536     8.21101    -0.02301     8.23719    -0.00317
    -6.41318     8.61489    -0.02415     8.64236    -0.00332
    -6.41100     8.98098    -0.02517     9.00962    -0.00346
    -6.40883     9.30289    -0.02607     9.33256    -0.00359
    -6.40665     9.57487    -0.02684     9.60540    -0.00369
    -6.40447     9.79193    -0.02744     9.82315    -0.00378
    -6.40229     9.95002    -0.02789     9.98175    -0.00384
    -6.40012    10.04617    -0.02816    10.07820    -0.00387
    -6.39794    10.07853    -0.02825    10.11067    -0.00389
    -6.39576    10.04650    -0.02816    10.07853    -0.00387
    -6.39359     9.95067    -0.02789     9.98240    -0.00384
    -6.39141     9.79289    -0.02745     9.82412    -0.00378
    -6.38923     9.57613    -0.02684     9.60666    -0.00369
    -6.38706     9.30442    -0.02608     9.33409    -0.00359
    -6.38488     8.98275    -0.02518     9.01139    -0.00346
    -6.38270     8.61687    -0.02415     8.64435    -0.00332
    -6.38053     8.21317    -0.02302     8.23936    -0.00317
    -6.37835     7.77844    -0.02180     7.80324    -0.00300
    -6.37617     7.31972    -0.02052     7.34306    -0.00282
    -6.37400     6.84411    -0.01918     6.86593    -0.00264
    -6.37182     6.35858    -0.01782     6.37885    -0.00245
    -6.36964     5.86980    -0.01645     5.88852    -0.00226
    -6.36746     5.38403    -0.01509     5.40120    -0.00208
    -6.36529     4.90696    -0.01375     4.92260    -0.00189
    -6.36311     4.44362    -0.01245     4.45779    -0.00171
    -6.36093     3.99837    -0.01121     4.01112    -0.00154
    -6.35876     3.57478    -0.01002     3.58618    -0.00138
    -6.35658     3.17567    -0.00890     3.18580    -0.00122
    -6.35440     2.80313    -0.00786     2.81207    -0.00108
    -6.35223     2.45850    -0.00689     2.46634    -0.00095
    -6.35005     2.14249    -0.00600     2.14932    -0.00083
    -6.34787     1.85519    -0.00520     1.86110    -0.00072
    -6.34570     1.59616    -0.00447     1.60125    -0.00062
    -6.34352     1.36454    -0.00382     1.36889    -0.00053
    -6.34134     1.15909    -0.00325     1.16278    -0.00045
    -6.33916     0.97829    -0.00274     0.98141    -0.00038
    -6.33699     0.82042    -0.00230     0.82304    -0.00032
    -6.33481     0.68365    -0.00192     0.68582    -0.00026
    -6.33263     0.56603    -0.00159     0.56784    -0.00022
    -6.33046     0.46567    -0.00131     0.46715    -0.00018
    -6.32828     0.38065    -0.00107     0.38187    -0.00015
    -6.32610     0.30917    -0.00087     0.31016    -0.00012
    -6.32393     0.24952    -0.00070     0.25031    -0.00010
    -6.32175     0.20008    -0.00056     0.20072    -0.00008
    -6.31957     0.15942    -0.00045     0.15993    -0.00006
    -6.31740     0.12621    -0.00035     0.12662    -0.00005
    -6.31522     0.09928    -0.00028     0.09960    -0.00004
    -6.31304     0.07760    -0.00022     0.07785    -0.00003
    -6.31086     0.06027    -0.00017     0.06046    -0.00002
    -6.30869     0.04651    -0.00013     0.04666    -0.00002
    -6.30651     0.03566    -0.00010     0.03577    -0.00001
    -6.30433     0.02717    -0.00008     0.02726    -0.00001
    -6.30216     0.02057    -0.00006     0.02063    -0.00001
    -6.29998     0.01547    -0.00004     0.01552    -0.00001
    -6.29780     0.01156    -0.00003     0.01160    -0.00000
    -6.29563     0.00859    -0.00002     0.00861    -0.00000
    -6.29345     0.00634    -0.00002     0.00636    -0.00000
    -6.29127     0.00464    -0.00001     0.00466    -0.00000
    -6.28910     0.00338    -0.00001     0.00339    -0.00000
    -6.28692     0.00245    -0.00001     0.00246    -0.00000
    -6.28474     0.00176    -0.00000     0.00177    -0.00000
    -6.28256     0.00126    -0.00000     0.00126    -0.00000
    -6.28039     0.00089    -0.00000     0.00090    -0.00000
    -6.27821     0.00063    -0.00000     0.00063    -0.00000
    -6.27603     0.00044    -0.00000     0.00044    -0.00000
    -6.27386     0.00031    -0.00000     0.00031    -0.00000
    -6.27168     0.00021    -0.00000     0.00021    -0.00000
    -6.26950     0.00015    -0.00000     0.00015    -0.00000
    -6.26733     0.00010    -0.00000     0.00010    -0.00000
    -6.26515     0.00007    -0.00000     0.00007    -0.00000
    -6.26297     0.00005    -0.00000     0.00005    -0.00000
    -6.26080     0.00003    -0.00000     0.00003    -0.00000
    -6.25862     0.00002    -0.00000     0.00002    -0.00000
    -6.25644     0.00001    -0.00000     0.00001    -0.00000
    -6.25426     0.00001    -0.00000     0.00001    -0.00000
    -6.25209     0.00001    -0.00000     0.00001    -0.00000
    -6.24991     0.00000    -0.00000     0.00000    -0.00000
    -6.24773     0.00000    -0.00000     0.00000    -0.00000
    -6.24556     0.00000    -0.00000     0.00000    -0.00000
    -6.24338     0.00000    -0.00000     0.00000    -0.00000
    -6.24120     0.00000    -0.00000     0.00000    -0.00000
    -6.23903     0.00000    -0.00000     0.00000    -0.00000
    -6.23685     0.00000    -0.00000     0.00000    -0.00000
    -6.23467     0.00000    -0.00000     0.00000    -0.00000
    -6.23250     0.00000     0.00000     0.00000     0.00000
    -6.23032     0.00000     0.00000     0.00000     0.00000
    -6.22814     0.00000     0.00000     0.00000     0.00000
    -6.22597     0.00000     0.00000     0.00000     0.00000
    -6.22379     0.00000     0.00000     0.00000     0.00000
    -6.22161     0.00000     0.00000     0.00000     0.00000
    -6.21943     0.00000     0.00000     0.00000     0.00000
    -6.21726     0.00000     0.00000     0.00000     0.00000
    -6.21508     0.00000     0.00000     0.00000     0.00000
    -6.21290     0.00000     0.00000     0.00000     0.00000
    -6.21073     0.00000     0.00000     0.00000     0.00000
    -6.20855     0.00000     0.00000     0.00000     0.00000
    -6.20637     0.00000     0.00000     0.00000     0.00000
    -6.20420     0.00000     0.00000     0.00000     0.00000
    -6.20202     0.00000     0.00000     0.00000     0.00000
    -6.19984     0.00000     0.00000     0.00000     0.00000
    -6.19767     0.00000     0.00000     0.00000     0.00000
    -6.19549     0.00000     0.00000     0.00000     0.00000
    -6.19331     0.00000     0.00000     0.00000     0.00000
    -6.19113     0.00000     0.00000     0.00000     0.00000
    -6.18896     0.00000     0.00000     0.00000     0.00000
    -6.18678     0.00000     0.00000     0.00000     0.00000
    -6.18460     0.00000     0.00000     0.00000     0.00000
    -6.18243     0.00000     0.00000     0.00000     0.00000
    -6.18025     0.00000     0.00000     0.00000     0.00000
    -6.17807     0.00000     0.00000     0.00000     0.00000
    -6.17590     0.00000     0.00000     0.00000     0.00000
    -6.17372     0.00000     0.00000     0.00000     0.00000
    -6.17154     0.00000     0.00000     0.00000     0.00000
    -6.16937     0.00000     0.00000     0.00000     0.00000
    -6.16719     0.00000     0.00000     0.00000     0.00000
    -6.16501     0.00000     0.00000     0.00000     0.00000
    -6.16283     0.00000     0.00000     0.00000     0.00000
    -6.16066     0.00000     0.00000     0.00000     0.00000
    -6.15848     0.00000     0.00000     0.00000     0.00000
    -6.15630     0.00000     0.00000     0.00000     0.00000
    -6.15413     0.00000     0.00000     0.00000     0.00000
    -6.15195     0.00000     0.00000     0.00000     0.00000
    -6.14977     0.00000     0.00000     0.00000     0.00000
    -6.14760     0.00000     0.00000     0.00000     0.00000
    -6.14542     0.00000     0.00000     0.00000     0.00000
    -6.14324     0.00000     0.00000     0.00000     0.00000
    -6.14107     0.00000     0.00000     0.00000     0.00000
    -6.13889     0.00000     0.00000     0.00000     0.00000
    -6.13671     0.00000     0.00000     0.00000     0.00000
    -6.13453     0.00000     0.00000     0.00000     0.00000
    -6.13236     0.00000     0.00000     0.00000     0.00000
    -6.13018     0.00000     0.00000     0.00000     0.00000
    -6.12800     0.00000     0.00000     0.00000     0.00000
    -6.12583     0.00000     0.00000     0.00000     0.00000
    -6.12365     0.00000     0.00000     0.00000     0.00000
    -6.12147     0.00000     0.00000     0.00000     0.00000
    -6.11930     0.00000     0.00000     0.00000     0.00000
    -6.11712     0.00000     0.00000     0.00000     0.00000
    -6.11494     0.00000     0.00000     0.00000     0.00000
    -6.11277     0.00000     0.00000     0.00000     0.00000
    -6.11059     0.00000     0.00000     0.00000     0.00000
    -6.10841     0.00000     0.00000     0.00000     0.00000
    -6.10624     0.00000     0.00000     0.00000     0.00000
    -6.10406     0.00000     0.00000     0.00000     0.00000
    -6.10188     0.00000     0.00000     0.00000     0.00000
    -6.09970     0.00000     0.00000     0.00000     0.00000
    -6.09753     0.00000     0.00000     0.00000     0.00000
    -6.09535     0.00000     0.00000     0.00000     0.00000
    -6.09317     0.00000     0.00000     0.00000     0.00000
    -6.09100     0.00000     0.00000     0.00000     0.00000
    -6.08882     0.00000     0.00000     0.00000     0.00000
    -6.08664     0.00000     0.00000     0.00000     0.00000
    -6.08447     0.00000     0.00000     0.00000     0.00000
    -6.08229     0.00000     0.00000     0.00000     0.00000
    -6.08011     0.00000     0.00000     0.00000     0.00000
    -6.07794     0.00000     0.00000     0.00000     0.00000
    -6.07576     0.00000     0.00000     0.00000     0.00000
    -6.07358     0.00000     0.00000     0.00000     0.00000
    -6.07140     0.00000     0.00000     0.00000     0.00000
    -6.06923     0.00000     0.00000     0.00000     0.00000
    -6.06705     0.00000     0.00000     0.00000     0.00000
    -6.06487     0.00000     0.00000     0.00000     0.00000
    -6.06270     0.00000     0.00000     0.00000     0.00000
    -6.06052     0.00000     0.00000     0.00000     0.00000
    -6.05834     0.00000     0.00000     0.00000     0.00000
    -6.05617     0.00000     0.00000     0.00000     0.00000
    -6.05399     0.00000     0.00000     0.00000     0.00000
    -6.05181     0.00000     0.00000     0.00000     0.00000
    -6.04964     0.00000     0.00000     0.00000     0.00000
    -6.04746     0.00000     0.00000     0.00000     0.00000
    -6.04528     0.00000     0.00000     0.00000     0.00000
    -6.04310     0.00000     0.00000     0.00000     0.00000
    -6.04093     0.00000     0.00000     0.00000     0.00000
    -6.03875     0.00000     0.00000     0.00000     0.00000
    -6.03657     0.00000     0.00000     0.00000     0.00000
    -6.03440     0.00000     0.00000     0.00000     0.00000
    -6.03222     0.00000     0.00000     0.00000     0.00000
    -6.03004     0.00000     0.00000     0.00000     0.00000
    -6.02787     0.00000     0.00000     0.00000     0.00000
    -6.02569     0.00000     0.00000     0.00000     0.00000
    -6.02351     0.00000     0.00000     0.00000     0.00000
    -6.02134     0.00000     0.00000     0.00000     0.00000
    -6.01916     0.00000     0.00000     0.00000     0.00000
    -6.01698     0.00000     0.00000     0.00000     0.00000
    -6.01480     0.00000     0.00000     0.00000     0.00000
    -6.01263     0.00000     0.00000     0.00000     0.00000
    -6.01045     0.00000     0.00000     0.00000     0.00000
    -6.00827     0.00000     0.00000     0.00000     0.00000
    -6.00610     0.00000     0.00000     0.00000     0.00000
    -6.00392     0.00000     0.00000     0.00000     0.00000
    -6.00174     0.00000     0.00000     0.00000     0.00000
    -5.99957     0.00000     0.00000     0.00000     0.00000
    -5.99739     0.00000     0.00000     0.00000     0.00000
    -5.99521     0.00000     0.00000     0.00000     0.00000
    -5.99304     0.00000     0.00000     0.00000     0.00000
    -5.99086     0.00000     0.00000     0.00000     0.00000
    -5.98868     0.00000     0.00000     0.00000     0.00000
    -5.98650     0.00000     0.00000     0.00000     0.00000
    -5.98433     0.00000     0.00000     0.00000     0.00000
    -5.98215     0.00000     0.00000     0.00000     0.00000
    -5.97997     0.00000     0.00000     0.00000     0.00000
    -5.97780     0.00000     0.00000     0.00000     0.00000
    -5.97562     0.00000     0.00000     0.00000     0.00000
    -5.97344     0.00000     0.00000     0.00000     0.00000
    -5.97127     0.00000     0.00000     0.00000     0.00000
    -5.96909     0.00000     0.00000     0.00000     0.00000
    -5.96691     0.00000     0.00000     0.00000     0.00000
    -5.96474     0.00000     0.00000     0.00000     0.00000
    -5.96256     0.00000     0.00000     0.00000     0.00000
    -5.96038     0.00000     0.00000     0.00000     0.00000
    -5.95821     0.00000     0.00000     0.00000     0.00000
    -5.95603     0.00000     0.00000     0.00000     0.00000
    -5.95385     0.00000     0.00000     0.00000     0.00000
    -5.95167     0.00000     0.00000     0.00000     0.00000
    -5.94950     0.00000     0.00000     0.00000     0.00000
    -5.94732     0.00000     0.00000     0.00000     0.00000
    -5.94514     0.00000     0.00000     0.00000     0.00000
    -5.94297     0.00000     0.00000     0.00000     0.00000
    -5.94079     0.00000     0.00000     0.00000     0.00000
    -5.93861     0.00000     0.00000     0.00000     0.00000
    -5.93644     0.00000     0.00000     0.00000     0.00000
    -5.93426     0.00000     0.00000     0.00000     0.00000
    -5.93208     0.00000     0.00000     0.00000     0.00000
    -5.92991     0.00000     0.00000     0.00000     0.00000
    -5.92773     0.00000     0.00000     0.00000     0.00000
    -5.92555     0.00000     0.00000     0.00000     0.00000
    -5.92337     0.00000     0.00000     0.00000     0.00000
    -5.92120     0.00000     0.00000     0.00000     0.00000
    -5.91902     0.00000     0.00000     0.00000     0.00000
    -5.91684     0.00000     0.00000     0.00000     0.00000
    -5.91467     0.00000     0.00000     0.00000     0.00000
    -5.91249     0.00000     0.00000     0.00000     0.00000
    -5.91031     0.00000     0.00000     0.00000     0.00000
    -5.90814     0.00000     0.00000     0.00000     0.00000
    -5.90596     0.00000     0.00000     0.00000     0.00000
    -5.90378     0.00000     0.00000     0.00000     0.00000
    -5.90161     0.00000     0.00000     0.00000     0.00000
    -5.89943     0.00000     0.00000     0.00000     0.00000
    -5.89725     0.00000     0.00000     0.00000     0.00000
    -5.89507     0.00000     0.00000     0.00000     0.00000
    -5.89290     0.00000     0.00000     0.00000     0.00000
    -5.89072     0.00000     0.00000     0.00000     0.00000
    -5.88854     0.00000     0.00000     0.00000     0.00000
    -5.88637     0.00000     0.00000     0.00000     0.00000
    -5.88419     0.00000     0.00000     0.00000     0.00000
    -5.88201     0.00000     0.00000     0.00000     0.00000
    -5.87984     0.00000     0.00000     0.00000     0.00000
    -5.87766     0.00000     0.00000     0.00000     0.00000
    -5.87548     0.00000     0.00000     0.00000     0.00000
    -5.87331     0.00000     0.00000     0.00000     0.00000
    -5.87113     0.00000     0.00000     0.00000     0.00000
    -5.86895     0.00000     0.00000     0.00000     0.00000
    -5.86677     0.00000     0.00000     0.00000     0.00000
    -5.86460     0.00000     0.00000     0.00000     0.00000
    -5.86242     0.00000     0.00000     0.00000     0.00000
    -5.86024     0.00000     0.00000     0.00000     0.00000
    -5.85807     0.00000     0.00000     0.00000     0.00000
    -5.85589     0.00000     0.00000     0.00000     0.00000
    -5.85371     0.00000     0.00000     0.00000     0.00000
    -5.85154     0.00000     0.00000     0.00000     0.00000
    -5.84936     0.00000     0.00000     0.00000     0.00000
    -5.84718     0.00000     0.00000     0.00000     0.00000
    -5.84501     0.00000     0.00000     0.00000     0.00000
    -5.84283     0.00000     0.00000     0.00000     0.00000
    -5.84065     0.00000     0.00000     0.00000     0.00000
    -5.83847     0.00000     0.00000     0.00000     0.00000
    -5.83630     0.00000     0.00000     0.00000     0.00000
    -5.83412     0.00000     0.00000     0.00000     0.00000
    -5.83194     0.00000     0.00000     0.00000     0.00000
    -5.82977     0.00000     0.00000     0.00000     0.00000
    -5.82759     0.00000     0.00000     0.00000     0.00000
    -5.82541     0.00000     0.00000     0.00000     0.00000
    -5.82324     0.00000     0.00000     0.00000     0.00000
    -5.82106     0.00000     0.00000     0.00000     0.00000
    -5.81888     0.00000     0.00000     0.00000     0.00000
    -5.81671     0.00000     0.00000     0.00000     0.00000
    -5.81453     0.00000     0.00000     0.00000     0.00000
    -5.81235     0.00000     0.00000     0.00000     0.00000
    -5.81018     0.00000     0.00000     0.00000     0.00000
    -5.80800     0.00000     0.00000     0.00000     0.00000
    -5.80582     0.00000     0.00000     0.00000     0.00000
    -5.80364     0.00000     0.00000     0.00000     0.00000
    -5.80147     0.00000     0.00000     0.00000     0.00000
    -5.79929     0.00000     0.00000     0.00000     0.00000
    -5.79711     0.00000     0.00000     0.00000     0.00000
    -5.79494     0.00000     0.00000     0.00000     0.00000
    -5.79276     0.00000     0.00000     0.00000     0.00000
    -5.79058     0.00000     0.00000     0.00000     0.00000
    -5.78841     0.00000     0.00000     0.00000     0.00000
    -5.78623     0.00000     0.00000     0.00000     0.00000
    -5.78405     0.00000     0.00000     0.00000     0.00000
    -5.78188     0.00000     0.00000     0.00000     0.00000
    -5.77970     0.00000     0.00000     0.00000     0.00000
    -5.77752     0.00000     0.00000     0.00000     0.00000
    -5.77534     0.00000     0.00000     0.00000     0.00000
    -5.77317     0.00000     0.00000     0.00000     0.00000
    -5.77099     0.00000     0.00000     0.00000     0.00000
    -5.76881     0.00000     0.00000     0.00000     0.00000
    -5.76664     0.00000     0.00000     0.00000     0.00000
    -5.76446     0.00000     0.00000     0.00000     0.00000
    -5.76228     0.00000     0.00000     0.00000     0.00000
    -5.76011     0.00000     0.00000     0.00000     0.00000
    -5.75793     0.00000     0.00000     0.00000     0.00000
    -5.75575     0.00000     0.00000     0.00000     0.00000
    -5.75358     0.00000     0.00000     0.00000     0.00000
    -5.75140     0.00000     0.00000     0.00000     0.00000
    -5.74922     0.00000     0.00000     0.00000     0.00000
    -5.74704     0.00000     0.00000     0.00000     0.00000
    -5.74487     0.00000     0.00000     0.00000     0.00000
    -5.74269     0.00000     0.00000     0.00000     0.00000
    -5.74051     0.00000     0.00000     0.00000     0.00000
    -5.73834     0.00000     0.00000     0.00000     0.00000
    -5.73616     0.00000     0.00000     0.00000     0.00000
    -5.73398     0.00000     0.00000     0.00000     0.00000
    -5.73181     0.00000     0.00000     0.00000     0.00000
    -5.72963     0.00000     0.00000     0.00000     0.00000
    -5.72745     0.00000     0.00000     0.00000     0.00000
    -5.72528     0.00000     0.00000     0.00000     0.00000
    -5.72310     0.00000     0.00000     0.00000     0.00000
    -5.72092     0.00000     0.00000     0.00000     0.00000
    -5.71874     0.00000     0.00000     0.00000     0.00000
    -5.71657     0.00000     0.00000     0.00000     0.00000
    -5.71439     0.00000     0.00000     0.00000     0.00000
    -5.71221     0.00000     0.00000     0.00000     0.00000
    -5.71004     0.00000     0.00000     0.00000     0.00000
    -5.70786     0.00000     0.00000     0.00000     0.00000
    -5.70568     0.00000     0.00000     0.00000     0.00000
    -5.70351     0.00000     0.00000     0.00000     0.00000
    -5.70133     0.00000     0.00000     0.00000     0.00000
    -5.69915     0.00000     0.00000     0.00000     0.00000
    -5.69698     0.00000     0.00000     0.00000     0.00000
    -5.69480     0.00000     0.00000     0.00000     0.00000
    -5.69262     0.00000     0.00000     0.00000     0.00000
    -5.69045     0.00000     0.00000     0.00000     0.00000
    -5.68827     0.00000     0.00000     0.00000     0.00000
    -5.68609     0.00000     0.00000     0.00000     0.00000
    -5.68391     0.00000     0.00000     0.00000     0.00000
    -5.68174     0.00000     0.00000     0.00000     0.00000
    -5.67956     0.00000     0.00000     0.00000     0.00000
    -5.67738     0.00000     0.00000     0.00000     0.00000
    -5.67521     0.00000     0.00000     0.00000     0.00000
    -5.67303     0.00000     0.00000     0.00000     0.00000
    -5.67085     0.00000     0.00000     0.00000     0.00000
    -5.66868     0.00000     0.00000     0.00000     0.00000
    -5.66650     0.00000     0.00000     0.00000     0.00000
    -5.66432     0.00000     0.00000     0.00000     0.00000
    -5.66215     0.00000     0.00000     0.00000     0.00000
    -5.65997     0.00000     0.00000     0.00000     0.00000
    -5.65779     0.00000     0.00000     0.00000     0.00000
    -5.65561     0.00000     0.00000     0.00000     0.00000
    -5.65344     0.00000     0.00000     0.00000     0.00000
    -5.65126     0.00000     0.00000     0.00000     0.00000
    -5.64908     0.00000     0.00000     0.00000     0.00000
    -5.64691     0.00000     0.00000     0.00000     0.00000
    -5.64473     0.00000     0.00000     0.00000     0.00000
    -5.64255     0.00000     0.00000     0.00000     0.00000
    -5.64038     0.00000     0.00000     0.00000     0.00000
    -5.63820     0.00000     0.00000     0.00000     0.00000
    -5.63602     0.00000     0.00000     0.00000     0.00000
    -5.63385     0.00000     0.00000     0.00000     0.00000
    -5.63167     0.00000     0.00000     0.00000     0.00000
    -5.62949     0.00000     0.00000     0.00000     0.00000
    -5.62731     0.00000     0.00000     0.00000     0.00000
    -5.62514     0.00000     0.00000     0.00000     0.00000
    -5.62296     0.00000     0.00000     0.00000     0.00000
    -5.62078     0.00000     0.00000     0.00000     0.00000
    -5.61861     0.00000     0.00000     0.00000     0.00000
    -5.61643     0.00000     0.00000     0.00000     0.00000
    -5.61425     0.00000     0.00000     0.00000     0.00000
    -5.61208     0.00000     0.00000     0.00000     0.00000
    -5.60990     0.00000     0.00000     0.00000     0.00000
    -5.60772     0.00000     0.00000     0.00000     0.00000
    -5.60555     0.00000     0.00000     0.00000     0.00000
    -5.60337     0.00000     0.00000     0.00000     0.00000
    -5.60119     0.00000     0.00000     0.00000     0.00000
    -5.59901     0.00000     0.00000     0.00000     0.00000
    -5.59684     0.00000     0.00000     0.00000     0.00000
    -5.59466     0.00000     0.00000     0.00000     0.00000
    -5.59248     0.00000     0.00000     0.00000     0.00000
    -5.59031     0.00000     0.00000     0.00000     0.00000
    -5.58813     0.00000     0.00000     0.00000     0.00000
    -5.58595     0.00000     0.00000     0.00000     0.00000
    -5.58378     0.00000     0.00000     0.00000     0.00000
    -5.58160     0.00000     0.00000     0.00000     0.00000
    -5.57942     0.00000     0.00000     0.00000     0.00000
    -5.57725     0.00000     0.00000     0.00000     0.00000
    -5.57507     0.00000     0.00000     0.00000     0.00000
    -5.57289     0.00000     0.00000     0.00000     0.00000
    -5.57071     0.00000     0.00000     0.00000     0.00000
    -5.56854     0.00000     0.00000     0.00000     0.00000
    -5.56636     0.00000     0.00000     0.00000     0.00000
    -5.56418     0.00000     0.00000     0.00000     0.00000
    -5.56201     0.00000     0.00000     0.00000     0.00000
    -5.55983     0.00000     0.00000     0.00000     0.00000
    -5.55765     0.00000     0.00000     0.00000     0.00000
    -5.55548     0.00000     0.00000     0.00000     0.00000
    -5.55330     0.00000     0.00000     0.00000     0.00000
    -5.55112     0.00000     0.00000     0.00000     0.00000
    -5.54895     0.00000     0.00000     0.00000     0.00000
    -5.54677     0.00000     0.00000     0.00000     0.00000
    -5.54459     0.00000     0.00000     0.00000     0.00000
    -5.54242     0.00000     0.00000     0.00000     0.00000
    -5.54024     0.00000     0.00000     0.00000     0.00000
    -5.53806     0.00000     0.00000     0.00000     0.00000
    -5.53588     0.00000     0.00000     0.00000     0.00000
    -5.53371     0.00000     0.00000     0.00000     0.00000
    -5.53153     0.00000     0.00000     0.00000     0.00000
    -5.52935     0.00000     0.00000     0.00000     0.00000
    -5.52718     0.00000     0.00000     0.00000     0.00000
    -5.52500     0.00000     0.00000     0.00000     0.00000
    -5.52282     0.00000     0.00000     0.00000     0.00000
    -5.52065     0.00000     0.00000     0.00000     0.00000
    -5.51847     0.00000     0.00000     0.00000     0.00000
    -5.51629     0.00000     0.00000     0.00000     0.00000
    -5.51412     0.00000     0.00000     0.00000     0.00000
    -5.51194     0.00000     0.00000     0.00000     0.00000
    -5.50976     0.00000     0.00000     0.00000     0.00000
    -5.50758     0.00000     0.00000     0.00000     0.00000
    -5.50541     0.00000     0.00000     0.00000     0.00000
    -5.50323     0.00000     0.00000     0.00000     0.00000
    -5.50105     0.00000     0.00000     0.00000     0.00000
    -5.49888     0.00000     0.00000     0.00000     0.00000
    -5.49670     0.00000     0.00000     0.00000     0.00000
    -5.49452     0.00000     0.00000     0.00000     0.00000
    -5.49235     0.00000     0.00000     0.00000     0.00000
    -5.49017     0.00000     0.00000     0.00000     0.00000
    -5.48799     0.00000     0.00000     0.00000     0.00000
    -5.48582     0.00000     0.00000     0.00000     0.00000
    -5.48364     0.00000     0.00000     0.00000     0.00000
    -5.48146     0.00000     0.00000     0.00000     0.00000
    -5.47928     0.00000     0.00000     0.00000     0.00000
    -5.47711     0.00000     0.00000     0.00000     0.00000
    -5.47493     0.00000     0.00000     0.00000     0.00000
    -5.47275     0.00000     0.00000     0.00000     0.00000
    -5.47058     0.00000     0.00000     0.00000     0.00000
    -5.46840     0.00000     0.00000     0.00000     0.00000
    -5.46622     0.00000     0.00000     0.00000     0.00000
    -5.46405     0.00000     0.00000     0.00000     0.00000
    -5.46187     0.00000     0.00000     0.00000     0.00000
    -5.45969     0.00000     0.00000     0.00000     0.00000
    -5.45752     0.00000     0.00000     0.00000     0.00000
    -5.45534     0.00000     0.00000     0.00000     0.00000
    -5.45316     0.00000     0.00000     0.00000     0.00000
    -5.45098     0.00000     0.00000     0.00000     0.00000
    -5.44881     0.00000     0.00000     0.00000     0.00000
    -5.44663     0.00000     0.00000     0.00000     0.00000
    -5.44445     0.00000     0.00000     0.00000     0.00000
    -5.44228     0.00000     0.00000     0.00000     0.00000
    -5.44010     0.00000     0.00000     0.00000     0.00000
    -5.43792     0.00000     0.00000     0.00000     0.00000
    -5.43575     0.00000     0.00000     0.00000     0.00000
    -5.43357     0.00000     0.00000     0.00000     0.00000
    -5.43139     0.00000     0.00000     0.00000     0.00000
    -5.42922     0.00000     0.00000     0.00000     0.00000
    -5.42704     0.00000     0.00000     0.00000     0.00000
    -5.42486     0.00000     0.00000     0.00000     0.00000
    -5.42269     0.00000     0.00000     0.00000     0.00000
    -5.42051     0.00000     0.00000     0.00000     0.00000
    -5.41833     0.00000     0.00000     0.00000     0.00000
    -5.41615     0.00000     0.00000     0.00000     0.00000
    -5.41398     0.00000     0.00000     0.00000     0.00000
    -5.41180     0.00000     0.00000     0.00000     0.00000
    -5.40962     0.00000     0.00000     0.00000     0.00000
    -5.40745     0.00000     0.00000     0.00000     0.00000
    -5.40527     0.00000     0.00000     0.00000     0.00000
    -5.40309     0.00000     0.00000     0.00000     0.00000
    -5.40092     0.00000     0.00000     0.00000     0.00000
    -5.39874     0.00000     0.00000     0.00000     0.00000
    -5.39656     0.00000     0.00000     0.00000     0.00000
    -5.39439     0.00000     0.00000     0.00000     0.00000
    -5.39221     0.00000     0.00000     0.00000     0.00000
    -5.39003     0.00000     0.00000     0.00000     0.00000
    -5.38785     0.00000     0.00000     0.00000     0.00000
    -5.38568     0.00000     0.00000     0.00000     0.00000
    -5.38350     0.00000     0.00000     0.00000     0.00000
    -5.38132     0.00000     0.00000     0.00000     0.00000
    -5.37915     0.00000     0.00000     0.00000     0.00000
    -5.37697     0.00000     0.00000     0.00000     0.00000
    -5.37479     0.00000     0.00000     0.00000     0.00000
    -5.37262     0.00000     0.00000     0.00000     0.00000
    -5.37044     0.00000     0.00000     0.00000     0.00000
    -5.36826     0.00000     0.00000     0.00000     0.00000
    -5.36609     0.00000     0.00000     0.00000     0.00000
    -5.36391     0.00000     0.00000     0.00000     0.00000
    -5.36173     0.00000     0.00000     0.00000     0.00000
    -5.35955     0.00000     0.00000     0.00000     0.00000
    -5.35738     0.00000     0.00000     0.00000     0.00000
    -5.35520     0.00000     0.00000     0.00000     0.00000
    -5.35302     0.00000     0.00000     0.00000     0.00000
    -5.35085     0.00000     0.00000     0.00000     0.00000
    -5.34867     0.00000     0.00000     0.00000     0.00000
    -5.34649     0.00000     0.00000     0.00000     0.00000
    -5.34432     0.00000     0.00000     0.00000     0.00000
    -5.34214     0.00000     0.00000     0.00000     0.00000
    -5.33996     0.00000     0.00000     0.00000     0.00000
    -5.33779     0.00000     0.00000     0.00000     0.00000
    -5.33561     0.00000     0.00000     0.00000     0.00000
    -5.33343     0.00000     0.00000     0.00000     0.00000
    -5.33125     0.00000     0.00000     0.00000     0.00000
    -5.32908     0.00000     0.00000     0.00000     0.00000
    -5.32690     0.00000     0.00000     0.00000     0.00000
    -5.32472     0.00000     0.00000     0.00000     0.00000
    -5.32255     0.00000     0.00000     0.00000     0.00000
    -5.32037     0.00000     0.00000     0.00000     0.00000
    -5.31819     0.00000     0.00000     0.00000     0.00000
    -5.31602     0.00000     0.00000     0.00000     0.00000
    -5.31384     0.00000     0.00000     0.00000     0.00000
    -5.31166     0.00000     0.00000     0.00000     0.00000
    -5.30949     0.00000     0.00000     0.00000     0.00000
    -5.30731     0.00000     0.00000     0.00000     0.00000
    -5.30513     0.00000     0.00000     0.00000     0.00000
    -5.30295     0.00000     0.00000     0.00000     0.00000
    -5.30078     0.00000     0.00000     0.00000     0.00000
    -5.29860     0.00000     0.00000     0.00000     0.00000
    -5.29642     0.00000     0.00000     0.00000     0.00000
    -5.29425     0.00000     0.00000     0.00000     0.00000
    -5.29207     0.00000     0.00000     0.00000     0.00000
    -5.28989     0.00000     0.00000     0.00000     0.00000
    -5.28772     0.00000     0.00000     0.00000     0.00000
    -5.28554     0.00000     0.00000     0.00000     0.00000
    -5.28336     0.00000     0.00000     0.00000     0.00000
    -5.28119     0.00000     0.00000     0.00000     0.00000
    -5.27901     0.00000     0.00000     0.00000     0.00000
    -5.27683     0.00000     0.00000     0.00000     0.00000
    -5.27466     0.00000     0.00000     0.00000     0.00000
    -5.27248     0.00000     0.00000     0.00000     0.00000
    -5.27030     0.00000     0.00000     0.00000     0.00000
    -5.26812     0.00000     0.00000     0.00000     0.00000
    -5.26595     0.00000     0.00000     0.00000     0.00000
    -5.26377     0.00000     0.00000     0.00000     0.00000
    -5.26159     0.00000     0.00000     0.00000     0.00000
    -5.25942     0.00000     0.00000     0.00000     0.00000
    -5.25724     0.00000     0.00000     0.00000     0.00000
    -5.25506     0.00000     0.00000     0.00000     0.00000
    -5.25289     0.00000     0.00000     0.00000     0.00000
    -5.25071     0.00000     0.00000     0.00000     0.00000
    -5.24853     0.00000     0.00000     0.00000     0.00000
    -5.24636     0.00000     0.00000     0.00000     0.00000
    -5.24418     0.00000     0.00000     0.00000     0.00000
    -5.24200     0.00000     0.00000     0.00000     0.00000
    -5.23982     0.00000     0.00000     0.00000     0.00000
    -5.23765     0.00000     0.00000     0.00000     0.00000
    -5.23547     0.00000     0.00000     0.00000     0.00000
    -5.23329     0.00000     0.00000     0.00000     0.00000
    -5.23112     0.00000     0.00000     0.00000     0.00000
    -5.22894     0.00000     0.00000     0.00000     0.00000
    -5.22676     0.00000     0.00000     0.00000     0.00000
    -5.22459     0.00000     0.00000     0.00000     0.00000
    -5.22241     0.00000     0.00000     0.00000     0.00000
    -5.22023     0.00000     0.00000     0.00000     0.00000
    -5.21806     0.00000     0.00000     0.00000     0.00000
    -5.21588     0.00000     0.00000     0.00000     0.00000
    -5.21370     0.00000     0.00000     0.00000     0.00000
    -5.21152     0.00000     0.00000     0.00000     0.00000
    -5.20935     0.00000     0.00000     0.00000     0.00000
    -5.20717     0.00000     0.00000     0.00000     0.00000
    -5.20499     0.00000     0.00000     0.00000     0.00000
    -5.20282     0.00000     0.00000     0.00000     0.00000
    -5.20064     0.00000     0.00000     0.00000     0.00000
    -5.19846     0.00000     0.00000     0.00000     0.00000
    -5.19629     0.00000     0.00000     0.00000     0.00000
    -5.19411     0.00000     0.00000     0.00000     0.00000
    -5.19193     0.00000     0.00000     0.00000     0.00000
    -5.18976     0.00000     0.00000     0.00000     0.00000
    -5.18758     0.00000     0.00000     0.00000     0.00000
    -5.18540     0.00000     0.00000     0.00000     0.00000
    -5.18322     0.00000     0.00000     0.00000     0.00000
    -5.18105     0.00000     0.00000     0.00000     0.00000
    -5.17887     0.00000     0.00000     0.00000     0.00000
    -5.17669     0.00000     0.00000     0.00000     0.00000
    -5.17452     0.00000     0.00000     0.00000     0.00000
    -5.17234     0.00000     0.00000     0.00000     0.00000
    -5.17016     0.00000     0.00000     0.00000     0.00000
    -5.16799     0.00000     0.00000     0.00000     0.00000
    -5.16581     0.00000     0.00000     0.00000     0.00000
    -5.16363     0.00000     0.00000     0.00000     0.00000
    -5.16146     0.00000     0.00000     0.00000     0.00000
    -5.15928     0.00000     0.00000     0.00000     0.00000
    -5.15710     0.00000     0.00000     0.00000     0.00000
    -5.15492     0.00000     0.00000     0.00000     0.00000
    -5.15275     0.00000     0.00000     0.00000     0.00000
    -5.15057     0.00000     0.00000     0.00000     0.00000
    -5.14839     0.00000     0.00000     0.00000     0.00000
    -5.14622     0.00000     0.00000     0.00000     0.00000
    -5.14404     0.00000     0.00000     0.00000     0.00000
    -5.14186     0.00000     0.00000     0.00000     0.00000
    -5.13969     0.00000     0.00000     0.00000     0.00000
    -5.13751     0.00000     0.00000     0.00000     0.00000
    -5.13533     0.00000     0.00000     0.00000     0.00000
    -5.13316     0.00000     0.00000     0.00000     0.00000
    -5.13098     0.00000     0.00000     0.00000     0.00000
    -5.12880     0.00000     0.00000     0.00000     0.00000
    -5.12663     0.00000     0.00000     0.00000     0.00000
    -5.12445     0.00000     0.00000     0.00000     0.00000
    -5.12227     0.00000     0.00000     0.00000     0.00000
    -5.12009     0.00000     0.00000     0.00000     0.00000
    -5.11792     0.00000     0.00000     0.00000     0.00000
    -5.11574     0.00000     0.00000     0.00000     0.00000
    -5.11356     0.00000     0.00000     0.00000     0.00000
    -5.11139     0.00000     0.00000     0.00000     0.00000
    -5.10921     0.00000     0.00000     0.00000     0.00000
    -5.10703     0.00000     0.00000     0.00000     0.00000
    -5.10486     0.00000     0.00000     0.00000     0.00000
    -5.10268     0.00000     0.00000     0.00000     0.00000
    -5.10050     0.00000     0.00000     0.00000     0.00000
    -5.09833     0.00000     0.00000     0.00000     0.00000
    -5.09615     0.00000     0.00000     0.00000     0.00000
    -5.09397     0.00000     0.00000     0.00000     0.00000
    -5.09179     0.00000     0.00000     0.00000     0.00000
    -5.08962     0.00000     0.00000     0.00000     0.00000
    -5.08744     0.00000     0.00000     0.00000     0.00000
    -5.08526     0.00000     0.00000     0.00000     0.00000
    -5.08309     0.00000     0.00000     0.00000     0.00000
    -5.08091     0.00000     0.00000     0.00000     0.00000
    -5.07873     0.00000     0.00000     0.00000     0.00000
    -5.07656     0.00000     0.00000     0.00000     0.00000
    -5.07438     0.00000     0.00000     0.00000     0.00000
    -5.07220     0.00000     0.00000     0.00000     0.00000
    -5.07003     0.00000     0.00000     0.00000     0.00000
    -5.06785     0.00000     0.00000     0.00000     0.00000
    -5.06567     0.00000     0.00000     0.00000     0.00000
    -5.06349     0.00000     0.00000     0.00000     0.00000
    -5.06132     0.00000     0.00000     0.00000     0.00000
    -5.05914     0.00000     0.00000     0.00000     0.00000
    -5.05696     0.00000     0.00000     0.00000     0.00000
    -5.05479     0.00000     0.00000     0.00000     0.00000
    -5.05261     0.00000     0.00000     0.00000     0.00000
    -5.05043     0.00000     0.00000     0.00000     0.00000
    -5.04826     0.00000     0.00000     0.00000     0.00000
    -5.04608     0.00000     0.00000     0.00000     0.00000
    -5.04390     0.00000     0.00000     0.00000     0.00000
    -5.04173     0.00000     0.00000     0.00000     0.00000
    -5.03955     0.00000     0.00000     0.00000     0.00000
    -5.03737     0.00000     0.00000     0.00000     0.00000
    -5.03519     0.00000     0.00000     0.00000     0.00000
    -5.03302     0.00000     0.00000     0.00000     0.00000
    -5.03084     0.00000     0.00000     0.00000     0.00000
    -5.02866     0.00000     0.00000     0.00000     0.00000
    -5.02649     0.00000     0.00000     0.00000     0.00000
    -5.02431     0.00000     0.00000     0.00000     0.00000
    -5.02213     0.00000     0.00000     0.00000     0.00000
    -5.01996     0.00000     0.00000     0.00000     0.00000
    -5.01778     0.00000     0.00000     0.00000     0.00000
    -5.01560     0.00000     0.00000     0.00000     0.00000
    -5.01343     0.00000     0.00000     0.00000     0.00000
    -5.01125     0.00000     0.00000     0.00000     0.00000
    -5.00907     0.00000     0.00000     0.00000     0.00000
    -5.00690     0.00000     0.00000     0.00000     0.00000
    -5.00472     0.00000     0.00000     0.00000     0.00000
    -5.00254     0.00000     0.00000     0.00000     0.00000
    -5.00036     0.00000     0.00000     0.00000     0.00000
    -4.99819     0.00000     0.00000     0.00000     0.00000
    -4.99601     0.00000     0.00000     0.00000     0.00000
    -4.99383     0.00000     0.00000     0.00000     0.00000
    -4.99166     0.00000     0.00000     0.00000     0.00000
    -4.98948     0.00000     0.00000     0.00000     0.00000
    -4.98730     0.00000     0.00000     0.00000     0.00000
    -4.98513     0.00000     0.00000     0.00000     0.00000
    -4.98295     0.00000     0.00000     0.00000     0.00000
    -4.98077     0.00000     0.00000     0.00000     0.00000
    -4.97860     0.00000     0.00000     0.00000     0.00000
    -4.97642     0.00000     0.00000     0.00000     0.00000
    -4.97424     0.00000     0.00000     0.00000     0.00000
    -4.97206     0.00000     0.00000     0.00000     0.00000
    -4.96989     0.00000     0.00000     0.00000     0.00000
    -4.96771     0.00000     0.00000     0.00000     0.00000
    -4.96553     0.00000     0.00000     0.00000     0.00000
    -4.96336     0.00000     0.00000     0.00000     0.00000
    -4.96118     0.00000     0.00000     0.00000     0.00000
    -4.95900     0.00000     0.00000     0.00000     0.00000
    -4.95683     0.00000     0.00000     0.00000     0.00000
    -4.95465     0.00000     0.00000     0.00000     0.00000
    -4.95247     0.00000     0.00000     0.00000     0.00000
    -4.95030     0.00000     0.00000     0.00000     0.00000
    -4.94812     0.00000     0.00000     0.00000     0.00000
    -4.94594     0.00000     0.00000     0.00000     0.00000
    -4.94376     0.00000     0.00000     0.00000     0.00000
    -4.94159     0.00000     0.00000     0.00000     0.00000
    -4.93941     0.00000     0.00000     0.00000     0.00000
    -4.93723     0.00000     0.00000     0.00000     0.00000
    -4.93506     0.00000     0.00000     0.00000     0.00000
    -4.93288     0.00000     0.00000     0.00000     0.00000
    -4.93070     0.00000     0.00000     0.00000     0.00000
    -4.92853     0.00000     0.00000     0.00000     0.00000
    -4.92635     0.00000     0.00000     0.00000     0.00000
    -4.92417     0.00000     0.00000     0.00000     0.00000
    -4.92200     0.00000     0.00000     0.00000     0.00000
    -4.91982     0.00000     0.00000     0.00000     0.00000
    -4.91764     0.00000     0.00000     0.00000     0.00000
    -4.91546     0.00000     0.00000     0.00000     0.00000
    -4.91329     0.00000     0.00000     0.00000     0.00000
    -4.91111     0.00000     0.00000     0.00000     0.00000
    -4.90893     0.00000     0.00000     0.00000     0.00000
    -4.90676     0.00000     0.00000     0.00000     0.00000
    -4.90458     0.00000     0.00000     0.00000     0.00000
    -4.90240     0.00000     0.00000     0.00000     0.00000
    -4.90023     0.00000     0.00000     0.00000     0.00000
    -4.89805     0.00000     0.00000     0.00000     0.00000
    -4.89587     0.00000     0.00000     0.00000     0.00000
    -4.89370     0.00000     0.00000     0.00000     0.00000
    -4.89152     0.00000     0.00000     0.00000     0.00000
    -4.88934     0.00000     0.00000     0.00000     0.00000
    -4.88716     0.00000     0.00000     0.00000     0.00000
    -4.88499     0.00000     0.00000     0.00000     0.00000
    -4.88281     0.00000     0.00000     0.00000     0.00000
    -4.88063     0.00000     0.00000     0.00000     0.00000
    -4.87846     0.00000     0.00000     0.00000     0.00000
    -4.87628     0.00000     0.00000     0.00000     0.00000
    -4.87410     0.00000     0.00000     0.00000     0.00000
    -4.87193     0.00000     0.00000     0.00000     0.00000
    -4.86975     0.00000     0.00000     0.00000     0.00000
    -4.86757     0.00000     0.00000     0.00000     0.00000
    -4.86540     0.00000     0.00000     0.00000     0.00000
    -4.86322     0.00000     0.00000     0.00000     0.00000
    -4.86104     0.00000     0.00000     0.00000     0.00000
    -4.85887     0.00000     0.00000     0.00000     0.00000
    -4.85669     0.00000     0.00000     0.00000     0.00000
    -4.85451     0.00000     0.00000     0.00000     0.00000
    -4.85233     0.00000     0.00000     0.00000     0.00000
    -4.85016     0.00000     0.00000     0.00000     0.00000
    -4.84798     0.00000     0.00000     0.00000     0.00000
    -4.84580     0.00000     0.00000     0.00000     0.00000
    -4.84363     0.00000     0.00000     0.00000     0.00000
    -4.84145     0.00000     0.00000     0.00000     0.00000
    -4.83927     0.00000     0.00000     0.00000     0.00000
    -4.83710     0.00000     0.00000     0.00000     0.00000
    -4.83492     0.00000     0.00000     0.00000     0.00000
    -4.83274     0.00000     0.00000     0.00000     0.00000
    -4.83057     0.00000     0.00000     0.00000     0.00000
    -4.82839     0.00000     0.00000     0.00000     0.00000
    -4.82621     0.00000     0.00000     0.00000     0.00000
    -4.82403     0.00000     0.00000     0.00000     0.00000
    -4.82186     0.00000     0.00000     0.00000     0.00000
    -4.81968     0.00000     0.00000     0.00000     0.00000
    -4.81750     0.00000     0.00000     0.00000     0.00000
    -4.81533     0.00000     0.00000     0.00000     0.00000
    -4.81315     0.00000     0.00000     0.00000     0.00000
    -4.81097     0.00000     0.00000     0.00000     0.00000
    -4.80880     0.00000     0.00000     0.00000     0.00000
    -4.80662     0.00000     0.00000     0.00000     0.00000
    -4.80444     0.00000     0.00000     0.00000     0.00000
    -4.80227     0.00000     0.00000     0.00000     0.00000
    -4.80009     0.00000     0.00000     0.00000     0.00000
    -4.79791     0.00000     0.00000     0.00000     0.00000
    -4.79573     0.00000     0.00000     0.00000     0.00000
    -4.79356     0.00000     0.00000     0.00000     0.00000
    -4.79138     0.00000     0.00000     0.00000     0.00000
    -4.78920     0.00000     0.00000     0.00000     0.00000
    -4.78703     0.00000     0.00000     0.00000     0.00000
    -4.78485     0.00000     0.00000     0.00000     0.00000
    -4.78267     0.00000     0.00000     0.00000     0.00000
    -4.78050     0.00000     0.00000     0.00000     0.00000
    -4.77832     0.00000     0.00000     0.00000     0.00000
    -4.77614     0.00000     0.00000     0.00000     0.00000
    -4.77397     0.00000     0.00000     0.00000     0.00000
    -4.77179     0.00000     0.00000     0.00000     0.00000
    -4.76961     0.00000     0.00000     0.00000     0.00000
    -4.76743     0.00000     0.00000     0.00000     0.00000
    -4.76526     0.00000     0.00000     0.00000     0.00000
    -4.76308     0.00000     0.00000     0.00000     0.00000
    -4.76090     0.00000     0.00000     0.00000     0.00000
    -4.75873     0.00000     0.00000     0.00000     0.00000
    -4.75655     0.00000     0.00000     0.00000     0.00000
    -4.75437     0.00000     0.00000     0.00000     0.00000
    -4.75220     0.00000     0.00000     0.00000     0.00000
    -4.75002     0.00000     0.00000     0.00000     0.00000
    -4.74784     0.00000     0.00000     0.00000     0.00000
    -4.74567     0.00000     0.00000     0.00000     0.00000
    -4.74349     0.00000     0.00000     0.00000     0.00000
    -4.74131     0.00001     0.00000     0.00000     0.00000
    -4.73913     0.00001     0.00000     0.00001     0.00000
    -4.73696     0.00001     0.00000     0.00001     0.00000
    -4.73478     0.00002     0.00000     0.00002     0.00000
    -4.73260     0.00003     0.00000     0.00002     0.00000
    -4.73043     0.00004     0.00000     0.00003     0.00001
    -4.72825     0.00006     0.00000     0.00005     0.00001
    -4.72607     0.00008     0.00000     0.00007     0.00001
    -4.72390     0.00012     0.00000     0.00011     0.00002
    -4.72172     0.00018     0.00000     0.00015     0.00002
    -4.71954     0.00025     0.00000     0.00022     0.00003
    -4.71737     0.00036     0.00000     0.00031     0.00005
    -4.71519     0.00051     0.00000     0.00044     0.00007
    -4.71301     0.00072     0.00000     0.00062     0.00009
    -4.71084     0.00101     0.00000     0.00087     0.00013
    -4.70866     0.00140     0.00000     0.00121     0.00018
    -4.70648     0.00193     0.00000     0.00168     0.00025
    -4.70430     0.00265     0.00000     0.00231     0.00035
    -4.70213     0.00362     0.00000     0.00315     0.00048
    -4.69995     0.00491     0.00000     0.00426     0.00065
    -4.69777     0.00661     0.00000     0.00574     0.00087
    -4.69560     0.00885     0.00000     0.00769     0.00116
    -4.69342     0.01177     0.00000     0.01022     0.00155
    -4.69124     0.01556     0.00000     0.01351     0.00205
    -4.68907     0.02042     0.00000     0.01774     0.00269
    -4.68689     0.02665     0.00000     0.02314     0.00350
    -4.68471     0.03454     0.00000     0.03000     0.00454
    -4.68254     0.04449     0.00000     0.03864     0.00585
    -4.68036     0.05694     0.00000     0.04946     0.00749
    -4.67818     0.07241     0.00000     0.06289     0.00952
    -4.67600     0.09150     0.00000     0.07947     0.01203
    -4.67383     0.11488     0.00000     0.09977     0.01510
    -4.67165     0.14331     0.00000     0.12446     0.01884
    -4.66947     0.17763     0.00000     0.15428     0.02335
    -4.66730     0.21877     0.00000     0.19001     0.02876
    -4.66512     0.26773     0.00000     0.23253     0.03520
    -4.66294     0.32554     0.00000     0.28274     0.04280
    -4.66077     0.39332     0.00000     0.34161     0.05171
    -4.65859     0.47218     0.00000     0.41010     0.06208
    -4.65641     0.56323     0.00000     0.48918     0.07405
    -4.65424     0.66755     0.00000     0.57978     0.08777
    -4.65206     0.78615     0.00000     0.68278     0.10336
    -4.64988     0.91991     0.00000     0.79896     0.12095
    -4.64770     1.06956     0.00000     0.92893     0.14062
    -4.64553     1.23562     0.00000     1.07316     0.16246
    -4.64335     1.41836     0.00000     1.23188     0.18648
    -4.64117     1.61774     0.00000     1.40504     0.21270
    -4.63900     1.83338     0.00000     1.59233     0.24105
    -4.63682     2.06450     0.00000     1.79306     0.27144
    -4.63464     2.30993     0.00000     2.00622     0.30371
    -4.63247     2.56804     0.00000     2.23040     0.33764
    -4.63029     2.83679     0.00000     2.46381     0.37298
    -4.62811     3.11367     0.00000     2.70429     0.40938
    -4.62594     3.39577     0.00000     2.94930     0.44647
    -4.62376     3.67980     0.00000     3.19599     0.48382
    -4.62158     3.96215     0.00000     3.44121     0.52094
    -4.61940     4.23895     0.00000     3.68162     0.55733
    -4.61723     4.50616     0.00000     3.91369     0.59246
    -4.61505     4.75964     0.00000     4.13385     0.62579
    -4.61287     4.99532     0.00000     4.33854     0.65678
    -4.61070     5.20922     0.00000     4.52432     0.68490
    -4.60852     5.39762     0.00000     4.68795     0.70967
    -4.60634     5.55716     0.00000     4.82651     0.73065
    -4.60417     5.68491     0.00000     4.93747     0.74744
    -4.60199     5.77850     0.00000     5.01875     0.75975
    -4.59981     5.83616     0.00000     5.06883     0.76733
    -4.59764     5.85679     0.00000     5.08674     0.77004
    -4.59546     5.83999     0.00000     5.07216     0.76783
    -4.59328     5.78610     0.00000     5.02535     0.76075
    -4.59111     5.69613     0.00000     4.94721     0.74892
    -4.58893     5.57178     0.00000     4.83921     0.73257
    -4.58675     5.41538     0.00000     4.70338     0.71201
    -4.58457     5.22980     0.00000     4.54219     0.68761
    -4.58240     5.01835     0.00000     4.35854     0.65981
    -4.58022     4.78473     0.00000     4.15564     0.62909
    -4.57804     4.53288     0.00000     3.93690     0.59598
    -4.57587     4.26690     0.00000     3.70589     0.56101
    -4.57369     3.99089     0.00000     3.46618     0.52472
    -4.57151     3.70893     0.00000     3.22129     0.48765
    -4.56934     3.42490     0.00000     2.97460     0.45030
    -4.56716     3.14244     0.00000     2.72928     0.41316
    -4.56498     2.86489     0.00000     2.48822     0.37667
    -4.56281     2.59518     0.00000     2.25397     0.34121
    -4.56063     2.33587     0.00000     2.02876     0.30712
    -4.55845     2.08906     0.00000     1.81439     0.27467
    -4.55627     1.85641     0.00000     1.61233     0.24408
    -4.55410     1.63914     0.00000     1.42363     0.21551
    -4.55192     1.43807     0.00000     1.24899     0.18908
    -4.54974     1.25361     0.00000     1.08879     0.16482
    -4.54757     1.08584     0.00000     0.94308     0.14277
    -4.54539     0.93453     0.00000     0.81166     0.12287
    -4.54321     0.79917     0.00000     0.69409     0.10507
    -4.54104     0.67905     0.00000     0.58977     0.08928
    -4.53886     0.57331     0.00000     0.49793     0.07538
    -4.53668     0.48095     0.00000     0.41771     0.06323
    -4.53451     0.40089     0.00000     0.34818     0.05271
    -4.53233     0.33203     0.00000     0.28837     0.04365
    -4.53015     0.27324     0.00000     0.23731     0.03592
    -4.52797     0.22342     0.00000     0.19405     0.02938
    -4.52580     0.18153     0.00000     0.15766     0.02387
    -4.52362     0.14654     0.00000     0.12728     0.01927
    -4.52144     0.11755     0.00000     0.10209     0.01546
    -4.51927     0.09369     0.00000     0.08137     0.01232
    -4.51709     0.07420     0.00000     0.06444     0.00976
    -4.51491     0.05838     0.00000     0.05071     0.00768
    -4.51274     0.04565     0.00000     0.03965     0.00600
    -4.51056     0.03546     0.00000     0.03080     0.00466
    -4.50838     0.02737     0.00000     0.02378     0.00360
    -4.50621     0.02100     0.00000     0.01824     0.00276
    -4.50403     0.01600     0.00000     0.01390     0.00210
    -4.50185     0.01212     0.00000     0.01052     0.00159
    -4.49967     0.00912     0.00000     0.00792     0.00120
    -4.49750     0.00682     0.00000     0.00592     0.00090
    -4.49532     0.00506     0.00000     0.00440     0.00067
    -4.49314     0.00374     0.00000     0.00325     0.00049
    -4.49097     0.00274     0.00000     0.00238     0.00036
    -4.48879     0.00200     0.00000     0.00173     0.00026
    -4.48661     0.00145     0.00000     0.00126     0.00019
    -4.48444     0.00104     0.00000     0.00090     0.00014
    -4.48226     0.00074     0.00000     0.00065     0.00010
    -4.48008     0.00053     0.00000     0.00046     0.00007
    -4.47791     0.00037     0.00000     0.00032     0.00005
    -4.47573     0.00026     0.00000     0.00023     0.00003
    -4.47355     0.00018     0.00000     0.00016     0.00002
    -4.47137     0.00013     0.00000     0.00011     0.00002
    -4.46920     0.00009     0.00000     0.00008     0.00001
    -4.46702     0.00006     0.00000     0.00005     0.00001
    -4.46484     0.00004     0.00000     0.00003     0.00001
    -4.46267     0.00003     0.00000     0.00002     0.00000
    -4.46049     0.00002     0.00000     0.00002     0.00000
    -4.45831     0.00001     0.00000     0.00001     0.00000
    -4.45614     0.00001     0.00000     0.00001     0.00000
    -4.45396     0.00001     0.00000     0.00000     0.00000
    -4.45178     0.00000     0.00000     0.00000     0.00000
    -4.44961     0.00000     0.00000     0.00000     0.00000
    -4.44743     0.00000     0.00000     0.00000     0.00000
    -4.44525     0.00000     0.00000     0.00000     0.00000
    -4.44308     0.00000     0.00000     0.00000     0.00000
    -4.44090     0.00000     0.00000     0.00000     0.00000
    -4.43872     0.00000     0.00000     0.00000     0.00000
    -4.43654     0.00000     0.00000     0.00000     0.00000
    -4.43437     0.00000     0.00000     0.00000     0.00000
    -4.43219     0.00000     0.00000     0.00000     0.00000
    -4.43001     0.00000     0.00000     0.00000     0.00000
    -4.42784     0.00000     0.00000     0.00000     0.00000
    -4.42566     0.00000     0.00000     0.00000     0.00000
    -4.42348     0.00000     0.00000     0.00000     0.00000
    -4.42131     0.00000     0.00000     0.00000     0.00000
    -4.41913     0.00000     0.00000     0.00000     0.00000
    -4.41695     0.00000     0.00000     0.00000     0.00000
    -4.41478     0.00000     0.00000     0.00000     0.00000
    -4.41260     0.00000     0.00000     0.00000     0.00000
    -4.41042     0.00000     0.00000     0.00000     0.00000
    -4.40824     0.00000     0.00000     0.00000     0.00000
    -4.40607     0.00000     0.00000     0.00000     0.00000
    -4.40389     0.00000     0.00000     0.00000     0.00000
    -4.40171     0.00000     0.00000     0.00000     0.00000
    -4.39954     0.00000     0.00000     0.00000     0.00000
    -4.39736     0.00000     0.00000     0.00000     0.00000
    -4.39518     0.00000     0.00000     0.00000     0.00000
    -4.39301     0.00000     0.00000     0.00000     0.00000
    -4.39083     0.00000     0.00000     0.00000     0.00000
    -4.38865     0.00000     0.00000     0.00000     0.00000
    -4.38648     0.00000     0.00000     0.00000     0.00000
    -4.38430     0.00000     0.00000     0.00000     0.00000
    -4.38212     0.00000     0.00000     0.00000     0.00000
    -4.37994     0.00000     0.00000     0.00000     0.00000
    -4.37777     0.00000     0.00000     0.00000     0.00000
    -4.37559     0.00000     0.00000     0.00000     0.00000
    -4.37341     0.00000     0.00000     0.00000     0.00000
    -4.37124     0.00000     0.00000     0.00000     0.00000
    -4.36906     0.00000     0.00000     0.00000     0.00000
    -4.36688     0.00000     0.00000     0.00000     0.00000
    -4.36471     0.00000     0.00000     0.00000     0.00000
    -4.36253     0.00000     0.00000     0.00000     0.00000
    -4.36035     0.00000     0.00000     0.00000     0.00000
    -4.35818     0.00000     0.00000     0.00000     0.00000
    -4.35600     0.00000     0.00000     0.00000     0.00000
    -4.35382     0.00000     0.00000     0.00000     0.00000
    -4.35164     0.00000     0.00000     0.00000     0.00000
    -4.34947     0.00000     0.00000     0.00000     0.00000
    -4.34729     0.00000     0.00000     0.00000     0.00000
    -4.34511     0.00000     0.00000     0.00000     0.00000
    -4.34294     0.00000     0.00000     0.00000     0.00000
    -4.34076     0.00000     0.00000     0.00000     0.00000
    -4.33858     0.00000     0.00000     0.00000     0.00000
    -4.33641     0.00000     0.00000     0.00000     0.00000
    -4.33423     0.00000     0.00000     0.00000     0.00000
    -4.33205     0.00000     0.00000     0.00000     0.00000
    -4.32988     0.00000     0.00000     0.00000     0.00000
    -4.32770     0.00000     0.00000     0.00000     0.00000
    -4.32552     0.00000     0.00000     0.00000     0.00000
    -4.32335     0.00000     0.00000     0.00000     0.00000
    -4.32117     0.00000     0.00000     0.00000     0.00000
    -4.31899     0.00000     0.00000     0.00000     0.00000
    -4.31681     0.00000     0.00000     0.00000     0.00000
    -4.31464     0.00000     0.00000     0.00000     0.00000
    -4.31246     0.00000     0.00000     0.00000     0.00000
    -4.31028     0.00000     0.00000     0.00000     0.00000
    -4.30811     0.00000     0.00000     0.00000     0.00000
    -4.30593     0.00000     0.00000     0.00000     0.00000
    -4.30375     0.00000     0.00000     0.00000     0.00000
    -4.30158     0.00000     0.00000     0.00000     0.00000
    -4.29940     0.00000     0.00000     0.00000     0.00000
    -4.29722     0.00000     0.00000     0.00000     0.00000
    -4.29505     0.00000     0.00000     0.00000     0.00000
    -4.29287     0.00000     0.00000     0.00000     0.00000
    -4.29069     0.00000     0.00000     0.00000     0.00000
    -4.28851     0.00000     0.00000     0.00000     0.00000
    -4.28634     0.00000     0.00000     0.00000     0.00000
    -4.28416     0.00000     0.00000     0.00000     0.00000
    -4.28198     0.00000     0.00000     0.00000     0.00000
    -4.27981     0.00000     0.00000     0.00000     0.00000
    -4.27763     0.00000     0.00000     0.00000     0.00000
    -4.27545     0.00000     0.00000     0.00000     0.00000
    -4.27328     0.00000     0.00000     0.00000     0.00000
    -4.27110     0.00000     0.00000     0.00000     0.00000
    -4.26892     0.00000     0.00000     0.00000     0.00000
    -4.26675     0.00000     0.00000     0.00000     0.00000
    -4.26457     0.00000     0.00000     0.00000     0.00000
    -4.26239     0.00000     0.00000     0.00000     0.00000
    -4.26021     0.00000     0.00000     0.00000     0.00000
    -4.25804     0.00000     0.00000     0.00000     0.00000
    -4.25586     0.00000     0.00000     0.00000     0.00000
    -4.25368     0.00000     0.00000     0.00000     0.00000
    -4.25151     0.00000     0.00000     0.00000     0.00000
    -4.24933     0.00000     0.00000     0.00000     0.00000
    -4.24715     0.00000     0.00000     0.00000     0.00000
    -4.24498     0.00000     0.00000     0.00000     0.00000
    -4.24280     0.00000     0.00000     0.00000     0.00000
    -4.24062     0.00000     0.00000     0.00000     0.00000
    -4.23845     0.00000     0.00000     0.00000     0.00000
    -4.23627     0.00000     0.00000     0.00000     0.00000
    -4.23409     0.00000     0.00000     0.00000     0.00000
    -4.23191     0.00000     0.00000     0.00000     0.00000
    -4.22974     0.00000     0.00000     0.00000     0.00000
    -4.22756     0.00000     0.00000     0.00000     0.00000
    -4.22538     0.00000     0.00000     0.00000     0.00000
    -4.22321     0.00000     0.00000     0.00000     0.00000
    -4.22103     0.00000     0.00000     0.00000     0.00000
    -4.21885     0.00000     0.00000     0.00000     0.00000
    -4.21668     0.00000     0.00000     0.00000     0.00000
    -4.21450     0.00000     0.00000     0.00000     0.00000
    -4.21232     0.00000     0.00000     0.00000     0.00000
    -4.21015     0.00000     0.00000     0.00000     0.00000
    -4.20797     0.00000     0.00000     0.00000     0.00000
    -4.20579     0.00000     0.00000     0.00000     0.00000
    -4.20361     0.00000     0.00000     0.00000     0.00000
    -4.20144     0.00000     0.00000     0.00000     0.00000
    -4.19926     0.00000     0.00000     0.00000     0.00000
    -4.19708     0.00000     0.00000     0.00000     0.00000
    -4.19491     0.00000     0.00000     0.00000     0.00000
    -4.19273     0.00000     0.00000     0.00000     0.00000
    -4.19055     0.00000     0.00000     0.00000     0.00000
    -4.18838     0.00000     0.00000     0.00000     0.00000
    -4.18620     0.00000     0.00000     0.00000     0.00000
    -4.18402     0.00000     0.00000     0.00000     0.00000
    -4.18185     0.00000     0.00000     0.00000     0.00000
    -4.17967     0.00000     0.00000     0.00000     0.00000
    -4.17749     0.00000     0.00000     0.00000     0.00000
    -4.17532     0.00000     0.00000     0.00000     0.00000
    -4.17314     0.00000     0.00000     0.00000     0.00000
    -4.17096     0.00000     0.00000     0.00000     0.00000
    -4.16878     0.00000     0.00000     0.00000     0.00000
    -4.16661     0.00000     0.00000     0.00000     0.00000
    -4.16443     0.00000     0.00000     0.00000     0.00000
    -4.16225     0.00000     0.00000     0.00000     0.00000
    -4.16008     0.00000     0.00000     0.00000     0.00000
    -4.15790     0.00000     0.00000     0.00000     0.00000
    -4.15572     0.00000     0.00000     0.00000     0.00000
    -4.15355     0.00000     0.00000     0.00000     0.00000
    -4.15137     0.00000     0.00000     0.00000     0.00000
    -4.14919     0.00000     0.00000     0.00000     0.00000
    -4.14702     0.00000     0.00000     0.00000     0.00000
    -4.14484     0.00000     0.00000     0.00000     0.00000
    -4.14266     0.00000     0.00000     0.00000     0.00000
    -4.14048     0.00000     0.00000     0.00000     0.00000
    -4.13831     0.00000     0.00000     0.00000     0.00000
    -4.13613     0.00000     0.00000     0.00000     0.00000
    -4.13395     0.00000     0.00000     0.00000     0.00000
    -4.13178     0.00000     0.00000     0.00000     0.00000
    -4.12960     0.00000     0.00000     0.00000     0.00000
    -4.12742     0.00000     0.00000     0.00000     0.00000
    -4.12525     0.00000     0.00000     0.00000     0.00000
    -4.12307     0.00000     0.00000     0.00000     0.00000
    -4.12089     0.00000     0.00000     0.00000     0.00000
    -4.11872     0.00000     0.00000     0.00000     0.00000
    -4.11654     0.00000     0.00000     0.00000     0.00000
    -4.11436     0.00000     0.00000     0.00000     0.00000
    -4.11218     0.00000     0.00000     0.00000     0.00000
    -4.11001     0.00000     0.00000     0.00000     0.00000
    -4.10783     0.00000     0.00000     0.00000     0.00000
    -4.10565     0.00000     0.00000     0.00000     0.00000
    -4.10348     0.00000     0.00000     0.00000     0.00000
    -4.10130     0.00000     0.00000     0.00000     0.00000
    -4.09912     0.00000     0.00000     0.00000     0.00000
    -4.09695     0.00000     0.00000     0.00000     0.00000
    -4.09477     0.00000     0.00000     0.00000     0.00000
    -4.09259     0.00000     0.00000     0.00000     0.00000
    -4.09042     0.00000     0.00000     0.00000     0.00000
    -4.08824     0.00000     0.00000     0.00000     0.00000
    -4.08606     0.00000     0.00000     0.00000     0.00000
    -4.08388     0.00000     0.00000     0.00000     0.00000
    -4.08171     0.00000     0.00000     0.00000     0.00000
    -4.07953     0.00000     0.00000     0.00000     0.00000
    -4.07735     0.00000     0.00000     0.00000     0.00000
    -4.07518     0.00000     0.00000     0.00000     0.00000
    -4.07300     0.00000     0.00000     0.00000     0.00000
    -4.07082     0.00000     0.00000     0.00000     0.00000
    -4.06865     0.00000     0.00000     0.00000     0.00000
    -4.06647     0.00000     0.00000     0.00000     0.00000
    -4.06429     0.00000     0.00000     0.00000     0.00000
    -4.06212     0.00000     0.00000     0.00000     0.00000
    -4.05994     0.00000     0.00000     0.00000     0.00000
    -4.05776     0.00000     0.00000     0.00000     0.00000
    -4.05558     0.00000     0.00000     0.00000     0.00000
    -4.05341     0.00000     0.00000     0.00000     0.00000
    -4.05123     0.00000     0.00000     0.00000     0.00000
    -4.04905     0.00000     0.00000     0.00000     0.00000
    -4.04688     0.00000     0.00000     0.00000     0.00000
    -4.04470     0.00000     0.00000     0.00000     0.00000
    -4.04252     0.00000     0.00000     0.00000     0.00000
    -4.04035     0.00000     0.00000     0.00000     0.00000
    -4.03817     0.00000     0.00000     0.00000     0.00000
    -4.03599     0.00000     0.00000     0.00000     0.00000
    -4.03382     0.00000     0.00000     0.00000     0.00000
    -4.03164     0.00000     0.00000     0.00000     0.00000
    -4.02946     0.00000     0.00000     0.00000     0.00000
    -4.02729     0.00000     0.00000     0.00000     0.00000
    -4.02511     0.00000     0.00000     0.00000     0.00000
    -4.02293     0.00000     0.00000     0.00000     0.00000
    -4.02075     0.00000     0.00000     0.00000     0.00000
    -4.01858     0.00000     0.00000     0.00000     0.00000
    -4.01640     0.00000     0.00000     0.00000     0.00000
    -4.01422     0.00000     0.00000     0.00000     0.00000
    -4.01205     0.00000     0.00000     0.00000     0.00000
    -4.00987     0.00000     0.00000     0.00000     0.00000
    -4.00769     0.00000     0.00000     0.00000     0.00000
    -4.00552     0.00000     0.00000     0.00000     0.00000
    -4.00334     0.00000     0.00000     0.00000     0.00000
    -4.00116     0.00000     0.00000     0.00000     0.00000
    -3.99899     0.00000     0.00000     0.00000     0.00000
    -3.99681     0.00000     0.00000     0.00000     0.00000
    -3.99463     0.00000     0.00000     0.00000     0.00000
    -3.99245     0.00000     0.00000     0.00000     0.00000
    -3.99028     0.00000     0.00000     0.00000     0.00000
    -3.98810     0.00000     0.00000     0.00000     0.00000
    -3.98592     0.00000     0.00000     0.00000     0.00000
    -3.98375     0.00000     0.00000     0.00000     0.00000
    -3.98157     0.00000     0.00000     0.00000     0.00000
    -3.97939     0.00000     0.00000     0.00000     0.00000
    -3.97722     0.00000     0.00000     0.00000     0.00000
    -3.97504     0.00000     0.00000     0.00000     0.00000
    -3.97286     0.00000     0.00000     0.00000     0.00000
    -3.97069     0.00000     0.00000     0.00000     0.00000
    -3.96851     0.00000     0.00000     0.00000     0.00000
    -3.96633     0.00000     0.00000     0.00000     0.00000
    -3.96415     0.00000     0.00000     0.00000     0.00000
    -3.96198     0.00000     0.00000     0.00000     0.00000
    -3.95980     0.00000     0.00000     0.00000     0.00000
    -3.95762     0.00000     0.00000     0.00000     0.00000
    -3.95545     0.00000     0.00000     0.00000     0.00000
    -3.95327     0.00000     0.00000     0.00000     0.00000
    -3.95109     0.00000     0.00000     0.00000     0.00000
    -3.94892     0.00000     0.00000     0.00000     0.00000
    -3.94674     0.00000     0.00000     0.00000     0.00000
    -3.94456     0.00000     0.00000     0.00000     0.00000
    -3.94239     0.00000     0.00000     0.00000     0.00000
    -3.94021     0.00000     0.00000     0.00000     0.00000
    -3.93803     0.00000     0.00000     0.00000     0.00000
    -3.93585     0.00000     0.00000     0.00000     0.00000
    -3.93368     0.00000     0.00000     0.00000     0.00000
    -3.93150     0.00000     0.00000     0.00000     0.00000
    -3.92932     0.00000     0.00000     0.00000     0.00000
    -3.92715     0.00000     0.00000     0.00000     0.00000
    -3.92497     0.00000     0.00000     0.00000     0.00000
    -3.92279     0.00000     0.00000     0.00000     0.00000
    -3.92062     0.00000     0.00000     0.00000     0.00000
    -3.91844     0.00000     0.00000     0.00000     0.00000
    -3.91626     0.00000     0.00000     0.00000     0.00000
    -3.91409     0.00000     0.00000     0.00000     0.00000
    -3.91191     0.00000     0.00000     0.00000     0.00000
    -3.90973     0.00000     0.00000     0.00000     0.00000
    -3.90756     0.00000     0.00000     0.00000     0.00000
    -3.90538     0.00000     0.00000     0.00000     0.00000
    -3.90320     0.00000     0.00000     0.00000     0.00000
    -3.90102     0.00000     0.00000     0.00000     0.00000
    -3.89885     0.00000     0.00000     0.00000     0.00000
    -3.89667     0.00000     0.00000     0.00000     0.00000
    -3.89449     0.00000     0.00000     0.00000     0.00000
    -3.89232     0.00000     0.00000     0.00000     0.00000
    -3.89014     0.00000     0.00000     0.00000     0.00000
    -3.88796     0.00000     0.00000     0.00000     0.00000
    -3.88579     0.00000     0.00000     0.00000     0.00000
    -3.88361     0.00000     0.00000     0.00000     0.00000
    -3.88143     0.00000     0.00000     0.00000     0.00000
    -3.87926     0.00000     0.00000     0.00000     0.00000
    -3.87708     0.00000     0.00000     0.00000     0.00000
    -3.87490     0.00000     0.00000     0.00000     0.00000
    -3.87272     0.00000     0.00000     0.00000     0.00000
    -3.87055     0.00000     0.00000     0.00000     0.00000
    -3.86837     0.00000     0.00000     0.00000     0.00000
    -3.86619     0.00000     0.00000     0.00000     0.00000
    -3.86402     0.00000     0.00000     0.00000     0.00000
    -3.86184     0.00000     0.00000     0.00000     0.00000
    -3.85966     0.00000     0.00000     0.00000     0.00000
    -3.85749     0.00000     0.00000     0.00000     0.00000
    -3.85531     0.00000     0.00000     0.00000     0.00000
    -3.85313     0.00000     0.00000     0.00000     0.00000
    -3.85096     0.00000     0.00000     0.00000     0.00000
    -3.84878     0.00000     0.00000     0.00000     0.00000
    -3.84660     0.00000     0.00000     0.00000     0.00000
    -3.84442     0.00000     0.00000     0.00000     0.00000
    -3.84225     0.00000     0.00000     0.00000     0.00000
    -3.84007     0.00000     0.00000     0.00000     0.00000
    -3.83789     0.00000     0.00000     0.00000     0.00000
    -3.83572     0.00000     0.00000     0.00000     0.00000
    -3.83354     0.00000     0.00000     0.00000     0.00000
    -3.83136     0.00000     0.00000     0.00000     0.00000
    -3.82919     0.00000     0.00000     0.00000     0.00000
    -3.82701     0.00000     0.00000     0.00000     0.00000
    -3.82483     0.00000     0.00000     0.00000     0.00000
    -3.82266     0.00000     0.00000     0.00000     0.00000
    -3.82048     0.00000     0.00000     0.00000     0.00000
    -3.81830     0.00000     0.00000     0.00000     0.00000
    -3.81612     0.00000     0.00000     0.00000     0.00000
    -3.81395     0.00000     0.00000     0.00000     0.00000
    -3.81177     0.00000     0.00000     0.00000     0.00000
    -3.80959     0.00000     0.00000     0.00000     0.00000
    -3.80742     0.00000     0.00000     0.00000     0.00000
    -3.80524     0.00000     0.00000     0.00000     0.00000
    -3.80306     0.00000     0.00000     0.00000     0.00000
    -3.80089     0.00000     0.00000     0.00000     0.00000
    -3.79871     0.00000     0.00000     0.00000     0.00000
    -3.79653     0.00000     0.00000     0.00000     0.00000
    -3.79436     0.00000     0.00000     0.00000     0.00000
    -3.79218     0.00000     0.00000     0.00000     0.00000
    -3.79000     0.00000     0.00000     0.00000     0.00000
    -3.78782     0.00000     0.00000     0.00000     0.00000
    -3.78565     0.00000     0.00000     0.00000     0.00000
    -3.78347     0.00000     0.00000     0.00000     0.00000
    -3.78129     0.00000     0.00000     0.00000     0.00000
    -3.77912     0.00000     0.00000     0.00000     0.00000
    -3.77694     0.00000     0.00000     0.00000     0.00000
    -3.77476     0.00000     0.00000     0.00000     0.00000
    -3.77259     0.00000     0.00000     0.00000     0.00000
    -3.77041     0.00000     0.00000     0.00000     0.00000
    -3.76823     0.00000     0.00000     0.00000     0.00000
    -3.76606     0.00000     0.00000     0.00000     0.00000
    -3.76388     0.00000     0.00000     0.00000     0.00000
    -3.76170     0.00000     0.00000     0.00000     0.00000
    -3.75953     0.00000     0.00000     0.00000     0.00000
    -3.75735     0.00000     0.00000     0.00000     0.00000
    -3.75517     0.00000     0.00000     0.00000     0.00000
    -3.75299     0.00000     0.00000     0.00000     0.00000
    -3.75082     0.00000     0.00000     0.00000     0.00000
    -3.74864     0.00000     0.00000     0.00000     0.00000
    -3.74646     0.00000     0.00000     0.00000     0.00000
    -3.74429     0.00000     0.00000     0.00000     0.00000
    -3.74211     0.00000     0.00000     0.00000     0.00000
    -3.73993     0.00000     0.00000     0.00000     0.00000
    -3.73776     0.00000     0.00000     0.00000     0.00000
    -3.73558     0.00000     0.00000     0.00000     0.00000
    -3.73340     0.00000     0.00000     0.00000     0.00000
    -3.73123     0.00000     0.00000     0.00000     0.00000
    -3.72905     0.00000     0.00000     0.00000     0.00000
    -3.72687     0.00000     0.00000     0.00000     0.00000
    -3.72469     0.00000     0.00000     0.00000     0.00000
    -3.72252     0.00000     0.00000     0.00000     0.00000
    -3.72034     0.00000     0.00000     0.00000     0.00000
    -3.71816     0.00000     0.00000     0.00000     0.00000
    -3.71599     0.00000     0.00000     0.00000     0.00000
    -3.71381     0.00000     0.00000     0.00000     0.00000
    -3.71163     0.00000     0.00000     0.00000     0.00000
    -3.70946     0.00000     0.00000     0.00000     0.00000
    -3.70728     0.00000     0.00000     0.00000     0.00000
    -3.70510     0.00000     0.00000     0.00000     0.00000
    -3.70293     0.00000     0.00000     0.00000     0.00000
    -3.70075     0.00000     0.00000     0.00000     0.00000
    -3.69857     0.00000     0.00000     0.00000     0.00000
    -3.69639     0.00000     0.00000     0.00000     0.00000
    -3.69422     0.00000     0.00000     0.00000     0.00000
    -3.69204     0.00000     0.00000     0.00000     0.00000
    -3.68986     0.00000     0.00000     0.00000     0.00000
    -3.68769     0.00000     0.00000     0.00000     0.00000
    -3.68551     0.00000     0.00000     0.00000     0.00000
    -3.68333     0.00000     0.00000     0.00000     0.00000
    -3.68116     0.00000     0.00000     0.00000     0.00000
    -3.67898     0.00000     0.00000     0.00000     0.00000
    -3.67680     0.00000     0.00000     0.00000     0.00000
    -3.67463     0.00000     0.00000     0.00000     0.00000
    -3.67245     0.00000     0.00000     0.00000     0.00000
    -3.67027     0.00000     0.00000     0.00000     0.00000
    -3.66809     0.00000     0.00000     0.00000     0.00000
    -3.66592     0.00000     0.00000     0.00000     0.00000
    -3.66374     0.00000     0.00000     0.00000     0.00000
    -3.66156     0.00000     0.00000     0.00000     0.00000
    -3.65939     0.00000     0.00000     0.00000     0.00000
    -3.65721     0.00000     0.00000     0.00000     0.00000
    -3.65503     0.00000     0.00000     0.00000     0.00000
    -3.65286     0.00000     0.00000     0.00000     0.00000
    -3.65068     0.00000     0.00000     0.00000     0.00000
    -3.64850     0.00000     0.00000     0.00000     0.00000
    -3.64633     0.00000     0.00000     0.00000     0.00000
    -3.64415     0.00000     0.00000     0.00000     0.00000
    -3.64197     0.00000     0.00000     0.00000     0.00000
    -3.63979     0.00000     0.00000     0.00000     0.00000
    -3.63762     0.00000     0.00000     0.00000     0.00000
    -3.63544     0.00000     0.00000     0.00000     0.00000
    -3.63326     0.00000     0.00000     0.00000     0.00000
    -3.63109     0.00000     0.00000     0.00000     0.00000
    -3.62891     0.00000     0.00000     0.00000     0.00000
    -3.62673     0.00000     0.00000     0.00000     0.00000
    -3.62456     0.00000     0.00000     0.00000     0.00000
    -3.62238     0.00000     0.00000     0.00000     0.00000
    -3.62020     0.00000     0.00000     0.00000     0.00000
    -3.61803     0.00000     0.00000     0.00000     0.00000
    -3.61585     0.00000     0.00000     0.00000     0.00000
    -3.61367     0.00000     0.00000     0.00000     0.00000
    -3.61150     0.00000     0.00000     0.00000     0.00000
    -3.60932     0.00000     0.00000     0.00000     0.00000
    -3.60714     0.00000     0.00000     0.00000     0.00000
    -3.60496     0.00000     0.00000     0.00000     0.00000
    -3.60279     0.00000     0.00000     0.00000     0.00000
    -3.60061     0.00000     0.00000     0.00000     0.00000
    -3.59843     0.00000     0.00000     0.00000     0.00000
    -3.59626     0.00000     0.00000     0.00000     0.00000
    -3.59408     0.00000     0.00000     0.00000     0.00000
    -3.59190     0.00000     0.00000     0.00000     0.00000
    -3.58973     0.00000     0.00000     0.00000     0.00000
    -3.58755     0.00000     0.00000     0.00000     0.00000
    -3.58537     0.00000     0.00000     0.00000     0.00000
    -3.58320     0.00000     0.00000     0.00000     0.00000
    -3.58102     0.00000     0.00000     0.00000     0.00000
    -3.57884     0.00000     0.00000     0.00000     0.00000
    -3.57666     0.00000     0.00000     0.00000     0.00000
    -3.57449     0.00000     0.00000     0.00000     0.00000
    -3.57231     0.00000     0.00000     0.00000     0.00000
    -3.57013     0.00000     0.00000     0.00000     0.00000
    -3.56796     0.00000     0.00000     0.00000     0.00000
    -3.56578     0.00000     0.00000     0.00000     0.00000
    -3.56360     0.00000     0.00000     0.00000     0.00000
    -3.56143     0.00000     0.00000     0.00000     0.00000
    -3.55925     0.00000     0.00000     0.00000     0.00000
    -3.55707     0.00000     0.00000     0.00000     0.00000
    -3.55490     0.00000     0.00000     0.00000     0.00000
    -3.55272     0.00000     0.00000     0.00000     0.00000
    -3.55054     0.00000     0.00000     0.00000     0.00000
    -3.54836     0.00000     0.00000     0.00000     0.00000
    -3.54619     0.00000     0.00000     0.00000     0.00000
    -3.54401     0.00000     0.00000     0.00000     0.00000
    -3.54183     0.00000     0.00000     0.00000     0.00000
    -3.53966     0.00000     0.00000     0.00000     0.00000
    -3.53748     0.00000     0.00000     0.00000     0.00000
    -3.53530     0.00000     0.00000     0.00000     0.00000
    -3.53313     0.00000     0.00000     0.00000     0.00000
    -3.53095     0.00000     0.00000     0.00000     0.00000
    -3.52877     0.00000     0.00000     0.00000     0.00000
    -3.52660     0.00000     0.00000     0.00000     0.00000
    -3.52442     0.00000     0.00000     0.00000     0.00000
    -3.52224     0.00000     0.00000     0.00000     0.00000
    -3.52006     0.00000     0.00000     0.00000     0.00000
    -3.51789     0.00000     0.00000     0.00000     0.00000
    -3.51571     0.00000     0.00000     0.00000     0.00000
    -3.51353     0.00000     0.00000     0.00000     0.00000
    -3.51136     0.00000     0.00000     0.00000     0.00000
    -3.50918     0.00000     0.00000     0.00000     0.00000
    -3.50700     0.00000     0.00000     0.00000     0.00000
    -3.50483     0.00000     0.00000     0.00000     0.00000
    -3.50265     0.00000     0.00000     0.00000     0.00000
    -3.50047     0.00000     0.00000     0.00000     0.00000
    -3.49830     0.00000     0.00000     0.00000     0.00000
    -3.49612     0.00000     0.00000     0.00000     0.00000
    -3.49394     0.00000     0.00000     0.00000     0.00000
    -3.49177     0.00000     0.00000     0.00000     0.00000
    -3.48959     0.00000     0.00000     0.00000     0.00000
    -3.48741     0.00000     0.00000     0.00000     0.00000
    -3.48523     0.00000     0.00000     0.00000     0.00000
    -3.48306     0.00000     0.00000     0.00000     0.00000
    -3.48088     0.00000     0.00000     0.00000     0.00000
    -3.47870     0.00000     0.00000     0.00000     0.00000
    -3.47653     0.00000     0.00000     0.00000     0.00000
    -3.47435     0.00000     0.00000     0.00000     0.00000
    -3.47217     0.00000     0.00000     0.00000     0.00000
    -3.47000     0.00000     0.00000     0.00000     0.00000
    -3.46782     0.00000     0.00000     0.00000     0.00000
    -3.46564     0.00000     0.00000     0.00000     0.00000
    -3.46347     0.00000     0.00000     0.00000     0.00000
    -3.46129     0.00000     0.00000     0.00000     0.00000
    -3.45911     0.00000     0.00000     0.00000     0.00000
    -3.45693     0.00000     0.00000     0.00000     0.00000
    -3.45476     0.00000     0.00000     0.00000     0.00000
    -3.45258     0.00000     0.00000     0.00000     0.00000
    -3.45040     0.00000     0.00000     0.00000     0.00000
    -3.44823     0.00000     0.00000     0.00000     0.00000
    -3.44605     0.00000     0.00000     0.00000     0.00000
    -3.44387     0.00000     0.00000     0.00000     0.00000
    -3.44170     0.00000     0.00000     0.00000     0.00000
    -3.43952     0.00000     0.00000     0.00000     0.00000
    -3.43734     0.00000     0.00000     0.00000     0.00000
    -3.43517     0.00000     0.00000     0.00000     0.00000
    -3.43299     0.00000     0.00000     0.00000     0.00000
    -3.43081     0.00000     0.00000     0.00000     0.00000
    -3.42863     0.00000     0.00000     0.00000     0.00000
    -3.42646     0.00000     0.00000     0.00000     0.00000
    -3.42428     0.00000     0.00000     0.00000     0.00000
    -3.42210     0.00000     0.00000     0.00000     0.00000
    -3.41993     0.00000     0.00000     0.00000     0.00000
    -3.41775     0.00000     0.00000     0.00000     0.00000
    -3.41557     0.00000     0.00000     0.00000     0.00000
    -3.41340     0.00000     0.00000     0.00000     0.00000
    -3.41122     0.00000     0.00000     0.00000     0.00000
    -3.40904     0.00000     0.00000     0.00000     0.00000
    -3.40687     0.00000     0.00000     0.00000     0.00000
    -3.40469     0.00000     0.00000     0.00000     0.00000
    -3.40251     0.00000     0.00000     0.00000     0.00000
    -3.40033     0.00000     0.00000     0.00000     0.00000
    -3.39816     0.00000     0.00000     0.00000     0.00000
    -3.39598     0.00000     0.00000     0.00000     0.00000
    -3.39380     0.00000     0.00000     0.00000     0.00000
    -3.39163     0.00000     0.00000     0.00000     0.00000
    -3.38945     0.00000     0.00000     0.00000     0.00000
    -3.38727     0.00000     0.00000     0.00000     0.00000
    -3.38510     0.00000     0.00000     0.00000     0.00000
    -3.38292     0.00000     0.00000     0.00000     0.00000
    -3.38074     0.00000     0.00000     0.00000     0.00000
    -3.37857     0.00000     0.00000     0.00000     0.00000
    -3.37639     0.00000     0.00000     0.00000     0.00000
    -3.37421     0.00000     0.00000     0.00000     0.00000
    -3.37203     0.00000     0.00000     0.00000     0.00000
    -3.36986     0.00000     0.00000     0.00000     0.00000
    -3.36768     0.00000     0.00000     0.00000     0.00000
    -3.36550     0.00000     0.00000     0.00000     0.00000
    -3.36333     0.00000     0.00000     0.00000     0.00000
    -3.36115     0.00000     0.00000     0.00000     0.00000
    -3.35897     0.00000     0.00000     0.00000     0.00000
    -3.35680     0.00000     0.00000     0.00000     0.00000
    -3.35462     0.00000     0.00000     0.00000     0.00000
    -3.35244     0.00000     0.00000     0.00000     0.00000
    -3.35027     0.00000     0.00000     0.00000     0.00000
    -3.34809     0.00000     0.00000     0.00000     0.00000
    -3.34591     0.00000     0.00000     0.00000     0.00000
    -3.34374     0.00000     0.00000     0.00000     0.00000
    -3.34156     0.00000     0.00000     0.00000     0.00000
    -3.33938     0.00000     0.00000     0.00000     0.00000
    -3.33720     0.00000     0.00000     0.00000     0.00000
    -3.33503     0.00000     0.00000     0.00000     0.00000
    -3.33285     0.00000     0.00000     0.00000     0.00000
    -3.33067     0.00000     0.00000     0.00000     0.00000
    -3.32850     0.00000     0.00000     0.00000     0.00000
    -3.32632     0.00000     0.00000     0.00000     0.00000
    -3.32414     0.00000     0.00000     0.00000     0.00000
    -3.32197     0.00000     0.00000     0.00000     0.00000
    -3.31979     0.00000     0.00000     0.00000     0.00000
    -3.31761     0.00000     0.00000     0.00000     0.00000
    -3.31544     0.00000     0.00000     0.00000     0.00000
    -3.31326     0.00000     0.00000     0.00000     0.00000
    -3.31108     0.00000     0.00000     0.00000     0.00000
    -3.30890     0.00000     0.00000     0.00000     0.00000
    -3.30673     0.00000     0.00000     0.00000     0.00000
    -3.30455     0.00000     0.00000     0.00000     0.00000
    -3.30237     0.00000     0.00000     0.00000     0.00000
    -3.30020     0.00000     0.00000     0.00000     0.00000
    -3.29802     0.00000     0.00000     0.00000     0.00000
    -3.29584     0.00000     0.00000     0.00000     0.00000
    -3.29367     0.00000     0.00000     0.00000     0.00000
    -3.29149     0.00000     0.00000     0.00000     0.00000
    -3.28931     0.00000     0.00000     0.00000     0.00000
    -3.28714     0.00000     0.00000     0.00000     0.00000
    -3.28496     0.00000     0.00000     0.00000     0.00000
    -3.28278     0.00000     0.00000     0.00000     0.00000
    -3.28060     0.00000     0.00000     0.00000     0.00000
    -3.27843     0.00000     0.00000     0.00000     0.00000
    -3.27625     0.00000     0.00000     0.00000     0.00000
    -3.27407     0.00000     0.00000     0.00000     0.00000
    -3.27190     0.00000     0.00000     0.00000     0.00000
    -3.26972     0.00000     0.00000     0.00000     0.00000
    -3.26754     0.00000     0.00000     0.00000     0.00000
    -3.26537     0.00000     0.00000     0.00000     0.00000
    -3.26319     0.00000     0.00000     0.00000     0.00000
    -3.26101     0.00000     0.00000     0.00000     0.00000
    -3.25884     0.00000     0.00000     0.00000     0.00000
    -3.25666     0.00000     0.00000     0.00000     0.00000
    -3.25448     0.00000     0.00000     0.00000     0.00000
    -3.25230     0.00000     0.00000     0.00000     0.00000
    -3.25013     0.00000     0.00000     0.00000     0.00000
    -3.24795     0.00000     0.00000     0.00000     0.00000
    -3.24577     0.00000     0.00000     0.00000     0.00000
    -3.24360     0.00000     0.00000     0.00000     0.00000
    -3.24142     0.00000     0.00000     0.00000     0.00000
    -3.23924     0.00000     0.00000     0.00000     0.00000
    -3.23707     0.00000     0.00000     0.00000     0.00000
    -3.23489     0.00000     0.00000     0.00000     0.00000
    -3.23271     0.00000     0.00000     0.00000     0.00000
    -3.23054     0.00000     0.00000     0.00000     0.00000
    -3.22836     0.00000     0.00000     0.00000     0.00000
    -3.22618     0.00000     0.00000     0.00000     0.00000
    -3.22401     0.00000     0.00000     0.00000     0.00000
    -3.22183     0.00000     0.00000     0.00000     0.00000
    -3.21965     0.00000     0.00000     0.00000     0.00000
    -3.21747     0.00000     0.00000     0.00000     0.00000
    -3.21530     0.00000     0.00000     0.00000     0.00000
    -3.21312     0.00000     0.00000     0.00000     0.00000
    -3.21094     0.00000     0.00000     0.00000     0.00000
    -3.20877     0.00000     0.00000     0.00000     0.00000
    -3.20659     0.00000     0.00000     0.00000     0.00000
    -3.20441     0.00000     0.00000     0.00000     0.00000
    -3.20224     0.00000     0.00000     0.00000     0.00000
    -3.20006     0.00000     0.00000     0.00000     0.00000
    -3.19788     0.00000     0.00000     0.00000     0.00000
    -3.19571     0.00000     0.00000     0.00000     0.00000
    -3.19353     0.00000     0.00000     0.00000     0.00000
    -3.19135     0.00000     0.00000     0.00000     0.00000
    -3.18917     0.00000     0.00000     0.00000     0.00000
    -3.18700     0.00000     0.00000     0.00000     0.00000
    -3.18482     0.00000     0.00000     0.00000     0.00000
    -3.18264     0.00000     0.00000     0.00000     0.00000
    -3.18047     0.00000     0.00000     0.00000     0.00000
    -3.17829     0.00000     0.00000     0.00000     0.00000
    -3.17611     0.00000     0.00000     0.00000     0.00000
    -3.17394     0.00000     0.00000     0.00000     0.00000
    -3.17176     0.00000     0.00000     0.00000     0.00000
    -3.16958     0.00000     0.00000     0.00000     0.00000
    -3.16741     0.00000     0.00000     0.00000     0.00000
    -3.16523     0.00000     0.00000     0.00000     0.00000
    -3.16305     0.00000     0.00000     0.00000     0.00000
    -3.16087     0.00000     0.00000     0.00000     0.00000
    -3.15870     0.00000     0.00000     0.00000     0.00000
    -3.15652     0.00000     0.00000     0.00000     0.00000
    -3.15434     0.00000     0.00000     0.00000     0.00000
    -3.15217     0.00000     0.00000     0.00000     0.00000
    -3.14999     0.00000     0.00000     0.00000     0.00000
    -3.14781     0.00000     0.00000     0.00000     0.00000
    -3.14564     0.00000     0.00000     0.00000     0.00000
    -3.14346     0.00000     0.00000     0.00000     0.00000
    -3.14128     0.00000     0.00000     0.00000     0.00000
    -3.13911     0.00000     0.00000     0.00000     0.00000
    -3.13693     0.00000     0.00000     0.00000     0.00000
    -3.13475     0.00000     0.00000     0.00000     0.00000
    -3.13257     0.00000     0.00000     0.00000     0.00000
    -3.13040     0.00000     0.00000     0.00000     0.00000
    -3.12822     0.00000     0.00000     0.00000     0.00000
    -3.12604     0.00000     0.00000     0.00000     0.00000
    -3.12387     0.00000     0.00000     0.00000     0.00000
    -3.12169     0.00000     0.00000     0.00000     0.00000
    -3.11951     0.00000     0.00000     0.00000     0.00000
    -3.11734     0.00000     0.00000     0.00000     0.00000
    -3.11516     0.00000     0.00000     0.00000     0.00000
    -3.11298     0.00000     0.00000     0.00000     0.00000
    -3.11081     0.00000     0.00000     0.00000     0.00000
    -3.10863     0.00000     0.00000     0.00000     0.00000
    -3.10645     0.00000     0.00000     0.00000     0.00000
    -3.10427     0.00000     0.00000     0.00000     0.00000
    -3.10210     0.00000     0.00000     0.00000     0.00000
    -3.09992     0.00000     0.00000     0.00000     0.00000
    -3.09774     0.00000     0.00000     0.00000     0.00000
    -3.09557     0.00000     0.00000     0.00000     0.00000
    -3.09339     0.00000     0.00000     0.00000     0.00000
    -3.09121     0.00000     0.00000     0.00000     0.00000
    -3.08904     0.00001     0.00000     0.00001     0.00000
    -3.08686     0.00001     0.00000     0.00001     0.00000
    -3.08468     0.00002     0.00000     0.00002     0.00000
    -3.08251     0.00003     0.00000     0.00003     0.00000
    -3.08033     0.00004     0.00000     0.00004     0.00000
    -3.07815     0.00006     0.00000     0.00006     0.00000
    -3.07598     0.00009     0.00000     0.00009     0.00000
    -3.07380     0.00013     0.00000     0.00013     0.00000
    -3.07162     0.00019     0.00000     0.00018     0.00000
    -3.06944     0.00028     0.00000     0.00027     0.00001
    -3.06727     0.00040     0.00000     0.00039     0.00001
    -3.06509     0.00057     0.00000     0.00056     0.00001
    -3.06291     0.00082     0.00000     0.00080     0.00002
    -3.06074     0.00116     0.00000     0.00113     0.00003
    -3.05856     0.00163     0.00000     0.00160     0.00004
    -3.05638     0.00228     0.00000     0.00223     0.00005
    -3.05421     0.00318     0.00000     0.00311     0.00007
    -3.05203     0.00439     0.00000     0.00430     0.00010
    -3.04985     0.00604     0.00000     0.00590     0.00013
    -3.04768     0.00824     0.00000     0.00806     0.00018
    -3.04550     0.01118     0.00000     0.01093     0.00025
    -3.04332     0.01506     0.00000     0.01473     0.00033
    -3.04114     0.02017     0.00000     0.01972     0.00045
    -3.03897     0.02683     0.00000     0.02624     0.00059
    -3.03679     0.03548     0.00000     0.03469     0.00079
    -3.03461     0.04660     0.00000     0.04557     0.00103
    -3.03244     0.06082     0.00000     0.05948     0.00135
    -3.03026     0.07888     0.00000     0.07713     0.00175
    -3.02808     0.10164     0.00000     0.09939     0.00225
    -3.02591     0.13014     0.00000     0.12726     0.00288
    -3.02373     0.16557     0.00000     0.16190     0.00367
    -3.02155     0.20930     0.00000     0.20466     0.00464
    -3.01938     0.26288     0.00000     0.25705     0.00583
    -3.01720     0.32808     0.00000     0.32081     0.00727
    -3.01502     0.40684     0.00000     0.39782     0.00902
    -3.01284     0.50128     0.00000     0.49017     0.01111
    -3.01067     0.61371     0.00000     0.60011     0.01360
    -3.00849     0.74656     0.00000     0.73001     0.01655
    -3.00631     0.90238     0.00000     0.88237     0.02000
    -3.00414     1.08375     0.00000     1.05973     0.02402
    -3.00196     1.29328     0.00000     1.26462     0.02867
    -2.99978     1.53348     0.00000     1.49949     0.03399
    -2.99761     1.80669     0.00000     1.76664     0.04005
    -2.99543     2.11499     0.00000     2.06811     0.04688
    -2.99325     2.46011     0.00000     2.40558     0.05453
    -2.99108     2.84328     0.00000     2.78026     0.06302
    -2.98890     3.26518     0.00000     3.19281     0.07237
    -2.98672     3.72575     0.00000     3.64317     0.08258
    -2.98454     4.22418     0.00000     4.13055     0.09363
    -2.98237     4.75872     0.00000     4.65325     0.10548
    -2.98019     5.32671     0.00000     5.20865     0.11807
    -2.97801     5.92446     0.00000     5.79314     0.13132
    -2.97584     6.54724     0.00000     6.40212     0.14512
    -2.97366     7.18934     0.00000     7.02999     0.15935
    -2.97148     7.84404     0.00000     7.67018     0.17386
    -2.96931     8.50376     0.00000     8.31528     0.18849
    -2.96713     9.16016     0.00000     8.95713     0.20303
    -2.96495     9.80428     0.00000     9.58696     0.21731
    -2.96278    10.42674     0.00000    10.19563     0.23111
    -2.96060    11.01798     0.00000    10.77377     0.24421
    -2.95842    11.56847     0.00000    11.31206     0.25642
    -2.95624    12.06898     0.00000    11.80147     0.26751
    -2.95407    12.51081     0.00000    12.23351     0.27730
    -2.95189    12.88608     0.00000    12.60046     0.28562
    -2.94971    13.18794     0.00000    12.89563     0.29231
    -2.94754    13.41077     0.00000    13.11352     0.29725
    -2.94536    13.55036     0.00000    13.25001     0.30034
    -2.94318    13.60405     0.00000    13.30252     0.30153
    -2.94101    13.57083     0.00000    13.27003     0.30080
    -2.93883    13.45132     0.00000    13.15318     0.29815
    -2.93665    13.24781     0.00000    12.95417     0.29364
    -2.93448    12.96414     0.00000    12.67679     0.28735
    -2.93230    12.60561     0.00000    12.32621     0.27940
    -2.93012    12.17881     0.00000    11.90886     0.26994
    -2.92795    11.69138     0.00000    11.43224     0.25914
    -2.92577    11.15187     0.00000    10.90469     0.24718
    -2.92359    10.56939     0.00000    10.33512     0.23427
    -2.92141     9.95343     0.00000     9.73281     0.22062
    -2.91924     9.31356     0.00000     9.10713     0.20644
    -2.91706     8.65924     0.00000     8.46731     0.19193
    -2.91488     7.99952     0.00000     7.82221     0.17731
    -2.91271     7.34292     0.00000     7.18016     0.16276
    -2.91053     6.69721     0.00000     6.54877     0.14844
    -2.90835     6.06932     0.00000     5.93479     0.13453
    -2.90618     5.46520     0.00000     5.34407     0.12114
    -2.90400     4.88982     0.00000     4.78144     0.10838
    -2.90182     4.34711     0.00000     4.25076     0.09635
    -2.89965     3.83998     0.00000     3.75486     0.08511
    -2.89747     3.37036     0.00000     3.29566     0.07470
    -2.89529     2.93931     0.00000     2.87416     0.06515
    -2.89311     2.54704     0.00000     2.49058     0.05646
    -2.89094     2.19303     0.00000     2.14442     0.04861
    -2.88876     1.87619     0.00000     1.83460     0.04159
    -2.88658     1.59488     0.00000     1.55952     0.03535
    -2.88441     1.34709     0.00000     1.31724     0.02986
    -2.88223     1.13055     0.00000     1.10549     0.02506
    -2.88005     0.94276     0.00000     0.92187     0.02090
    -2.87788     0.78115     0.00000     0.76384     0.01731
    -2.87570     0.64312     0.00000     0.62886     0.01425
    -2.87352     0.52609     0.00000     0.51443     0.01166
    -2.87135     0.42762     0.00000     0.41814     0.00948
    -2.86917     0.34536     0.00000     0.33771     0.00765
    -2.86699     0.27715     0.00000     0.27100     0.00614
    -2.86481     0.22099     0.00000     0.21609     0.00490
    -2.86264     0.17508     0.00000     0.17120     0.00388
    -2.86046     0.13783     0.00000     0.13477     0.00305
    -2.85828     0.10781     0.00000     0.10542     0.00239
    -2.85611     0.08379     0.00000     0.08193     0.00186
    -2.85393     0.06471     0.00000     0.06327     0.00143
    -2.85175     0.04965     0.00000     0.04855     0.00110
    -2.84958     0.03786     0.00000     0.03702     0.00084
    -2.84740     0.02868     0.00000     0.02804     0.00064
    -2.84522     0.02159     0.00000     0.02111     0.00048
    -2.84305     0.01615     0.00000     0.01579     0.00036
    -2.84087     0.01200     0.00000     0.01173     0.00027
    -2.83869     0.00886     0.00000     0.00866     0.00020
    -2.83651     0.00650     0.00000     0.00636     0.00014
    -2.83434     0.00474     0.00000     0.00463     0.00011
    -2.83216     0.00343     0.00000     0.00336     0.00008
    -2.82998     0.00247     0.00000     0.00242     0.00005
    -2.82781     0.00177     0.00000     0.00173     0.00004
    -2.82563     0.00126     0.00000     0.00123     0.00003
    -2.82345     0.00089     0.00000     0.00087     0.00002
    -2.82128     0.00062     0.00000     0.00061     0.00001
    -2.81910     0.00043     0.00000     0.00042     0.00001
    -2.81692     0.00030     0.00000     0.00029     0.00001
    -2.81475     0.00021     0.00000     0.00020     0.00000
    -2.81257     0.00014     0.00000     0.00014     0.00000
    -2.81039     0.00010     0.00000     0.00009     0.00000
    -2.80822     0.00006     0.00000     0.00006     0.00000
    -2.80604     0.00004     0.00000     0.00004     0.00000
    -2.80386     0.00003     0.00000     0.00003     0.00000
    -2.80168     0.00002     0.00000     0.00002     0.00000
    -2.79951     0.00001     0.00000     0.00001     0.00000
    -2.79733     0.00001     0.00000     0.00001     0.00000
    -2.79515     0.00001     0.00000     0.00001     0.00000
    -2.79298     0.00000     0.00000     0.00000     0.00000
    -2.79080     0.00000     0.00000     0.00000     0.00000
    -2.78862     0.00000     0.00000     0.00000     0.00000
    -2.78645     0.00000     0.00000     0.00000     0.00000
    -2.78427     0.00000     0.00000     0.00000     0.00000
    -2.78209     0.00000     0.00000     0.00000     0.00000
    -2.77992     0.00000     0.00000     0.00000     0.00000
    -2.77774     0.00000     0.00000     0.00000     0.00000
    -2.77556     0.00000     0.00000     0.00000     0.00000
    -2.77338     0.00000     0.00000     0.00000     0.00000
    -2.77121     0.00000     0.00000     0.00000     0.00000
    -2.76903     0.00000     0.00000     0.00000     0.00000
    -2.76685     0.00000     0.00000     0.00000     0.00000
    -2.76468     0.00000     0.00000     0.00000     0.00000
    -2.76250     0.00000     0.00000     0.00000     0.00000
    -2.76032     0.00000     0.00000     0.00000     0.00000
    -2.75815     0.00000     0.00000     0.00000     0.00000
    -2.75597     0.00000     0.00000     0.00000     0.00000
    -2.75379     0.00000     0.00000     0.00000     0.00000
    -2.75162     0.00000     0.00000     0.00000     0.00000
    -2.74944     0.00000     0.00000     0.00000     0.00000
    -2.74726     0.00000     0.00000     0.00000     0.00000
    -2.74508     0.00000     0.00000     0.00000     0.00000
    -2.74291     0.00000     0.00000     0.00000     0.00000
    -2.74073     0.00000     0.00000     0.00000     0.00000
    -2.73855     0.00000     0.00000     0.00000     0.00000
    -2.73638     0.00000     0.00000     0.00000     0.00000
    -2.73420     0.00000     0.00000     0.00000     0.00000
    -2.73202     0.00000     0.00000     0.00000     0.00000
    -2.72985     0.00000     0.00000     0.00000     0.00000
    -2.72767     0.00000     0.00000     0.00000     0.00000
    -2.72549     0.00000     0.00000     0.00000     0.00000
    -2.72332     0.00000     0.00000     0.00000     0.00000
    -2.72114     0.00000     0.00000     0.00000     0.00000
    -2.71896     0.00000     0.00000     0.00000     0.00000
    -2.71678     0.00000     0.00000     0.00000     0.00000
    -2.71461     0.00000     0.00000     0.00000     0.00000
    -2.71243     0.00000     0.00000     0.00000     0.00000
    -2.71025     0.00000     0.00000     0.00000     0.00000
    -2.70808     0.00000     0.00000     0.00000     0.00000
    -2.70590     0.00000     0.00000     0.00000     0.00000
    -2.70372     0.00000     0.00000     0.00000     0.00000
    -2.70155     0.00000     0.00000     0.00000     0.00000
    -2.69937     0.00000     0.00000     0.00000     0.00000
    -2.69719     0.00000     0.00000     0.00000     0.00000
    -2.69502     0.00000     0.00000     0.00000     0.00000
    -2.69284     0.00000     0.00000     0.00000     0.00000
    -2.69066     0.00000     0.00000     0.00000     0.00000
    -2.68848     0.00000     0.00000     0.00000     0.00000
    -2.68631     0.00000     0.00000     0.00000     0.00000
    -2.68413     0.00000     0.00000     0.00000     0.00000
    -2.68195     0.00000     0.00000     0.00000     0.00000
    -2.67978     0.00000     0.00000     0.00000     0.00000
    -2.67760     0.00000     0.00000     0.00000     0.00000
    -2.67542     0.00000     0.00000     0.00000     0.00000
    -2.67325     0.00000     0.00000     0.00000     0.00000
    -2.67107     0.00000     0.00000     0.00000     0.00000
    -2.66889     0.00000     0.00000     0.00000     0.00000
    -2.66672     0.00000     0.00000     0.00000     0.00000
    -2.66454     0.00000     0.00000     0.00000     0.00000
    -2.66236     0.00000     0.00000     0.00000     0.00000
    -2.66019     0.00000     0.00000     0.00000     0.00000
    -2.65801     0.00000     0.00000     0.00000     0.00000
    -2.65583     0.00000     0.00000     0.00000     0.00000
    -2.65365     0.00000     0.00000     0.00000     0.00000
    -2.65148     0.00000     0.00000     0.00000     0.00000
    -2.64930     0.00000     0.00000     0.00000     0.00000
    -2.64712     0.00000     0.00000     0.00000     0.00000
    -2.64495     0.00000     0.00000     0.00000     0.00000
    -2.64277     0.00000     0.00000     0.00000     0.00000
    -2.64059     0.00000     0.00000     0.00000     0.00000
    -2.63842     0.00000     0.00000     0.00000     0.00000
    -2.63624     0.00000     0.00000     0.00000     0.00000
    -2.63406     0.00000     0.00000     0.00000     0.00000
    -2.63189     0.00000     0.00000     0.00000     0.00000
    -2.62971     0.00000     0.00000     0.00000     0.00000
    -2.62753     0.00000     0.00000     0.00000     0.00000
    -2.62535     0.00000     0.00000     0.00000     0.00000
    -2.62318     0.00000     0.00000     0.00000     0.00000
    -2.62100     0.00000     0.00000     0.00000     0.00000
    -2.61882     0.00000     0.00000     0.00000     0.00000
    -2.61665     0.00000     0.00000     0.00000     0.00000
    -2.61447     0.00000     0.00000     0.00000     0.00000
    -2.61229     0.00000     0.00000     0.00000     0.00000
    -2.61012     0.00000     0.00000     0.00000     0.00000
    -2.60794     0.00000     0.00000     0.00000     0.00000
    -2.60576     0.00000     0.00000     0.00000     0.00000
    -2.60359     0.00000     0.00000     0.00000     0.00000
    -2.60141     0.00000     0.00000     0.00000     0.00000
    -2.59923     0.00000     0.00000     0.00000     0.00000
    -2.59705     0.00000     0.00000     0.00000     0.00000
    -2.59488     0.00000     0.00000     0.00000     0.00000
    -2.59270     0.00000     0.00000     0.00000     0.00000
    -2.59052     0.00000     0.00000     0.00000     0.00000
    -2.58835     0.00000     0.00000     0.00000     0.00000
    -2.58617     0.00000     0.00000     0.00000     0.00000
    -2.58399     0.00000     0.00000     0.00000     0.00000
    -2.58182     0.00000     0.00000     0.00000     0.00000
    -2.57964     0.00000     0.00000     0.00000     0.00000
    -2.57746     0.00000     0.00000     0.00000     0.00000
    -2.57529     0.00000     0.00000     0.00000     0.00000
    -2.57311     0.00000     0.00000     0.00000     0.00000
    -2.57093     0.00000     0.00000     0.00000     0.00000
    -2.56875     0.00000     0.00000     0.00000     0.00000
    -2.56658     0.00000     0.00000     0.00000     0.00000
    -2.56440     0.00000     0.00000     0.00000     0.00000
    -2.56222     0.00000     0.00000     0.00000     0.00000
    -2.56005     0.00000     0.00000     0.00000     0.00000
    -2.55787     0.00000     0.00000     0.00000     0.00000
    -2.55569     0.00000     0.00000     0.00000     0.00000
    -2.55352     0.00000     0.00000     0.00000     0.00000
    -2.55134     0.00000     0.00000     0.00000     0.00000
    -2.54916     0.00000     0.00000     0.00000     0.00000
    -2.54699     0.00000     0.00000     0.00000     0.00000
    -2.54481     0.00000     0.00000     0.00000     0.00000
    -2.54263     0.00000     0.00000     0.00000     0.00000
    -2.54045     0.00000     0.00000     0.00000     0.00000
    -2.53828     0.00000     0.00000     0.00000     0.00000
    -2.53610     0.00000     0.00000     0.00000     0.00000
    -2.53392     0.00000     0.00000     0.00000     0.00000
    -2.53175     0.00000     0.00000     0.00000     0.00000
    -2.52957     0.00000     0.00000     0.00000     0.00000
    -2.52739     0.00000     0.00000     0.00000     0.00000
    -2.52522     0.00000     0.00000     0.00000     0.00000
    -2.52304     0.00000     0.00000     0.00000     0.00000
    -2.52086     0.00000     0.00000     0.00000     0.00000
    -2.51869     0.00000     0.00000     0.00000     0.00000
    -2.51651     0.00000     0.00000     0.00000     0.00000
    -2.51433     0.00000     0.00000     0.00000     0.00000
    -2.51216     0.00000     0.00000     0.00000     0.00000
    -2.50998     0.00000     0.00000     0.00000     0.00000
    -2.50780     0.00000     0.00000     0.00000     0.00000
    -2.50562     0.00000     0.00000     0.00000     0.00000
    -2.50345     0.00000     0.00000     0.00000     0.00000
    -2.50127     0.00000     0.00000     0.00000     0.00000
    -2.49909     0.00000     0.00000     0.00000     0.00000
    -2.49692     0.00000     0.00000     0.00000     0.00000
    -2.49474     0.00000     0.00000     0.00000     0.00000
    -2.49256     0.00000     0.00000     0.00000     0.00000
    -2.49039     0.00000     0.00000     0.00000     0.00000
    -2.48821     0.00000     0.00000     0.00000     0.00000
    -2.48603     0.00000     0.00000     0.00000     0.00000
    -2.48386     0.00000     0.00000     0.00000     0.00000
    -2.48168     0.00000     0.00000     0.00000     0.00000
    -2.47950     0.00000     0.00000     0.00000     0.00000
    -2.47732     0.00000     0.00000     0.00000     0.00000
    -2.47515     0.00000     0.00000     0.00000     0.00000
    -2.47297     0.00000     0.00000     0.00000     0.00000
    -2.47079     0.00000     0.00000     0.00000     0.00000
    -2.46862     0.00000     0.00000     0.00000     0.00000
    -2.46644     0.00000     0.00000     0.00000     0.00000
    -2.46426     0.00000     0.00000     0.00000     0.00000
    -2.46209     0.00000     0.00000     0.00000     0.00000
    -2.45991     0.00000     0.00000     0.00000     0.00000
    -2.45773     0.00000     0.00000     0.00000     0.00000
    -2.45556     0.00000     0.00000     0.00000     0.00000
    -2.45338     0.00000     0.00000     0.00000     0.00000
    -2.45120     0.00000     0.00000     0.00000     0.00000
    -2.44902     0.00000     0.00000     0.00000     0.00000
    -2.44685     0.00000     0.00000     0.00000     0.00000
    -2.44467     0.00000     0.00000     0.00000     0.00000
    -2.44249     0.00000     0.00000     0.00000     0.00000
    -2.44032     0.00000     0.00000     0.00000     0.00000
    -2.43814     0.00000     0.00000     0.00000     0.00000
    -2.43596     0.00000     0.00000     0.00000     0.00000
    -2.43379     0.00000     0.00000     0.00000     0.00000
    -2.43161     0.00000     0.00000     0.00000     0.00000
    -2.42943     0.00000     0.00000     0.00000     0.00000
    -2.42726     0.00000     0.00000     0.00000     0.00000
    -2.42508     0.00000     0.00000     0.00000     0.00000
    -2.42290     0.00000     0.00000     0.00000     0.00000
    -2.42072     0.00000     0.00000     0.00000     0.00000
    -2.41855     0.00000     0.00000     0.00000     0.00000
    -2.41637     0.00000     0.00000     0.00000     0.00000
    -2.41419     0.00000     0.00000     0.00000     0.00000
    -2.41202     0.00000     0.00000     0.00000     0.00000
    -2.40984     0.00000     0.00000     0.00000     0.00000
    -2.40766     0.00000     0.00000     0.00000     0.00000
    -2.40549     0.00000     0.00000     0.00000     0.00000
    -2.40331     0.00000     0.00000     0.00000     0.00000
    -2.40113     0.00000     0.00000     0.00000     0.00000
    -2.39896     0.00000     0.00000     0.00000     0.00000
    -2.39678     0.00000     0.00000     0.00000     0.00000
    -2.39460     0.00000     0.00000     0.00000     0.00000
    -2.39243     0.00000     0.00000     0.00000     0.00000
    -2.39025     0.00000     0.00000     0.00000     0.00000
    -2.38807     0.00000     0.00000     0.00000     0.00000
    -2.38589     0.00000     0.00000     0.00000     0.00000
    -2.38372     0.00000     0.00000     0.00000     0.00000
    -2.38154     0.00000     0.00000     0.00000     0.00000
    -2.37936     0.00000     0.00000     0.00000     0.00000
    -2.37719     0.00000     0.00000     0.00000     0.00000
    -2.37501     0.00000     0.00000     0.00000     0.00000
    -2.37283     0.00000     0.00000     0.00000     0.00000
    -2.37066     0.00000     0.00000     0.00000     0.00000
    -2.36848     0.00000     0.00000     0.00000     0.00000
    -2.36630     0.00000     0.00000     0.00000     0.00000
    -2.36413     0.00000     0.00000     0.00000     0.00000
    -2.36195     0.00000     0.00000     0.00000     0.00000
    -2.35977     0.00000     0.00000     0.00000     0.00000
    -2.35759     0.00000     0.00000     0.00000     0.00000
    -2.35542     0.00000     0.00000     0.00000     0.00000
    -2.35324     0.00000     0.00000     0.00000     0.00000
    -2.35106     0.00000     0.00000     0.00000     0.00000
    -2.34889     0.00000     0.00000     0.00000     0.00000
    -2.34671     0.00000     0.00000     0.00000     0.00000
    -2.34453     0.00000     0.00000     0.00000     0.00000
    -2.34236     0.00000     0.00000     0.00000     0.00000
    -2.34018     0.00000     0.00000     0.00000     0.00000
    -2.33800     0.00000     0.00000     0.00000     0.00000
    -2.33583     0.00000     0.00000     0.00000     0.00000
    -2.33365     0.00000     0.00000     0.00000     0.00000
    -2.33147     0.00000     0.00000     0.00000     0.00000
    -2.32929     0.00000     0.00000     0.00000     0.00000
    -2.32712     0.00000     0.00000     0.00000     0.00000
    -2.32494     0.00000     0.00000     0.00000     0.00000
    -2.32276     0.00000     0.00000     0.00000     0.00000
    -2.32059     0.00000     0.00000     0.00000     0.00000
    -2.31841     0.00000     0.00000     0.00000     0.00000
    -2.31623     0.00000     0.00000     0.00000     0.00000
    -2.31406     0.00000     0.00000     0.00000     0.00000
    -2.31188     0.00000     0.00000     0.00000     0.00000
    -2.30970     0.00000     0.00000     0.00000     0.00000
    -2.30753     0.00000     0.00000     0.00000     0.00000
    -2.30535     0.00000     0.00000     0.00000     0.00000
    -2.30317     0.00000     0.00000     0.00000     0.00000
    -2.30099     0.00000     0.00000     0.00000     0.00000
    -2.29882     0.00000     0.00000     0.00000     0.00000
    -2.29664     0.00000     0.00000     0.00000     0.00000
    -2.29446     0.00000     0.00000     0.00000     0.00000
    -2.29229     0.00000     0.00000     0.00000     0.00000
    -2.29011     0.00000     0.00000     0.00000     0.00000
    -2.28793     0.00000     0.00000     0.00000     0.00000
    -2.28576     0.00000     0.00000     0.00000     0.00000
    -2.28358     0.00000     0.00000     0.00000     0.00000
    -2.28140     0.00000     0.00000     0.00000     0.00000
    -2.27923     0.00000     0.00000     0.00000     0.00000
    -2.27705     0.00000     0.00000     0.00000     0.00000
    -2.27487     0.00000     0.00000     0.00000     0.00000
    -2.27269     0.00000     0.00000     0.00000     0.00000
    -2.27052     0.00000     0.00000     0.00000     0.00000
    -2.26834     0.00000     0.00000     0.00000     0.00000
    -2.26616     0.00000     0.00000     0.00000     0.00000
    -2.26399     0.00000     0.00000     0.00000     0.00000
    -2.26181     0.00000     0.00000     0.00000     0.00000
    -2.25963     0.00000     0.00000     0.00000     0.00000
    -2.25746     0.00000     0.00000     0.00000     0.00000
    -2.25528     0.00000     0.00000     0.00000     0.00000
    -2.25310     0.00000     0.00000     0.00000     0.00000
    -2.25093     0.00000     0.00000     0.00000     0.00000
    -2.24875     0.00000     0.00000     0.00000     0.00000
    -2.24657     0.00000     0.00000     0.00000     0.00000
    -2.24440     0.00000     0.00000     0.00000     0.00000
    -2.24222     0.00000     0.00000     0.00000     0.00000
    -2.24004     0.00000     0.00000     0.00000     0.00000
    -2.23786     0.00000     0.00000     0.00000     0.00000
    -2.23569     0.00000     0.00000     0.00000     0.00000
    -2.23351     0.00000     0.00000     0.00000     0.00000
    -2.23133     0.00000     0.00000     0.00000     0.00000
    -2.22916     0.00000     0.00000     0.00000     0.00000
    -2.22698     0.00000     0.00000     0.00000     0.00000
    -2.22480     0.00000     0.00000     0.00000     0.00000
    -2.22263     0.00000     0.00000     0.00000     0.00000
    -2.22045     0.00000     0.00000     0.00000     0.00000
    -2.21827     0.00000     0.00000     0.00000     0.00000
    -2.21610     0.00000     0.00000     0.00000     0.00000
    -2.21392     0.00000     0.00000     0.00000     0.00000
    -2.21174     0.00000     0.00000     0.00000     0.00000
    -2.20956     0.00000     0.00000     0.00000     0.00000
    -2.20739     0.00000     0.00000     0.00000     0.00000
    -2.20521     0.00000     0.00000     0.00000     0.00000
    -2.20303     0.00000     0.00000     0.00000     0.00000
    -2.20086     0.00000     0.00000     0.00000     0.00000
    -2.19868     0.00000     0.00000     0.00000     0.00000
    -2.19650     0.00000     0.00000     0.00000     0.00000
    -2.19433     0.00000     0.00000     0.00000     0.00000
    -2.19215     0.00000     0.00000     0.00000     0.00000
    -2.18997     0.00000     0.00000     0.00000     0.00000
    -2.18780     0.00000     0.00000     0.00000     0.00000
    -2.18562     0.00000     0.00000     0.00000     0.00000
    -2.18344     0.00000     0.00000     0.00000     0.00000
    -2.18126     0.00000     0.00000     0.00000     0.00000
    -2.17909     0.00000     0.00000     0.00000     0.00000
    -2.17691     0.00000     0.00000     0.00000     0.00000
    -2.17473     0.00000     0.00000     0.00000     0.00000
    -2.17256     0.00000     0.00000     0.00000     0.00000
    -2.17038     0.00000     0.00000     0.00000     0.00000
    -2.16820     0.00000     0.00000     0.00000     0.00000
    -2.16603     0.00000     0.00000     0.00000     0.00000
    -2.16385     0.00000     0.00000     0.00000     0.00000
    -2.16167     0.00000     0.00000     0.00000     0.00000
    -2.15950     0.00000     0.00000     0.00000     0.00000
    -2.15732     0.00000     0.00000     0.00000     0.00000
    -2.15514     0.00000     0.00000     0.00000     0.00000
    -2.15296     0.00000     0.00000     0.00000     0.00000
    -2.15079     0.00000     0.00000     0.00000     0.00000
    -2.14861     0.00000     0.00000     0.00000     0.00000
    -2.14643     0.00000     0.00000     0.00000     0.00000
    -2.14426     0.00000     0.00000     0.00000     0.00000
    -2.14208     0.00000     0.00000     0.00000     0.00000
    -2.13990     0.00000     0.00000     0.00000     0.00000
    -2.13773     0.00000     0.00000     0.00000     0.00000
    -2.13555     0.00000     0.00000     0.00000     0.00000
    -2.13337     0.00000     0.00000     0.00000     0.00000
    -2.13120     0.00000     0.00000     0.00000     0.00000
    -2.12902     0.00000     0.00000     0.00000     0.00000
    -2.12684     0.00000     0.00000     0.00000     0.00000
    -2.12467     0.00000     0.00000     0.00000     0.00000
    -2.12249     0.00000     0.00000     0.00000     0.00000
    -2.12031     0.00000     0.00000     0.00000     0.00000
    -2.11813     0.00000     0.00000     0.00000     0.00000
    -2.11596     0.00000     0.00000     0.00000     0.00000
    -2.11378     0.00000     0.00000     0.00000     0.00000
    -2.11160     0.00000     0.00000     0.00000     0.00000
    -2.10943     0.00000     0.00000     0.00000     0.00000
    -2.10725     0.00000     0.00000     0.00000     0.00000
    -2.10507     0.00000     0.00000     0.00000     0.00000
    -2.10290     0.00000     0.00000     0.00000     0.00000
    -2.10072     0.00000     0.00000     0.00000     0.00000
    -2.09854     0.00000     0.00000     0.00000     0.00000
    -2.09637     0.00000     0.00000     0.00000     0.00000
    -2.09419     0.00000     0.00000     0.00000     0.00000
    -2.09201     0.00000     0.00000     0.00000     0.00000
    -2.08983     0.00000     0.00000     0.00000     0.00000
    -2.08766     0.00000     0.00000     0.00000     0.00000
    -2.08548     0.00000     0.00000     0.00000     0.00000
    -2.08330     0.00000     0.00000     0.00000     0.00000
    -2.08113     0.00000     0.00000     0.00000     0.00000
    -2.07895     0.00000     0.00000     0.00000     0.00000
    -2.07677     0.00000     0.00000     0.00000     0.00000
    -2.07460     0.00000     0.00000     0.00000     0.00000
    -2.07242     0.00000     0.00000     0.00000     0.00000
    -2.07024     0.00000     0.00000     0.00000     0.00000
    -2.06807     0.00000     0.00000     0.00000     0.00000
    -2.06589     0.00000     0.00000     0.00000     0.00000
    -2.06371     0.00000     0.00000     0.00000     0.00000
    -2.06153     0.00000     0.00000     0.00000     0.00000
    -2.05936     0.00000     0.00000     0.00000     0.00000
    -2.05718     0.00000     0.00000     0.00000     0.00000
    -2.05500     0.00000     0.00000     0.00000     0.00000
    -2.05283     0.00000     0.00000     0.00000     0.00000
    -2.05065     0.00000     0.00000     0.00000     0.00000
    -2.04847     0.00000     0.00000     0.00000     0.00000
    -2.04630     0.00000     0.00000     0.00000     0.00000
    -2.04412     0.00000     0.00000     0.00000     0.00000
    -2.04194     0.00000     0.00000     0.00000     0.00000
    -2.03977     0.00000     0.00000     0.00000     0.00000
    -2.03759     0.00000     0.00000     0.00000     0.00000
    -2.03541     0.00000     0.00000     0.00000     0.00000
    -2.03323     0.00000     0.00000     0.00000     0.00000
    -2.03106     0.00000     0.00000     0.00000     0.00000
    -2.02888     0.00000     0.00000     0.00000     0.00000
    -2.02670     0.00000     0.00000     0.00000     0.00000
    -2.02453     0.00000     0.00000     0.00000     0.00000
    -2.02235     0.00000     0.00000     0.00000     0.00000
    -2.02017     0.00000     0.00000     0.00000     0.00000
    -2.01800     0.00000     0.00000     0.00000     0.00000
    -2.01582     0.00000     0.00000     0.00000     0.00000
    -2.01364     0.00000     0.00000     0.00000     0.00000
    -2.01147     0.00000     0.00000     0.00000     0.00000
    -2.00929     0.00000     0.00000     0.00000     0.00000
    -2.00711     0.00000     0.00000     0.00000     0.00000
    -2.00493     0.00000     0.00000     0.00000     0.00000
    -2.00276     0.00000     0.00000     0.00000     0.00000
    -2.00058     0.00000     0.00000     0.00000     0.00000
    -1.99840     0.00000     0.00000     0.00000     0.00000
    -1.99623     0.00000     0.00000     0.00000     0.00000
    -1.99405     0.00000     0.00000     0.00000     0.00000
    -1.99187     0.00000     0.00000     0.00000     0.00000
    -1.98970     0.00000     0.00000     0.00000     0.00000
    -1.98752     0.00000     0.00000     0.00000     0.00000
    -1.98534     0.00000     0.00000     0.00000     0.00000
    -1.98317     0.00000     0.00000     0.00000     0.00000
    -1.98099     0.00000     0.00000     0.00000     0.00000
    -1.97881     0.00000     0.00000     0.00000     0.00000
    -1.97664     0.00000     0.00000     0.00000     0.00000
    -1.97446     0.00000     0.00000     0.00000     0.00000
    -1.97228     0.00000     0.00000     0.00000     0.00000
    -1.97010     0.00000     0.00000     0.00000     0.00000
    -1.96793     0.00000     0.00000     0.00000     0.00000
    -1.96575     0.00000     0.00000     0.00000     0.00000
    -1.96357     0.00000     0.00000     0.00000     0.00000
    -1.96140     0.00000     0.00000     0.00000     0.00000
    -1.95922     0.00000     0.00000     0.00000     0.00000
    -1.95704     0.00000     0.00000     0.00000     0.00000
    -1.95487     0.00000     0.00000     0.00000     0.00000
    -1.95269     0.00000     0.00000     0.00000     0.00000
    -1.95051     0.00000     0.00000     0.00000     0.00000
    -1.94834     0.00000     0.00000     0.00000     0.00000
    -1.94616     0.00000     0.00000     0.00000     0.00000
    -1.94398     0.00000     0.00000     0.00000     0.00000
    -1.94180     0.00000     0.00000     0.00000     0.00000
    -1.93963     0.00000     0.00000     0.00000     0.00000
    -1.93745     0.00000     0.00000     0.00000     0.00000
    -1.93527     0.00000     0.00000     0.00000     0.00000
    -1.93310     0.00000     0.00000     0.00000     0.00000
    -1.93092     0.00000     0.00000     0.00000     0.00000
    -1.92874     0.00000     0.00000     0.00000     0.00000
    -1.92657     0.00000     0.00000     0.00000     0.00000
    -1.92439     0.00000     0.00000     0.00000     0.00000
    -1.92221     0.00000     0.00000     0.00000     0.00000
    -1.92004     0.00000     0.00000     0.00000     0.00000
    -1.91786     0.00000     0.00000     0.00000     0.00000
    -1.91568     0.00000     0.00000     0.00000     0.00000
    -1.91350     0.00000     0.00000     0.00000     0.00000
    -1.91133     0.00000     0.00000     0.00000     0.00000
    -1.90915     0.00000     0.00000     0.00000     0.00000
    -1.90697     0.00000     0.00000     0.00000     0.00000
    -1.90480     0.00000     0.00000     0.00000     0.00000
    -1.90262     0.00000     0.00000     0.00000     0.00000
    -1.90044     0.00000     0.00000     0.00000     0.00000
    -1.89827     0.00000     0.00000     0.00000     0.00000
    -1.89609     0.00000     0.00000     0.00000     0.00000
    -1.89391     0.00000     0.00000     0.00000     0.00000
    -1.89174     0.00000     0.00000     0.00000     0.00000
    -1.88956     0.00000     0.00000     0.00000     0.00000
    -1.88738     0.00000     0.00000     0.00000     0.00000
    -1.88520     0.00000     0.00000     0.00000     0.00000
    -1.88303     0.00000     0.00000     0.00000     0.00000
    -1.88085     0.00000     0.00000     0.00000     0.00000
    -1.87867     0.00000     0.00000     0.00000     0.00000
    -1.87650     0.00000     0.00000     0.00000     0.00000
    -1.87432     0.00000     0.00000     0.00000     0.00000
    -1.87214     0.00000     0.00000     0.00000     0.00000
    -1.86997     0.00000     0.00000     0.00000     0.00000
    -1.86779     0.00000     0.00000     0.00000     0.00000
    -1.86561     0.00000     0.00000     0.00000     0.00000
    -1.86344     0.00000     0.00000     0.00000     0.00000
    -1.86126     0.00000     0.00000     0.00000     0.00000
    -1.85908     0.00000     0.00000     0.00000     0.00000
    -1.85690     0.00000     0.00000     0.00000     0.00000
    -1.85473     0.00000     0.00000     0.00000     0.00000
    -1.85255     0.00000     0.00000     0.00000     0.00000
    -1.85037     0.00000     0.00000     0.00000     0.00000
    -1.84820     0.00000     0.00000     0.00000     0.00000
    -1.84602     0.00000     0.00000     0.00000     0.00000
    -1.84384     0.00000     0.00000     0.00000     0.00000
    -1.84167     0.00000     0.00000     0.00000     0.00000
    -1.83949     0.00000     0.00000     0.00000     0.00000
    -1.83731     0.00000     0.00000     0.00000     0.00000
    -1.83514     0.00000     0.00000     0.00000     0.00000
    -1.83296     0.00000     0.00000     0.00000     0.00000
    -1.83078     0.00000     0.00000     0.00000     0.00000
    -1.82861     0.00000     0.00000     0.00000     0.00000
    -1.82643     0.00000     0.00000     0.00000     0.00000
    -1.82425     0.00000     0.00000     0.00000     0.00000
    -1.82207     0.00000     0.00000     0.00000     0.00000
    -1.81990     0.00000     0.00000     0.00000     0.00000
    -1.81772     0.00000     0.00000     0.00000     0.00000
    -1.81554     0.00000     0.00000     0.00000     0.00000
    -1.81337     0.00000     0.00000     0.00000     0.00000
    -1.81119     0.00000     0.00000     0.00000     0.00000
    -1.80901     0.00000     0.00000     0.00000     0.00000
    -1.80684     0.00000     0.00000     0.00000     0.00000
    -1.80466     0.00000     0.00000     0.00000     0.00000
    -1.80248     0.00000     0.00000     0.00000     0.00000
    -1.80031     0.00000     0.00000     0.00000     0.00000
    -1.79813     0.00000     0.00000     0.00000     0.00000
    -1.79595     0.00000     0.00000     0.00000     0.00000
    -1.79377     0.00000     0.00000     0.00000     0.00000
    -1.79160     0.00000     0.00000     0.00000     0.00000
    -1.78942     0.00000     0.00000     0.00000     0.00000
    -1.78724     0.00000     0.00000     0.00000     0.00000
    -1.78507     0.00000     0.00000     0.00000     0.00000
    -1.78289     0.00000     0.00000     0.00000     0.00000
    -1.78071     0.00000     0.00000     0.00000     0.00000
    -1.77854     0.00000     0.00000     0.00000     0.00000
    -1.77636     0.00000     0.00000     0.00000     0.00000
    -1.77418     0.00000     0.00000     0.00000     0.00000
    -1.77201     0.00000     0.00000     0.00000     0.00000
    -1.76983     0.00000     0.00000     0.00000     0.00000
    -1.76765     0.00000     0.00000     0.00000     0.00000
    -1.76547     0.00000     0.00000     0.00000     0.00000
    -1.76330     0.00000     0.00000     0.00000     0.00000
    -1.76112     0.00000     0.00000     0.00000     0.00000
    -1.75894     0.00000     0.00000     0.00000     0.00000
    -1.75677     0.00000     0.00000     0.00000     0.00000
    -1.75459     0.00000     0.00000     0.00000     0.00000
    -1.75241     0.00000     0.00000     0.00000     0.00000
    -1.75024     0.00000     0.00000     0.00000     0.00000
    -1.74806     0.00000     0.00000     0.00000     0.00000
    -1.74588     0.00000     0.00000     0.00000     0.00000
    -1.74371     0.00000     0.00000     0.00000     0.00000
    -1.74153     0.00000     0.00000     0.00000     0.00000
    -1.73935     0.00000     0.00000     0.00000     0.00000
    -1.73717     0.00000     0.00000     0.00000     0.00000
    -1.73500     0.00000     0.00000     0.00000     0.00000
    -1.73282     0.00000     0.00000     0.00000     0.00000
    -1.73064     0.00000     0.00000     0.00000     0.00000
    -1.72847     0.00000     0.00000     0.00000     0.00000
    -1.72629     0.00000     0.00000     0.00000     0.00000
    -1.72411     0.00000     0.00000     0.00000     0.00000
    -1.72194     0.00000     0.00000     0.00000     0.00000
    -1.71976     0.00000     0.00000     0.00000     0.00000
    -1.71758     0.00000     0.00000     0.00000     0.00000
    -1.71541     0.00000     0.00000     0.00000     0.00000
    -1.71323     0.00000     0.00000     0.00000     0.00000
    -1.71105     0.00000     0.00000     0.00000     0.00000
    -1.70888     0.00000     0.00000     0.00000     0.00000
    -1.70670     0.00000     0.00000     0.00000     0.00000
    -1.70452     0.00000     0.00000     0.00000     0.00000
    -1.70234     0.00000     0.00000     0.00000     0.00000
    -1.70017     0.00000     0.00000     0.00000     0.00000
    -1.69799     0.00000     0.00000     0.00000     0.00000
    -1.69581     0.00000     0.00000     0.00000     0.00000
    -1.69364     0.00000     0.00000     0.00000     0.00000
    -1.69146     0.00000     0.00000     0.00000     0.00000
    -1.68928     0.00000     0.00000     0.00000     0.00000
    -1.68711     0.00000     0.00000     0.00000     0.00000
    -1.68493     0.00000     0.00000     0.00000     0.00000
    -1.68275     0.00000     0.00000     0.00000     0.00000
    -1.68058     0.00000     0.00000     0.00000     0.00000
    -1.67840     0.00000     0.00000     0.00000     0.00000
    -1.67622     0.00000     0.00000     0.00000     0.00000
    -1.67404     0.00000     0.00000     0.00000     0.00000
    -1.67187     0.00000     0.00000     0.00000     0.00000
    -1.66969     0.00000     0.00000     0.00000     0.00000
    -1.66751     0.00000     0.00000     0.00000     0.00000
    -1.66534     0.00000     0.00000     0.00000     0.00000
    -1.66316     0.00000     0.00000     0.00000     0.00000
    -1.66098     0.00000     0.00000     0.00000     0.00000
    -1.65881     0.00000     0.00000     0.00000     0.00000
    -1.65663     0.00000     0.00000     0.00000     0.00000
    -1.65445     0.00000     0.00000     0.00000     0.00000
    -1.65228     0.00000     0.00000     0.00000     0.00000
    -1.65010     0.00000     0.00000     0.00000     0.00000
    -1.64792     0.00000     0.00000     0.00000     0.00000
    -1.64574     0.00000     0.00000     0.00000     0.00000
    -1.64357     0.00000     0.00000     0.00000     0.00000
    -1.64139     0.00000     0.00000     0.00000     0.00000
    -1.63921     0.00000     0.00000     0.00000     0.00000
    -1.63704     0.00000     0.00000     0.00000     0.00000
    -1.63486     0.00000     0.00000     0.00000     0.00000
    -1.63268     0.00000     0.00000     0.00000     0.00000
    -1.63051     0.00000     0.00000     0.00000     0.00000
    -1.62833     0.00000     0.00000     0.00000     0.00000
    -1.62615     0.00000     0.00000     0.00000     0.00000
    -1.62398     0.00000     0.00000     0.00000     0.00000
    -1.62180     0.00000     0.00000     0.00000     0.00000
    -1.61962     0.00000     0.00000     0.00000     0.00000
    -1.61744     0.00000     0.00000     0.00000     0.00000
    -1.61527     0.00000     0.00000     0.00000     0.00000
    -1.61309     0.00000     0.00000     0.00000     0.00000
    -1.61091     0.00000     0.00000     0.00000     0.00000
    -1.60874     0.00000     0.00000     0.00000     0.00000
    -1.60656     0.00000     0.00000     0.00000     0.00000
    -1.60438     0.00000     0.00000     0.00000     0.00000
    -1.60221     0.00000     0.00000     0.00000     0.00000
    -1.60003     0.00000     0.00000     0.00000     0.00000
    -1.59785     0.00000     0.00000     0.00000     0.00000
    -1.59568     0.00000     0.00000     0.00000     0.00000
    -1.59350     0.00000     0.00000     0.00000     0.00000
    -1.59132     0.00000     0.00000     0.00000     0.00000
    -1.58914     0.00000     0.00000     0.00000     0.00000
    -1.58697     0.00000     0.00000     0.00000     0.00000
    -1.58479     0.00000     0.00000     0.00000     0.00000
    -1.58261     0.00000     0.00000     0.00000     0.00000
    -1.58044     0.00000     0.00000     0.00000     0.00000
    -1.57826     0.00000     0.00000     0.00000     0.00000
    -1.57608     0.00000     0.00000     0.00000     0.00000
    -1.57391     0.00000     0.00000     0.00000     0.00000
    -1.57173     0.00000     0.00000     0.00000     0.00000
    -1.56955     0.00000     0.00000     0.00000     0.00000
    -1.56738     0.00000     0.00000     0.00000     0.00000
    -1.56520     0.00000     0.00000     0.00000     0.00000
    -1.56302     0.00000     0.00000     0.00000     0.00000
    -1.56085     0.00000     0.00000     0.00000     0.00000
    -1.55867     0.00000     0.00000     0.00000     0.00000
    -1.55649     0.00000     0.00000     0.00000     0.00000
    -1.55431     0.00000     0.00000     0.00000     0.00000
    -1.55214     0.00000     0.00000     0.00000     0.00000
    -1.54996     0.00000     0.00000     0.00000     0.00000
    -1.54778     0.00000     0.00000     0.00000     0.00000
    -1.54561     0.00000     0.00000     0.00000     0.00000
    -1.54343     0.00000     0.00000     0.00000     0.00000
    -1.54125     0.00000     0.00000     0.00000     0.00000
    -1.53908     0.00000     0.00000     0.00000     0.00000
    -1.53690     0.00000     0.00000     0.00000     0.00000
    -1.53472     0.00000     0.00000     0.00000     0.00000
    -1.53255     0.00000     0.00000     0.00000     0.00000
    -1.53037     0.00000     0.00000     0.00000     0.00000
    -1.52819     0.00000     0.00000     0.00000     0.00000
    -1.52601     0.00000     0.00000     0.00000     0.00000
    -1.52384     0.00000     0.00000     0.00000     0.00000
    -1.52166     0.00000     0.00000     0.00000     0.00000
    -1.51948     0.00000     0.00000     0.00000     0.00000
    -1.51731     0.00000     0.00000     0.00000     0.00000
    -1.51513     0.00000     0.00000     0.00000     0.00000
    -1.51295     0.00000     0.00000     0.00000     0.00000
    -1.51078     0.00000     0.00000     0.00000     0.00000
    -1.50860     0.00000     0.00000     0.00000     0.00000
    -1.50642     0.00000     0.00000     0.00000     0.00000
    -1.50425     0.00000     0.00000     0.00000     0.00000
    -1.50207     0.00000     0.00000     0.00000     0.00000
    -1.49989     0.00000     0.00000     0.00000     0.00000
    -1.49771     0.00000     0.00000     0.00000     0.00000
    -1.49554     0.00000     0.00000     0.00000     0.00000
    -1.49336     0.00000     0.00000     0.00000     0.00000
    -1.49118     0.00000     0.00000     0.00000     0.00000
    -1.48901     0.00000     0.00000     0.00000     0.00000
    -1.48683     0.00000     0.00000     0.00000     0.00000
    -1.48465     0.00000     0.00000     0.00000     0.00000
    -1.48248     0.00000     0.00000     0.00000     0.00000
    -1.48030     0.00000     0.00000     0.00000     0.00000
    -1.47812     0.00000     0.00000     0.00000     0.00000
    -1.47595     0.00000     0.00000     0.00000     0.00000
    -1.47377     0.00000     0.00000     0.00000     0.00000
    -1.47159     0.00000     0.00000     0.00000     0.00000
    -1.46941     0.00000     0.00000     0.00000     0.00000
    -1.46724     0.00000     0.00000     0.00000     0.00000
    -1.46506     0.00000     0.00000     0.00000     0.00000
    -1.46288     0.00000     0.00000     0.00000     0.00000
    -1.46071     0.00000     0.00000     0.00000     0.00000
    -1.45853     0.00000     0.00000     0.00000     0.00000
    -1.45635     0.00000     0.00000     0.00000     0.00000
    -1.45418     0.00000     0.00000     0.00000     0.00000
    -1.45200     0.00000     0.00000     0.00000     0.00000
    -1.44982     0.00000     0.00000     0.00000     0.00000
    -1.44765     0.00000     0.00000     0.00000     0.00000
    -1.44547     0.00000     0.00000     0.00000     0.00000
    -1.44329     0.00000     0.00000     0.00000     0.00000
    -1.44112     0.00000     0.00000     0.00000     0.00000
    -1.43894     0.00000     0.00000     0.00000     0.00000
    -1.43676     0.00000     0.00000     0.00000     0.00000
    -1.43458     0.00000     0.00000     0.00000     0.00000
    -1.43241     0.00000     0.00000     0.00000     0.00000
    -1.43023     0.00000     0.00000     0.00000     0.00000
    -1.42805     0.00000     0.00000     0.00000     0.00000
    -1.42588     0.00000     0.00000     0.00000     0.00000
    -1.42370     0.00000     0.00000     0.00000     0.00000
    -1.42152     0.00000     0.00000     0.00000     0.00000
    -1.41935     0.00000     0.00000     0.00000     0.00000
    -1.41717     0.00000     0.00000     0.00000     0.00000
    -1.41499     0.00000     0.00000     0.00000     0.00000
    -1.41282     0.00000     0.00000     0.00000     0.00000
    -1.41064     0.00000     0.00000     0.00000     0.00000
    -1.40846     0.00000     0.00000     0.00000     0.00000
    -1.40628     0.00000     0.00000     0.00000     0.00000
    -1.40411     0.00000     0.00000     0.00000     0.00000
    -1.40193     0.00000     0.00000     0.00000     0.00000
    -1.39975     0.00000     0.00000     0.00000     0.00000
    -1.39758     0.00000     0.00000     0.00000     0.00000
    -1.39540     0.00000     0.00000     0.00000     0.00000
    -1.39322     0.00000     0.00000     0.00000     0.00000
    -1.39105     0.00000     0.00000     0.00000     0.00000
    -1.38887     0.00000     0.00000     0.00000     0.00000
    -1.38669     0.00000     0.00000     0.00000     0.00000
    -1.38452     0.00000     0.00000     0.00000     0.00000
    -1.38234     0.00000     0.00000     0.00000     0.00000
    -1.38016     0.00000     0.00000     0.00000     0.00000
    -1.37798     0.00000     0.00000     0.00000     0.00000
    -1.37581     0.00000     0.00000     0.00000     0.00000
    -1.37363     0.00000     0.00000     0.00000     0.00000
    -1.37145     0.00000     0.00000     0.00000     0.00000
    -1.36928     0.00000     0.00000     0.00000     0.00000
    -1.36710     0.00000     0.00000     0.00000     0.00000
    -1.36492     0.00000     0.00000     0.00000     0.00000
    -1.36275     0.00000     0.00000     0.00000     0.00000
    -1.36057     0.00000     0.00000     0.00000     0.00000
    -1.35839     0.00000     0.00000     0.00000     0.00000
    -1.35622     0.00000     0.00000     0.00000     0.00000
    -1.35404     0.00000     0.00000     0.00000     0.00000
    -1.35186     0.00000     0.00000     0.00000     0.00000
    -1.34968     0.00000     0.00000     0.00000     0.00000
    -1.34751     0.00000     0.00000     0.00000     0.00000
    -1.34533     0.00000     0.00000     0.00000     0.00000
    -1.34315     0.00000     0.00000     0.00000     0.00000
    -1.34098     0.00000     0.00000     0.00000     0.00000
    -1.33880     0.00000     0.00000     0.00000     0.00000
    -1.33662     0.00000     0.00000     0.00000     0.00000
    -1.33445     0.00000     0.00000     0.00000     0.00000
    -1.33227     0.00000     0.00000     0.00000     0.00000
    -1.33009     0.00000     0.00000     0.00000     0.00000
    -1.32792     0.00000     0.00000     0.00000     0.00000
    -1.32574     0.00000     0.00000     0.00000     0.00000
    -1.32356     0.00000     0.00000     0.00000     0.00000
    -1.32138     0.00000     0.00000     0.00000     0.00000
    -1.31921     0.00000     0.00000     0.00000     0.00000
    -1.31703     0.00000     0.00000     0.00000     0.00000
    -1.31485     0.00000     0.00000     0.00000     0.00000
    -1.31268     0.00000     0.00000     0.00000     0.00000
    -1.31050     0.00000     0.00000     0.00000     0.00000
    -1.30832     0.00000     0.00000     0.00000     0.00000
    -1.30615     0.00000     0.00000     0.00000     0.00000
    -1.30397     0.00000     0.00000     0.00000     0.00000
    -1.30179     0.00000     0.00000     0.00000     0.00000
    -1.29962     0.00000     0.00000     0.00000     0.00000
    -1.29744     0.00000     0.00000     0.00000     0.00000
    -1.29526     0.00000     0.00000     0.00000     0.00000
    -1.29309     0.00000     0.00000     0.00000     0.00000
    -1.29091     0.00000     0.00000     0.00000     0.00000
    -1.28873     0.00000     0.00000     0.00000     0.00000
    -1.28655     0.00000     0.00000     0.00000     0.00000
    -1.28438     0.00000     0.00000     0.00000     0.00000
    -1.28220     0.00000     0.00000     0.00000     0.00000
    -1.28002     0.00000     0.00000     0.00000     0.00000
    -1.27785     0.00000     0.00000     0.00000     0.00000
    -1.27567     0.00000     0.00000     0.00000     0.00000
    -1.27349     0.00000     0.00000     0.00000     0.00000
    -1.27132     0.00000     0.00000     0.00000     0.00000
    -1.26914     0.00000     0.00000     0.00000     0.00000
    -1.26696     0.00000     0.00000     0.00000     0.00000
    -1.26479     0.00000     0.00000     0.00000     0.00000
    -1.26261     0.00000     0.00000     0.00000     0.00000
    -1.26043     0.00000     0.00000     0.00000     0.00000
    -1.25825     0.00000     0.00000     0.00000     0.00000
    -1.25608     0.00000     0.00000     0.00000     0.00000
    -1.25390     0.00000     0.00000     0.00000     0.00000
    -1.25172     0.00000     0.00000     0.00000     0.00000
    -1.24955     0.00000     0.00000     0.00000     0.00000
    -1.24737     0.00000     0.00000     0.00000     0.00000
    -1.24519     0.00000     0.00000     0.00000     0.00000
    -1.24302     0.00000     0.00000     0.00000     0.00000
    -1.24084     0.00000     0.00000     0.00000     0.00000
    -1.23866     0.00000     0.00000     0.00000     0.00000
    -1.23649     0.00000     0.00000     0.00000     0.00000
    -1.23431     0.00000     0.00000     0.00000     0.00000
    -1.23213     0.00000     0.00000     0.00000     0.00000
    -1.22995     0.00000     0.00000     0.00000     0.00000
    -1.22778     0.00000     0.00000     0.00000     0.00000
    -1.22560     0.00000     0.00000     0.00000     0.00000
    -1.22342     0.00000     0.00000     0.00000     0.00000
    -1.22125     0.00000     0.00000     0.00000     0.00000
    -1.21907     0.00000     0.00000     0.00000     0.00000
    -1.21689     0.00000     0.00000     0.00000     0.00000
    -1.21472     0.00000     0.00000     0.00000     0.00000
    -1.21254     0.00000     0.00000     0.00000     0.00000
    -1.21036     0.00000     0.00000     0.00000     0.00000
    -1.20819     0.00000     0.00000     0.00000     0.00000
    -1.20601     0.00000     0.00000     0.00000     0.00000
    -1.20383     0.00000     0.00000     0.00000     0.00000
    -1.20165     0.00000     0.00000     0.00000     0.00000
    -1.19948     0.00000     0.00000     0.00000     0.00000
    -1.19730     0.00000     0.00000     0.00000     0.00000
    -1.19512     0.00000     0.00000     0.00000     0.00000
    -1.19295     0.00000     0.00000     0.00000     0.00000
    -1.19077     0.00000     0.00000     0.00000     0.00000
    -1.18859     0.00000     0.00000     0.00000     0.00000
    -1.18642     0.00000     0.00000     0.00000     0.00000
    -1.18424     0.00000     0.00000     0.00000     0.00000
    -1.18206     0.00000     0.00000     0.00000     0.00000
    -1.17989     0.00000     0.00000     0.00000     0.00000
    -1.17771     0.00000     0.00000     0.00000     0.00000
    -1.17553     0.00000     0.00000     0.00000     0.00000
    -1.17335     0.00000     0.00000     0.00000     0.00000
    -1.17118     0.00000     0.00000     0.00000     0.00000
    -1.16900     0.00000     0.00000     0.00000     0.00000
    -1.16682     0.00000     0.00000     0.00000     0.00000
    -1.16465     0.00000     0.00000     0.00000     0.00000
    -1.16247     0.00000     0.00000     0.00000     0.00000
    -1.16029     0.00000     0.00000     0.00000     0.00000
    -1.15812     0.00000     0.00000     0.00000     0.00000
    -1.15594     0.00000     0.00000     0.00000     0.00000
    -1.15376     0.00000     0.00000     0.00000     0.00000
    -1.15159     0.00000     0.00000     0.00000     0.00000
    -1.14941     0.00000     0.00000     0.00000     0.00000
    -1.14723     0.00000     0.00000     0.00000     0.00000
    -1.14506     0.00000     0.00000     0.00000     0.00000
    -1.14288     0.00000     0.00000     0.00000     0.00000
    -1.14070     0.00000     0.00000     0.00000     0.00000
    -1.13852     0.00000     0.00000     0.00000     0.00000
    -1.13635     0.00000     0.00000     0.00000     0.00000
    -1.13417     0.00000     0.00000     0.00000     0.00000
    -1.13199     0.00000     0.00000     0.00000     0.00000
    -1.12982     0.00000     0.00000     0.00000     0.00000
    -1.12764     0.00000     0.00000     0.00000     0.00000
    -1.12546     0.00000     0.00000     0.00000     0.00000
    -1.12329     0.00000     0.00000     0.00000     0.00000
    -1.12111     0.00000     0.00000     0.00000     0.00000
    -1.11893     0.00000     0.00000     0.00000     0.00000
    -1.11676     0.00000     0.00000     0.00000     0.00000
    -1.11458     0.00000     0.00000     0.00000     0.00000
    -1.11240     0.00000     0.00000     0.00000     0.00000
    -1.11022     0.00000     0.00000     0.00000     0.00000
    -1.10805     0.00000     0.00000     0.00000     0.00000
    -1.10587     0.00000     0.00000     0.00000     0.00000
    -1.10369     0.00000     0.00000     0.00000     0.00000
    -1.10152     0.00000     0.00000     0.00000     0.00000
    -1.09934     0.00000     0.00000     0.00000     0.00000
    -1.09716     0.00000     0.00000     0.00000     0.00000
    -1.09499     0.00000     0.00000     0.00000     0.00000
    -1.09281     0.00000     0.00000     0.00000     0.00000
    -1.09063     0.00000     0.00000     0.00000     0.00000
    -1.08846     0.00000     0.00000     0.00000     0.00000
    -1.08628     0.00000     0.00000     0.00000     0.00000
    -1.08410     0.00000     0.00000     0.00000     0.00000
    -1.08192     0.00000     0.00000     0.00000     0.00000
    -1.07975     0.00000     0.00000     0.00000     0.00000
    -1.07757     0.00000     0.00000     0.00000     0.00000
    -1.07539     0.00000     0.00000     0.00000     0.00000
    -1.07322     0.00000     0.00000     0.00000     0.00000
    -1.07104     0.00000     0.00000     0.00000     0.00000
    -1.06886     0.00000     0.00000     0.00000     0.00000
    -1.06669     0.00000     0.00000     0.00000     0.00000
    -1.06451     0.00000     0.00000     0.00000     0.00000
    -1.06233     0.00000     0.00000     0.00000     0.00000
    -1.06016     0.00000     0.00000     0.00000     0.00000
    -1.05798     0.00000     0.00000     0.00000     0.00000
    -1.05580     0.00000     0.00000     0.00000     0.00000
    -1.05362     0.00000     0.00000     0.00000     0.00000
    -1.05145     0.00000     0.00000     0.00000     0.00000
    -1.04927     0.00000     0.00000     0.00000     0.00000
    -1.04709     0.00000     0.00000     0.00000     0.00000
    -1.04492     0.00000     0.00000     0.00000     0.00000
    -1.04274     0.00000     0.00000     0.00000     0.00000
    -1.04056     0.00000     0.00000     0.00000     0.00000
    -1.03839     0.00000     0.00000     0.00000     0.00000
    -1.03621     0.00000     0.00000     0.00000     0.00000
    -1.03403     0.00000     0.00000     0.00000     0.00000
    -1.03186     0.00000     0.00000     0.00000     0.00000
    -1.02968     0.00000     0.00000     0.00000     0.00000
    -1.02750     0.00000     0.00000     0.00000     0.00000
    -1.02533     0.00000     0.00000     0.00000     0.00000
    -1.02315     0.00000     0.00000     0.00000     0.00000
    -1.02097     0.00000     0.00000     0.00000     0.00000
    -1.01879     0.00000     0.00000     0.00000     0.00000
    -1.01662     0.00000     0.00000     0.00000     0.00000
    -1.01444     0.00000     0.00000     0.00000     0.00000
    -1.01226     0.00000     0.00000     0.00000     0.00000
    -1.01009     0.00000     0.00000     0.00000     0.00000
    -1.00791     0.00000     0.00000     0.00000     0.00000
    -1.00573     0.00000     0.00000     0.00000     0.00000
    -1.00356     0.00000     0.00000     0.00000     0.00000
    -1.00138     0.00000     0.00000     0.00000     0.00000
    -0.99920     0.00000     0.00000     0.00000     0.00000
    -0.99703     0.00000     0.00000     0.00000     0.00000
    -0.99485     0.00000     0.00000     0.00000     0.00000
    -0.99267     0.00000     0.00000     0.00000     0.00000
    -0.99049     0.00000     0.00000     0.00000     0.00000
    -0.98832     0.00000     0.00000     0.00000     0.00000
    -0.98614     0.00000     0.00000     0.00000     0.00000
    -0.98396     0.00000     0.00000     0.00000     0.00000
    -0.98179     0.00000     0.00000     0.00000     0.00000
    -0.97961     0.00000     0.00000     0.00000     0.00000
    -0.97743     0.00000     0.00000     0.00000     0.00000
    -0.97526     0.00000     0.00000     0.00000     0.00000
    -0.97308     0.00000     0.00000     0.00000     0.00000
    -0.97090     0.00000     0.00000     0.00000     0.00000
    -0.96873     0.00000     0.00000     0.00000     0.00000
    -0.96655     0.00000     0.00000     0.00000     0.00000
    -0.96437     0.00000     0.00000     0.00000     0.00000
    -0.96219     0.00000     0.00000     0.00000     0.00000
    -0.96002     0.00000     0.00000     0.00000     0.00000
    -0.95784     0.00000     0.00000     0.00000     0.00000
    -0.95566     0.00000     0.00000     0.00000     0.00000
    -0.95349     0.00000     0.00000     0.00000     0.00000
    -0.95131     0.00000     0.00000     0.00000     0.00000
    -0.94913     0.00000     0.00000     0.00000     0.00000
    -0.94696     0.00000     0.00000     0.00000     0.00000
    -0.94478     0.00000     0.00000     0.00000     0.00000
    -0.94260     0.00000     0.00000     0.00000     0.00000
    -0.94043     0.00000     0.00000     0.00000     0.00000
    -0.93825     0.00000     0.00000     0.00000     0.00000
    -0.93607     0.00000     0.00000     0.00000     0.00000
    -0.93389     0.00000     0.00000     0.00000     0.00000
    -0.93172     0.00000     0.00000     0.00000     0.00000
    -0.92954     0.00000     0.00000     0.00000     0.00000
    -0.92736     0.00000     0.00000     0.00000     0.00000
    -0.92519     0.00000     0.00000     0.00000     0.00000
    -0.92301     0.00000     0.00000     0.00000     0.00000
    -0.92083     0.00000     0.00000     0.00000     0.00000
    -0.91866     0.00000     0.00000     0.00000     0.00000
    -0.91648     0.00000     0.00000     0.00000     0.00000
    -0.91430     0.00000     0.00000     0.00000     0.00000
    -0.91213     0.00000     0.00000     0.00000     0.00000
    -0.90995     0.00000     0.00000     0.00000     0.00000
    -0.90777     0.00000     0.00000     0.00000     0.00000
    -0.90559     0.00000     0.00000     0.00000     0.00000
    -0.90342     0.00000     0.00000     0.00000     0.00000
    -0.90124     0.00000     0.00000     0.00000     0.00000
    -0.89906     0.00000     0.00000     0.00000     0.00000
    -0.89689     0.00000     0.00000     0.00000     0.00000
    -0.89471     0.00000     0.00000     0.00000     0.00000
    -0.89253     0.00000     0.00000     0.00000     0.00000
    -0.89036     0.00000     0.00000     0.00000     0.00000
    -0.88818     0.00000     0.00000     0.00000     0.00000
    -0.88600     0.00000     0.00000     0.00000     0.00000
    -0.88383     0.00000     0.00000     0.00000     0.00000
    -0.88165     0.00000     0.00000     0.00000     0.00000
    -0.87947     0.00000     0.00000     0.00000     0.00000
    -0.87730     0.00000     0.00000     0.00000     0.00000
    -0.87512     0.00000     0.00000     0.00000     0.00000
    -0.87294     0.00000     0.00000     0.00000     0.00000
    -0.87076     0.00000     0.00000     0.00000     0.00000
    -0.86859     0.00000     0.00000     0.00000     0.00000
    -0.86641     0.00000     0.00000     0.00000     0.00000
    -0.86423     0.00000     0.00000     0.00000     0.00000
    -0.86206     0.00000     0.00000     0.00000     0.00000
    -0.85988     0.00000     0.00000     0.00000     0.00000
    -0.85770     0.00000     0.00000     0.00000     0.00000
    -0.85553     0.00000     0.00000     0.00000     0.00000
    -0.85335     0.00000     0.00000     0.00000     0.00000
    -0.85117     0.00000     0.00000     0.00000     0.00000
    -0.84900     0.00000     0.00000     0.00000     0.00000
    -0.84682     0.00000     0.00000     0.00000     0.00000
    -0.84464     0.00000     0.00000     0.00000     0.00000
    -0.84246     0.00000     0.00000     0.00000     0.00000
    -0.84029     0.00000     0.00000     0.00000     0.00000
    -0.83811     0.00000     0.00000     0.00000     0.00000
    -0.83593     0.00000     0.00000     0.00000     0.00000
    -0.83376     0.00000     0.00000     0.00000     0.00000
    -0.83158     0.00000     0.00000     0.00000     0.00000
    -0.82940     0.00000     0.00000     0.00000     0.00000
    -0.82723     0.00000     0.00000     0.00000     0.00000
    -0.82505     0.00000     0.00000     0.00000     0.00000
    -0.82287     0.00000     0.00000     0.00000     0.00000
    -0.82070     0.00000     0.00000     0.00000     0.00000
    -0.81852     0.00000     0.00000     0.00000     0.00000
    -0.81634     0.00000     0.00000     0.00000     0.00000
    -0.81416     0.00000     0.00000     0.00000     0.00000
    -0.81199     0.00000     0.00000     0.00000     0.00000
    -0.80981     0.00000     0.00000     0.00000     0.00000
    -0.80763     0.00000     0.00000     0.00000     0.00000
    -0.80546     0.00000     0.00000     0.00000     0.00000
    -0.80328     0.00000     0.00000     0.00000     0.00000
    -0.80110     0.00000     0.00000     0.00000     0.00000
    -0.79893     0.00000     0.00000     0.00000     0.00000
    -0.79675     0.00000     0.00000     0.00000     0.00000
    -0.79457     0.00000     0.00000     0.00000     0.00000
    -0.79240     0.00000     0.00000     0.00000     0.00000
    -0.79022     0.00000     0.00000     0.00000     0.00000
    -0.78804     0.00000     0.00000     0.00000     0.00000
    -0.78586     0.00000     0.00000     0.00000     0.00000
    -0.78369     0.00000     0.00000     0.00000     0.00000
    -0.78151     0.00000     0.00000     0.00000     0.00000
    -0.77933     0.00000     0.00000     0.00000     0.00000
    -0.77716     0.00000     0.00000     0.00000     0.00000
    -0.77498     0.00000     0.00000     0.00000     0.00000
    -0.77280     0.00000     0.00000     0.00000     0.00000
    -0.77063     0.00000     0.00000     0.00000     0.00000
    -0.76845     0.00000     0.00000     0.00000     0.00000
    -0.76627     0.00000     0.00000     0.00000     0.00000
    -0.76410     0.00000     0.00000     0.00000     0.00000
    -0.76192     0.00000     0.00000     0.00000     0.00000
    -0.75974     0.00000     0.00000     0.00000     0.00000
    -0.75756     0.00000     0.00000     0.00000     0.00000
    -0.75539     0.00000     0.00000     0.00000     0.00000
    -0.75321     0.00000     0.00000     0.00000     0.00000
    -0.75103     0.00000     0.00000     0.00000     0.00000
    -0.74886     0.00000     0.00000     0.00000     0.00000
    -0.74668     0.00000     0.00000     0.00000     0.00000
    -0.74450     0.00000     0.00000     0.00000     0.00000
    -0.74233     0.00000     0.00000     0.00000     0.00000
    -0.74015     0.00000     0.00000     0.00000     0.00000
    -0.73797     0.00000     0.00000     0.00000     0.00000
    -0.73580     0.00000     0.00000     0.00000     0.00000
    -0.73362     0.00000     0.00000     0.00000     0.00000
    -0.73144     0.00000     0.00000     0.00000     0.00000
    -0.72927     0.00000     0.00000     0.00000     0.00000
    -0.72709     0.00000     0.00000     0.00000     0.00000
    -0.72491     0.00000     0.00000     0.00000     0.00000
    -0.72273     0.00000     0.00000     0.00000     0.00000
    -0.72056     0.00000     0.00000     0.00000     0.00000
    -0.71838     0.00000     0.00000     0.00000     0.00000
    -0.71620     0.00000     0.00000     0.00000     0.00000
    -0.71403     0.00000     0.00000     0.00000     0.00000
    -0.71185     0.00000     0.00000     0.00000     0.00000
    -0.70967     0.00000     0.00000     0.00000     0.00000
    -0.70750     0.00000     0.00000     0.00000     0.00000
    -0.70532     0.00000     0.00000     0.00000     0.00000
    -0.70314     0.00000     0.00000     0.00000     0.00000
    -0.70097     0.00000     0.00000     0.00000     0.00000
    -0.69879     0.00000     0.00000     0.00000     0.00000
    -0.69661     0.00000     0.00000     0.00000     0.00000
    -0.69443     0.00000     0.00000     0.00000     0.00000
    -0.69226     0.00000     0.00000     0.00000     0.00000
    -0.69008     0.00000     0.00000     0.00000     0.00000
    -0.68790     0.00000     0.00000     0.00000     0.00000
    -0.68573     0.00000     0.00000     0.00000     0.00000
    -0.68355     0.00000     0.00000     0.00000     0.00000
    -0.68137     0.00000     0.00000     0.00000     0.00000
    -0.67920     0.00000     0.00000     0.00000     0.00000
    -0.67702     0.00000     0.00000     0.00000     0.00000
    -0.67484     0.00000     0.00000     0.00000     0.00000
    -0.67267     0.00000     0.00000     0.00000     0.00000
    -0.67049     0.00000     0.00000     0.00000     0.00000
    -0.66831     0.00000     0.00000     0.00000     0.00000
    -0.66613     0.00000     0.00000     0.00000     0.00000
    -0.66396     0.00000     0.00000     0.00000     0.00000
    -0.66178     0.00000     0.00000     0.00000     0.00000
    -0.65960     0.00000     0.00000     0.00000     0.00000
    -0.65743     0.00000     0.00000     0.00000     0.00000
    -0.65525     0.00000     0.00000     0.00000     0.00000
    -0.65307     0.00000     0.00000     0.00000     0.00000
    -0.65090     0.00000     0.00000     0.00000     0.00000
    -0.64872     0.00000     0.00000     0.00000     0.00000
    -0.64654     0.00000     0.00000     0.00000     0.00000
    -0.64437     0.00000     0.00000     0.00000     0.00000
    -0.64219     0.00000     0.00000     0.00000     0.00000
    -0.64001     0.00000     0.00000     0.00000     0.00000
    -0.63783     0.00000     0.00000     0.00000     0.00000
    -0.63566     0.00000     0.00000     0.00000     0.00000
    -0.63348     0.00000     0.00000     0.00000     0.00000
    -0.63130     0.00000     0.00000     0.00000     0.00000
    -0.62913     0.00000     0.00000     0.00000     0.00000
    -0.62695     0.00000     0.00000     0.00000     0.00000
    -0.62477     0.00000     0.00000     0.00000     0.00000
    -0.62260     0.00000     0.00000     0.00000     0.00000
    -0.62042     0.00000     0.00000     0.00000     0.00000
    -0.61824     0.00000     0.00000     0.00000     0.00000
    -0.61607     0.00000     0.00000     0.00000     0.00000
    -0.61389     0.00000     0.00000     0.00000     0.00000
    -0.61171     0.00000     0.00000     0.00000     0.00000
    -0.60954     0.00000     0.00000     0.00000     0.00000
    -0.60736     0.00000     0.00000     0.00000     0.00000
    -0.60518     0.00000     0.00000     0.00000     0.00000
    -0.60300     0.00000     0.00000     0.00000     0.00000
    -0.60083     0.00000     0.00000     0.00000     0.00000
    -0.59865     0.00000     0.00000     0.00000     0.00000
    -0.59647     0.00000     0.00000     0.00000     0.00000
    -0.59430     0.00000     0.00000     0.00000     0.00000
    -0.59212     0.00000     0.00000     0.00000     0.00000
    -0.58994     0.00000     0.00000     0.00000     0.00000
    -0.58777     0.00000     0.00000     0.00000     0.00000
    -0.58559     0.00000     0.00000     0.00000     0.00000
    -0.58341     0.00000     0.00000     0.00000     0.00000
    -0.58124     0.00000     0.00000     0.00000     0.00000
    -0.57906     0.00000     0.00000     0.00000     0.00000
    -0.57688     0.00000     0.00000     0.00000     0.00000
    -0.57470     0.00000     0.00000     0.00000     0.00000
    -0.57253     0.00000     0.00000     0.00000     0.00000
    -0.57035     0.00000     0.00000     0.00000     0.00000
    -0.56817     0.00000     0.00000     0.00000     0.00000
    -0.56600     0.00000     0.00000     0.00000     0.00000
    -0.56382     0.00000     0.00000     0.00000     0.00000
    -0.56164     0.00000     0.00000     0.00000     0.00000
    -0.55947     0.00000     0.00000     0.00000     0.00000
    -0.55729     0.00000     0.00000     0.00000     0.00000
    -0.55511     0.00000     0.00000     0.00000     0.00000
    -0.55294     0.00000     0.00000     0.00000     0.00000
    -0.55076     0.00000     0.00000     0.00000     0.00000
    -0.54858     0.00000     0.00000     0.00000     0.00000
    -0.54640     0.00000     0.00000     0.00000     0.00000
    -0.54423     0.00000     0.00000     0.00000     0.00000
    -0.54205     0.00000     0.00000     0.00000     0.00000
    -0.53987     0.00000     0.00000     0.00000     0.00000
    -0.53770     0.00000     0.00000     0.00000     0.00000
    -0.53552     0.00000     0.00000     0.00000     0.00000
    -0.53334     0.00000     0.00000     0.00000     0.00000
    -0.53117     0.00000     0.00000     0.00000     0.00000
    -0.52899     0.00000     0.00000     0.00000     0.00000
    -0.52681     0.00000     0.00000     0.00000     0.00000
    -0.52464     0.00000     0.00000     0.00000     0.00000
    -0.52246     0.00000     0.00000     0.00000     0.00000
    -0.52028     0.00000     0.00000     0.00000     0.00000
    -0.51810     0.00000     0.00000     0.00000     0.00000
    -0.51593     0.00000     0.00000     0.00000     0.00000
    -0.51375     0.00000     0.00000     0.00000     0.00000
    -0.51157     0.00000     0.00000     0.00000     0.00000
    -0.50940     0.00000     0.00000     0.00000     0.00000
    -0.50722     0.00000     0.00000     0.00000     0.00000
    -0.50504     0.00000     0.00000     0.00000     0.00000
    -0.50287     0.00000     0.00000     0.00000     0.00000
    -0.50069     0.00000     0.00000     0.00000     0.00000
    -0.49851     0.00000     0.00000     0.00000     0.00000
    -0.49634     0.00000     0.00000     0.00000     0.00000
    -0.49416     0.00000     0.00000     0.00000     0.00000
    -0.49198     0.00000     0.00000     0.00000     0.00000
    -0.48980     0.00000     0.00000     0.00000     0.00000
    -0.48763     0.00000     0.00000     0.00000     0.00000
    -0.48545     0.00000     0.00000     0.00000     0.00000
    -0.48327     0.00000     0.00000     0.00000     0.00000
    -0.48110     0.00000     0.00000     0.00000     0.00000
    -0.47892     0.00000     0.00000     0.00000     0.00000
    -0.47674     0.00000     0.00000     0.00000     0.00000
    -0.47457     0.00000     0.00000     0.00000     0.00000
    -0.47239     0.00000     0.00000     0.00000     0.00000
    -0.47021     0.00000     0.00000     0.00000     0.00000
    -0.46804     0.00000     0.00000     0.00000     0.00000
    -0.46586     0.00000     0.00000     0.00000     0.00000
    -0.46368     0.00000     0.00000     0.00000     0.00000
    -0.46151     0.00000     0.00000     0.00000     0.00000
    -0.45933     0.00000     0.00000     0.00000     0.00000
    -0.45715     0.00000     0.00000     0.00000     0.00000
    -0.45497     0.00000     0.00000     0.00000     0.00000
    -0.45280     0.00000     0.00000     0.00000     0.00000
    -0.45062     0.00000     0.00000     0.00000     0.00000
    -0.44844     0.00000     0.00000     0.00000     0.00000
    -0.44627     0.00000     0.00000     0.00000     0.00000
    -0.44409     0.00000     0.00000     0.00000     0.00000
    -0.44191     0.00000     0.00000     0.00000     0.00000
    -0.43974     0.00000     0.00000     0.00000     0.00000
    -0.43756     0.00000     0.00000     0.00000     0.00000
    -0.43538     0.00000     0.00000     0.00000     0.00000
    -0.43321     0.00000     0.00000     0.00000     0.00000
    -0.43103     0.00000     0.00000     0.00000     0.00000
    -0.42885     0.00000     0.00000     0.00000     0.00000
    -0.42667     0.00000     0.00000     0.00000     0.00000
    -0.42450     0.00000     0.00000     0.00000     0.00000
    -0.42232     0.00000     0.00000     0.00000     0.00000
    -0.42014     0.00000     0.00000     0.00000     0.00000
    -0.41797     0.00000     0.00000     0.00000     0.00000
    -0.41579     0.00000     0.00000     0.00000     0.00000
    -0.41361     0.00000     0.00000     0.00000     0.00000
    -0.41144     0.00000     0.00000     0.00000     0.00000
    -0.40926     0.00000     0.00000     0.00000     0.00000
    -0.40708     0.00000     0.00000     0.00000     0.00000
    -0.40491     0.00000     0.00000     0.00000     0.00000
    -0.40273     0.00000     0.00000     0.00000     0.00000
    -0.40055     0.00000     0.00000     0.00000     0.00000
    -0.39837     0.00000     0.00000     0.00000     0.00000
    -0.39620     0.00000     0.00000     0.00000     0.00000
    -0.39402     0.00000     0.00000     0.00000     0.00000
    -0.39184     0.00000     0.00000     0.00000     0.00000
    -0.38967     0.00000     0.00000     0.00000     0.00000
    -0.38749     0.00000     0.00000     0.00000     0.00000
    -0.38531     0.00000     0.00000     0.00000     0.00000
    -0.38314     0.00000     0.00000     0.00000     0.00000
    -0.38096     0.00000     0.00000     0.00000     0.00000
    -0.37878     0.00000     0.00000     0.00000     0.00000
    -0.37661     0.00000     0.00000     0.00000     0.00000
    -0.37443     0.00000     0.00000     0.00000     0.00000
    -0.37225     0.00000     0.00000     0.00000     0.00000
    -0.37007     0.00000     0.00000     0.00000     0.00000
    -0.36790     0.00000     0.00000     0.00000     0.00000
    -0.36572     0.00000     0.00000     0.00000     0.00000
    -0.36354     0.00000     0.00000     0.00000     0.00000
    -0.36137     0.00000     0.00000     0.00000     0.00000
    -0.35919     0.00000     0.00000     0.00000     0.00000
    -0.35701     0.00000     0.00000     0.00000     0.00000
    -0.35484     0.00000     0.00000     0.00000     0.00000
    -0.35266     0.00000     0.00000     0.00000     0.00000
    -0.35048     0.00000     0.00000     0.00000     0.00000
    -0.34831     0.00000     0.00000     0.00000     0.00000
    -0.34613     0.00000     0.00000     0.00000     0.00000
    -0.34395     0.00000     0.00000     0.00000     0.00000
    -0.34178     0.00000     0.00000     0.00000     0.00000
    -0.33960     0.00000     0.00000     0.00000     0.00000
    -0.33742     0.00000     0.00000     0.00000     0.00000
    -0.33524     0.00000     0.00000     0.00000     0.00000
    -0.33307     0.00000     0.00000     0.00000     0.00000
    -0.33089     0.00000     0.00000     0.00000     0.00000
    -0.32871     0.00000     0.00000     0.00000     0.00000
    -0.32654     0.00000     0.00000     0.00000     0.00000
    -0.32436     0.00000     0.00000     0.00000     0.00000
    -0.32218     0.00000     0.00000     0.00000     0.00000
    -0.32001     0.00000     0.00000     0.00000     0.00000
    -0.31783     0.00000     0.00000     0.00000     0.00000
    -0.31565     0.00000     0.00000     0.00000     0.00000
    -0.31348     0.00000     0.00000     0.00000     0.00000
    -0.31130     0.00000     0.00000     0.00000     0.00000
    -0.30912     0.00000     0.00000     0.00000     0.00000
    -0.30694     0.00000     0.00000     0.00000     0.00000
    -0.30477     0.00000     0.00000     0.00000     0.00000
    -0.30259     0.00000     0.00000     0.00000     0.00000
    -0.30041     0.00000     0.00000     0.00000     0.00000
    -0.29824     0.00000     0.00000     0.00000     0.00000
    -0.29606     0.00000     0.00000     0.00000     0.00000
    -0.29388     0.00000     0.00000     0.00000     0.00000
    -0.29171     0.00000     0.00000     0.00000     0.00000
    -0.28953     0.00000     0.00000     0.00000     0.00000
    -0.28735     0.00000     0.00000     0.00000     0.00000
    -0.28518     0.00000     0.00000     0.00000     0.00000
    -0.28300     0.00000     0.00000     0.00000     0.00000
    -0.28082     0.00000     0.00000     0.00000     0.00000
    -0.27864     0.00000     0.00000     0.00000     0.00000
    -0.27647     0.00000     0.00000     0.00000     0.00000
    -0.27429     0.00000     0.00000     0.00000     0.00000
    -0.27211     0.00000     0.00000     0.00000     0.00000
    -0.26994     0.00000     0.00000     0.00000     0.00000
    -0.26776     0.00000     0.00000     0.00000     0.00000
    -0.26558     0.00000     0.00000     0.00000     0.00000
    -0.26341     0.00000     0.00000     0.00000     0.00000
    -0.26123     0.00000     0.00000     0.00000     0.00000
    -0.25905     0.00000     0.00000     0.00000     0.00000
    -0.25688     0.00000     0.00000     0.00000     0.00000
    -0.25470     0.00000     0.00000     0.00000     0.00000
    -0.25252     0.00000     0.00000     0.00000     0.00000
    -0.25034     0.00000     0.00000     0.00000     0.00000
    -0.24817     0.00000     0.00000     0.00000     0.00000
    -0.24599     0.00000     0.00000     0.00000     0.00000
    -0.24381     0.00000     0.00000     0.00000     0.00000
    -0.24164     0.00000     0.00000     0.00000     0.00000
    -0.23946     0.00000     0.00000     0.00000     0.00000
    -0.23728     0.00000     0.00000     0.00000     0.00000
    -0.23511     0.00000     0.00000     0.00000     0.00000
    -0.23293     0.00000     0.00000     0.00000     0.00000
    -0.23075     0.00000     0.00000     0.00000     0.00000
    -0.22858     0.00000     0.00000     0.00000     0.00000
    -0.22640     0.00000     0.00000     0.00000     0.00000
    -0.22422     0.00000     0.00000     0.00000     0.00000
    -0.22204     0.00000     0.00000     0.00000     0.00000
    -0.21987     0.00000     0.00000     0.00000     0.00000
    -0.21769     0.00000     0.00000     0.00000     0.00000
    -0.21551     0.00000     0.00000     0.00000     0.00000
    -0.21334     0.00000     0.00000     0.00000     0.00000
    -0.21116     0.00000     0.00000     0.00000     0.00000
    -0.20898     0.00000     0.00000     0.00000     0.00000
    -0.20681     0.00000     0.00000     0.00000     0.00000
    -0.20463     0.00000     0.00000     0.00000     0.00000
    -0.20245     0.00000     0.00000     0.00000     0.00000
    -0.20028     0.00000     0.00000     0.00000     0.00000
    -0.19810     0.00000     0.00000     0.00000     0.00000
    -0.19592     0.00000     0.00000     0.00000     0.00000
    -0.19375     0.00000     0.00000     0.00000     0.00000
    -0.19157     0.00000     0.00000     0.00000     0.00000
    -0.18939     0.00000     0.00000     0.00000     0.00000
    -0.18721     0.00000     0.00000     0.00000     0.00000
    -0.18504     0.00000     0.00000     0.00000     0.00000
    -0.18286     0.00000     0.00000     0.00000     0.00000
    -0.18068     0.00000     0.00000     0.00000     0.00000
    -0.17851     0.00000     0.00000     0.00000     0.00000
    -0.17633     0.00000     0.00000     0.00000     0.00000
    -0.17415     0.00000     0.00000     0.00000     0.00000
    -0.17198     0.00000     0.00000     0.00000     0.00000
    -0.16980     0.00000     0.00000     0.00000     0.00000
    -0.16762     0.00000     0.00000     0.00000     0.00000
    -0.16545     0.00000     0.00000     0.00000     0.00000
    -0.16327     0.00000     0.00000     0.00000     0.00000
    -0.16109     0.00000     0.00000     0.00000     0.00000
    -0.15891     0.00000     0.00000     0.00000     0.00000
    -0.15674     0.00000     0.00000     0.00000     0.00000
    -0.15456     0.00000     0.00000     0.00000     0.00000
    -0.15238     0.00000     0.00000     0.00000     0.00000
    -0.15021     0.00000     0.00000     0.00000     0.00000
    -0.14803     0.00000     0.00000     0.00000     0.00000
    -0.14585     0.00000     0.00000     0.00000     0.00000
    -0.14368     0.00000     0.00000     0.00000     0.00000
    -0.14150     0.00000     0.00000     0.00000     0.00000
    -0.13932     0.00000     0.00000     0.00000     0.00000
    -0.13715     0.00000     0.00000     0.00000     0.00000
    -0.13497     0.00000     0.00000     0.00000     0.00000
    -0.13279     0.00000     0.00000     0.00000     0.00000
    -0.13061     0.00000     0.00000     0.00000     0.00000
    -0.12844     0.00000     0.00000     0.00000     0.00000
    -0.12626     0.00000     0.00000     0.00000     0.00000
    -0.12408     0.00000     0.00000     0.00000     0.00000
    -0.12191     0.00000     0.00000     0.00000     0.00000
    -0.11973     0.00000     0.00000     0.00000     0.00000
    -0.11755     0.00000     0.00000     0.00000     0.00000
    -0.11538     0.00000     0.00000     0.00000     0.00000
    -0.11320     0.00000     0.00000     0.00000     0.00000
    -0.11102     0.00000     0.00000     0.00000     0.00000
    -0.10885     0.00000     0.00000     0.00000     0.00000
    -0.10667     0.00000     0.00000     0.00000     0.00000
    -0.10449     0.00000     0.00000     0.00000     0.00000
    -0.10231     0.00000     0.00000     0.00000     0.00000
    -0.10014     0.00000     0.00000     0.00000     0.00000
    -0.09796     0.00000     0.00000     0.00000     0.00000
    -0.09578     0.00000     0.00000     0.00000     0.00000
    -0.09361     0.00000     0.00000     0.00000     0.00000
    -0.09143     0.00000     0.00000     0.00000     0.00000
    -0.08925     0.00000     0.00000     0.00000     0.00000
    -0.08708     0.00000     0.00000     0.00000     0.00000
    -0.08490     0.00000     0.00000     0.00000     0.00000
    -0.08272     0.00000     0.00000     0.00000     0.00000
    -0.08055     0.00000     0.00000     0.00000     0.00000
    -0.07837     0.00000     0.00000     0.00000     0.00000
    -0.07619     0.00000     0.00000     0.00000     0.00000
    -0.07401     0.00000     0.00000     0.00000     0.00000
    -0.07184     0.00000     0.00000     0.00000     0.00000
    -0.06966     0.00000     0.00000     0.00000     0.00000
    -0.06748     0.00000     0.00000     0.00000     0.00000
    -0.06531     0.00000     0.00000     0.00000     0.00000
    -0.06313     0.00000     0.00000     0.00000     0.00000
    -0.06095     0.00000     0.00000     0.00000     0.00000
    -0.05878     0.00000     0.00000     0.00000     0.00000
    -0.05660     0.00000     0.00000     0.00000     0.00000
    -0.05442     0.00000     0.00000     0.00000     0.00000
    -0.05225     0.00000     0.00000     0.00000     0.00000
    -0.05007     0.00000     0.00000     0.00000     0.00000
    -0.04789     0.00000     0.00000     0.00000     0.00000
    -0.04572     0.00000     0.00000     0.00000     0.00000
    -0.04354     0.00000     0.00000     0.00000     0.00000
    -0.04136     0.00000     0.00000     0.00000     0.00000
    -0.03918     0.00000     0.00000     0.00000     0.00000
    -0.03701     0.00000     0.00000     0.00000     0.00000
    -0.03483     0.00000     0.00000     0.00000     0.00000
    -0.03265     0.00000     0.00000     0.00000     0.00000
    -0.03048     0.00000     0.00000     0.00000     0.00000
    -0.02830     0.00000     0.00000     0.00000     0.00000
    -0.02612     0.00000     0.00000     0.00000     0.00000
    -0.02395     0.00000     0.00000     0.00000     0.00000
    -0.02177     0.00000     0.00000     0.00000     0.00000
    -0.01959     0.00000     0.00000     0.00000     0.00000
    -0.01742     0.00000     0.00000     0.00000     0.00000
    -0.01524     0.00000     0.00000     0.00000     0.00000
    -0.01306     0.00000     0.00000     0.00000     0.00000
    -0.01088     0.00000     0.00000     0.00000     0.00000
    -0.00871     0.00000     0.00000     0.00000     0.00000
    -0.00653     0.00000     0.00000     0.00000     0.00000
    -0.00435     0.00000     0.00000     0.00000     0.00000
    -0.00218     0.00000     0.00000     0.00000     0.00000
     0.00000     0.00000     0.00000     0.00000     0.00000
     0.00218     0.00000     0.00000     0.00000     0.00000
     0.00435     0.00000     0.00000     0.00000     0.00000
     0.00653     0.00000     0.00000     0.00000     0.00000
     0.00871     0.00000     0.00000     0.00000     0.00000
     0.01088     0.00000     0.00000     0.00000     0.00000
     0.01306     0.00000     0.00000     0.00000     0.00000
     0.01524     0.00000     0.00000     0.00000     0.00000
     0.01742     0.00000     0.00000     0.00000     0.00000
     0.01959     0.00000     0.00000     0.00000     0.00000
     0.02177     0.00000     0.00000     0.00000     0.00000
     0.02395     0.00000     0.00000     0.00000     0.00000
     0.02612     0.00000     0.00000     0.00000     0.00000
     0.02830     0.00000     0.00000     0.00000     0.00000
     0.03048     0.00000     0.00000     0.00000     0.00000
     0.03265     0.00000     0.00000     0.00000     0.00000
     0.03483     0.00000     0.00000     0.00000     0.00000
     0.03701     0.00000     0.00000     0.00000     0.00000
     0.03918     0.00000     0.00000     0.00000     0.00000
     0.04136     0.00000     0.00000     0.00000     0.00000
     0.04354     0.00000     0.00000     0.00000     0.00000
     0.04572     0.00000     0.00000     0.00000     0.00000
     0.04789     0.00000     0.00000     0.00000     0.00000
     0.05007     0.00000     0.00000     0.00000     0.00000
     0.05225     0.00000     0.00000     0.00000     0.00000
     0.05442     0.00000     0.00000     0.00000     0.00000
     0.05660     0.00000     0.00000     0.00000     0.00000
     0.05878     0.00000     0.00000     0.00000     0.00000
     0.06095     0.00000     0.00000     0.00000     0.00000
     0.06313     0.00000     0.00000     0.00000     0.00000
     0.06531     0.00000     0.00000     0.00000     0.00000
     0.06748     0.00000     0.00000     0.00000     0.00000
     0.06966     0.00000     0.00000     0.00000     0.00000
     0.07184     0.00000     0.00000     0.00000     0.00000
     0.07401     0.00000     0.00000     0.00000     0.00000
     0.07619     0.00000     0.00000     0.00000     0.00000
     0.07837     0.00000     0.00000     0.00000     0.00000
     0.08055     0.00000     0.00000     0.00000     0.00000
     0.08272     0.00000     0.00000     0.00000     0.00000
     0.08490     0.00000     0.00000     0.00000     0.00000
     0.08708     0.00000     0.00000     0.00000     0.00000
     0.08925     0.00000     0.00000     0.00000     0.00000
     0.09143     0.00000     0.00000     0.00000     0.00000
     0.09361     0.00000     0.00000     0.00000     0.00000
     0.09578     0.00000     0.00000     0.00000     0.00000
     0.09796     0.00000     0.00000     0.00000     0.00000
     0.10014     0.00000     0.00000     0.00000     0.00000
     0.10231     0.00000     0.00000     0.00000     0.00000
     0.10449     0.00000     0.00000     0.00000     0.00000
     0.10667     0.00000     0.00000     0.00000     0.00000
     0.10885     0.00000     0.00000     0.00000     0.00000
     0.11102     0.00000     0.00000     0.00000     0.00000
     0.11320     0.00000     0.00000     0.00000     0.00000
     0.11538     0.00000     0.00000     0.00000     0.00000
     0.11755     0.00000     0.00000     0.00000     0.00000
     0.11973     0.00000     0.00000     0.00000     0.00000
     0.12191     0.00000     0.00000     0.00000     0.00000
     0.12408     0.00000     0.00000     0.00000     0.00000
     0.12626     0.00000     0.00000     0.00000     0.00000
     0.12844     0.00000     0.00000     0.00000     0.00000
     0.13061     0.00000     0.00000     0.00000     0.00000
     0.13279     0.00000     0.00000     0.00000     0.00000
     0.13497     0.00000     0.00000     0.00000     0.00000
     0.13715     0.00000     0.00000     0.00000     0.00000
     0.13932     0.00000     0.00000     0.00000     0.00000
     0.14150     0.00000     0.00000     0.00000     0.00000
     0.14368     0.00000     0.00000     0.00000     0.00000
     0.14585     0.00000     0.00000     0.00000     0.00000
     0.14803     0.00000     0.00000     0.00000     0.00000
     0.15021     0.00000     0.00000     0.00000     0.00000
     0.15238     0.00000     0.00000     0.00000     0.00000
     0.15456     0.00000     0.00000     0.00000     0.00000
     0.15674     0.00000     0.00000     0.00000     0.00000
     0.15891     0.00000     0.00000     0.00000     0.00000
     0.16109     0.00000     0.00000     0.00000     0.00000
     0.16327     0.00000     0.00000     0.00000     0.00000
     0.16545     0.00000     0.00000     0.00000     0.00000
     0.16762     0.00000     0.00000     0.00000     0.00000
     0.16980     0.00000     0.00000     0.00000     0.00000
     0.17198     0.00000     0.00000     0.00000     0.00000
     0.17415     0.00000     0.00000     0.00000     0.00000
     0.17633     0.00000     0.00000     0.00000     0.00000
     0.17851     0.00000     0.00000     0.00000     0.00000
     0.18068     0.00000     0.00000     0.00000     0.00000
     0.18286     0.00000     0.00000     0.00000     0.00000
     0.18504     0.00000     0.00000     0.00000     0.00000
     0.18721     0.00000     0.00000     0.00000     0.00000
     0.18939     0.00000     0.00000     0.00000     0.00000
     0.19157     0.00000     0.00000     0.00000     0.00000
     0.19375     0.00000     0.00000     0.00000     0.00000
     0.19592     0.00000     0.00000     0.00000     0.00000
     0.19810     0.00000     0.00000     0.00000     0.00000
     0.20028     0.00000     0.00000     0.00000     0.00000
     0.20245     0.00000     0.00000     0.00000     0.00000
     0.20463     0.00000     0.00000     0.00000     0.00000
     0.20681     0.00000     0.00000     0.00000     0.00000
     0.20898     0.00000     0.00000     0.00000     0.00000
     0.21116     0.00000     0.00000     0.00000     0.00000
     0.21334     0.00000     0.00000     0.00000     0.00000
     0.21551     0.00000     0.00000     0.00000     0.00000
     0.21769     0.00000     0.00000     0.00000     0.00000
     0.21987     0.00000     0.00000     0.00000     0.00000
     0.22204     0.00000     0.00000     0.00000     0.00000
     0.22422     0.00000     0.00000     0.00000     0.00000
     0.22640     0.00000     0.00000     0.00000     0.00000
     0.22858     0.00000     0.00000     0.00000     0.00000
     0.23075     0.00000     0.00000     0.00000     0.00000
     0.23293     0.00000     0.00000     0.00000     0.00000
     0.23511     0.00000     0.00000     0.00000     0.00000
     0.23728     0.00000     0.00000     0.00000     0.00000
     0.23946     0.00000     0.00000     0.00000     0.00000
     0.24164     0.00000     0.00000     0.00000     0.00000
     0.24381     0.00000     0.00000     0.00000     0.00000
     0.24599     0.00000     0.00000     0.00000     0.00000
     0.24817     0.00000     0.00000     0.00000     0.00000
     0.25034     0.00000     0.00000     0.00000     0.00000
     0.25252     0.00000     0.00000     0.00000     0.00000
     0.25470     0.00000     0.00000     0.00000     0.00000
     0.25688     0.00000     0.00000     0.00000     0.00000
     0.25905     0.00000     0.00000     0.00000     0.00000
     0.26123     0.00000     0.00000     0.00000     0.00000
     0.26341     0.00000     0.00000     0.00000     0.00000
     0.26558     0.00000     0.00000     0.00000     0.00000
     0.26776     0.00000     0.00000     0.00000     0.00000
     0.26994     0.00000     0.00000     0.00000     0.00000
     0.27211     0.00000     0.00000     0.00000     0.00000
     0.27429     0.00000     0.00000     0.00000     0.00000
     0.27647     0.00000     0.00000     0.00000     0.00000
     0.27864     0.00000     0.00000     0.00000     0.00000
     0.28082     0.00000     0.00000     0.00000     0.00000
     0.28300     0.00000     0.00000     0.00000     0.00000
     0.28518     0.00000     0.00000     0.00000     0.00000
     0.28735     0.00000     0.00000     0.00000     0.00000
     0.28953     0.00000     0.00000     0.00000     0.00000
     0.29171     0.00000     0.00000     0.00000     0.00000
     0.29388     0.00000     0.00000     0.00000     0.00000
     0.29606     0.00000     0.00000     0.00000     0.00000
     0.29824     0.00000     0.00000     0.00000     0.00000
     0.30041     0.00000     0.00000     0.00000     0.00000
     0.30259     0.00000     0.00000     0.00000     0.00000
     0.30477     0.00000     0.00000     0.00000     0.00000
     0.30694     0.00000     0.00000     0.00000     0.00000
     0.30912     0.00000     0.00000     0.00000     0.00000
     0.31130     0.00000     0.00000     0.00000     0.00000
     0.31348     0.00000     0.00000     0.00000     0.00000
     0.31565     0.00000     0.00000     0.00000     0.00000
     0.31783     0.00000     0.00000     0.00000     0.00000
     0.32001     0.00000     0.00000     0.00000     0.00000
     0.32218     0.00000     0.00000     0.00000     0.00000
     0.32436     0.00000     0.00000     0.00000     0.00000
     0.32654     0.00000     0.00000     0.00000     0.00000
     0.32871     0.00000     0.00000     0.00000     0.00000
     0.33089     0.00000     0.00000     0.00000     0.00000
     0.33307     0.00000     0.00000     0.00000     0.00000
     0.33524     0.00000     0.00000     0.00000     0.00000
     0.33742     0.00000     0.00000     0.00000     0.00000
     0.33960     0.00000     0.00000     0.00000     0.00000
     0.34178     0.00000     0.00000     0.00000     0.00000
     0.34395     0.00000     0.00000     0.00000     0.00000
     0.34613     0.00000     0.00000     0.00000     0.00000
     0.34831     0.00000     0.00000     0.00000     0.00000
     0.35048     0.00000     0.00000     0.00000     0.00000
     0.35266     0.00000     0.00000     0.00000     0.00000
     0.35484     0.00000     0.00000     0.00000     0.00000
     0.35701     0.00000     0.00000     0.00000     0.00000
     0.35919     0.00000     0.00000     0.00000     0.00000
     0.36137     0.00000     0.00000     0.00000     0.00000
     0.36354     0.00000     0.00000     0.00000     0.00000
     0.36572     0.00000     0.00000     0.00000     0.00000
     0.36790     0.00000     0.00000     0.00000     0.00000
     0.37007     0.00000     0.00000     0.00000     0.00000
     0.37225     0.00000     0.00000     0.00000     0.00000
     0.37443     0.00000     0.00000     0.00000     0.00000
     0.37661     0.00000     0.00000     0.00000     0.00000
     0.37878     0.00000     0.00000     0.00000     0.00000
     0.38096     0.00000     0.00000     0.00000     0.00000
     0.38314     0.00000     0.00000     0.00000     0.00000
     0.38531     0.00000     0.00000     0.00000     0.00000
     0.38749     0.00000     0.00000     0.00000     0.00000
     0.38967     0.00000     0.00000     0.00000     0.00000
     0.39184     0.00000     0.00000     0.00000     0.00000
     0.39402     0.00000     0.00000     0.00000     0.00000
     0.39620     0.00000     0.00000     0.00000     0.00000
     0.39837     0.00000     0.00000     0.00000     0.00000
     0.40055     0.00000     0.00000     0.00000     0.00000
     0.40273     0.00000     0.00000     0.00000     0.00000
     0.40491     0.00000     0.00000     0.00000     0.00000
     0.40708     0.00000     0.00000     0.00000     0.00000
     0.40926     0.00000     0.00000     0.00000     0.00000
     0.41144     0.00000     0.00000     0.00000     0.00000
     0.41361     0.00000     0.00000     0.00000     0.00000
     0.41579     0.00000     0.00000     0.00000     0.00000
     0.41797     0.00000     0.00000     0.00000     0.00000
     0.42014     0.00000     0.00000     0.00000     0.00000
     0.42232     0.00000     0.00000     0.00000     0.00000
     0.42450     0.00000     0.00000     0.00000     0.00000
     0.42667     0.00000     0.00000     0.00000     0.00000
     0.42885     0.00000     0.00000     0.00000     0.00000
     0.43103     0.00000     0.00000     0.00000     0.00000
     0.43321     0.00000     0.00000     0.00000     0.00000
     0.43538     0.00000     0.00000     0.00000     0.00000
     0.43756     0.00000     0.00000     0.00000     0.00000
     0.43974     0.00000     0.00000     0.00000     0.00000
     0.44191     0.00000     0.00000     0.00000     0.00000
     0.44409     0.00000     0.00000     0.00000     0.00000
     0.44627     0.00000     0.00000     0.00000     0.00000
     0.44844     0.00000     0.00000     0.00000     0.00000
     0.45062     0.00000     0.00000     0.00000     0.00000
     0.45280     0.00000     0.00000     0.00000     0.00000
     0.45497     0.00000     0.00000     0.00000     0.00000
     0.45715     0.00000     0.00000     0.00000     0.00000
     0.45933     0.00000     0.00000     0.00000     0.00000
     0.46151     0.00000     0.00000     0.00000     0.00000
     0.46368     0.00000     0.00000     0.00000     0.00000
     0.46586     0.00000     0.00000     0.00000     0.00000
     0.46804     0.00000     0.00000     0.00000     0.00000
     0.47021     0.00000     0.00000     0.00000     0.00000
     0.47239     0.00000     0.00000     0.00000     0.00000
     0.47457     0.00000     0.00000     0.00000     0.00000
     0.47674     0.00000     0.00000     0.00000     0.00000
     0.47892     0.00000     0.00000     0.00000     0.00000
     0.48110     0.00000     0.00000     0.00000     0.00000
     0.48327     0.00000     0.00000     0.00000     0.00000
     0.48545     0.00000     0.00000     0.00000     0.00000
     0.48763     0.00000     0.00000     0.00000     0.00000
     0.48980     0.00000     0.00000     0.00000     0.00000
     0.49198     0.00000     0.00000     0.00000     0.00000
     0.49416     0.00000     0.00000     0.00000     0.00000
     0.49634     0.00000     0.00000     0.00000     0.00000
     0.49851     0.00000     0.00000     0.00000     0.00000
     0.50069     0.00000     0.00000     0.00000     0.00000
     0.50287     0.00000     0.00000     0.00000     0.00000
     0.50504     0.00000     0.00000     0.00000     0.00000
     0.50722     0.00000     0.00000     0.00000     0.00000
     0.50940     0.00000     0.00000     0.00000     0.00000
     0.51157     0.00000     0.00000     0.00000     0.00000
     0.51375     0.00000     0.00000     0.00000     0.00000
     0.51593     0.00000     0.00000     0.00000     0.00000
     0.51810     0.00000     0.00000     0.00000     0.00000
     0.52028     0.00000     0.00000     0.00000     0.00000
     0.52246     0.00000     0.00000     0.00000     0.00000
     0.52464     0.00000     0.00000     0.00000     0.00000
     0.52681     0.00000     0.00000     0.00000     0.00000
     0.52899     0.00000     0.00000     0.00000     0.00000
     0.53117     0.00000     0.00000     0.00000     0.00000
     0.53334     0.00000     0.00000     0.00000     0.00000
     0.53552     0.00000     0.00000     0.00000     0.00000
     0.53770     0.00000     0.00000     0.00000     0.00000
     0.53987     0.00000     0.00000     0.00000     0.00000
     0.54205     0.00000     0.00000     0.00000     0.00000
     0.54423     0.00000     0.00000     0.00000     0.00000
     0.54640     0.00000     0.00000     0.00000     0.00000
     0.54858     0.00000     0.00000     0.00000     0.00000
     0.55076     0.00000     0.00000     0.00000     0.00000
     0.55294     0.00000     0.00000     0.00000     0.00000
     0.55511     0.00000     0.00000     0.00000     0.00000
     0.55729     0.00000     0.00000     0.00000     0.00000
     0.55947     0.00000     0.00000     0.00000     0.00000
     0.56164     0.00000     0.00000     0.00000     0.00000
     0.56382     0.00000     0.00000     0.00000     0.00000
     0.56600     0.00000     0.00000     0.00000     0.00000
     0.56817     0.00000     0.00000     0.00000     0.00000
     0.57035     0.00000     0.00000     0.00000     0.00000
     0.57253     0.00000     0.00000     0.00000     0.00000
     0.57470     0.00000     0.00000     0.00000     0.00000
     0.57688     0.00000     0.00000     0.00000     0.00000
     0.57906     0.00000     0.00000     0.00000     0.00000
     0.58124     0.00000     0.00000     0.00000     0.00000
     0.58341     0.00000     0.00000     0.00000     0.00000
     0.58559     0.00000     0.00000     0.00000     0.00000
     0.58777     0.00000     0.00000     0.00000     0.00000
     0.58994     0.00000     0.00000     0.00000     0.00000
     0.59212     0.00000     0.00000     0.00000     0.00000
     0.59430     0.00000     0.00000     0.00000     0.00000
     0.59647     0.00000     0.00000     0.00000     0.00000
     0.59865     0.00000     0.00000     0.00000     0.00000
     0.60083     0.00000     0.00000     0.00000     0.00000
     0.60300     0.00000     0.00000     0.00000     0.00000
     0.60518     0.00000     0.00000     0.00000     0.00000
     0.60736     0.00000     0.00000     0.00000     0.00000
     0.60954     0.00000     0.00000     0.00000     0.00000
     0.61171     0.00000     0.00000     0.00000     0.00000
     0.61389     0.00000     0.00000     0.00000     0.00000
     0.61607     0.00000     0.00000     0.00000     0.00000
     0.61824     0.00000     0.00000     0.00000     0.00000
     0.62042     0.00000     0.00000     0.00000     0.00000
     0.62260     0.00000     0.00000     0.00000     0.00000
     0.62477     0.00000     0.00000     0.00000     0.00000
     0.62695     0.00000     0.00000     0.00000     0.00000
     0.62913     0.00000     0.00000     0.00000     0.00000
     0.63130     0.00000     0.00000     0.00000     0.00000
     0.63348     0.00000     0.00000     0.00000     0.00000
     0.63566     0.00000     0.00000     0.00000     0.00000
     0.63783     0.00000     0.00000     0.00000     0.00000
     0.64001     0.00000     0.00000     0.00000     0.00000
     0.64219     0.00000     0.00000     0.00000     0.00000
     0.64437     0.00000     0.00000     0.00000     0.00000
     0.64654     0.00000     0.00000     0.00000     0.00000
     0.64872     0.00000     0.00000     0.00000     0.00000
     0.65090     0.00000     0.00000     0.00000     0.00000
     0.65307     0.00000     0.00000     0.00000     0.00000
     0.65525     0.00000     0.00000     0.00000     0.00000
     0.65743     0.00000     0.00000     0.00000     0.00000
     0.65960     0.00000     0.00000     0.00000     0.00000
     0.66178     0.00000     0.00000     0.00000     0.00000
     0.66396     0.00000     0.00000     0.00000     0.00000
     0.66613     0.00000     0.00000     0.00000     0.00000
     0.66831     0.00000     0.00000     0.00000     0.00000
     0.67049     0.00000     0.00000     0.00000     0.00000
     0.67267     0.00000     0.00000     0.00000     0.00000
     0.67484     0.00000     0.00000     0.00000     0.00000
     0.67702     0.00000     0.00000     0.00000     0.00000
     0.67920     0.00000     0.00000     0.00000     0.00000
     0.68137     0.00000     0.00000     0.00000     0.00000
     0.68355     0.00000     0.00000     0.00000     0.00000
     0.68573     0.00000     0.00000     0.00000     0.00000
     0.68790     0.00000     0.00000     0.00000     0.00000
     0.69008     0.00000     0.00000     0.00000     0.00000
     0.69226     0.00000     0.00000     0.00000     0.00000
     0.69443     0.00000     0.00000     0.00000     0.00000
     0.69661     0.00000     0.00000     0.00000     0.00000
     0.69879     0.00000     0.00000     0.00000     0.00000
     0.70097     0.00000     0.00000     0.00000     0.00000
     0.70314     0.00000     0.00000     0.00000     0.00000
     0.70532     0.00000     0.00000     0.00000     0.00000
     0.70750     0.00000     0.00000     0.00000     0.00000
     0.70967     0.00000     0.00000     0.00000     0.00000
     0.71185     0.00000     0.00000     0.00000     0.00000
     0.71403     0.00000     0.00000     0.00000     0.00000
     0.71620     0.00000     0.00000     0.00000     0.00000
     0.71838     0.00000     0.00000     0.00000     0.00000
     0.72056     0.00000     0.00000     0.00000     0.00000
     0.72273     0.00000     0.00000     0.00000     0.00000
     0.72491     0.00000     0.00000     0.00000     0.00000
     0.72709     0.00000     0.00000     0.00000     0.00000
     0.72927     0.00000     0.00000     0.00000     0.00000
     0.73144     0.00000     0.00000     0.00000     0.00000
     0.73362     0.00000     0.00000     0.00000     0.00000
     0.73580     0.00000     0.00000     0.00000     0.00000
     0.73797     0.00000     0.00000     0.00000     0.00000
     0.74015     0.00000     0.00000     0.00000     0.00000
     0.74233     0.00000     0.00000     0.00000     0.00000
     0.74450     0.00000     0.00000     0.00000     0.00000
     0.74668     0.00000     0.00000     0.00000     0.00000
     0.74886     0.00000     0.00000     0.00000     0.00000
     0.75103     0.00000     0.00000     0.00000     0.00000
     0.75321     0.00000     0.00000     0.00000     0.00000
     0.75539     0.00000     0.00000     0.00000     0.00000
     0.75756     0.00000     0.00000     0.00000     0.00000
     0.75974     0.00000     0.00000     0.00000     0.00000
     0.76192     0.00000     0.00000     0.00000     0.00000
     0.76410     0.00000     0.00000     0.00000     0.00000
     0.76627     0.00000     0.00000     0.00000     0.00000
     0.76845     0.00000     0.00000     0.00000     0.00000
     0.77063     0.00000     0.00000     0.00000     0.00000
     0.77280     0.00000     0.00000     0.00000     0.00000
     0.77498     0.00000     0.00000     0.00000     0.00000
     0.77716     0.00000     0.00000     0.00000     0.00000
     0.77933     0.00000     0.00000     0.00000     0.00000
     0.78151     0.00000     0.00000     0.00000     0.00000
     0.78369     0.00000     0.00000     0.00000     0.00000
     0.78586     0.00000     0.00000     0.00000     0.00000
     0.78804     0.00000     0.00000     0.00000     0.00000
     0.79022     0.00000     0.00000     0.00000     0.00000
     0.79240     0.00000     0.00000     0.00000     0.00000
     0.79457     0.00000     0.00000     0.00000     0.00000
     0.79675     0.00000     0.00000     0.00000     0.00000
     0.79893     0.00000     0.00000     0.00000     0.00000
     0.80110     0.00000     0.00000     0.00000     0.00000
     0.80328     0.00000     0.00000     0.00000     0.00000
     0.80546     0.00000     0.00000     0.00000     0.00000
     0.80763     0.00000     0.00000     0.00000     0.00000
     0.80981     0.00000     0.00000     0.00000     0.00000
     0.81199     0.00000     0.00000     0.00000     0.00000
     0.81416     0.00000     0.00000     0.00000     0.00000
     0.81634     0.00000     0.00000     0.00000     0.00000
     0.81852     0.00000     0.00000     0.00000     0.00000
     0.82070     0.00000     0.00000     0.00000     0.00000
     0.82287     0.00000     0.00000     0.00000     0.00000
     0.82505     0.00000     0.00000     0.00000     0.00000
     0.82723     0.00000     0.00000     0.00000     0.00000
     0.82940     0.00000     0.00000     0.00000     0.00000
     0.83158     0.00000     0.00000     0.00000     0.00000
     0.83376     0.00000     0.00000     0.00000     0.00000
     0.83593     0.00000     0.00000     0.00000     0.00000
     0.83811     0.00000     0.00000     0.00000     0.00000
     0.84029     0.00000     0.00000     0.00000     0.00000
     0.84246     0.00000     0.00000     0.00000     0.00000
     0.84464     0.00000     0.00000     0.00000     0.00000
     0.84682     0.00000     0.00000     0.00000     0.00000
     0.84900     0.00000     0.00000     0.00000     0.00000
     0.85117     0.00000     0.00000     0.00000     0.00000
     0.85335     0.00000     0.00000     0.00000     0.00000
     0.85553     0.00000     0.00000     0.00000     0.00000
     0.85770     0.00000     0.00000     0.00000     0.00000
     0.85988     0.00000     0.00000     0.00000     0.00000
     0.86206     0.00000     0.00000     0.00000     0.00000
     0.86423     0.00000     0.00000     0.00000     0.00000
     0.86641     0.00000     0.00000     0.00000     0.00000
     0.86859     0.00000     0.00000     0.00000     0.00000
     0.87076     0.00000     0.00000     0.00000     0.00000
     0.87294     0.00000     0.00000     0.00000     0.00000
     0.87512     0.00000     0.00000     0.00000     0.00000
     0.87730     0.00000     0.00000     0.00000     0.00000
     0.87947     0.00000     0.00000     0.00000     0.00000
     0.88165     0.00000     0.00000     0.00000     0.00000
     0.88383     0.00000     0.00000     0.00000     0.00000
     0.88600     0.00000     0.00000     0.00000     0.00000
     0.88818     0.00000     0.00000     0.00000     0.00000
     0.89036     0.00000     0.00000     0.00000     0.00000
     0.89253     0.00000     0.00000     0.00000     0.00000
     0.89471     0.00000     0.00000     0.00000     0.00000
     0.89689     0.00000     0.00000     0.00000     0.00000
     0.89906     0.00000     0.00000     0.00000     0.00000
     0.90124     0.00000     0.00000     0.00000     0.00000
     0.90342     0.00000     0.00000     0.00000     0.00000
     0.90559     0.00000     0.00000     0.00000     0.00000
     0.90777     0.00000     0.00000     0.00000     0.00000
     0.90995     0.00000     0.00000     0.00000     0.00000
     0.91213     0.00000     0.00000     0.00000     0.00000
     0.91430     0.00000     0.00000     0.00000     0.00000
     0.91648     0.00000     0.00000     0.00000     0.00000
     0.91866     0.00000     0.00000     0.00000     0.00000
     0.92083     0.00000     0.00000     0.00000     0.00000
     0.92301     0.00000     0.00000     0.00000     0.00000
     0.92519     0.00000     0.00000     0.00000     0.00000
     0.92736     0.00000     0.00000     0.00000     0.00000
     0.92954     0.00000     0.00000     0.00000     0.00000
     0.93172     0.00000     0.00000     0.00000     0.00000
     0.93389     0.00000     0.00000     0.00000     0.00000
     0.93607     0.00000     0.00000     0.00000     0.00000
     0.93825     0.00000     0.00000     0.00000     0.00000
     0.94043     0.00000     0.00000     0.00000     0.00000
     0.94260     0.00000     0.00000     0.00000     0.00000
     0.94478     0.00000     0.00000     0.00000     0.00000
     0.94696     0.00000     0.00000     0.00000     0.00000
     0.94913     0.00000     0.00000     0.00000     0.00000
     0.95131     0.00000     0.00000     0.00000     0.00000
     0.95349     0.00000     0.00000     0.00000     0.00000
     0.95566     0.00000     0.00000     0.00000     0.00000
     0.95784     0.00000     0.00000     0.00000     0.00000
     0.96002     0.00000     0.00000     0.00000     0.00000
     0.96219     0.00000     0.00000     0.00000     0.00000
     0.96437     0.00000     0.00000     0.00000     0.00000
     0.96655     0.00000     0.00000     0.00000     0.00000
     0.96873     0.00000     0.00000     0.00000     0.00000
     0.97090     0.00000     0.00000     0.00000     0.00000
     0.97308     0.00000     0.00000     0.00000     0.00000
     0.97526     0.00000     0.00000     0.00000     0.00000
     0.97743     0.00000     0.00000     0.00000     0.00000
     0.97961     0.00000     0.00000     0.00000     0.00000
     0.98179     0.00000     0.00000     0.00000     0.00000
     0.98396     0.00000     0.00000     0.00000     0.00000
     0.98614     0.00000     0.00000     0.00000     0.00000
     0.98832     0.00000     0.00000     0.00000     0.00000
     0.99049     0.00000     0.00000     0.00000     0.00000
     0.99267     0.00000     0.00000     0.00000     0.00000
     0.99485     0.00000     0.00000     0.00000     0.00000
     0.99703     0.00000     0.00000     0.00000     0.00000
     0.99920     0.00000     0.00000     0.00000     0.00000
     1.00138     0.00000     0.00000     0.00000     0.00000
     1.00356     0.00000     0.00000     0.00000     0.00000
     1.00573     0.00000     0.00000     0.00000     0.00000
     1.00791     0.00000     0.00000     0.00000     0.00000
     1.01009     0.00000     0.00000     0.00000     0.00000
     1.01226     0.00000     0.00000     0.00000     0.00000
     1.01444     0.00000     0.00000     0.00000     0.00000
     1.01662     0.00000     0.00000     0.00000     0.00000
     1.01879     0.00000     0.00000     0.00000     0.00000
     1.02097     0.00000     0.00000     0.00000     0.00000
     1.02315     0.00000     0.00000     0.00000     0.00000
     1.02533     0.00000     0.00000     0.00000     0.00000
     1.02750     0.00000     0.00000     0.00000     0.00000
     1.02968     0.00000     0.00000     0.00000     0.00000
     1.03186     0.00000     0.00000     0.00000     0.00000
     1.03403     0.00000     0.00000     0.00000     0.00000
     1.03621     0.00000     0.00000     0.00000     0.00000
     1.03839     0.00000     0.00000     0.00000     0.00000
     1.04056     0.00000     0.00000     0.00000     0.00000
     1.04274     0.00000     0.00000     0.00000     0.00000
     1.04492     0.00000     0.00000     0.00000     0.00000
     1.04709     0.00000     0.00000     0.00000     0.00000
     1.04927     0.00000     0.00000     0.00000     0.00000
     1.05145     0.00000     0.00000     0.00000     0.00000
     1.05362     0.00000     0.00000     0.00000     0.00000
     1.05580     0.00000     0.00000     0.00000     0.00000
     1.05798     0.00000     0.00000     0.00000     0.00000
     1.06016     0.00000     0.00000     0.00000     0.00000
     1.06233     0.00000     0.00000     0.00000     0.00000
     1.06451     0.00000     0.00000     0.00000     0.00000
     1.06669     0.00000     0.00000     0.00000     0.00000
     1.06886     0.00000     0.00000     0.00000     0.00000
     1.07104     0.00000     0.00000     0.00000     0.00000
     1.07322     0.00000     0.00000     0.00000     0.00000
     1.07539     0.00000     0.00000     0.00000     0.00000
     1.07757     0.00000     0.00000     0.00000     0.00000
     1.07975     0.00000     0.00000     0.00000     0.00000
     1.08192     0.00000     0.00000     0.00000     0.00000
     1.08410     0.00000     0.00000     0.00000     0.00000
     1.08628     0.00000     0.00000     0.00000     0.00000
     1.08846     0.00000     0.00000     0.00000     0.00000
     1.09063     0.00000     0.00000     0.00000     0.00000
     1.09281     0.00000     0.00000     0.00000     0.00000
     1.09499     0.00000     0.00000     0.00000     0.00000
     1.09716     0.00000     0.00000     0.00000     0.00000
     1.09934     0.00000     0.00000     0.00000     0.00000
     1.10152     0.00000     0.00000     0.00000     0.00000
     1.10369     0.00000     0.00000     0.00000     0.00000
     1.10587     0.00000     0.00000     0.00000     0.00000
     1.10805     0.00000     0.00000     0.00000     0.00000
     1.11022     0.00000     0.00000     0.00000     0.00000
     1.11240     0.00000     0.00000     0.00000     0.00000
     1.11458     0.00000     0.00000     0.00000     0.00000
     1.11676     0.00000     0.00000     0.00000     0.00000
     1.11893     0.00000     0.00000     0.00000     0.00000
     1.12111     0.00000     0.00000     0.00000     0.00000
     1.12329     0.00000     0.00000     0.00000     0.00000
     1.12546     0.00000     0.00000     0.00000     0.00000
     1.12764     0.00000     0.00000     0.00000     0.00000
     1.12982     0.00000     0.00000     0.00000     0.00000
     1.13199     0.00000     0.00000     0.00000     0.00000
     1.13417     0.00000     0.00000     0.00000     0.00000
     1.13635     0.00000     0.00000     0.00000     0.00000
     1.13852     0.00000     0.00000     0.00000     0.00000
     1.14070     0.00000     0.00000     0.00000     0.00000
     1.14288     0.00000     0.00000     0.00000     0.00000
     1.14506     0.00000     0.00000     0.00000     0.00000
     1.14723     0.00000     0.00000     0.00000     0.00000
     1.14941     0.00000     0.00000     0.00000     0.00000
     1.15159     0.00000     0.00000     0.00000     0.00000
     1.15376     0.00000     0.00000     0.00000     0.00000
     1.15594     0.00000     0.00000     0.00000     0.00000
     1.15812     0.00000     0.00000     0.00000     0.00000
     1.16029     0.00000     0.00000     0.00000     0.00000
     1.16247     0.00000     0.00000     0.00000     0.00000
     1.16465     0.00000     0.00000     0.00000     0.00000
     1.16682     0.00000     0.00000     0.00000     0.00000
     1.16900     0.00000     0.00000     0.00000     0.00000
     1.17118     0.00000     0.00000     0.00000     0.00000
     1.17335     0.00000     0.00000     0.00000     0.00000
     1.17553     0.00000     0.00000     0.00000     0.00000
     1.17771     0.00000     0.00000     0.00000     0.00000
     1.17989     0.00000     0.00000     0.00000     0.00000
     1.18206     0.00000     0.00000     0.00000     0.00000
     1.18424     0.00000     0.00000     0.00000     0.00000
     1.18642     0.00000     0.00000     0.00000     0.00000
     1.18859     0.00000     0.00000     0.00000     0.00000
     1.19077     0.00000     0.00000     0.00000     0.00000
     1.19295     0.00000     0.00000     0.00000     0.00000
     1.19512     0.00000     0.00000     0.00000     0.00000
     1.19730     0.00000     0.00000     0.00000     0.00000
     1.19948     0.00000     0.00000     0.00000     0.00000
     1.20165     0.00000     0.00000     0.00000     0.00000
     1.20383     0.00000     0.00000     0.00000     0.00000
     1.20601     0.00000     0.00000     0.00000     0.00000
     1.20819     0.00000     0.00000     0.00000     0.00000
     1.21036     0.00000     0.00000     0.00000     0.00000
     1.21254     0.00000     0.00000     0.00000     0.00000
     1.21472     0.00000     0.00000     0.00000     0.00000
     1.21689     0.00000     0.00000     0.00000     0.00000
     1.21907     0.00000     0.00000     0.00000     0.00000
     1.22125     0.00000     0.00000     0.00000     0.00000
     1.22342     0.00000     0.00000     0.00000     0.00000
     1.22560     0.00000     0.00000     0.00000     0.00000
     1.22778     0.00000     0.00000     0.00000     0.00000
     1.22995     0.00000     0.00000     0.00000     0.00000
     1.23213     0.00000     0.00000     0.00000     0.00000
     1.23431     0.00000     0.00000     0.00000     0.00000
     1.23649     0.00000     0.00000     0.00000     0.00000
     1.23866     0.00000     0.00000     0.00000     0.00000
     1.24084     0.00000     0.00000     0.00000     0.00000
     1.24302     0.00000     0.00000     0.00000     0.00000
     1.24519     0.00000     0.00000     0.00000     0.00000
     1.24737     0.00000     0.00000     0.00000     0.00000
     1.24955     0.00000     0.00000     0.00000     0.00000
     1.25172     0.00000     0.00000     0.00000     0.00000
     1.25390     0.00000     0.00000     0.00000     0.00000
     1.25608     0.00000     0.00000     0.00000     0.00000
     1.25825     0.00000     0.00000     0.00000     0.00000
     1.26043     0.00000     0.00000     0.00000     0.00000
     1.26261     0.00000     0.00000     0.00000     0.00000
     1.26479     0.00000     0.00000     0.00000     0.00000
     1.26696     0.00000     0.00000     0.00000     0.00000
     1.26914     0.00000     0.00000     0.00000     0.00000
     1.27132     0.00000     0.00000     0.00000     0.00000
     1.27349     0.00000     0.00000     0.00000     0.00000
     1.27567     0.00000     0.00000     0.00000     0.00000
     1.27785     0.00000     0.00000     0.00000     0.00000
     1.28002     0.00000     0.00000     0.00000     0.00000
     1.28220     0.00000     0.00000     0.00000     0.00000
     1.28438     0.00000     0.00000     0.00000     0.00000
     1.28655     0.00000     0.00000     0.00000     0.00000
     1.28873     0.00000     0.00000     0.00000     0.00000
     1.29091     0.00000     0.00000     0.00000     0.00000
     1.29309     0.00000     0.00000     0.00000     0.00000
     1.29526     0.00000     0.00000     0.00000     0.00000
     1.29744     0.00000     0.00000     0.00000     0.00000
     1.29962     0.00000     0.00000     0.00000     0.00000
     1.30179     0.00000     0.00000     0.00000     0.00000
     1.30397     0.00000     0.00000     0.00000     0.00000
     1.30615     0.00000     0.00000     0.00000     0.00000
     1.30832     0.00000     0.00000     0.00000     0.00000
     1.31050     0.00000     0.00000     0.00000     0.00000
     1.31268     0.00000     0.00000     0.00000     0.00000
     1.31485     0.00000     0.00000     0.00000     0.00000
     1.31703     0.00000     0.00000     0.00000     0.00000
     1.31921     0.00000     0.00000     0.00000     0.00000
     1.32138     0.00000     0.00000     0.00000     0.00000
     1.32356     0.00000     0.00000     0.00000     0.00000
     1.32574     0.00000     0.00000     0.00000     0.00000
     1.32792     0.00000     0.00000     0.00000     0.00000
     1.33009     0.00000     0.00000     0.00000     0.00000
     1.33227     0.00000     0.00000     0.00000     0.00000
     1.33445     0.00000     0.00000     0.00000     0.00000
     1.33662     0.00000     0.00000     0.00000     0.00000
     1.33880     0.00000     0.00000     0.00000     0.00000
     1.34098     0.00000     0.00000     0.00000     0.00000
     1.34315     0.00000     0.00000     0.00000     0.00000
     1.34533     0.00000     0.00000     0.00000     0.00000
     1.34751     0.00000     0.00000     0.00000     0.00000
     1.34968     0.00000     0.00000     0.00000     0.00000
     1.35186     0.00000     0.00000     0.00000     0.00000
     1.35404     0.00000     0.00000     0.00000     0.00000
     1.35622     0.00000     0.00000     0.00000     0.00000
     1.35839     0.00000     0.00000     0.00000     0.00000
     1.36057     0.00000     0.00000     0.00000     0.00000
     1.36275     0.00000     0.00000     0.00000     0.00000
     1.36492     0.00000     0.00000     0.00000     0.00000
     1.36710     0.00000     0.00000     0.00000     0.00000
     1.36928     0.00000     0.00000     0.00000     0.00000
     1.37145     0.00000     0.00000     0.00000     0.00000
     1.37363     0.00000     0.00000     0.00000     0.00000
     1.37581     0.00000     0.00000     0.00000     0.00000
     1.37798     0.00000     0.00000     0.00000     0.00000
     1.38016     0.00000     0.00000     0.00000     0.00000
     1.38234     0.00000     0.00000     0.00000     0.00000
     1.38452     0.00000     0.00000     0.00000     0.00000
     1.38669     0.00000     0.00000     0.00000     0.00000
     1.38887     0.00000     0.00000     0.00000     0.00000
     1.39105     0.00000     0.00000     0.00000     0.00000
     1.39322     0.00000     0.00000     0.00000     0.00000
     1.39540     0.00000     0.00000     0.00000     0.00000
     1.39758     0.00000     0.00000     0.00000     0.00000
     1.39975     0.00000     0.00000     0.00000     0.00000
     1.40193     0.00000     0.00000     0.00000     0.00000
     1.40411     0.00000     0.00000     0.00000     0.00000
     1.40628     0.00000     0.00000     0.00000     0.00000
     1.40846     0.00000     0.00000     0.00000     0.00000
     1.41064     0.00000     0.00000     0.00000     0.00000
     1.41282     0.00000     0.00000     0.00000     0.00000
     1.41499     0.00000     0.00000     0.00000     0.00000
     1.41717     0.00000     0.00000     0.00000     0.00000
     1.41935     0.00000     0.00000     0.00000     0.00000
     1.42152     0.00000     0.00000     0.00000     0.00000
     1.42370     0.00000     0.00000     0.00000     0.00000
     1.42588     0.00000     0.00000     0.00000     0.00000
     1.42805     0.00000     0.00000     0.00000     0.00000
     1.43023     0.00000     0.00000     0.00000     0.00000
     1.43241     0.00000     0.00000     0.00000     0.00000
     1.43458     0.00000     0.00000     0.00000     0.00000
     1.43676     0.00000     0.00000     0.00000     0.00000
     1.43894     0.00000     0.00000     0.00000     0.00000
     1.44112     0.00000     0.00000     0.00000     0.00000
     1.44329     0.00000     0.00000     0.00000     0.00000
     1.44547     0.00000     0.00000     0.00000     0.00000
     1.44765     0.00000     0.00000     0.00000     0.00000
     1.44982     0.00000     0.00000     0.00000     0.00000
     1.45200     0.00000     0.00000     0.00000     0.00000
     1.45418     0.00000     0.00000     0.00000     0.00000
     1.45635     0.00000     0.00000     0.00000     0.00000
     1.45853     0.00000     0.00000     0.00000     0.00000
     1.46071     0.00000     0.00000     0.00000     0.00000
     1.46288     0.00000     0.00000     0.00000     0.00000
     1.46506     0.00000     0.00000     0.00000     0.00000
     1.46724     0.00000     0.00000     0.00000     0.00000
     1.46941     0.00000     0.00000     0.00000     0.00000
     1.47159     0.00000     0.00000     0.00000     0.00000
     1.47377     0.00000     0.00000     0.00000     0.00000
     1.47595     0.00000     0.00000     0.00000     0.00000
     1.47812     0.00000     0.00000     0.00000     0.00000
     1.48030     0.00000     0.00000     0.00000     0.00000
     1.48248     0.00000     0.00000     0.00000     0.00000
     1.48465     0.00000     0.00000     0.00000     0.00000
     1.48683     0.00000     0.00000     0.00000     0.00000
     1.48901     0.00000     0.00000     0.00000     0.00000
     1.49118     0.00000     0.00000     0.00000     0.00000
     1.49336     0.00000     0.00000     0.00000     0.00000
     1.49554     0.00000     0.00000     0.00000     0.00000
     1.49771     0.00000     0.00000     0.00000     0.00000
     1.49989     0.00000     0.00000     0.00000     0.00000
     1.50207     0.00000     0.00000     0.00000     0.00000
     1.50425     0.00000     0.00000     0.00000     0.00000
     1.50642     0.00000     0.00000     0.00000     0.00000
     1.50860     0.00000     0.00000     0.00000     0.00000
     1.51078     0.00000     0.00000     0.00000     0.00000
     1.51295     0.00000     0.00000     0.00000     0.00000
     1.51513     0.00000     0.00000     0.00000     0.00000
     1.51731     0.00000     0.00000     0.00000     0.00000
     1.51948     0.00000     0.00000     0.00000     0.00000
     1.52166     0.00000     0.00000     0.00000     0.00000
     1.52384     0.00000     0.00000     0.00000     0.00000
     1.52601     0.00000     0.00000     0.00000     0.00000
     1.52819     0.00000     0.00000     0.00000     0.00000
     1.53037     0.00000     0.00000     0.00000     0.00000
     1.53255     0.00000     0.00000     0.00000     0.00000
     1.53472     0.00000     0.00000     0.00000     0.00000
     1.53690     0.00000     0.00000     0.00000     0.00000
     1.53908     0.00000     0.00000     0.00000     0.00000
     1.54125     0.00000     0.00000     0.00000     0.00000
     1.54343     0.00000     0.00000     0.00000     0.00000
     1.54561     0.00000     0.00000     0.00000     0.00000
     1.54778     0.00000     0.00000     0.00000     0.00000
     1.54996     0.00000     0.00000     0.00000     0.00000
     1.55214     0.00000     0.00000     0.00000     0.00000
     1.55431     0.00000     0.00000     0.00000     0.00000
     1.55649     0.00000     0.00000     0.00000     0.00000
     1.55867     0.00000     0.00000     0.00000     0.00000
     1.56085     0.00000     0.00000     0.00000     0.00000
     1.56302     0.00000     0.00000     0.00000     0.00000
     1.56520     0.00000     0.00000     0.00000     0.00000
     1.56738     0.00000     0.00000     0.00000     0.00000
     1.56955     0.00000     0.00000     0.00000     0.00000
     1.57173     0.00000     0.00000     0.00000     0.00000
     1.57391     0.00000     0.00000     0.00000     0.00000
     1.57608     0.00000     0.00000     0.00000     0.00000
     1.57826     0.00000     0.00000     0.00000     0.00000
     1.58044     0.00000     0.00000     0.00000     0.00000
     1.58261     0.00000     0.00000     0.00000     0.00000
     1.58479     0.00000     0.00000     0.00000     0.00000
     1.58697     0.00000     0.00000     0.00000     0.00000
     1.58914     0.00000     0.00000     0.00000     0.00000
     1.59132     0.00000     0.00000     0.00000     0.00000
     1.59350     0.00000     0.00000     0.00000     0.00000
     1.59568     0.00000     0.00000     0.00000     0.00000
     1.59785     0.00000     0.00000     0.00000     0.00000
     1.60003     0.00000     0.00000     0.00000     0.00000
     1.60221     0.00000     0.00000     0.00000     0.00000
     1.60438     0.00000     0.00000     0.00000     0.00000
     1.60656     0.00000     0.00000     0.00000     0.00000
     1.60874     0.00000     0.00000     0.00000     0.00000
     1.61091     0.00000     0.00000     0.00000     0.00000
     1.61309     0.00000     0.00000     0.00000     0.00000
     1.61527     0.00000     0.00000     0.00000     0.00000
     1.61744     0.00000     0.00000     0.00000     0.00000
     1.61962     0.00000     0.00000     0.00000     0.00000
     1.62180     0.00000     0.00000     0.00000     0.00000
     1.62398     0.00000     0.00000     0.00000     0.00000
     1.62615     0.00000     0.00000     0.00000     0.00000
     1.62833     0.00000     0.00000     0.00000     0.00000
     1.63051     0.00000     0.00000     0.00000     0.00000
     1.63268     0.00000     0.00000     0.00000     0.00000
     1.63486     0.00000     0.00000     0.00000     0.00000
     1.63704     0.00000     0.00000     0.00000     0.00000
     1.63921     0.00000     0.00000     0.00000     0.00000
     1.64139     0.00000     0.00000     0.00000     0.00000
     1.64357     0.00000     0.00000     0.00000     0.00000
     1.64574     0.00000     0.00000     0.00000     0.00000
     1.64792     0.00000     0.00000     0.00000     0.00000
     1.65010     0.00000     0.00000     0.00000     0.00000
     1.65228     0.00000     0.00000     0.00000     0.00000
     1.65445     0.00000     0.00000     0.00000     0.00000
     1.65663     0.00000     0.00000     0.00000     0.00000
     1.65881     0.00000     0.00000     0.00000     0.00000
     1.66098     0.00000     0.00000     0.00000     0.00000
     1.66316     0.00000     0.00000     0.00000     0.00000
     1.66534     0.00000     0.00000     0.00000     0.00000
     1.66751     0.00000     0.00000     0.00000     0.00000
     1.66969     0.00000     0.00000     0.00000     0.00000
     1.67187     0.00000     0.00000     0.00000     0.00000
     1.67404     0.00000     0.00000     0.00000     0.00000
     1.67622     0.00000     0.00000     0.00000     0.00000
     1.67840     0.00000     0.00000     0.00000     0.00000
     1.68058     0.00000     0.00000     0.00000     0.00000
     1.68275     0.00000     0.00000     0.00000     0.00000
     1.68493     0.00000     0.00000     0.00000     0.00000
     1.68711     0.00000     0.00000     0.00000     0.00000
     1.68928     0.00000     0.00000     0.00000     0.00000
     1.69146     0.00000     0.00000     0.00000     0.00000
     1.69364     0.00000     0.00000     0.00000     0.00000
     1.69581     0.00000     0.00000     0.00000     0.00000
     1.69799     0.00000     0.00000     0.00000     0.00000
     1.70017     0.00000     0.00000     0.00000     0.00000
     1.70234     0.00000     0.00000     0.00000     0.00000
     1.70452     0.00000     0.00000     0.00000     0.00000
     1.70670     0.00000     0.00000     0.00000     0.00000
     1.70888     0.00000     0.00000     0.00000     0.00000
     1.71105     0.00000     0.00000     0.00000     0.00000
     1.71323     0.00000     0.00000     0.00000     0.00000
     1.71541     0.00000     0.00000     0.00000     0.00000
     1.71758     0.00000     0.00000     0.00000     0.00000
     1.71976     0.00000     0.00000     0.00000     0.00000
     1.72194     0.00000     0.00000     0.00000     0.00000
     1.72411     0.00000     0.00000     0.00000     0.00000
     1.72629     0.00000     0.00000     0.00000     0.00000
     1.72847     0.00000     0.00000     0.00000     0.00000
     1.73064     0.00000     0.00000     0.00000     0.00000
     1.73282     0.00000     0.00000     0.00000     0.00000
     1.73500     0.00000     0.00000     0.00000     0.00000
     1.73717     0.00000     0.00000     0.00000     0.00000
     1.73935     0.00000     0.00000     0.00000     0.00000
     1.74153     0.00000     0.00000     0.00000     0.00000
     1.74371     0.00000     0.00000     0.00000     0.00000
     1.74588     0.00000     0.00000     0.00000     0.00000
     1.74806     0.00000     0.00000     0.00000     0.00000
     1.75024     0.00000     0.00000     0.00000     0.00000
     1.75241     0.00000     0.00000     0.00000     0.00000
     1.75459     0.00000     0.00000     0.00000     0.00000
     1.75677     0.00000     0.00000     0.00000     0.00000
     1.75894     0.00000     0.00000     0.00000     0.00000
     1.76112     0.00000     0.00000     0.00000     0.00000
     1.76330     0.00000     0.00000     0.00000     0.00000
     1.76547     0.00000     0.00000     0.00000     0.00000
     1.76765     0.00000     0.00000     0.00000     0.00000
     1.76983     0.00000     0.00000     0.00000     0.00000
     1.77201     0.00000     0.00000     0.00000     0.00000
     1.77418     0.00000     0.00000     0.00000     0.00000
     1.77636     0.00000     0.00000     0.00000     0.00000
     1.77854     0.00000     0.00000     0.00000     0.00000
     1.78071     0.00000     0.00000     0.00000     0.00000
     1.78289     0.00000     0.00000     0.00000     0.00000
     1.78507     0.00000     0.00000     0.00000     0.00000
     1.78724     0.00000     0.00000     0.00000     0.00000
     1.78942     0.00000     0.00000     0.00000     0.00000
     1.79160     0.00000     0.00000     0.00000     0.00000
     1.79377     0.00000     0.00000     0.00000     0.00000
     1.79595     0.00000     0.00000     0.00000     0.00000
     1.79813     0.00000     0.00000     0.00000     0.00000
     1.80031     0.00000     0.00000     0.00000     0.00000
     1.80248     0.00000     0.00000     0.00000     0.00000
     1.80466     0.00000     0.00000     0.00000     0.00000
     1.80684     0.00000     0.00000     0.00000     0.00000
     1.80901     0.00000     0.00000     0.00000     0.00000
     1.81119     0.00000     0.00000     0.00000     0.00000
     1.81337     0.00000     0.00000     0.00000     0.00000
     1.81554     0.00000     0.00000     0.00000     0.00000
     1.81772     0.00000     0.00000     0.00000     0.00000
     1.81990     0.00000     0.00000     0.00000     0.00000
     1.82207     0.00000     0.00000     0.00000     0.00000
     1.82425     0.00000     0.00000     0.00000     0.00000
     1.82643     0.00000     0.00000     0.00000     0.00000
     1.82861     0.00000     0.00000     0.00000     0.00000
     1.83078     0.00000     0.00000     0.00000     0.00000
     1.83296     0.00000     0.00000     0.00000     0.00000
     1.83514     0.00000     0.00000     0.00000     0.00000
     1.83731     0.00000     0.00000     0.00000     0.00000
     1.83949     0.00000     0.00000     0.00000     0.00000
     1.84167     0.00000     0.00000     0.00000     0.00000
     1.84384     0.00000     0.00000     0.00000     0.00000
     1.84602     0.00000     0.00000     0.00000     0.00000
     1.84820     0.00000     0.00000     0.00000     0.00000
     1.85037     0.00000     0.00000     0.00000     0.00000
     1.85255     0.00000     0.00000     0.00000     0.00000
     1.85473     0.00000     0.00000     0.00000     0.00000
     1.85690     0.00000     0.00000     0.00000     0.00000
     1.85908     0.00000     0.00000     0.00000     0.00000
     1.86126     0.00000     0.00000     0.00000     0.00000
     1.86344     0.00000     0.00000     0.00000     0.00000
     1.86561     0.00000     0.00000     0.00000     0.00000
     1.86779     0.00000     0.00000     0.00000     0.00000
     1.86997     0.00000     0.00000     0.00000     0.00000
     1.87214     0.00000     0.00000     0.00000     0.00000
     1.87432     0.00000     0.00000     0.00000     0.00000
     1.87650     0.00000     0.00000     0.00000     0.00000
     1.87867     0.00000     0.00000     0.00000     0.00000
     1.88085     0.00000     0.00000     0.00000     0.00000
     1.88303     0.00000     0.00000     0.00000     0.00000
     1.88520     0.00000     0.00000     0.00000     0.00000
     1.88738     0.00000     0.00000     0.00000     0.00000
     1.88956     0.00000     0.00000     0.00000     0.00000
     1.89174     0.00000     0.00000     0.00000     0.00000
     1.89391     0.00000     0.00000     0.00000     0.00000
     1.89609     0.00000     0.00000     0.00000     0.00000
     1.89827     0.00000     0.00000     0.00000     0.00000
     1.90044     0.00000     0.00000     0.00000     0.00000
     1.90262     0.00000     0.00000     0.00000     0.00000
     1.90480     0.00000     0.00000     0.00000     0.00000
     1.90697     0.00000     0.00000     0.00000     0.00000
     1.90915     0.00000     0.00000     0.00000     0.00000
     1.91133     0.00000     0.00000     0.00000     0.00000
     1.91350     0.00000     0.00000     0.00000     0.00000
     1.91568     0.00000     0.00000     0.00000     0.00000
     1.91786     0.00000     0.00000     0.00000     0.00000
     1.92004     0.00000     0.00000     0.00000     0.00000
     1.92221     0.00000     0.00000     0.00000     0.00000
     1.92439     0.00000     0.00000     0.00000     0.00000
     1.92657     0.00000     0.00000     0.00000     0.00000
     1.92874     0.00000     0.00000     0.00000     0.00000
     1.93092     0.00000     0.00000     0.00000     0.00000
     1.93310     0.00000     0.00000     0.00000     0.00000
     1.93527     0.00000     0.00000     0.00000     0.00000
     1.93745     0.00000     0.00000     0.00000     0.00000
     1.93963     0.00000     0.00000     0.00000     0.00000
     1.94180     0.00000     0.00000     0.00000     0.00000
     1.94398     0.00000     0.00000     0.00000     0.00000
     1.94616     0.00000     0.00000     0.00000     0.00000
     1.94834     0.00000     0.00000     0.00000     0.00000
     1.95051     0.00000     0.00000     0.00000     0.00000
     1.95269     0.00000     0.00000     0.00000     0.00000
     1.95487     0.00000     0.00000     0.00000     0.00000
     1.95704     0.00000     0.00000     0.00000     0.00000
     1.95922     0.00000     0.00000     0.00000     0.00000
     1.96140     0.00000     0.00000     0.00000     0.00000
     1.96357     0.00000     0.00000     0.00000     0.00000
     1.96575     0.00000     0.00000     0.00000     0.00000
     1.96793     0.00000     0.00000     0.00000     0.00000
     1.97010     0.00000     0.00000     0.00000     0.00000
     1.97228     0.00000     0.00000     0.00000     0.00000
     1.97446     0.00000     0.00000     0.00000     0.00000
     1.97664     0.00000     0.00000     0.00000     0.00000
     1.97881     0.00000     0.00000     0.00000     0.00000
     1.98099     0.00000     0.00000     0.00000     0.00000
     1.98317     0.00000     0.00000     0.00000     0.00000
     1.98534     0.00000     0.00000     0.00000     0.00000
     1.98752     0.00000     0.00000     0.00000     0.00000
     1.98970     0.00000     0.00000     0.00000     0.00000
     1.99187     0.00000     0.00000     0.00000     0.00000
     1.99405     0.00000     0.00000     0.00000     0.00000
     1.99623     0.00000     0.00000     0.00000     0.00000
     1.99840     0.00000     0.00000     0.00000     0.00000
     2.00058     0.00000     0.00000     0.00000     0.00000
     2.00276     0.00000     0.00000     0.00000     0.00000
     2.00493     0.00000     0.00000     0.00000     0.00000
     2.00711     0.00000     0.00000     0.00000     0.00000
     2.00929     0.00000     0.00000     0.00000     0.00000
     2.01147     0.00000     0.00000     0.00000     0.00000
     2.01364     0.00000     0.00000     0.00000     0.00000
     2.01582     0.00000     0.00000     0.00000     0.00000
     2.01800     0.00000     0.00000     0.00000     0.00000
     2.02017     0.00000     0.00000     0.00000     0.00000
     2.02235     0.00000     0.00000     0.00000     0.00000
     2.02453     0.00000     0.00000     0.00000     0.00000
     2.02670     0.00000     0.00000     0.00000     0.00000
     2.02888     0.00000     0.00000     0.00000     0.00000
     2.03106     0.00000     0.00000     0.00000     0.00000
     2.03323     0.00000     0.00000     0.00000     0.00000
     2.03541     0.00000     0.00000     0.00000     0.00000
     2.03759     0.00000     0.00000     0.00000     0.00000
     2.03977     0.00000     0.00000     0.00000     0.00000
     2.04194     0.00000     0.00000     0.00000     0.00000
     2.04412     0.00000     0.00000     0.00000     0.00000
     2.04630     0.00000     0.00000     0.00000     0.00000
     2.04847     0.00000     0.00000     0.00000     0.00000
     2.05065     0.00000     0.00000     0.00000     0.00000
     2.05283     0.00000     0.00000     0.00000     0.00000
     2.05500     0.00000     0.00000     0.00000     0.00000
     2.05718     0.00000     0.00000     0.00000     0.00000
     2.05936     0.00000     0.00000     0.00000     0.00000
     2.06153     0.00000     0.00000     0.00000     0.00000
     2.06371     0.00000     0.00000     0.00000     0.00000
     2.06589     0.00000     0.00000     0.00000     0.00000
     2.06807     0.00000     0.00000     0.00000     0.00000
     2.07024     0.00000     0.00000     0.00000     0.00000
     2.07242     0.00000     0.00000     0.00000     0.00000
     2.07460     0.00000     0.00000     0.00000     0.00000
     2.07677     0.00000     0.00000     0.00000     0.00000
     2.07895     0.00000     0.00000     0.00000     0.00000
     2.08113     0.00000     0.00000     0.00000     0.00000
     2.08330     0.00000     0.00000     0.00000     0.00000
     2.08548     0.00000     0.00000     0.00000     0.00000
     2.08766     0.00000     0.00000     0.00000     0.00000
     2.08983     0.00000     0.00000     0.00000     0.00000
     2.09201     0.00000     0.00000     0.00000     0.00000
     2.09419     0.00000     0.00000     0.00000     0.00000
     2.09637     0.00000     0.00000     0.00000     0.00000
     2.09854     0.00000     0.00000     0.00000     0.00000
     2.10072     0.00000     0.00000     0.00000     0.00000
     2.10290     0.00000     0.00000     0.00000     0.00000
     2.10507     0.00000     0.00000     0.00000     0.00000
     2.10725     0.00000     0.00000     0.00000     0.00000
     2.10943     0.00000     0.00000     0.00000     0.00000
     2.11160     0.00000     0.00000     0.00000     0.00000
     2.11378     0.00000     0.00000     0.00000     0.00000
     2.11596     0.00000     0.00000     0.00000     0.00000
     2.11813     0.00000     0.00000     0.00000     0.00000
     2.12031     0.00000     0.00000     0.00000     0.00000
     2.12249     0.00000     0.00000     0.00000     0.00000
     2.12467     0.00000     0.00000     0.00000     0.00000
     2.12684     0.00000     0.00000     0.00000     0.00000
     2.12902     0.00000     0.00000     0.00000     0.00000
     2.13120     0.00000     0.00000     0.00000     0.00000
     2.13337     0.00000     0.00000     0.00000     0.00000
     2.13555     0.00000     0.00000     0.00000     0.00000
     2.13773     0.00000     0.00000     0.00000     0.00000
     2.13990     0.00000     0.00000     0.00000     0.00000
     2.14208     0.00000     0.00000     0.00000     0.00000
     2.14426     0.00000     0.00000     0.00000     0.00000
     2.14643     0.00000     0.00000     0.00000     0.00000
     2.14861     0.00000     0.00000     0.00000     0.00000
     2.15079     0.00000     0.00000     0.00000     0.00000
     2.15296     0.00000     0.00000     0.00000     0.00000
     2.15514     0.00000     0.00000     0.00000     0.00000
     2.15732     0.00000     0.00000     0.00000     0.00000
     2.15950     0.00000     0.00000     0.00000     0.00000
     2.16167     0.00000     0.00000     0.00000     0.00000
     2.16385     0.00000     0.00000     0.00000     0.00000
     2.16603     0.00000     0.00000     0.00000     0.00000
     2.16820     0.00000     0.00000     0.00000     0.00000
     2.17038     0.00000     0.00000     0.00000     0.00000
     2.17256     0.00000     0.00000     0.00000     0.00000
     2.17473     0.00000     0.00000     0.00000     0.00000
     2.17691     0.00000     0.00000     0.00000     0.00000
     2.17909     0.00000     0.00000     0.00000     0.00000
     2.18126     0.00000     0.00000     0.00000     0.00000
     2.18344     0.00000     0.00000     0.00000     0.00000
     2.18562     0.00000     0.00000     0.00000     0.00000
     2.18780     0.00000     0.00000     0.00000     0.00000
     2.18997     0.00000     0.00000     0.00000     0.00000
     2.19215     0.00000     0.00000     0.00000     0.00000
     2.19433     0.00000     0.00000     0.00000     0.00000
     2.19650     0.00000     0.00000     0.00000     0.00000
     2.19868     0.00000     0.00000     0.00000     0.00000
     2.20086     0.00000     0.00000     0.00000     0.00000
     2.20303     0.00000     0.00000     0.00000     0.00000
     2.20521     0.00000     0.00000     0.00000     0.00000
     2.20739     0.00000     0.00000     0.00000     0.00000
     2.20956     0.00000     0.00000     0.00000     0.00000
     2.21174     0.00000     0.00000     0.00000     0.00000
     2.21392     0.00000     0.00000     0.00000     0.00000
     2.21610     0.00000     0.00000     0.00000     0.00000
     2.21827     0.00000     0.00000     0.00000     0.00000
     2.22045     0.00000     0.00000     0.00000     0.00000
     2.22263     0.00000     0.00000     0.00000     0.00000
     2.22480     0.00000     0.00000     0.00000     0.00000
     2.22698     0.00000     0.00000     0.00000     0.00000
     2.22916     0.00000     0.00000     0.00000     0.00000
     2.23133     0.00000     0.00000     0.00000     0.00000
     2.23351     0.00000     0.00000     0.00000     0.00000
     2.23569     0.00000     0.00000     0.00000     0.00000
     2.23786     0.00000     0.00000     0.00000     0.00000
     2.24004     0.00000     0.00000     0.00000     0.00000
     2.24222     0.00000     0.00000     0.00000     0.00000
     2.24440     0.00000     0.00000     0.00000     0.00000
     2.24657     0.00000     0.00000     0.00000     0.00000
     2.24875     0.00000     0.00000     0.00000     0.00000
     2.25093     0.00000     0.00000     0.00000     0.00000
     2.25310     0.00000     0.00000     0.00000     0.00000
     2.25528     0.00000     0.00000     0.00000     0.00000
     2.25746     0.00000     0.00000     0.00000     0.00000
     2.25963     0.00000     0.00000     0.00000     0.00000
     2.26181     0.00000     0.00000     0.00000     0.00000
     2.26399     0.00000     0.00000     0.00000     0.00000
     2.26616     0.00000     0.00000     0.00000     0.00000
     2.26834     0.00000     0.00000     0.00000     0.00000
     2.27052     0.00000     0.00000     0.00000     0.00000
     2.27269     0.00000     0.00000     0.00000     0.00000
     2.27487     0.00000     0.00000     0.00000     0.00000
     2.27705     0.00000     0.00000     0.00000     0.00000
     2.27923     0.00000     0.00000     0.00000     0.00000
     2.28140     0.00000     0.00000     0.00000     0.00000
     2.28358     0.00000     0.00000     0.00000     0.00000
     2.28576     0.00000     0.00000     0.00000     0.00000
     2.28793     0.00000     0.00000     0.00000     0.00000
     2.29011     0.00000     0.00000     0.00000     0.00000
     2.29229     0.00000     0.00000     0.00000     0.00000
     2.29446     0.00000     0.00000     0.00000     0.00000
     2.29664     0.00000     0.00000     0.00000     0.00000
     2.29882     0.00000     0.00000     0.00000     0.00000
     2.30099     0.00000     0.00000     0.00000     0.00000
     2.30317     0.00000     0.00000     0.00000     0.00000
     2.30535     0.00000     0.00000     0.00000     0.00000
     2.30753     0.00000     0.00000     0.00000     0.00000
     2.30970     0.00000     0.00000     0.00000     0.00000
     2.31188     0.00000     0.00000     0.00000     0.00000
     2.31406     0.00000     0.00000     0.00000     0.00000
     2.31623     0.00000     0.00000     0.00000     0.00000
     2.31841     0.00000     0.00000     0.00000     0.00000
     2.32059     0.00000     0.00000     0.00000     0.00000
     2.32276     0.00000     0.00000     0.00000     0.00000
     2.32494     0.00000     0.00000     0.00000     0.00000
     2.32712     0.00000     0.00000     0.00000     0.00000
     2.32929     0.00000     0.00000     0.00000     0.00000
     2.33147     0.00000     0.00000     0.00000     0.00000
     2.33365     0.00000     0.00000     0.00000     0.00000
     2.33583     0.00000     0.00000     0.00000     0.00000
     2.33800     0.00000     0.00000     0.00000     0.00000
     2.34018     0.00000     0.00000     0.00000     0.00000
     2.34236     0.00000     0.00000     0.00000     0.00000
     2.34453     0.00000     0.00000     0.00000     0.00000
     2.34671     0.00000     0.00000     0.00000     0.00000
     2.34889     0.00000     0.00000     0.00000     0.00000
     2.35106     0.00000     0.00000     0.00000     0.00000
     2.35324     0.00000     0.00000     0.00000     0.00000
     2.35542     0.00000     0.00000     0.00000     0.00000
     2.35759     0.00000     0.00000     0.00000     0.00000
     2.35977     0.00000     0.00000     0.00000     0.00000
     2.36195     0.00000     0.00000     0.00000     0.00000
     2.36413     0.00000     0.00000     0.00000     0.00000
     2.36630     0.00000     0.00000     0.00000     0.00000
     2.36848     0.00000     0.00000     0.00000     0.00000
     2.37066     0.00000     0.00000     0.00000     0.00000
     2.37283     0.00000     0.00000     0.00000     0.00000
     2.37501     0.00000     0.00000     0.00000     0.00000
     2.37719     0.00000     0.00000     0.00000     0.00000
     2.37936     0.00000     0.00000     0.00000     0.00000
     2.38154     0.00000     0.00000     0.00000     0.00000
     2.38372     0.00000     0.00000     0.00000     0.00000
     2.38589     0.00000     0.00000     0.00000     0.00000
     2.38807     0.00000     0.00000     0.00000     0.00000
     2.39025     0.00000     0.00000     0.00000     0.00000
     2.39243     0.00000     0.00000     0.00000     0.00000
     2.39460     0.00000     0.00000     0.00000     0.00000
     2.39678     0.00000     0.00000     0.00000     0.00000
     2.39896     0.00000     0.00000     0.00000     0.00000
     2.40113     0.00000     0.00000     0.00000     0.00000
     2.40331     0.00000     0.00000     0.00000     0.00000
     2.40549     0.00000     0.00000     0.00000     0.00000
     2.40766     0.00000     0.00000     0.00000     0.00000
     2.40984     0.00000     0.00000     0.00000     0.00000
     2.41202     0.00000     0.00000     0.00000     0.00000
     2.41419     0.00000     0.00000     0.00000     0.00000
     2.41637     0.00000     0.00000     0.00000     0.00000
     2.41855     0.00000     0.00000     0.00000     0.00000
     2.42072     0.00000     0.00000     0.00000     0.00000
     2.42290     0.00000     0.00000     0.00000     0.00000
     2.42508     0.00000     0.00000     0.00000     0.00000
     2.42726     0.00000     0.00000     0.00000     0.00000
     2.42943     0.00000     0.00000     0.00000     0.00000
     2.43161     0.00000     0.00000     0.00000     0.00000
     2.43379     0.00000     0.00000     0.00000     0.00000
     2.43596     0.00000     0.00000     0.00000     0.00000
     2.43814     0.00000     0.00000     0.00000     0.00000
     2.44032     0.00000     0.00000     0.00000     0.00000
     2.44249     0.00000     0.00000     0.00000     0.00000
     2.44467     0.00000     0.00000     0.00000     0.00000
     2.44685     0.00000     0.00000     0.00000     0.00000
     2.44902     0.00000     0.00000     0.00000     0.00000
     2.45120     0.00000     0.00000     0.00000     0.00000
     2.45338     0.00000     0.00000     0.00000     0.00000
     2.45556     0.00000     0.00000     0.00000     0.00000
     2.45773     0.00000     0.00000     0.00000     0.00000
     2.45991     0.00000     0.00000     0.00000     0.00000
     2.46209     0.00000     0.00000     0.00000     0.00000
     2.46426     0.00000     0.00000     0.00000     0.00000
     2.46644     0.00000     0.00000     0.00000     0.00000
     2.46862     0.00000     0.00000     0.00000     0.00000
     2.47079     0.00000     0.00000     0.00000     0.00000
     2.47297     0.00000     0.00000     0.00000     0.00000
     2.47515     0.00000     0.00000     0.00000     0.00000
     2.47732     0.00000     0.00000     0.00000     0.00000
     2.47950     0.00000     0.00000     0.00000     0.00000
     2.48168     0.00000     0.00000     0.00000     0.00000
     2.48386     0.00000     0.00000     0.00000     0.00000
     2.48603     0.00000     0.00000     0.00000     0.00000
     2.48821     0.00000     0.00000     0.00000     0.00000
     2.49039     0.00000     0.00000     0.00000     0.00000
     2.49256     0.00000     0.00000     0.00000     0.00000
     2.49474     0.00000     0.00000     0.00000     0.00000
     2.49692     0.00000     0.00000     0.00000     0.00000
     2.49909     0.00000     0.00000     0.00000     0.00000
     2.50127     0.00000     0.00000     0.00000     0.00000
     2.50345     0.00000     0.00000     0.00000     0.00000
     2.50562     0.00000     0.00000     0.00000     0.00000
     2.50780     0.00000     0.00000     0.00000     0.00000
     2.50998     0.00000     0.00000     0.00000     0.00000
     2.51216     0.00000     0.00000     0.00000     0.00000
     2.51433     0.00000     0.00000     0.00000     0.00000
     2.51651     0.00000     0.00000     0.00000     0.00000
     2.51869     0.00000     0.00000     0.00000     0.00000
     2.52086     0.00000     0.00000     0.00000     0.00000
     2.52304     0.00000     0.00000     0.00000     0.00000
     2.52522     0.00000     0.00000     0.00000     0.00000
     2.52739     0.00000     0.00000     0.00000     0.00000
     2.52957     0.00000     0.00000     0.00000     0.00000
     2.53175     0.00000     0.00000     0.00000     0.00000
     2.53392     0.00000     0.00000     0.00000     0.00000
     2.53610     0.00000     0.00000     0.00000     0.00000
     2.53828     0.00000     0.00000     0.00000     0.00000
     2.54045     0.00000     0.00000     0.00000     0.00000
     2.54263     0.00000     0.00000     0.00000     0.00000
     2.54481     0.00000     0.00000     0.00000     0.00000
     2.54699     0.00000     0.00000     0.00000     0.00000
     2.54916     0.00000     0.00000     0.00000     0.00000
     2.55134     0.00000     0.00000     0.00000     0.00000
     2.55352     0.00000     0.00000     0.00000     0.00000
     2.55569     0.00000     0.00000     0.00000     0.00000
     2.55787     0.00000     0.00000     0.00000     0.00000
     2.56005     0.00000     0.00000     0.00000     0.00000
     2.56222     0.00000     0.00000     0.00000     0.00000
     2.56440     0.00000     0.00000     0.00000     0.00000
     2.56658     0.00000     0.00000     0.00000     0.00000
     2.56875     0.00000     0.00000     0.00000     0.00000
     2.57093     0.00000     0.00000     0.00000     0.00000
     2.57311     0.00000     0.00000     0.00000     0.00000
     2.57529     0.00000     0.00000     0.00000     0.00000
     2.57746     0.00000     0.00000     0.00000     0.00000
     2.57964     0.00000     0.00000     0.00000     0.00000
     2.58182     0.00000     0.00000     0.00000     0.00000
     2.58399     0.00000     0.00000     0.00000     0.00000
     2.58617     0.00000     0.00000     0.00000     0.00000
     2.58835     0.00000     0.00000     0.00000     0.00000
     2.59052     0.00000     0.00000     0.00000     0.00000
     2.59270     0.00000     0.00000     0.00000     0.00000
     2.59488     0.00000     0.00000     0.00000     0.00000
     2.59705     0.00000     0.00000     0.00000     0.00000
     2.59923     0.00000     0.00000     0.00000     0.00000
     2.60141     0.00000     0.00000     0.00000     0.00000
     2.60359     0.00000     0.00000     0.00000     0.00000
     2.60576     0.00000     0.00000     0.00000     0.00000
     2.60794     0.00000     0.00000     0.00000     0.00000
     2.61012     0.00000     0.00000     0.00000     0.00000
     2.61229     0.00000     0.00000     0.00000     0.00000
     2.61447     0.00000     0.00000     0.00000     0.00000
     2.61665     0.00000     0.00000     0.00000     0.00000
     2.61882     0.00000     0.00000     0.00000     0.00000
     2.62100     0.00000     0.00000     0.00000     0.00000
     2.62318     0.00000     0.00000     0.00000     0.00000
     2.62535     0.00000     0.00000     0.00000     0.00000
     2.62753     0.00000     0.00000     0.00000     0.00000
     2.62971     0.00000     0.00000     0.00000     0.00000
     2.63189     0.00000     0.00000     0.00000     0.00000
     2.63406     0.00000     0.00000     0.00000     0.00000
     2.63624     0.00000     0.00000     0.00000     0.00000
     2.63842     0.00000     0.00000     0.00000     0.00000
     2.64059     0.00000     0.00000     0.00000     0.00000
     2.64277     0.00000     0.00000     0.00000     0.00000
     2.64495     0.00000     0.00000     0.00000     0.00000
     2.64712     0.00000     0.00000     0.00000     0.00000
     2.64930     0.00000     0.00000     0.00000     0.00000
     2.65148     0.00000     0.00000     0.00000     0.00000
     2.65365     0.00000     0.00000     0.00000     0.00000
     2.65583     0.00000     0.00000     0.00000     0.00000
     2.65801     0.00000     0.00000     0.00000     0.00000
     2.66019     0.00000     0.00000     0.00000     0.00000
     2.66236     0.00000     0.00000     0.00000     0.00000
     2.66454     0.00000     0.00000     0.00000     0.00000
     2.66672     0.00000     0.00000     0.00000     0.00000
     2.66889     0.00000     0.00000     0.00000     0.00000
     2.67107     0.00000     0.00000     0.00000     0.00000
     2.67325     0.00000     0.00000     0.00000     0.00000
     2.67542     0.00000     0.00000     0.00000     0.00000
     2.67760     0.00000     0.00000     0.00000     0.00000
     2.67978     0.00000     0.00000     0.00000     0.00000
     2.68195     0.00000     0.00000     0.00000     0.00000
     2.68413     0.00000     0.00000     0.00000     0.00000
     2.68631     0.00000     0.00000     0.00000     0.00000
     2.68848     0.00000     0.00000     0.00000     0.00000
     2.69066     0.00000     0.00000     0.00000     0.00000
     2.69284     0.00000     0.00000     0.00000     0.00000
     2.69502     0.00000     0.00000     0.00000     0.00000
     2.69719     0.00000     0.00000     0.00000     0.00000
     2.69937     0.00000     0.00000     0.00000     0.00000
     2.70155     0.00000     0.00000     0.00000     0.00000
     2.70372     0.00000     0.00000     0.00000     0.00000
     2.70590     0.00000     0.00000     0.00000     0.00000
     2.70808     0.00000     0.00000     0.00000     0.00000
     2.71025     0.00000     0.00000     0.00000     0.00000
     2.71243     0.00000     0.00000     0.00000     0.00000
     2.71461     0.00000     0.00000     0.00000     0.00000
     2.71678     0.00000     0.00000     0.00000     0.00000
     2.71896     0.00000     0.00000     0.00000     0.00000
     2.72114     0.00000     0.00000     0.00000     0.00000
     2.72332     0.00000     0.00000     0.00000     0.00000
     2.72549     0.00000     0.00000     0.00000     0.00000
     2.72767     0.00000     0.00000     0.00000     0.00000
     2.72985     0.00000     0.00000     0.00000     0.00000
     2.73202     0.00000     0.00000     0.00000     0.00000
     2.73420     0.00000     0.00000     0.00000     0.00000
     2.73638     0.00000     0.00000     0.00000     0.00000
     2.73855     0.00000     0.00000     0.00000     0.00000
     2.74073     0.00000     0.00000     0.00000     0.00000
     2.74291     0.00000     0.00000     0.00000     0.00000
     2.74508     0.00000     0.00000     0.00000     0.00000
     2.74726     0.00000     0.00000     0.00000     0.00000
     2.74944     0.00000     0.00000     0.00000     0.00000
     2.75162     0.00000     0.00000     0.00000     0.00000
     2.75379     0.00000     0.00000     0.00000     0.00000
     2.75597     0.00000     0.00000     0.00000     0.00000
     2.75815     0.00000     0.00000     0.00000     0.00000
     2.76032     0.00000     0.00000     0.00000     0.00000
     2.76250     0.00000     0.00000     0.00000     0.00000
     2.76468     0.00000     0.00000     0.00000     0.00000
     2.76685     0.00000     0.00000     0.00000     0.00000
     2.76903     0.00000     0.00000     0.00000     0.00000
     2.77121     0.00000     0.00000     0.00000     0.00000
     2.77338     0.00000     0.00000     0.00000     0.00000
     2.77556     0.00000     0.00000     0.00000     0.00000
     2.77774     0.00000     0.00000     0.00000     0.00000
     2.77992     0.00000     0.00000     0.00000     0.00000
     2.78209     0.00000     0.00000     0.00000     0.00000
     2.78427     0.00000     0.00000     0.00000     0.00000
     2.78645     0.00000     0.00000     0.00000     0.00000
     2.78862     0.00000     0.00000     0.00000     0.00000
     2.79080     0.00000     0.00000     0.00000     0.00000
     2.79298     0.00000     0.00000     0.00000     0.00000
     2.79515     0.00000     0.00000     0.00000     0.00000
     2.79733     0.00001     0.00000     0.00001     0.00000
     2.79951     0.00001     0.00000     0.00001     0.00000
     2.80168     0.00002     0.00000     0.00002     0.00000
     2.80386     0.00003     0.00000     0.00002     0.00000
     2.80604     0.00004     0.00000     0.00004     0.00000
     2.80822     0.00006     0.00000     0.00006     0.00000
     2.81039     0.00009     0.00000     0.00008     0.00001
     2.81257     0.00013     0.00000     0.00012     0.00001
     2.81475     0.00019     0.00000     0.00018     0.00001
     2.81692     0.00028     0.00000     0.00026     0.00002
     2.81910     0.00040     0.00000     0.00037     0.00003
     2.82128     0.00057     0.00000     0.00053     0.00004
     2.82345     0.00082     0.00000     0.00075     0.00006
     2.82563     0.00116     0.00000     0.00107     0.00009
     2.82781     0.00163     0.00000     0.00150     0.00012
     2.82998     0.00228     0.00000     0.00210     0.00017
     2.83216     0.00316     0.00000     0.00292     0.00024
     2.83434     0.00436     0.00000     0.00403     0.00033
     2.83651     0.00599     0.00000     0.00553     0.00046
     2.83869     0.00816     0.00000     0.00754     0.00062
     2.84087     0.01105     0.00000     0.01021     0.00084
     2.84305     0.01487     0.00000     0.01374     0.00114
     2.84522     0.01988     0.00000     0.01836     0.00152
     2.84740     0.02641     0.00000     0.02440     0.00202
     2.84958     0.03487     0.00000     0.03220     0.00266
     2.85175     0.04573     0.00000     0.04224     0.00349
     2.85393     0.05960     0.00000     0.05505     0.00455
     2.85611     0.07717     0.00000     0.07128     0.00589
     2.85828     0.09930     0.00000     0.09171     0.00758
     2.86046     0.12694     0.00000     0.11725     0.00969
     2.86264     0.16126     0.00000     0.14894     0.01231
     2.86481     0.20353     0.00000     0.18799     0.01554
     2.86699     0.25526     0.00000     0.23577     0.01949
     2.86917     0.31809     0.00000     0.29380     0.02429
     2.87135     0.39385     0.00000     0.36378     0.03007
     2.87352     0.48455     0.00000     0.44755     0.03700
     2.87570     0.59233     0.00000     0.54710     0.04523
     2.87788     0.71946     0.00000     0.66453     0.05493
     2.88005     0.86831     0.00000     0.80201     0.06630
     2.88223     1.04127     0.00000     0.96176     0.07950
     2.88441     1.24071     0.00000     1.14598     0.09473
     2.88658     1.46892     0.00000     1.35677     0.11216
     2.88876     1.72802     0.00000     1.59608     0.13194
     2.89094     2.01984     0.00000     1.86562     0.15422
     2.89311     2.34589     0.00000     2.16677     0.17912
     2.89529     2.70719     0.00000     2.50048     0.20670
     2.89747     3.10420     0.00000     2.86718     0.23702
     2.89965     3.53672     0.00000     3.26668     0.27004
     2.90182     4.00381     0.00000     3.69810     0.30571
     2.90400     4.50366     0.00000     4.15979     0.34387
     2.90618     5.03360     0.00000     4.64927     0.38433
     2.90835     5.59001     0.00000     5.16319     0.42682
     2.91053     6.16832     0.00000     5.69734     0.47097
     2.91271     6.76303     0.00000     6.24665     0.51638
     2.91488     7.36778     0.00000     6.80522     0.56256
     2.91706     7.97539     0.00000     7.36644     0.60895
     2.91924     8.57805     0.00000     7.92308     0.65497
     2.92141     9.16738     0.00000     8.46741     0.69996
     2.92359     9.73469     0.00000     8.99142     0.74328
     2.92577    10.27117     0.00000     9.48693     0.78424
     2.92795    10.76808     0.00000     9.94590     0.82218
     2.93012    11.21701     0.00000    10.36055     0.85646
     2.93230    11.61011     0.00000    10.72364     0.88647
     2.93448    11.94033     0.00000    11.02864     0.91169
     2.93665    12.20160     0.00000    11.26996     0.93164
     2.93883    12.38904     0.00000    11.44309     0.94595
     2.94101    12.49910     0.00000    11.54475     0.95435
     2.94318    12.52970     0.00000    11.57301     0.95669
     2.94536    12.48025     0.00000    11.52733     0.95291
     2.94754    12.35168     0.00000    11.40858     0.94310
     2.94971    12.14645     0.00000    11.21903     0.92743
     2.95189    11.86843     0.00000    10.96224     0.90620
     2.95407    11.52280     0.00000    10.64299     0.87981
     2.95624    11.11586     0.00000    10.26712     0.84874
     2.95842    10.65488     0.00000     9.84134     0.81354
     2.96060    10.14786     0.00000     9.37303     0.77483
     2.96278     9.60331     0.00000     8.87006     0.73325
     2.96495     9.03000     0.00000     8.34053     0.68947
     2.96713     8.43676     0.00000     7.79258     0.64418
     2.96931     7.83220     0.00000     7.23418     0.59802
     2.97148     7.22457     0.00000     6.67295     0.55162
     2.97366     6.62157     0.00000     6.11599     0.50558
     2.97584     6.03019     0.00000     5.56976     0.46043
     2.97801     5.45659     0.00000     5.03996     0.41663
     2.98019     4.90605     0.00000     4.53145     0.37459
     2.98237     4.38291     0.00000     4.04826     0.33465
     2.98454     3.89058     0.00000     3.59352     0.29706
     2.98672     3.43152     0.00000     3.16951     0.26201
     2.98890     3.00732     0.00000     2.77770     0.22962
     2.99108     2.61874     0.00000     2.41879     0.19995
     2.99325     2.26582     0.00000     2.09282     0.17300
     2.99543     1.94796     0.00000     1.79923     0.14873
     2.99761     1.66401     0.00000     1.53695     0.12705
     2.99978     1.41238     0.00000     1.30454     0.10784
     3.00196     1.19115     0.00000     1.10020     0.09095
     3.00414     0.99817     0.00000     0.92195     0.07621
     3.00631     0.83111     0.00000     0.76765     0.06346
     3.00849     0.68760     0.00000     0.63510     0.05250
     3.01067     0.56524     0.00000     0.52208     0.04316
     3.01284     0.46169     0.00000     0.42644     0.03525
     3.01502     0.37471     0.00000     0.34610     0.02861
     3.01720     0.30217     0.00000     0.27910     0.02307
     3.01938     0.24212     0.00000     0.22363     0.01849
     3.02155     0.19277     0.00000     0.17805     0.01472
     3.02373     0.15249     0.00000     0.14085     0.01164
     3.02591     0.11987     0.00000     0.11071     0.00915
     3.02808     0.09362     0.00000     0.08647     0.00715
     3.03026     0.07265     0.00000     0.06710     0.00555
     3.03244     0.05602     0.00000     0.05174     0.00428
     3.03461     0.04292     0.00000     0.03964     0.00328
     3.03679     0.03267     0.00000     0.03018     0.00249
     3.03897     0.02472     0.00000     0.02283     0.00189
     3.04114     0.01858     0.00000     0.01716     0.00142
     3.04332     0.01387     0.00000     0.01281     0.00106
     3.04550     0.01029     0.00000     0.00951     0.00079
     3.04768     0.00759     0.00000     0.00701     0.00058
     3.04985     0.00556     0.00000     0.00514     0.00042
     3.05203     0.00405     0.00000     0.00374     0.00031
     3.05421     0.00293     0.00000     0.00270     0.00022
     3.05638     0.00210     0.00000     0.00194     0.00016
     3.05856     0.00150     0.00000     0.00139     0.00011
     3.06074     0.00107     0.00000     0.00098     0.00008
     3.06291     0.00075     0.00000     0.00069     0.00006
     3.06509     0.00053     0.00000     0.00049     0.00004
     3.06727     0.00037     0.00000     0.00034     0.00003
     3.06944     0.00025     0.00000     0.00023     0.00002
     3.07162     0.00017     0.00000     0.00016     0.00001
     3.07380     0.00012     0.00000     0.00011     0.00001
     3.07598     0.00008     0.00000     0.00007     0.00001
     3.07815     0.00005     0.00000     0.00005     0.00000
     3.08033     0.00004     0.00000     0.00003     0.00000
     3.08251     0.00002     0.00000     0.00002     0.00000
     3.08468     0.00002     0.00000     0.00001     0.00000
     3.08686     0.00001     0.00000     0.00001     0.00000
     3.08904     0.00001     0.00000     0.00001     0.00000
     3.09121     0.00000     0.00000     0.00000     0.00000
     3.09339     0.00000     0.00000     0.00000     0.00000
     3.09557     0.00000     0.00000     0.00000     0.00000
     3.09774     0.00000     0.00000     0.00000     0.00000
     3.09992     0.00000     0.00000     0.00000     0.00000
     3.10210     0.00000     0.00000     0.00000     0.00000
     3.10427     0.00000     0.00000     0.00000     0.00000
     3.10645     0.00000     0.00000     0.00000     0.00000
     3.10863     0.00000     0.00000     0.00000     0.00000
     3.11081     0.00000     0.00000     0.00000     0.00000
     3.11298     0.00000     0.00000     0.00000     0.00000
     3.11516     0.00000     0.00000     0.00000     0.00000
     3.11734     0.00000     0.00000     0.00000     0.00000
     3.11951     0.00000     0.00000     0.00000     0.00000
     3.12169     0.00000     0.00000     0.00000     0.00000
     3.12387     0.00000     0.00000     0.00000     0.00000
     3.12604     0.00000     0.00000     0.00000     0.00000
     3.12822     0.00000     0.00000     0.00000     0.00000
     3.13040     0.00000     0.00000     0.00000     0.00000
     3.13257     0.00000     0.00000     0.00000     0.00000
     3.13475     0.00000     0.00000     0.00000     0.00000
     3.13693     0.00000     0.00000     0.00000     0.00000
     3.13911     0.00000     0.00000     0.00000     0.00000
     3.14128     0.00000     0.00000     0.00000     0.00000
     3.14346     0.00000     0.00000     0.00000     0.00000
     3.14564     0.00000     0.00000     0.00000     0.00000
     3.14781     0.00000     0.00000     0.00000     0.00000
     3.14999     0.00000     0.00000     0.00000     0.00000
     3.15217     0.00000     0.00000     0.00000     0.00000
     3.15434     0.00000     0.00000     0.00000     0.00000
     3.15652     0.00000     0.00000     0.00000     0.00000
     3.15870     0.00000     0.00000     0.00000     0.00000
     3.16087     0.00000     0.00000     0.00000     0.00000
     3.16305     0.00000     0.00000     0.00000     0.00000
     3.16523     0.00000     0.00000     0.00000     0.00000
     3.16741     0.00000     0.00000     0.00000     0.00000
     3.16958     0.00000     0.00000     0.00000     0.00000
     3.17176     0.00000     0.00000     0.00000     0.00000
     3.17394     0.00000     0.00000     0.00000     0.00000
     3.17611     0.00000     0.00000     0.00000     0.00000
     3.17829     0.00000     0.00000     0.00000     0.00000
     3.18047     0.00000     0.00000     0.00000     0.00000
     3.18264     0.00000     0.00000     0.00000     0.00000
     3.18482     0.00000     0.00000     0.00000     0.00000
     3.18700     0.00000     0.00000     0.00000     0.00000
     3.18917     0.00000     0.00000     0.00000     0.00000
     3.19135     0.00000     0.00000     0.00000     0.00000
     3.19353     0.00000     0.00000     0.00000     0.00000
     3.19571     0.00000     0.00000     0.00000     0.00000
     3.19788     0.00000     0.00000     0.00000     0.00000
     3.20006     0.00000     0.00000     0.00000     0.00000
     3.20224     0.00000     0.00000     0.00000     0.00000
     3.20441     0.00000     0.00000     0.00000     0.00000
     3.20659     0.00000     0.00000     0.00000     0.00000
     3.20877     0.00000     0.00000     0.00000     0.00000
     3.21094     0.00000     0.00000     0.00000     0.00000
     3.21312     0.00000     0.00000     0.00000     0.00000
     3.21530     0.00000     0.00000     0.00000     0.00000
     3.21747     0.00000     0.00000     0.00000     0.00000
     3.21965     0.00000     0.00000     0.00000     0.00000
     3.22183     0.00000     0.00000     0.00000     0.00000
     3.22401     0.00000     0.00000     0.00000     0.00000
     3.22618     0.00000     0.00000     0.00000     0.00000
     3.22836     0.00000     0.00000     0.00000     0.00000
     3.23054     0.00000     0.00000     0.00000     0.00000
     3.23271     0.00000     0.00000     0.00000     0.00000
     3.23489     0.00000     0.00000     0.00000     0.00000
     3.23707     0.00000     0.00000     0.00000     0.00000
     3.23924     0.00000     0.00000     0.00000     0.00000
     3.24142     0.00000     0.00000     0.00000     0.00000
     3.24360     0.00000     0.00000     0.00000     0.00000
     3.24577     0.00000     0.00000     0.00000     0.00000
     3.24795     0.00000     0.00000     0.00000     0.00000
     3.25013     0.00000     0.00000     0.00000     0.00000
     3.25230     0.00000     0.00000     0.00000     0.00000
     3.25448     0.00000     0.00000     0.00000     0.00000
     3.25666     0.00000     0.00000     0.00000     0.00000
     3.25884     0.00000     0.00000     0.00000     0.00000
     3.26101     0.00000     0.00000     0.00000     0.00000
     3.26319     0.00000     0.00000     0.00000     0.00000
     3.26537     0.00000     0.00000     0.00000     0.00000
     3.26754     0.00000     0.00000     0.00000     0.00000
     3.26972     0.00000     0.00000     0.00000     0.00000
     3.27190     0.00000     0.00000     0.00000     0.00000
     3.27407     0.00000     0.00000     0.00000     0.00000
     3.27625     0.00000     0.00000     0.00000     0.00000
     3.27843     0.00000     0.00000     0.00000     0.00000
     3.28060     0.00000     0.00000     0.00000     0.00000
     3.28278     0.00000     0.00000     0.00000     0.00000
     3.28496     0.00000     0.00000     0.00000     0.00000
     3.28714     0.00000     0.00000     0.00000     0.00000
     3.28931     0.00000     0.00000     0.00000     0.00000
     3.29149     0.00000     0.00000     0.00000     0.00000
     3.29367     0.00000     0.00000     0.00000     0.00000
     3.29584     0.00000     0.00000     0.00000     0.00000
     3.29802     0.00000     0.00000     0.00000     0.00000
     3.30020     0.00000     0.00000     0.00000     0.00000
     3.30237     0.00000     0.00000     0.00000     0.00000
     3.30455     0.00000     0.00000     0.00000     0.00000
     3.30673     0.00000     0.00000     0.00000     0.00000
     3.30890     0.00000     0.00000     0.00000     0.00000
     3.31108     0.00000     0.00000     0.00000     0.00000
     3.31326     0.00000     0.00000     0.00000     0.00000
     3.31544     0.00000     0.00000     0.00000     0.00000
     3.31761     0.00000     0.00000     0.00000     0.00000
     3.31979     0.00000     0.00000     0.00000     0.00000
     3.32197     0.00000     0.00000     0.00000     0.00000
     3.32414     0.00000     0.00000     0.00000     0.00000
     3.32632     0.00000     0.00000     0.00000     0.00000
     3.32850     0.00000     0.00000     0.00000     0.00000
     3.33067     0.00000     0.00000     0.00000     0.00000
     3.33285     0.00000     0.00000     0.00000     0.00000
     3.33503     0.00000     0.00000     0.00000     0.00000
     3.33720     0.00000     0.00000     0.00000     0.00000
     3.33938     0.00000     0.00000     0.00000     0.00000
     3.34156     0.00000     0.00000     0.00000     0.00000
     3.34374     0.00000     0.00000     0.00000     0.00000
     3.34591     0.00000     0.00000     0.00000     0.00000
     3.34809     0.00000     0.00000     0.00000     0.00000
     3.35027     0.00000     0.00000     0.00000     0.00000
     3.35244     0.00000     0.00000     0.00000     0.00000
     3.35462     0.00000     0.00000     0.00000     0.00000
     3.35680     0.00000     0.00000     0.00000     0.00000
     3.35897     0.00000     0.00000     0.00000     0.00000
     3.36115     0.00000     0.00000     0.00000     0.00000
     3.36333     0.00000     0.00000     0.00000     0.00000
     3.36550     0.00000     0.00000     0.00000     0.00000
     3.36768     0.00000     0.00000     0.00000     0.00000
     3.36986     0.00000     0.00000     0.00000     0.00000
     3.37203     0.00000     0.00000     0.00000     0.00000
     3.37421     0.00000     0.00000     0.00000     0.00000
     3.37639     0.00000     0.00000     0.00000     0.00000
     3.37857     0.00000     0.00000     0.00000     0.00000
     3.38074     0.00000     0.00000     0.00000     0.00000
     3.38292     0.00000     0.00000     0.00000     0.00000
     3.38510     0.00000     0.00000     0.00000     0.00000
     3.38727     0.00000     0.00000     0.00000     0.00000
     3.38945     0.00000     0.00000     0.00000     0.00000
     3.39163     0.00000     0.00000     0.00000     0.00000
     3.39380     0.00000     0.00000     0.00000     0.00000
     3.39598     0.00000     0.00000     0.00000     0.00000
     3.39816     0.00000     0.00000     0.00000     0.00000
     3.40033     0.00000     0.00000     0.00000     0.00000
     3.40251     0.00000     0.00000     0.00000     0.00000
     3.40469     0.00000     0.00000     0.00000     0.00000
     3.40687     0.00000     0.00000     0.00000     0.00000
     3.40904     0.00000     0.00000     0.00000     0.00000
     3.41122     0.00000     0.00000     0.00000     0.00000
     3.41340     0.00000     0.00000     0.00000     0.00000
     3.41557     0.00000     0.00000     0.00000     0.00000
     3.41775     0.00000     0.00000     0.00000     0.00000
     3.41993     0.00000     0.00000     0.00000     0.00000
     3.42210     0.00000     0.00000     0.00000     0.00000
     3.42428     0.00000     0.00000     0.00000     0.00000
     3.42646     0.00000     0.00000     0.00000     0.00000
     3.42863     0.00000     0.00000     0.00000     0.00000
     3.43081     0.00000     0.00000     0.00000     0.00000
     3.43299     0.00000     0.00000     0.00000     0.00000
     3.43517     0.00000     0.00000     0.00000     0.00000
     3.43734     0.00000     0.00000     0.00000     0.00000
     3.43952     0.00000     0.00000     0.00000     0.00000
     3.44170     0.00000     0.00000     0.00000     0.00000
     3.44387     0.00000     0.00000     0.00000     0.00000
     3.44605     0.00000     0.00000     0.00000     0.00000
     3.44823     0.00000     0.00000     0.00000     0.00000
     3.45040     0.00000     0.00000     0.00000     0.00000
     3.45258     0.00000     0.00000     0.00000     0.00000
     3.45476     0.00000     0.00000     0.00000     0.00000
     3.45693     0.00000     0.00000     0.00000     0.00000
     3.45911     0.00000     0.00000     0.00000     0.00000
     3.46129     0.00000     0.00000     0.00000     0.00000
     3.46347     0.00000     0.00000     0.00000     0.00000
     3.46564     0.00000     0.00000     0.00000     0.00000
     3.46782     0.00000     0.00000     0.00000     0.00000
     3.47000     0.00000     0.00000     0.00000     0.00000
     3.47217     0.00000     0.00000     0.00000     0.00000
     3.47435     0.00000     0.00000     0.00000     0.00000
     3.47653     0.00000     0.00000     0.00000     0.00000
     3.47870     0.00000     0.00000     0.00000     0.00000
     3.48088     0.00000     0.00000     0.00000     0.00000
     3.48306     0.00000     0.00000     0.00000     0.00000
     3.48523     0.00000     0.00000     0.00000     0.00000
     3.48741     0.00000     0.00000     0.00000     0.00000
     3.48959     0.00000     0.00000     0.00000     0.00000
     3.49177     0.00000     0.00000     0.00000     0.00000
     3.49394     0.00000     0.00000     0.00000     0.00000
     3.49612     0.00000     0.00000     0.00000     0.00000
     3.49830     0.00000     0.00000     0.00000     0.00000
     3.50047     0.00000     0.00000     0.00000     0.00000
     3.50265     0.00000     0.00000     0.00000     0.00000
     3.50483     0.00000     0.00000     0.00000     0.00000
     3.50700     0.00000     0.00000     0.00000     0.00000
     3.50918     0.00000     0.00000     0.00000     0.00000
     3.51136     0.00000     0.00000     0.00000     0.00000
     3.51353     0.00000     0.00000     0.00000     0.00000
     3.51571     0.00000     0.00000     0.00000     0.00000
     3.51789     0.00000     0.00000     0.00000     0.00000
     3.52006     0.00000     0.00000     0.00000     0.00000
     3.52224     0.00000     0.00000     0.00000     0.00000
     3.52442     0.00000     0.00000     0.00000     0.00000
     3.52660     0.00000     0.00000     0.00000     0.00000
     3.52877     0.00000     0.00000     0.00000     0.00000
     3.53095     0.00000     0.00000     0.00000     0.00000
     3.53313     0.00000     0.00000     0.00000     0.00000
     3.53530     0.00000     0.00000     0.00000     0.00000
     3.53748     0.00000     0.00000     0.00000     0.00000
     3.53966     0.00000     0.00000     0.00000     0.00000
     3.54183     0.00000     0.00000     0.00000     0.00000
     3.54401     0.00000     0.00000     0.00000     0.00000
     3.54619     0.00000     0.00000     0.00000     0.00000
     3.54836     0.00000     0.00000     0.00000     0.00000
     3.55054     0.00000     0.00000     0.00000     0.00000
     3.55272     0.00000     0.00000     0.00000     0.00000
     3.55490     0.00000     0.00000     0.00000     0.00000
     3.55707     0.00000     0.00000     0.00000     0.00000
     3.55925     0.00000     0.00000     0.00000     0.00000
     3.56143     0.00000     0.00000     0.00000     0.00000
     3.56360     0.00000     0.00000     0.00000     0.00000
     3.56578     0.00000     0.00000     0.00000     0.00000
     3.56796     0.00000     0.00000     0.00000     0.00000
     3.57013     0.00000     0.00000     0.00000     0.00000
     3.57231     0.00000     0.00000     0.00000     0.00000
     3.57449     0.00000     0.00000     0.00000     0.00000
     3.57666     0.00000     0.00000     0.00000     0.00000
     3.57884     0.00000     0.00000     0.00000     0.00000
     3.58102     0.00000     0.00000     0.00000     0.00000
     3.58320     0.00000     0.00000     0.00000     0.00000
     3.58537     0.00000     0.00000     0.00000     0.00000
     3.58755     0.00000     0.00000     0.00000     0.00000
     3.58973     0.00000     0.00000     0.00000     0.00000
     3.59190     0.00000     0.00000     0.00000     0.00000
     3.59408     0.00000     0.00000     0.00000     0.00000
     3.59626     0.00000     0.00000     0.00000     0.00000
     3.59843     0.00000     0.00000     0.00000     0.00000
     3.60061     0.00000     0.00000     0.00000     0.00000
     3.60279     0.00000     0.00000     0.00000     0.00000
     3.60496     0.00000     0.00000     0.00000     0.00000
     3.60714     0.00000     0.00000     0.00000     0.00000
     3.60932     0.00000     0.00000     0.00000     0.00000
     3.61150     0.00000     0.00000     0.00000     0.00000
     3.61367     0.00000     0.00000     0.00000     0.00000
     3.61585     0.00000     0.00000     0.00000     0.00000
     3.61803     0.00000     0.00000     0.00000     0.00000
     3.62020     0.00000     0.00000     0.00000     0.00000
     3.62238     0.00000     0.00000     0.00000     0.00000
     3.62456     0.00000     0.00000     0.00000     0.00000
     3.62673     0.00000     0.00000     0.00000     0.00000
     3.62891     0.00000     0.00000     0.00000     0.00000
     3.63109     0.00000     0.00000     0.00000     0.00000
     3.63326     0.00000     0.00000     0.00000     0.00000
     3.63544     0.00000     0.00000     0.00000     0.00000
     3.63762     0.00000     0.00000     0.00000     0.00000
     3.63979     0.00000     0.00000     0.00000     0.00000
     3.64197     0.00000     0.00000     0.00000     0.00000
     3.64415     0.00000     0.00000     0.00000     0.00000
     3.64633     0.00000     0.00000     0.00000     0.00000
     3.64850     0.00000     0.00000     0.00000     0.00000
     3.65068     0.00000     0.00000     0.00000     0.00000
     3.65286     0.00000     0.00000     0.00000     0.00000
     3.65503     0.00000     0.00000     0.00000     0.00000
     3.65721     0.00000     0.00000     0.00000     0.00000
     3.65939     0.00000     0.00000     0.00000     0.00000
     3.66156     0.00000     0.00000     0.00000     0.00000
     3.66374     0.00000     0.00000     0.00000     0.00000
     3.66592     0.00000     0.00000     0.00000     0.00000
     3.66809     0.00000     0.00000     0.00000     0.00000
     3.67027     0.00000     0.00000     0.00000     0.00000
     3.67245     0.00000     0.00000     0.00000     0.00000
     3.67463     0.00000     0.00000     0.00000     0.00000
     3.67680     0.00000     0.00000     0.00000     0.00000
     3.67898     0.00000     0.00000     0.00000     0.00000
     3.68116     0.00000     0.00000     0.00000     0.00000
     3.68333     0.00000     0.00000     0.00000     0.00000
     3.68551     0.00000     0.00000     0.00000     0.00000
     3.68769     0.00000     0.00000     0.00000     0.00000
     3.68986     0.00000     0.00000     0.00000     0.00000
     3.69204     0.00000     0.00000     0.00000     0.00000
     3.69422     0.00000     0.00000     0.00000     0.00000
     3.69639     0.00000     0.00000     0.00000     0.00000
     3.69857     0.00000     0.00000     0.00000     0.00000
     3.70075     0.00000     0.00000     0.00000     0.00000
     3.70293     0.00000     0.00000     0.00000     0.00000
     3.70510     0.00000     0.00000     0.00000     0.00000
     3.70728     0.00000     0.00000     0.00000     0.00000
     3.70946     0.00000     0.00000     0.00000     0.00000
     3.71163     0.00000     0.00000     0.00000     0.00000
     3.71381     0.00000     0.00000     0.00000     0.00000
     3.71599     0.00000     0.00000     0.00000     0.00000
     3.71816     0.00000     0.00000     0.00000     0.00000
     3.72034     0.00000     0.00000     0.00000     0.00000
     3.72252     0.00000     0.00000     0.00000     0.00000
     3.72469     0.00000     0.00000     0.00000     0.00000
     3.72687     0.00000     0.00000     0.00000     0.00000
     3.72905     0.00000     0.00000     0.00000     0.00000
     3.73123     0.00000     0.00000     0.00000     0.00000
     3.73340     0.00000     0.00000     0.00000     0.00000
     3.73558     0.00000     0.00000     0.00000     0.00000
     3.73776     0.00000     0.00000     0.00000     0.00000
     3.73993     0.00000     0.00000     0.00000     0.00000
     3.74211     0.00000     0.00000     0.00000     0.00000
     3.74429     0.00000     0.00000     0.00000     0.00000
     3.74646     0.00000     0.00000     0.00000     0.00000
     3.74864     0.00000     0.00000     0.00000     0.00000
     3.75082     0.00000     0.00000     0.00000     0.00000
     3.75299     0.00000     0.00000     0.00000     0.00000
     3.75517     0.00000     0.00000     0.00000     0.00000
     3.75735     0.00000     0.00000     0.00000     0.00000
     3.75953     0.00000     0.00000     0.00000     0.00000
     3.76170     0.00000     0.00000     0.00000     0.00000
     3.76388     0.00000     0.00000     0.00000     0.00000
     3.76606     0.00000     0.00000     0.00000     0.00000
     3.76823     0.00000     0.00000     0.00000     0.00000
     3.77041     0.00000     0.00000     0.00000     0.00000
     3.77259     0.00000     0.00000     0.00000     0.00000
     3.77476     0.00000     0.00000     0.00000     0.00000
     3.77694     0.00000     0.00000     0.00000     0.00000
     3.77912     0.00000     0.00000     0.00000     0.00000
     3.78129     0.00000     0.00000     0.00000     0.00000
     3.78347     0.00000     0.00000     0.00000     0.00000
     3.78565     0.00000     0.00000     0.00000     0.00000
     3.78782     0.00000     0.00000     0.00000     0.00000
     3.79000     0.00000     0.00000     0.00000     0.00000
     3.79218     0.00000     0.00000     0.00000     0.00000
     3.79436     0.00000     0.00000     0.00000     0.00000
     3.79653     0.00000     0.00000     0.00000     0.00000
     3.79871     0.00000     0.00000     0.00000     0.00000
     3.80089     0.00000     0.00000     0.00000     0.00000
     3.80306     0.00000     0.00000     0.00000     0.00000
     3.80524     0.00000     0.00000     0.00000     0.00000
     3.80742     0.00000     0.00000     0.00000     0.00000
     3.80959     0.00000     0.00000     0.00000     0.00000
     3.81177     0.00000     0.00000     0.00000     0.00000
     3.81395     0.00000     0.00000     0.00000     0.00000
     3.81612     0.00000     0.00000     0.00000     0.00000
     3.81830     0.00000     0.00000     0.00000     0.00000
     3.82048     0.00000     0.00000     0.00000     0.00000
     3.82266     0.00000     0.00000     0.00000     0.00000
     3.82483     0.00000     0.00000     0.00000     0.00000
     3.82701     0.00000     0.00000     0.00000     0.00000
     3.82919     0.00000     0.00000     0.00000     0.00000
     3.83136     0.00000     0.00000     0.00000     0.00000
     3.83354     0.00000     0.00000     0.00000     0.00000
     3.83572     0.00000     0.00000     0.00000     0.00000
     3.83789     0.00000     0.00000     0.00000     0.00000
     3.84007     0.00000     0.00000     0.00000     0.00000
     3.84225     0.00000     0.00000     0.00000     0.00000
     3.84442     0.00000     0.00000     0.00000     0.00000
     3.84660     0.00000     0.00000     0.00000     0.00000
     3.84878     0.00000     0.00000     0.00000     0.00000
     3.85096     0.00000     0.00000     0.00000     0.00000
     3.85313     0.00000     0.00000     0.00000     0.00000
     3.85531     0.00000     0.00000     0.00000     0.00000
     3.85749     0.00000     0.00000     0.00000     0.00000
     3.85966     0.00000     0.00000     0.00000     0.00000
     3.86184     0.00000     0.00000     0.00000     0.00000
     3.86402     0.00000     0.00000     0.00000     0.00000
     3.86619     0.00000     0.00000     0.00000     0.00000
     3.86837     0.00000     0.00000     0.00000     0.00000
     3.87055     0.00000     0.00000     0.00000     0.00000
     3.87272     0.00000     0.00000     0.00000     0.00000
     3.87490     0.00000     0.00000     0.00000     0.00000
     3.87708     0.00000     0.00000     0.00000     0.00000
     3.87926     0.00000     0.00000     0.00000     0.00000
     3.88143     0.00000     0.00000     0.00000     0.00000
     3.88361     0.00000     0.00000     0.00000     0.00000
     3.88579     0.00000     0.00000     0.00000     0.00000
     3.88796     0.00000     0.00000     0.00000     0.00000
     3.89014     0.00000     0.00000     0.00000     0.00000
     3.89232     0.00000     0.00000     0.00000     0.00000
     3.89449     0.00000     0.00000     0.00000     0.00000
     3.89667     0.00000     0.00000     0.00000     0.00000
     3.89885     0.00000     0.00000     0.00000     0.00000
     3.90102     0.00000     0.00000     0.00000     0.00000
     3.90320     0.00000     0.00000     0.00000     0.00000
     3.90538     0.00000     0.00000     0.00000     0.00000
     3.90756     0.00000     0.00000     0.00000     0.00000
     3.90973     0.00000     0.00000     0.00000     0.00000
     3.91191     0.00000     0.00000     0.00000     0.00000
     3.91409     0.00000     0.00000     0.00000     0.00000
     3.91626     0.00000     0.00000     0.00000     0.00000
     3.91844     0.00000     0.00000     0.00000     0.00000
     3.92062     0.00000     0.00000     0.00000     0.00000
     3.92279     0.00000     0.00000     0.00000     0.00000
     3.92497     0.00000     0.00000     0.00000     0.00000
     3.92715     0.00000     0.00000     0.00000     0.00000
     3.92932     0.00000     0.00000     0.00000     0.00000
     3.93150     0.00000     0.00000     0.00000     0.00000
     3.93368     0.00000     0.00000     0.00000     0.00000
     3.93585     0.00000     0.00000     0.00000     0.00000
     3.93803     0.00000     0.00000     0.00000     0.00000
     3.94021     0.00000     0.00000     0.00000     0.00000
     3.94239     0.00000     0.00000     0.00000     0.00000
     3.94456     0.00000     0.00000     0.00000     0.00000
     3.94674     0.00000     0.00000     0.00000     0.00000
     3.94892     0.00000     0.00000     0.00000     0.00000
     3.95109     0.00000     0.00000     0.00000     0.00000
     3.95327     0.00000     0.00000     0.00000     0.00000
     3.95545     0.00000     0.00000     0.00000     0.00000
     3.95762     0.00000     0.00000     0.00000     0.00000
     3.95980     0.00000     0.00000     0.00000     0.00000
     3.96198     0.00000     0.00000     0.00000     0.00000
     3.96415     0.00000     0.00000     0.00000     0.00000
     3.96633     0.00000     0.00000     0.00000     0.00000
     3.96851     0.00000     0.00000     0.00000     0.00000
     3.97069     0.00000     0.00000     0.00000     0.00000
     3.97286     0.00000     0.00000     0.00000     0.00000
     3.97504     0.00000     0.00000     0.00000     0.00000
     3.97722     0.00000     0.00000     0.00000     0.00000
     3.97939     0.00000     0.00000     0.00000     0.00000
     3.98157     0.00000     0.00000     0.00000     0.00000
     3.98375     0.00000     0.00000     0.00000     0.00000
     3.98592     0.00000     0.00000     0.00000     0.00000
     3.98810     0.00000     0.00000     0.00000     0.00000
     3.99028     0.00000     0.00000     0.00000     0.00000
     3.99245     0.00000     0.00000     0.00000     0.00000
     3.99463     0.00000     0.00000     0.00000     0.00000
     3.99681     0.00000     0.00000     0.00000     0.00000
     3.99899     0.00000     0.00000     0.00000     0.00000
     4.00116     0.00000     0.00000     0.00000     0.00000
     4.00334     0.00000     0.00000     0.00000     0.00000
     4.00552     0.00000     0.00000     0.00000     0.00000
     4.00769     0.00000     0.00000     0.00000     0.00000
     4.00987     0.00000     0.00000     0.00000     0.00000
     4.01205     0.00000     0.00000     0.00000     0.00000
     4.01422     0.00000     0.00000     0.00000     0.00000
     4.01640     0.00000     0.00000     0.00000     0.00000
     4.01858     0.00000     0.00000     0.00000     0.00000
     4.02075     0.00000     0.00000     0.00000     0.00000
     4.02293     0.00000     0.00000     0.00000     0.00000
     4.02511     0.00000     0.00000     0.00000     0.00000
     4.02729     0.00000     0.00000     0.00000     0.00000
     4.02946     0.00000     0.00000     0.00000     0.00000
     4.03164     0.00000     0.00000     0.00000     0.00000
     4.03382     0.00000     0.00000     0.00000     0.00000
     4.03599     0.00000     0.00000     0.00000     0.00000
     4.03817     0.00000     0.00000     0.00000     0.00000
     4.04035     0.00000     0.00000     0.00000     0.00000
     4.04252     0.00000     0.00000     0.00000     0.00000
     4.04470     0.00000     0.00000     0.00000     0.00000
     4.04688     0.00000     0.00000     0.00000     0.00000
     4.04905     0.00000     0.00000     0.00000     0.00000
     4.05123     0.00000     0.00000     0.00000     0.00000
     4.05341     0.00000     0.00000     0.00000     0.00000
     4.05558     0.00000     0.00000     0.00000     0.00000
     4.05776     0.00000     0.00000     0.00000     0.00000
     4.05994     0.00000     0.00000     0.00000     0.00000
     4.06212     0.00000     0.00000     0.00000     0.00000
     4.06429     0.00000     0.00000     0.00000     0.00000
     4.06647     0.00000     0.00000     0.00000     0.00000
     4.06865     0.00000     0.00000     0.00000     0.00000
     4.07082     0.00000     0.00000     0.00000     0.00000
     4.07300     0.00000     0.00000     0.00000     0.00000
     4.07518     0.00000     0.00000     0.00000     0.00000
     4.07735     0.00000     0.00000     0.00000     0.00000
     4.07953     0.00000     0.00000     0.00000     0.00000
     4.08171     0.00000     0.00000     0.00000     0.00000
     4.08388     0.00000     0.00000     0.00000     0.00000
     4.08606     0.00000     0.00000     0.00000     0.00000
     4.08824     0.00000     0.00000     0.00000     0.00000
     4.09042     0.00000     0.00000     0.00000     0.00000
     4.09259     0.00000     0.00000     0.00000     0.00000
     4.09477     0.00000     0.00000     0.00000     0.00000
     4.09695     0.00000     0.00000     0.00000     0.00000
     4.09912     0.00000     0.00000     0.00000     0.00000
     4.10130     0.00000     0.00000     0.00000     0.00000
     4.10348     0.00000     0.00000     0.00000     0.00000
     4.10565     0.00000     0.00000     0.00000     0.00000
     4.10783     0.00000     0.00000     0.00000     0.00000
     4.11001     0.00000     0.00000     0.00000     0.00000
     4.11218     0.00000     0.00000     0.00000     0.00000
     4.11436     0.00000     0.00000     0.00000     0.00000
     4.11654     0.00000     0.00000     0.00000     0.00000
     4.11872     0.00000     0.00000     0.00000     0.00000
     4.12089     0.00000     0.00000     0.00000     0.00000
     4.12307     0.00000     0.00000     0.00000     0.00000
     4.12525     0.00000     0.00000     0.00000     0.00000
     4.12742     0.00000     0.00000     0.00000     0.00000
     4.12960     0.00000     0.00000     0.00000     0.00000
     4.13178     0.00000     0.00000     0.00000     0.00000
     4.13395     0.00000     0.00000     0.00000     0.00000
     4.13613     0.00000     0.00000     0.00000     0.00000
     4.13831     0.00000     0.00000     0.00000     0.00000
     4.14048     0.00000     0.00000     0.00000     0.00000
     4.14266     0.00000     0.00000     0.00000     0.00000
     4.14484     0.00000     0.00000     0.00000     0.00000
     4.14702     0.00000     0.00000     0.00000     0.00000
     4.14919     0.00000     0.00000     0.00000     0.00000
     4.15137     0.00000     0.00000     0.00000     0.00000
     4.15355     0.00000     0.00000     0.00000     0.00000
     4.15572     0.00000     0.00000     0.00000     0.00000
     4.15790     0.00000     0.00000     0.00000     0.00000
     4.16008     0.00000     0.00000     0.00000     0.00000
     4.16225     0.00000     0.00000     0.00000     0.00000
     4.16443     0.00000     0.00000     0.00000     0.00000
     4.16661     0.00000     0.00000     0.00000     0.00000
     4.16878     0.00000     0.00000     0.00000     0.00000
     4.17096     0.00000     0.00000     0.00000     0.00000
     4.17314     0.00000     0.00000     0.00000     0.00000
     4.17532     0.00000     0.00000     0.00000     0.00000
     4.17749     0.00000     0.00000     0.00000     0.00000
     4.17967     0.00000     0.00000     0.00000     0.00000
     4.18185     0.00000     0.00000     0.00000     0.00000
     4.18402     0.00000     0.00000     0.00000     0.00000
     4.18620     0.00000     0.00000     0.00000     0.00000
     4.18838     0.00000     0.00000     0.00000     0.00000
     4.19055     0.00000     0.00000     0.00000     0.00000
     4.19273     0.00000     0.00000     0.00000     0.00000
     4.19491     0.00000     0.00000     0.00000     0.00000
     4.19708     0.00000     0.00000     0.00000     0.00000
     4.19926     0.00000     0.00000     0.00000     0.00000
     4.20144     0.00000     0.00000     0.00000     0.00000
     4.20361     0.00000     0.00000     0.00000     0.00000
     4.20579     0.00000     0.00000     0.00000     0.00000
     4.20797     0.00000     0.00000     0.00000     0.00000
     4.21015     0.00000     0.00000     0.00000     0.00000
     4.21232     0.00000     0.00000     0.00000     0.00000
     4.21450     0.00000     0.00000     0.00000     0.00000
     4.21668     0.00000     0.00000     0.00000     0.00000
     4.21885     0.00000     0.00000     0.00000     0.00000
     4.22103     0.00000     0.00000     0.00000     0.00000
     4.22321     0.00000     0.00000     0.00000     0.00000
     4.22538     0.00000     0.00000     0.00000     0.00000
     4.22756     0.00000     0.00000     0.00000     0.00000
     4.22974     0.00000     0.00000     0.00000     0.00000
     4.23191     0.00000     0.00000     0.00000     0.00000
     4.23409     0.00000     0.00000     0.00000     0.00000
     4.23627     0.00000     0.00000     0.00000     0.00000
     4.23845     0.00000     0.00000     0.00000     0.00000
     4.24062     0.00000     0.00000     0.00000     0.00000
     4.24280     0.00000     0.00000     0.00000     0.00000
     4.24498     0.00000     0.00000     0.00000     0.00000
     4.24715     0.00000     0.00000     0.00000     0.00000
     4.24933     0.00000     0.00000     0.00000     0.00000
     4.25151     0.00000     0.00000     0.00000     0.00000
     4.25368     0.00000     0.00000     0.00000     0.00000
     4.25586     0.00000     0.00000     0.00000     0.00000
     4.25804     0.00000     0.00000     0.00000     0.00000
     4.26021     0.00000     0.00000     0.00000     0.00000
     4.26239     0.00000     0.00000     0.00000     0.00000
     4.26457     0.00000     0.00000     0.00000     0.00000
     4.26675     0.00000     0.00000     0.00000     0.00000
     4.26892     0.00000     0.00000     0.00000     0.00000
     4.27110     0.00000     0.00000     0.00000     0.00000
     4.27328     0.00000     0.00000     0.00000     0.00000
     4.27545     0.00000     0.00000     0.00000     0.00000
     4.27763     0.00000     0.00000     0.00000     0.00000
     4.27981     0.00000     0.00000     0.00000     0.00000
     4.28198     0.00000     0.00000     0.00000     0.00000
     4.28416     0.00000     0.00000     0.00000     0.00000
     4.28634     0.00000     0.00000     0.00000     0.00000
     4.28851     0.00000     0.00000     0.00000     0.00000
     4.29069     0.00000     0.00000     0.00000     0.00000
     4.29287     0.00000     0.00000     0.00000     0.00000
     4.29505     0.00000     0.00000     0.00000     0.00000
     4.29722     0.00000     0.00000     0.00000     0.00000
     4.29940     0.00000     0.00000     0.00000     0.00000
     4.30158     0.00000     0.00000     0.00000     0.00000
     4.30375     0.00000     0.00000     0.00000     0.00000
     4.30593     0.00000     0.00000     0.00000     0.00000
     4.30811     0.00000     0.00000     0.00000     0.00000
     4.31028     0.00000     0.00000     0.00000     0.00000
     4.31246     0.00000     0.00000     0.00000     0.00000
     4.31464     0.00000     0.00000     0.00000     0.00000
     4.31681     0.00000     0.00000     0.00000     0.00000
     4.31899     0.00000     0.00000     0.00000     0.00000
     4.32117     0.00000     0.00000     0.00000     0.00000
     4.32335     0.00000     0.00000     0.00000     0.00000
     4.32552     0.00000     0.00000     0.00000     0.00000
     4.32770     0.00000     0.00000     0.00000     0.00000
     4.32988     0.00000     0.00000     0.00000     0.00000
     4.33205     0.00000     0.00000     0.00000     0.00000
     4.33423     0.00000     0.00000     0.00000     0.00000
     4.33641     0.00000     0.00000     0.00000     0.00000
     4.33858     0.00000     0.00000     0.00000     0.00000
     4.34076     0.00000     0.00000     0.00000     0.00000
     4.34294     0.00000     0.00000     0.00000     0.00000
     4.34511     0.00000     0.00000     0.00000     0.00000
     4.34729     0.00000     0.00000     0.00000     0.00000
     4.34947     0.00000     0.00000     0.00000     0.00000
     4.35164     0.00000     0.00000     0.00000     0.00000
     4.35382     0.00000     0.00000     0.00000     0.00000
     4.35600     0.00000     0.00000     0.00000     0.00000
     4.35818     0.00000     0.00000     0.00000     0.00000
     4.36035     0.00000     0.00000     0.00000     0.00000
     4.36253     0.00000     0.00000     0.00000     0.00000
     4.36471     0.00000     0.00000     0.00000     0.00000
     4.36688     0.00000     0.00000     0.00000     0.00000
     4.36906     0.00000     0.00000     0.00000     0.00000
     4.37124     0.00000     0.00000     0.00000     0.00000
     4.37341     0.00000     0.00000     0.00000     0.00000
     4.37559     0.00000     0.00000     0.00000     0.00000
     4.37777     0.00000     0.00000     0.00000     0.00000
     4.37994     0.00000     0.00000     0.00000     0.00000
     4.38212     0.00000     0.00000     0.00000     0.00000
     4.38430     0.00000     0.00000     0.00000     0.00000
     4.38648     0.00000     0.00000     0.00000     0.00000
     4.38865     0.00000     0.00000     0.00000     0.00000
     4.39083     0.00000     0.00000     0.00000     0.00000
     4.39301     0.00000     0.00000     0.00000     0.00000
     4.39518     0.00000     0.00000     0.00000     0.00000
     4.39736     0.00000     0.00000     0.00000     0.00000
     4.39954     0.00000     0.00000     0.00000     0.00000
     4.40171     0.00000     0.00000     0.00000     0.00000
     4.40389     0.00000     0.00000     0.00000     0.00000
     4.40607     0.00000     0.00000     0.00000     0.00000
     4.40824     0.00000     0.00000     0.00000     0.00000
     4.41042     0.00000     0.00000     0.00000     0.00000
     4.41260     0.00000     0.00000     0.00000     0.00000
     4.41478     0.00000     0.00000     0.00000     0.00000
     4.41695     0.00000     0.00000     0.00000     0.00000
     4.41913     0.00000     0.00000     0.00000     0.00000
     4.42131     0.00000     0.00000     0.00000     0.00000
     4.42348     0.00000     0.00000     0.00000     0.00000
     4.42566     0.00000     0.00000     0.00000     0.00000
     4.42784     0.00000     0.00000     0.00000     0.00000
     4.43001     0.00000     0.00000     0.00000     0.00000
     4.43219     0.00000     0.00000     0.00000     0.00000
     4.43437     0.00000     0.00000     0.00000     0.00000
     4.43654     0.00000     0.00000     0.00000     0.00000
     4.43872     0.00000     0.00000     0.00000     0.00000
     4.44090     0.00000     0.00000     0.00000     0.00000
     4.44308     0.00000     0.00000     0.00000     0.00000
     4.44525     0.00000     0.00000     0.00000     0.00000
     4.44743     0.00000     0.00000     0.00000     0.00000
     4.44961     0.00000     0.00000     0.00000     0.00000
     4.45178     0.00000     0.00000     0.00000     0.00000
     4.45396     0.00000     0.00000     0.00000     0.00000
     4.45614     0.00000     0.00000     0.00000     0.00000
     4.45831     0.00000     0.00000     0.00000     0.00000
     4.46049     0.00000     0.00000     0.00000     0.00000
     4.46267     0.00000     0.00000     0.00000     0.00000
     4.46484     0.00000     0.00000     0.00000     0.00000
     4.46702     0.00000     0.00000     0.00000     0.00000
     4.46920     0.00000     0.00000     0.00000     0.00000
     4.47137     0.00000     0.00000     0.00000     0.00000
     4.47355     0.00000     0.00000     0.00000     0.00000
     4.47573     0.00000     0.00000     0.00000     0.00000
     4.47791     0.00000     0.00000     0.00000     0.00000
     4.48008     0.00000     0.00000     0.00000     0.00000
     4.48226     0.00000     0.00000     0.00000     0.00000
     4.48444     0.00000     0.00000     0.00000     0.00000
     4.48661     0.00000     0.00000     0.00000     0.00000
     4.48879     0.00000     0.00000     0.00000     0.00000
     4.49097     0.00000     0.00000     0.00000     0.00000
     4.49314     0.00000     0.00000     0.00000     0.00000
     4.49532     0.00000     0.00000     0.00000     0.00000
     4.49750     0.00000     0.00000     0.00000     0.00000
     4.49967     0.00000     0.00000     0.00000     0.00000
     4.50185     0.00000     0.00000     0.00000     0.00000
     4.50403     0.00000     0.00000     0.00000     0.00000
     4.50621     0.00000     0.00000     0.00000     0.00000
     4.50838     0.00000     0.00000     0.00000     0.00000
     4.51056     0.00000     0.00000     0.00000     0.00000
     4.51274     0.00000     0.00000     0.00000     0.00000
     4.51491     0.00000     0.00000     0.00000     0.00000
     4.51709     0.00000     0.00000     0.00000     0.00000
     4.51927     0.00000     0.00000     0.00000     0.00000
     4.52144     0.00000     0.00000     0.00000     0.00000
     4.52362     0.00000     0.00000     0.00000     0.00000
     4.52580     0.00000     0.00000     0.00000     0.00000
     4.52797     0.00000     0.00000     0.00000     0.00000
     4.53015     0.00000     0.00000     0.00000     0.00000
     4.53233     0.00000     0.00000     0.00000     0.00000
     4.53451     0.00000     0.00000     0.00000     0.00000
     4.53668     0.00000     0.00000     0.00000     0.00000
     4.53886     0.00000     0.00000     0.00000     0.00000
     4.54104     0.00000     0.00000     0.00000     0.00000
     4.54321     0.00000     0.00000     0.00000     0.00000
     4.54539     0.00000     0.00000     0.00000     0.00000
     4.54757     0.00000     0.00000     0.00000     0.00000
     4.54974     0.00000     0.00000     0.00000     0.00000
     4.55192     0.00000     0.00000     0.00000     0.00000
     4.55410     0.00000     0.00000     0.00000     0.00000
     4.55627     0.00000     0.00000     0.00000     0.00000
     4.55845     0.00000     0.00000     0.00000     0.00000
     4.56063     0.00000     0.00000     0.00000     0.00000
     4.56281     0.00000     0.00000     0.00000     0.00000
     4.56498     0.00000     0.00000     0.00000     0.00000
     4.56716     0.00000     0.00000     0.00000     0.00000
     4.56934     0.00000     0.00000     0.00000     0.00000
     4.57151     0.00000     0.00000     0.00000     0.00000
     4.57369     0.00000     0.00000     0.00000     0.00000
     4.57587     0.00000     0.00000     0.00000     0.00000
     4.57804     0.00000     0.00000     0.00000     0.00000
     4.58022     0.00000     0.00000     0.00000     0.00000
     4.58240     0.00000     0.00000     0.00000     0.00000
     4.58457     0.00000     0.00000     0.00000     0.00000
     4.58675     0.00000     0.00000     0.00000     0.00000
     4.58893     0.00000     0.00000     0.00000     0.00000
     4.59111     0.00000     0.00000     0.00000     0.00000
     4.59328     0.00000     0.00000     0.00000     0.00000
     4.59546     0.00000     0.00000     0.00000     0.00000
     4.59764     0.00000     0.00000     0.00000     0.00000
     4.59981     0.00000     0.00000     0.00000     0.00000
     4.60199     0.00000     0.00000     0.00000     0.00000
     4.60417     0.00000     0.00000     0.00000     0.00000
     4.60634     0.00000     0.00000     0.00000     0.00000
     4.60852     0.00000     0.00000     0.00000     0.00000
     4.61070     0.00000     0.00000     0.00000     0.00000
     4.61287     0.00000     0.00000     0.00000     0.00000
     4.61505     0.00000     0.00000     0.00000     0.00000
     4.61723     0.00000     0.00000     0.00000     0.00000
     4.61940     0.00000     0.00000     0.00000     0.00000
     4.62158     0.00000     0.00000     0.00000     0.00000
     4.62376     0.00000     0.00000     0.00000     0.00000
     4.62594     0.00000     0.00000     0.00000     0.00000
     4.62811     0.00000     0.00000     0.00000     0.00000
     4.63029     0.00000     0.00000     0.00000     0.00000
     4.63247     0.00000     0.00000     0.00000     0.00000
     4.63464     0.00000     0.00000     0.00000     0.00000
     4.63682     0.00000     0.00000     0.00000     0.00000
     4.63900     0.00000     0.00000     0.00000     0.00000
     4.64117     0.00000     0.00000     0.00000     0.00000
     4.64335     0.00000     0.00000     0.00000     0.00000
     4.64553     0.00000     0.00000     0.00000     0.00000
     4.64770     0.00000     0.00000     0.00000     0.00000
     4.64988     0.00000     0.00000     0.00000     0.00000
     4.65206     0.00000     0.00000     0.00000     0.00000
     4.65424     0.00000     0.00000     0.00000     0.00000
     4.65641     0.00000     0.00000     0.00000     0.00000
     4.65859     0.00000     0.00000     0.00000     0.00000
     4.66077     0.00000     0.00000     0.00000     0.00000
     4.66294     0.00000     0.00000     0.00000     0.00000
     4.66512     0.00000     0.00000     0.00000     0.00000
     4.66730     0.00000     0.00000     0.00000     0.00000
     4.66947     0.00000     0.00000     0.00000     0.00000
     4.67165     0.00000     0.00000     0.00000     0.00000
     4.67383     0.00000     0.00000     0.00000     0.00000
     4.67600     0.00000     0.00000     0.00000     0.00000
     4.67818     0.00000     0.00000     0.00000     0.00000
     4.68036     0.00000     0.00000     0.00000     0.00000
     4.68254     0.00000     0.00000     0.00000     0.00000
     4.68471     0.00000     0.00000     0.00000     0.00000
     4.68689     0.00000     0.00000     0.00000     0.00000
     4.68907     0.00000     0.00000     0.00000     0.00000
     4.69124     0.00000     0.00000     0.00000     0.00000
     4.69342     0.00000     0.00000     0.00000     0.00000
     4.69560     0.00000     0.00000     0.00000     0.00000
     4.69777     0.00000     0.00000     0.00000     0.00000
     4.69995     0.00000     0.00000     0.00000     0.00000
     4.70213     0.00000     0.00000     0.00000     0.00000
     4.70430     0.00000     0.00000     0.00000     0.00000
     4.70648     0.00000     0.00000     0.00000     0.00000
     4.70866     0.00000     0.00000     0.00000     0.00000
     4.71084     0.00000     0.00000     0.00000     0.00000
     4.71301     0.00000     0.00000     0.00000     0.00000
     4.71519     0.00000     0.00000     0.00000     0.00000
     4.71737     0.00000     0.00000     0.00000     0.00000
     4.71954     0.00000     0.00000     0.00000     0.00000
     4.72172     0.00000     0.00000     0.00000     0.00000
     4.72390     0.00000     0.00000     0.00000     0.00000
     4.72607     0.00000     0.00000     0.00000     0.00000
     4.72825     0.00000     0.00000     0.00000     0.00000
     4.73043     0.00000     0.00000     0.00000     0.00000
     4.73260     0.00000     0.00000     0.00000     0.00000
     4.73478     0.00000     0.00000     0.00000     0.00000
     4.73696     0.00000     0.00000     0.00000     0.00000
     4.73913     0.00000     0.00000     0.00000     0.00000
     4.74131     0.00000     0.00000     0.00000     0.00000
     4.74349     0.00000     0.00000     0.00000     0.00000
     4.74567     0.00000     0.00000     0.00000     0.00000
     4.74784     0.00000     0.00000     0.00000     0.00000
     4.75002     0.00000     0.00000     0.00000     0.00000
     4.75220     0.00000     0.00000     0.00000     0.00000
     4.75437     0.00000     0.00000     0.00000     0.00000
     4.75655     0.00000     0.00000     0.00000     0.00000
     4.75873     0.00000     0.00000     0.00000     0.00000
     4.76090     0.00000     0.00000     0.00000     0.00000
     4.76308     0.00000     0.00000     0.00000     0.00000
     4.76526     0.00000     0.00000     0.00000     0.00000
     4.76743     0.00000     0.00000     0.00000     0.00000
     4.76961     0.00000     0.00000     0.00000     0.00000
     4.77179     0.00000     0.00000     0.00000     0.00000
     4.77397     0.00000     0.00000     0.00000     0.00000
     4.77614     0.00000     0.00000     0.00000     0.00000
     4.77832     0.00000     0.00000     0.00000     0.00000
     4.78050     0.00000     0.00000     0.00000     0.00000
     4.78267     0.00000     0.00000     0.00000     0.00000
     4.78485     0.00000     0.00000     0.00000     0.00000
     4.78703     0.00000     0.00000     0.00000     0.00000
     4.78920     0.00000     0.00000     0.00000     0.00000
     4.79138     0.00000     0.00000     0.00000     0.00000
     4.79356     0.00000     0.00000     0.00000     0.00000
     4.79573     0.00000     0.00000     0.00000     0.00000
     4.79791     0.00000     0.00000     0.00000     0.00000
     4.80009     0.00000     0.00000     0.00000     0.00000
     4.80227     0.00000     0.00000     0.00000     0.00000
     4.80444     0.00000     0.00000     0.00000     0.00000
     4.80662     0.00000     0.00000     0.00000     0.00000
     4.80880     0.00000     0.00000     0.00000     0.00000
     4.81097     0.00000     0.00000     0.00000     0.00000
     4.81315     0.00000     0.00000     0.00000     0.00000
     4.81533     0.00000     0.00000     0.00000     0.00000
     4.81750     0.00000     0.00000     0.00000     0.00000
     4.81968     0.00000     0.00000     0.00000     0.00000
     4.82186     0.00000     0.00000     0.00000     0.00000
     4.82403     0.00000     0.00000     0.00000     0.00000
     4.82621     0.00000     0.00000     0.00000     0.00000
     4.82839     0.00000     0.00000     0.00000     0.00000
     4.83057     0.00000     0.00000     0.00000     0.00000
     4.83274     0.00000     0.00000     0.00000     0.00000
     4.83492     0.00000     0.00000     0.00000     0.00000
     4.83710     0.00000     0.00000     0.00000     0.00000
     4.83927     0.00000     0.00000     0.00000     0.00000
     4.84145     0.00000     0.00000     0.00000     0.00000
     4.84363     0.00000     0.00000     0.00000     0.00000
     4.84580     0.00000     0.00000     0.00000     0.00000
     4.84798     0.00000     0.00000     0.00000     0.00000
     4.85016     0.00000     0.00000     0.00000     0.00000
     4.85233     0.00000     0.00000     0.00000     0.00000
     4.85451     0.00000     0.00000     0.00000     0.00000
     4.85669     0.00000     0.00000     0.00000     0.00000
     4.85887     0.00000     0.00000     0.00000     0.00000
     4.86104     0.00000     0.00000     0.00000     0.00000
     4.86322     0.00000     0.00000     0.00000     0.00000
     4.86540     0.00000     0.00000     0.00000     0.00000
     4.86757     0.00000     0.00000     0.00000     0.00000
     4.86975     0.00000     0.00000     0.00000     0.00000
     4.87193     0.00000     0.00000     0.00000     0.00000
     4.87410     0.00000     0.00000     0.00000     0.00000
     4.87628     0.00000     0.00000     0.00000     0.00000
     4.87846     0.00000     0.00000     0.00000     0.00000
     4.88063     0.00000     0.00000     0.00000     0.00000
     4.88281     0.00000     0.00000     0.00000     0.00000
     4.88499     0.00000     0.00000     0.00000     0.00000
     4.88716     0.00000     0.00000     0.00000     0.00000
     4.88934     0.00000     0.00000     0.00000     0.00000
     4.89152     0.00000     0.00000     0.00000     0.00000
     4.89370     0.00000     0.00000     0.00000     0.00000
     4.89587     0.00000     0.00000     0.00000     0.00000
     4.89805     0.00000     0.00000     0.00000     0.00000
     4.90023     0.00000     0.00000     0.00000     0.00000
     4.90240     0.00000     0.00000     0.00000     0.00000
     4.90458     0.00000     0.00000     0.00000     0.00000
     4.90676     0.00000     0.00000     0.00000     0.00000
     4.90893     0.00000     0.00000     0.00000     0.00000
     4.91111     0.00000     0.00000     0.00000     0.00000
     4.91329     0.00000     0.00000     0.00000     0.00000
     4.91546     0.00000     0.00000     0.00000     0.00000
     4.91764     0.00000     0.00000     0.00000     0.00000
     4.91982     0.00000     0.00000     0.00000     0.00000
     4.92200     0.00000     0.00000     0.00000     0.00000
     4.92417     0.00000     0.00000     0.00000     0.00000
     4.92635     0.00000     0.00000     0.00000     0.00000
     4.92853     0.00000     0.00000     0.00000     0.00000
     4.93070     0.00000     0.00000     0.00000     0.00000
     4.93288     0.00000     0.00000     0.00000     0.00000
     4.93506     0.00000     0.00000     0.00000     0.00000
     4.93723     0.00000     0.00000     0.00000     0.00000
     4.93941     0.00000     0.00000     0.00000     0.00000
     4.94159     0.00000     0.00000     0.00000     0.00000
     4.94376     0.00000     0.00000     0.00000     0.00000
     4.94594     0.00000     0.00000     0.00000     0.00000
     4.94812     0.00000     0.00000     0.00000     0.00000
     4.95030     0.00000     0.00000     0.00000     0.00000
     4.95247     0.00000     0.00000     0.00000     0.00000
     4.95465     0.00000     0.00000     0.00000     0.00000
     4.95683     0.00000     0.00000     0.00000     0.00000
     4.95900     0.00000     0.00000     0.00000     0.00000
     4.96118     0.00000     0.00000     0.00000     0.00000
     4.96336     0.00000     0.00000     0.00000     0.00000
     4.96553     0.00000     0.00000     0.00000     0.00000
     4.96771     0.00000     0.00000     0.00000     0.00000
     4.96989     0.00000     0.00000     0.00000     0.00000
     4.97206     0.00000     0.00000     0.00000     0.00000
     4.97424     0.00000     0.00000     0.00000     0.00000
     4.97642     0.00000     0.00000     0.00000     0.00000
     4.97860     0.00000     0.00000     0.00000     0.00000
     4.98077     0.00000     0.00000     0.00000     0.00000
     4.98295     0.00000     0.00000     0.00000     0.00000
     4.98513     0.00000     0.00000     0.00000     0.00000
     4.98730     0.00000     0.00000     0.00000     0.00000
     4.98948     0.00000     0.00000     0.00000     0.00000
     4.99166     0.00000     0.00000     0.00000     0.00000
     4.99383     0.00000     0.00000     0.00000     0.00000
     4.99601     0.00000     0.00000     0.00000     0.00000
     4.99819     0.00000     0.00000     0.00000     0.00000
     5.00036     0.00000     0.00000     0.00000     0.00000
     5.00254     0.00000     0.00000     0.00000     0.00000
     5.00472     0.00000     0.00000     0.00000     0.00000
     5.00690     0.00000     0.00000     0.00000     0.00000
     5.00907     0.00000     0.00000     0.00000     0.00000
     5.01125     0.00000     0.00000     0.00000     0.00000
     5.01343     0.00000     0.00000     0.00000     0.00000
     5.01560     0.00000     0.00000     0.00000     0.00000
     5.01778     0.00000     0.00000     0.00000     0.00000
     5.01996     0.00000     0.00000     0.00000     0.00000
     5.02213     0.00000     0.00000     0.00000     0.00000
     5.02431     0.00000     0.00000     0.00000     0.00000
     5.02649     0.00000     0.00000     0.00000     0.00000
     5.02866     0.00000     0.00000     0.00000     0.00000
     5.03084     0.00000     0.00000     0.00000     0.00000
     5.03302     0.00000     0.00000     0.00000     0.00000
     5.03519     0.00000     0.00000     0.00000     0.00000
     5.03737     0.00000     0.00000     0.00000     0.00000
     5.03955     0.00000     0.00000     0.00000     0.00000
     5.04173     0.00000     0.00000     0.00000     0.00000
     5.04390     0.00000     0.00000     0.00000     0.00000
     5.04608     0.00000     0.00000     0.00000     0.00000
     5.04826     0.00000     0.00000     0.00000     0.00000
     5.05043     0.00000     0.00000     0.00000     0.00000
     5.05261     0.00000     0.00000     0.00000     0.00000
     5.05479     0.00000     0.00000     0.00000     0.00000
     5.05696     0.00000     0.00000     0.00000     0.00000
     5.05914     0.00000     0.00000     0.00000     0.00000
     5.06132     0.00000     0.00000     0.00000     0.00000
     5.06349     0.00000     0.00000     0.00000     0.00000
     5.06567     0.00000     0.00000     0.00000     0.00000
     5.06785     0.00000     0.00000     0.00000     0.00000
     5.07003     0.00000     0.00000     0.00000     0.00000
     5.07220     0.00000     0.00000     0.00000     0.00000
     5.07438     0.00000     0.00000     0.00000     0.00000
     5.07656     0.00000     0.00000     0.00000     0.00000
     5.07873     0.00000     0.00000     0.00000     0.00000
     5.08091     0.00000     0.00000     0.00000     0.00000
     5.08309     0.00000     0.00000     0.00000     0.00000
     5.08526     0.00000     0.00000     0.00000     0.00000
     5.08744     0.00000     0.00000     0.00000     0.00000
     5.08962     0.00000     0.00000     0.00000     0.00000
     5.09179     0.00000     0.00000     0.00000     0.00000
     5.09397     0.00000     0.00000     0.00000     0.00000
     5.09615     0.00000     0.00000     0.00000     0.00000
     5.09833     0.00000     0.00000     0.00000     0.00000
     5.10050     0.00000     0.00000     0.00000     0.00000
     5.10268     0.00000     0.00000     0.00000     0.00000
     5.10486     0.00000     0.00000     0.00000     0.00000
     5.10703     0.00000     0.00000     0.00000     0.00000
     5.10921     0.00000     0.00000     0.00000     0.00000
     5.11139     0.00000     0.00000     0.00000     0.00000
     5.11356     0.00000     0.00000     0.00000     0.00000
     5.11574     0.00000     0.00000     0.00000     0.00000
     5.11792     0.00000     0.00000     0.00000     0.00000
     5.12009     0.00000     0.00000     0.00000     0.00000
     5.12227     0.00000     0.00000     0.00000     0.00000
     5.12445     0.00000     0.00000     0.00000     0.00000
     5.12663     0.00000     0.00000     0.00000     0.00000
     5.12880     0.00000     0.00000     0.00000     0.00000
     5.13098     0.00000     0.00000     0.00000     0.00000
     5.13316     0.00000     0.00000     0.00000     0.00000
     5.13533     0.00000     0.00000     0.00000     0.00000
     5.13751     0.00000     0.00000     0.00000     0.00000
     5.13969     0.00000     0.00000     0.00000     0.00000
     5.14186     0.00000     0.00000     0.00000     0.00000
     5.14404     0.00000     0.00000     0.00000     0.00000
     5.14622     0.00000     0.00000     0.00000     0.00000
     5.14839     0.00000     0.00000     0.00000     0.00000
     5.15057     0.00000     0.00000     0.00000     0.00000
     5.15275     0.00000     0.00000     0.00000     0.00000
     5.15492     0.00000     0.00000     0.00000     0.00000
     5.15710     0.00000     0.00000     0.00000     0.00000
     5.15928     0.00000     0.00000     0.00000     0.00000
     5.16146     0.00000     0.00000     0.00000     0.00000
     5.16363     0.00000     0.00000     0.00000     0.00000
     5.16581     0.00000     0.00000     0.00000     0.00000
     5.16799     0.00000     0.00000     0.00000     0.00000
     5.17016     0.00000     0.00000     0.00000     0.00000
     5.17234     0.00000     0.00000     0.00000     0.00000
     5.17452     0.00000     0.00000     0.00000     0.00000
     5.17669     0.00000     0.00000     0.00000     0.00000
     5.17887     0.00000     0.00000     0.00000     0.00000
     5.18105     0.00000     0.00000     0.00000     0.00000
     5.18322     0.00000     0.00000     0.00000     0.00000
     5.18540     0.00000     0.00000     0.00000     0.00000
     5.18758     0.00000     0.00000     0.00000     0.00000
     5.18976     0.00000     0.00000     0.00000     0.00000
     5.19193     0.00000     0.00000     0.00000     0.00000
     5.19411     0.00000     0.00000     0.00000     0.00000
     5.19629     0.00000     0.00000     0.00000     0.00000
     5.19846     0.00000     0.00000     0.00000     0.00000
     5.20064     0.00000     0.00000     0.00000     0.00000
     5.20282     0.00000     0.00000     0.00000     0.00000
     5.20499     0.00000     0.00000     0.00000     0.00000
     5.20717     0.00000     0.00000     0.00000     0.00000
     5.20935     0.00000     0.00000     0.00000     0.00000
     5.21152     0.00000     0.00000     0.00000     0.00000
     5.21370     0.00000     0.00000     0.00000     0.00000
     5.21588     0.00000     0.00000     0.00000     0.00000
     5.21806     0.00000     0.00000     0.00000     0.00000
     5.22023     0.00000     0.00000     0.00000     0.00000
     5.22241     0.00000     0.00000     0.00000     0.00000
     5.22459     0.00000     0.00000     0.00000     0.00000
     5.22676     0.00000     0.00000     0.00000     0.00000
     5.22894     0.00000     0.00000     0.00000     0.00000
     5.23112     0.00000     0.00000     0.00000     0.00000
     5.23329     0.00000     0.00000     0.00000     0.00000
     5.23547     0.00000     0.00000     0.00000     0.00000
     5.23765     0.00000     0.00000     0.00000     0.00000
     5.23982     0.00000     0.00000     0.00000     0.00000
     5.24200     0.00000     0.00000     0.00000     0.00000
     5.24418     0.00000     0.00000     0.00000     0.00000
     5.24636     0.00000     0.00000     0.00000     0.00000
     5.24853     0.00000     0.00000     0.00000     0.00000
     5.25071     0.00000     0.00000     0.00000     0.00000
     5.25289     0.00000     0.00000     0.00000     0.00000
     5.25506     0.00000     0.00000     0.00000     0.00000
     5.25724     0.00000     0.00000     0.00000     0.00000
     5.25942     0.00000     0.00000     0.00000     0.00000
     5.26159     0.00000     0.00000     0.00000     0.00000
     5.26377     0.00000     0.00000     0.00000     0.00000
     5.26595     0.00000     0.00000     0.00000     0.00000
     5.26812     0.00000     0.00000     0.00000     0.00000
     5.27030     0.00000     0.00000     0.00000     0.00000
     5.27248     0.00000     0.00000     0.00000     0.00000
     5.27466     0.00000     0.00000     0.00000     0.00000
     5.27683     0.00000    -0.00000     0.00000     0.00000
     5.27901     0.00000    -0.00000     0.00000     0.00000
     5.28119     0.00000    -0.00000     0.00000     0.00000
     5.28336     0.00000    -0.00000     0.00000     0.00000
     5.28554     0.00000    -0.00000     0.00000     0.00000
     5.28772     0.00000    -0.00000     0.00000     0.00000
     5.28989     0.00000    -0.00000     0.00000     0.00000
     5.29207     0.00000    -0.00000     0.00000     0.00000
     5.29425     0.00000    -0.00000     0.00000     0.00000
     5.29642     0.00000    -0.00000     0.00000     0.00000
     5.29860     0.00000    -0.00000     0.00000     0.00000
     5.30078     0.00000    -0.00000     0.00000     0.00000
     5.30295     0.00000    -0.00000     0.00000     0.00000
     5.30513     0.00000    -0.00000     0.00000     0.00000
     5.30731     0.00000    -0.00000     0.00000     0.00000
     5.30949     0.00001    -0.00001     0.00001     0.00000
     5.31166     0.00001    -0.00001     0.00001     0.00001
     5.31384     0.00001    -0.00001     0.00002     0.00001
     5.31602     0.00002    -0.00002     0.00002     0.00001
     5.31819     0.00003    -0.00003     0.00003     0.00002
     5.32037     0.00004    -0.00004     0.00005     0.00003
     5.32255     0.00005    -0.00005     0.00007     0.00004
     5.32472     0.00008    -0.00007     0.00009     0.00006
     5.32690     0.00011    -0.00010     0.00013     0.00008
     5.32908     0.00015    -0.00015     0.00018     0.00011
     5.33125     0.00021    -0.00020     0.00026     0.00016
     5.33343     0.00029    -0.00028     0.00035     0.00022
     5.33561     0.00040    -0.00038     0.00048     0.00030
     5.33779     0.00055    -0.00052     0.00066     0.00041
     5.33996     0.00074    -0.00070     0.00089     0.00055
     5.34214     0.00099    -0.00094     0.00119     0.00074
     5.34432     0.00133    -0.00126     0.00160     0.00099
     5.34649     0.00176    -0.00167     0.00212     0.00131
     5.34867     0.00232    -0.00221     0.00279     0.00173
     5.35085     0.00304    -0.00289     0.00366     0.00227
     5.35302     0.00396    -0.00376     0.00477     0.00296
     5.35520     0.00512    -0.00487     0.00617     0.00383
     5.35738     0.00659    -0.00626     0.00793     0.00492
     5.35955     0.00841    -0.00799     0.01012     0.00628
     5.36173     0.01068    -0.01015     0.01285     0.00798
     5.36391     0.01347    -0.01279     0.01620     0.01006
     5.36609     0.01688    -0.01603     0.02030     0.01260
     5.36826     0.02101    -0.01996     0.02528     0.01569
     5.37044     0.02599    -0.02469     0.03127     0.01941
     5.37262     0.03195    -0.03035     0.03844     0.02386
     5.37479     0.03902    -0.03707     0.04695     0.02914
     5.37697     0.04736    -0.04498     0.05697     0.03537
     5.37915     0.05710    -0.05424     0.06870     0.04265
     5.38132     0.06842    -0.06499     0.08231     0.05110
     5.38350     0.08145    -0.07737     0.09799     0.06083
     5.38568     0.09634    -0.09152     0.11591     0.07195
     5.38785     0.11324    -0.10757     0.13624     0.08457
     5.39003     0.13224    -0.12562     0.15910     0.09876
     5.39221     0.15346    -0.14577     0.18462     0.11461
     5.39439     0.17693    -0.16808     0.21287     0.13214
     5.39656     0.20270    -0.19255     0.24387     0.15138
     5.39874     0.23074    -0.21919     0.27761     0.17232
     5.40092     0.26098    -0.24792     0.31399     0.19491
     5.40309     0.29331    -0.27862     0.35288     0.21905
     5.40527     0.32753    -0.31113     0.39405     0.24461
     5.40745     0.36341    -0.34522     0.43722     0.27141
     5.40962     0.40066    -0.38060     0.48203     0.29922
     5.41180     0.43890    -0.41693     0.52804     0.32778
     5.41398     0.47772    -0.45381     0.57475     0.35678
     5.41615     0.51666    -0.49080     0.62160     0.38586
     5.41833     0.55521    -0.52742     0.66798     0.41465
     5.42051     0.59283    -0.56315     0.71324     0.44275
     5.42269     0.62896    -0.59748     0.75671     0.46973
     5.42486     0.66304    -0.62985     0.79771     0.49518
     5.42704     0.69450    -0.65973     0.83556     0.51868
     5.42922     0.72282    -0.68663     0.86963     0.53982
     5.43139     0.74749    -0.71007     0.89931     0.55825
     5.43357     0.76807    -0.72962     0.92407     0.57362
     5.43575     0.78418    -0.74492     0.94345     0.58565
     5.43792     0.79553    -0.75570     0.95710     0.59412
     5.44010     0.80188    -0.76174     0.96475     0.59887
     5.44228     0.80314    -0.76293     0.96626     0.59981
     5.44445     0.79926    -0.75925     0.96159     0.59691
     5.44663     0.79033    -0.75076     0.95085     0.59024
     5.44881     0.77651    -0.73764     0.93422     0.57992
     5.45098     0.75807    -0.72012     0.91203     0.56615
     5.45316     0.73534    -0.69853     0.88469     0.54918
     5.45534     0.70874    -0.67326     0.85269     0.52931
     5.45752     0.67875    -0.64477     0.81661     0.50691
     5.45969     0.64588    -0.61355     0.77707     0.48237
     5.46187     0.61068    -0.58011     0.73472     0.45608
     5.46405     0.57372    -0.54500     0.69025     0.42847
     5.46622     0.53555    -0.50874     0.64433     0.39997
     5.46840     0.49674    -0.47187     0.59763     0.37098
     5.47058     0.45780    -0.43488     0.55078     0.34190
     5.47275     0.41922    -0.39823     0.50436     0.31308
     5.47493     0.38144    -0.36234     0.45891     0.28487
     5.47711     0.34485    -0.32759     0.41489     0.25755
     5.47928     0.30978    -0.29427     0.37270     0.23136
     5.48146     0.27651    -0.26266     0.33267     0.20650
     5.48364     0.24523    -0.23295     0.29504     0.18315
     5.48582     0.21610    -0.20528     0.26000     0.16139
     5.48799     0.18922    -0.17975     0.22765     0.14132
     5.49017     0.16463    -0.15639     0.19806     0.12295
     5.49235     0.14231    -0.13519     0.17122     0.10629
     5.49452     0.12224    -0.11612     0.14707     0.09129
     5.49670     0.10433    -0.09911     0.12552     0.07792
     5.49888     0.08848    -0.08405     0.10645     0.06608
     5.50105     0.07455    -0.07082     0.08969     0.05568
     5.50323     0.06242    -0.05929     0.07510     0.04662
     5.50541     0.05193    -0.04933     0.06247     0.03878
     5.50758     0.04292    -0.04077     0.05164     0.03206
     5.50976     0.03525    -0.03349     0.04241     0.02633
     5.51194     0.02877    -0.02733     0.03461     0.02149
     5.51412     0.02333    -0.02216     0.02807     0.01742
     5.51629     0.01880    -0.01785     0.02261     0.01404
     5.51847     0.01505    -0.01429     0.01810     0.01124
     5.52065     0.01197    -0.01137     0.01440     0.00894
     5.52282     0.00946    -0.00899     0.01138     0.00707
     5.52500     0.00743    -0.00706     0.00894     0.00555
     5.52718     0.00580    -0.00551     0.00697     0.00433
     5.52935     0.00450    -0.00427     0.00541     0.00336
     5.53153     0.00346    -0.00329     0.00417     0.00259
     5.53371     0.00265    -0.00252     0.00319     0.00198
     5.53588     0.00202    -0.00192     0.00243     0.00151
     5.53806     0.00152    -0.00145     0.00183     0.00114
     5.54024     0.00114    -0.00109     0.00138     0.00085
     5.54242     0.00085    -0.00081     0.00103     0.00064
     5.54459     0.00063    -0.00060     0.00076     0.00047
     5.54677     0.00047    -0.00044     0.00056     0.00035
     5.54895     0.00034    -0.00032     0.00041     0.00025
     5.55112     0.00025    -0.00024     0.00030     0.00019
     5.55330     0.00018    -0.00017     0.00022     0.00013
     5.55548     0.00013    -0.00012     0.00015     0.00010
     5.55765     0.00009    -0.00009     0.00011     0.00007
     5.55983     0.00007    -0.00006     0.00008     0.00005
     5.56201     0.00005    -0.00004     0.00006     0.00003
     5.56418     0.00003    -0.00003     0.00004     0.00002
     5.56636     0.00002    -0.00002     0.00003     0.00002
     5.56854     0.00002    -0.00001     0.00002     0.00001
     5.57071     0.00001    -0.00001     0.00001     0.00001
     5.57289     0.00001    -0.00001     0.00001     0.00001
     5.57507     0.00000    -0.00000     0.00001     0.00000
     5.57725     0.00000    -0.00000     0.00000     0.00000
     5.57942     0.00000    -0.00000     0.00000     0.00000
     5.58160     0.00000    -0.00000     0.00000     0.00000
     5.58378     0.00000    -0.00000     0.00000     0.00000
     5.58595     0.00000    -0.00000     0.00000     0.00000
     5.58813     0.00000    -0.00000     0.00000     0.00000
     5.59031     0.00000    -0.00000     0.00000     0.00000
     5.59248     0.00000    -0.00000     0.00000     0.00000
     5.59466     0.00000    -0.00000     0.00000     0.00000
     5.59684     0.00000    -0.00000     0.00000     0.00000
     5.59901     0.00000    -0.00000     0.00000     0.00000
     5.60119     0.00000    -0.00000     0.00000     0.00000
     5.60337     0.00000    -0.00000     0.00000     0.00000
     5.60555     0.00000     0.00000     0.00000     0.00000
     5.60772     0.00000     0.00000     0.00000     0.00000
     5.60990     0.00000     0.00000     0.00000     0.00000
     5.61208     0.00000     0.00000     0.00000     0.00000
     5.61425     0.00000     0.00000     0.00000     0.00000
     5.61643     0.00000     0.00000     0.00000     0.00000
     5.61861     0.00000     0.00000     0.00000     0.00000
     5.62078     0.00000     0.00000     0.00000     0.00000
     5.62296     0.00000     0.00000     0.00000     0.00000
     5.62514     0.00000     0.00000     0.00000     0.00000
     5.62731     0.00000     0.00000     0.00000     0.00000
     5.62949     0.00000     0.00000     0.00000     0.00000
     5.63167     0.00000     0.00000     0.00000     0.00000
     5.63385     0.00000     0.00000     0.00000     0.00000
     5.63602     0.00000     0.00000     0.00000     0.00000
     5.63820     0.00000     0.00000     0.00000     0.00000
     5.64038     0.00000     0.00000     0.00000     0.00000
     5.64255     0.00000     0.00000     0.00000     0.00000
     5.64473     0.00000     0.00000     0.00000     0.00000
     5.64691     0.00000     0.00000     0.00000     0.00000
     5.64908     0.00000     0.00000     0.00000     0.00000
     5.65126     0.00000     0.00000     0.00000     0.00000
     5.65344     0.00000     0.00000     0.00000     0.00000
     5.65561     0.00000     0.00000     0.00000     0.00000
     5.65779     0.00000     0.00000     0.00000     0.00000
     5.65997     0.00000     0.00000     0.00000     0.00000
     5.66215     0.00000     0.00000     0.00000     0.00000
     5.66432     0.00000     0.00000     0.00000     0.00000
     5.66650     0.00000     0.00000     0.00000     0.00000
     5.66868     0.00000     0.00000     0.00000     0.00000
     5.67085     0.00000     0.00000     0.00000     0.00000
     5.67303     0.00000     0.00000     0.00000     0.00000
     5.67521     0.00000     0.00000     0.00000     0.00000
     5.67738     0.00000     0.00000     0.00000     0.00000
     5.67956     0.00000     0.00000     0.00000     0.00000
     5.68174     0.00000     0.00000     0.00000     0.00000
     5.68391     0.00000     0.00000     0.00000     0.00000
     5.68609     0.00000     0.00000     0.00000     0.00000
     5.68827     0.00000     0.00000     0.00000     0.00000
     5.69045     0.00000     0.00000     0.00000     0.00000
     5.69262     0.00000     0.00000     0.00000     0.00000
     5.69480     0.00000     0.00000     0.00000     0.00000
     5.69698     0.00000     0.00000     0.00000     0.00000
     5.69915     0.00000     0.00000     0.00000     0.00000
     5.70133     0.00000     0.00000     0.00000     0.00000
     5.70351     0.00000     0.00000     0.00000     0.00000
     5.70568     0.00000     0.00000     0.00000     0.00000
     5.70786     0.00000     0.00000     0.00000     0.00000
     5.71004     0.00000     0.00000     0.00000     0.00000
     5.71221     0.00000     0.00000     0.00000     0.00000
     5.71439     0.00000     0.00000     0.00000     0.00000
     5.71657     0.00000     0.00000     0.00000     0.00000
     5.71874     0.00000     0.00000     0.00000     0.00000
     5.72092     0.00000     0.00000     0.00000     0.00000
     5.72310     0.00000     0.00000     0.00000     0.00000
     5.72528     0.00000     0.00000     0.00000     0.00000
     5.72745     0.00000     0.00000     0.00000     0.00000
     5.72963     0.00000     0.00000     0.00000     0.00000
     5.73181     0.00000     0.00000     0.00000     0.00000
     5.73398     0.00000     0.00000     0.00000     0.00000
     5.73616     0.00000     0.00000     0.00000     0.00000
     5.73834     0.00000     0.00000     0.00000     0.00000
     5.74051     0.00000     0.00000     0.00000     0.00000
     5.74269     0.00000     0.00000     0.00000     0.00000
     5.74487     0.00000     0.00000     0.00000     0.00000
     5.74704     0.00000     0.00000     0.00000     0.00000
     5.74922     0.00000     0.00000     0.00000     0.00000
     5.75140     0.00000     0.00000     0.00000     0.00000
     5.75358     0.00000     0.00000     0.00000     0.00000
     5.75575     0.00000     0.00000     0.00000     0.00000
     5.75793     0.00000     0.00000     0.00000     0.00000
     5.76011     0.00000     0.00000     0.00000     0.00000
     5.76228     0.00000     0.00000     0.00000     0.00000
     5.76446     0.00000     0.00000     0.00000     0.00000
     5.76664     0.00000     0.00000     0.00000     0.00000
     5.76881     0.00000     0.00000     0.00000     0.00000
     5.77099     0.00000     0.00000     0.00000     0.00000
     5.77317     0.00000     0.00000     0.00000     0.00000
     5.77534     0.00000     0.00000     0.00000     0.00000
     5.77752     0.00000     0.00000     0.00000     0.00000
     5.77970     0.00000     0.00000     0.00000     0.00000
     5.78188     0.00000     0.00000     0.00000     0.00000
     5.78405     0.00000     0.00000     0.00000     0.00000
     5.78623     0.00000     0.00000     0.00000     0.00000
     5.78841     0.00000     0.00000     0.00000     0.00000
     5.79058     0.00001     0.00000     0.00000     0.00000
     5.79276     0.00001     0.00000     0.00000     0.00001
     5.79494     0.00002     0.00000     0.00001     0.00001
     5.79711     0.00002     0.00000     0.00001     0.00001
     5.79929     0.00003     0.00000     0.00001     0.00002
     5.80147     0.00005     0.00000     0.00002     0.00003
     5.80364     0.00007     0.00000     0.00003     0.00004
     5.80582     0.00010     0.00000     0.00004     0.00006
     5.80800     0.00014     0.00000     0.00006     0.00009
     5.81018     0.00020     0.00000     0.00008     0.00012
     5.81235     0.00028     0.00000     0.00011     0.00017
     5.81453     0.00039     0.00000     0.00015     0.00024
     5.81671     0.00054     0.00000     0.00021     0.00033
     5.81888     0.00074     0.00000     0.00029     0.00045
     5.82106     0.00102     0.00000     0.00040     0.00062
     5.82324     0.00139     0.00000     0.00054     0.00084
     5.82541     0.00187     0.00000     0.00073     0.00114
     5.82759     0.00251     0.00000     0.00098     0.00153
     5.82977     0.00335     0.00000     0.00131     0.00204
     5.83194     0.00445     0.00000     0.00174     0.00271
     5.83412     0.00586     0.00000     0.00229     0.00357
     5.83630     0.00767     0.00000     0.00300     0.00467
     5.83847     0.00997     0.00000     0.00390     0.00607
     5.84065     0.01288     0.00000     0.00504     0.00784
     5.84283     0.01654     0.00000     0.00647     0.01007
     5.84501     0.02110     0.00000     0.00826     0.01285
     5.84718     0.02675     0.00000     0.01046     0.01628
     5.84936     0.03369     0.00000     0.01318     0.02051
     5.85154     0.04216     0.00000     0.01649     0.02567
     5.85371     0.05243     0.00000     0.02051     0.03192
     5.85589     0.06478     0.00000     0.02534     0.03944
     5.85807     0.07952     0.00000     0.03111     0.04841
     5.86024     0.09701     0.00000     0.03795     0.05906
     5.86242     0.11758     0.00000     0.04600     0.07158
     5.86460     0.14160     0.00000     0.05539     0.08621
     5.86677     0.16944     0.00000     0.06629     0.10316
     5.86895     0.20147     0.00000     0.07881     0.12265
     5.87113     0.23802     0.00000     0.09311     0.14491
     5.87331     0.27941     0.00000     0.10930     0.17010
     5.87548     0.32590     0.00000     0.12749     0.19841
     5.87766     0.37770     0.00000     0.14776     0.22994
     5.87984     0.43494     0.00000     0.17015     0.26479
     5.88201     0.49767     0.00000     0.19469     0.30298
     5.88419     0.56580     0.00000     0.22134     0.34446
     5.88637     0.63917     0.00000     0.25004     0.38913
     5.88854     0.71743     0.00000     0.28066     0.43677
     5.89072     0.80015     0.00000     0.31302     0.48713
     5.89290     0.88671     0.00000     0.34688     0.53983
     5.89507     0.97636     0.00000     0.38195     0.59441
     5.89725     1.06822     0.00000     0.41788     0.65033
     5.89943     1.16126     0.00000     0.45428     0.70698
     5.90161     1.25436     0.00000     0.49070     0.76365
     5.90378     1.34627     0.00000     0.52666     0.81961
     5.90596     1.43570     0.00000     0.56164     0.87406
     5.90814     1.52131     0.00000     0.59513     0.92617
     5.91031     1.60173     0.00000     0.62660     0.97514
     5.91249     1.67565     0.00000     0.65551     1.02014
     5.91467     1.74180     0.00000     0.68139     1.06041
     5.91684     1.79901     0.00000     0.70377     1.09524
     5.91902     1.84624     0.00000     0.72225     1.12399
     5.92120     1.88262     0.00000     0.73648     1.14614
     5.92337     1.90748     0.00000     0.74620     1.16128
     5.92555     1.92033     0.00000     0.75123     1.16910
     5.92773     1.92094     0.00000     0.75147     1.16947
     5.92991     1.90929     0.00000     0.74691     1.16238
     5.93208     1.88560     0.00000     0.73764     1.14796
     5.93426     1.85033     0.00000     0.72385     1.12648
     5.93644     1.80413     0.00000     0.70577     1.09836
     5.93861     1.74786     0.00000     0.68376     1.06410
     5.94079     1.68255     0.00000     0.65821     1.02434
     5.94297     1.60934     0.00000     0.62957     0.97977
     5.94514     1.52950     0.00000     0.59834     0.93116
     5.94732     1.44435     0.00000     0.56503     0.87932
     5.94950     1.35523     0.00000     0.53017     0.82507
     5.95167     1.26351     0.00000     0.49428     0.76922
     5.95385     1.17047     0.00000     0.45789     0.71258
     5.95603     1.07737     0.00000     0.42147     0.65590
     5.95821     0.98535     0.00000     0.38547     0.59988
     5.96038     0.89544     0.00000     0.35029     0.54514
     5.96256     0.80854     0.00000     0.31630     0.49224
     5.96474     0.72541     0.00000     0.28378     0.44163
     5.96691     0.64668     0.00000     0.25298     0.39370
     5.96909     0.57282     0.00000     0.22409     0.34873
     5.97127     0.50416     0.00000     0.19723     0.30693
     5.97344     0.44089     0.00000     0.17248     0.26842
     5.97562     0.38311     0.00000     0.14987     0.23324
     5.97780     0.33077     0.00000     0.12940     0.20138
     5.97997     0.28377     0.00000     0.11101     0.17276
     5.98215     0.24189     0.00000     0.09463     0.14726
     5.98433     0.20487     0.00000     0.08015     0.12473
     5.98650     0.17241     0.00000     0.06745     0.10497
     5.98868     0.14417     0.00000     0.05640     0.08777
     5.99086     0.11979     0.00000     0.04686     0.07293
     5.99304     0.09889     0.00000     0.03869     0.06021
     5.99521     0.08112     0.00000     0.03174     0.04939
     5.99739     0.06612     0.00000     0.02587     0.04025
     5.99957     0.05355     0.00000     0.02095     0.03260
     6.00174     0.04309     0.00000     0.01686     0.02623
     6.00392     0.03445     0.00000     0.01348     0.02098
     6.00610     0.02737     0.00000     0.01071     0.01666
     6.00827     0.02161     0.00000     0.00845     0.01315
     6.01045     0.01695     0.00000     0.00663     0.01032
     6.01263     0.01321     0.00000     0.00517     0.00804
     6.01480     0.01023     0.00000     0.00400     0.00623
     6.01698     0.00787     0.00000     0.00308     0.00479
     6.01916     0.00602     0.00000     0.00235     0.00366
     6.02134     0.00457     0.00000     0.00179     0.00278
     6.02351     0.00345     0.00000     0.00135     0.00210
     6.02569     0.00259     0.00000     0.00101     0.00158
     6.02787     0.00193     0.00000     0.00075     0.00117
     6.03004     0.00143     0.00000     0.00056     0.00087
     6.03222     0.00105     0.00000     0.00041     0.00064
     6.03440     0.00077     0.00000     0.00030     0.00047
     6.03657     0.00056     0.00000     0.00022     0.00034
     6.03875     0.00040     0.00000     0.00016     0.00025
     6.04093     0.00029     0.00000     0.00011     0.00018
     6.04310     0.00021     0.00000     0.00008     0.00013
     6.04528     0.00015     0.00000     0.00006     0.00009
     6.04746     0.00010     0.00000     0.00004     0.00006
     6.04964     0.00007     0.00000     0.00003     0.00004
     6.05181     0.00005     0.00000     0.00002     0.00003
     6.05399     0.00003     0.00000     0.00001     0.00002
     6.05617     0.00002     0.00000     0.00001     0.00001
     6.05834     0.00002     0.00000     0.00001     0.00001
     6.06052     0.00001     0.00000     0.00000     0.00001
     6.06270     0.00001     0.00000     0.00000     0.00000
     6.06487     0.00000     0.00000     0.00000     0.00000
     6.06705     0.00000     0.00000     0.00000     0.00000
     6.06923     0.00000     0.00000     0.00000     0.00000
     6.07140     0.00000     0.00000     0.00000     0.00000
     6.07358     0.00000     0.00000     0.00000     0.00000
     6.07576     0.00000     0.00000    -0.00000     0.00000
     6.07794     0.00000     0.00000    -0.00000     0.00000
     6.08011     0.00000     0.00000    -0.00000     0.00000
     6.08229    -0.00000     0.00000    -0.00000     0.00000
     6.08447    -0.00000     0.00000    -0.00000     0.00000
     6.08664    -0.00000     0.00000    -0.00000     0.00000
     6.08882    -0.00000     0.00000    -0.00001     0.00000
     6.09100    -0.00000     0.00000    -0.00001     0.00000
     6.09317    -0.00000     0.00001    -0.00001     0.00000
     6.09535    -0.00000     0.00001    -0.00002     0.00000
     6.09753    -0.00000     0.00002    -0.00002     0.00000
     6.09970    -0.00001     0.00002    -0.00004     0.00001
     6.10188    -0.00001     0.00003    -0.00005     0.00001
     6.10406    -0.00001     0.00005    -0.00007     0.00001
     6.10624    -0.00002     0.00007    -0.00010     0.00002
     6.10841    -0.00002     0.00009    -0.00015     0.00003
     6.11059    -0.00003     0.00013    -0.00021     0.00004
     6.11277    -0.00005     0.00018    -0.00029     0.00006
     6.11494    -0.00006     0.00025    -0.00040     0.00008
     6.11712    -0.00009     0.00035    -0.00055     0.00011
     6.11930    -0.00012     0.00048    -0.00075     0.00015
     6.12147    -0.00017     0.00065    -0.00102     0.00021
     6.12365    -0.00023     0.00087    -0.00138     0.00028
     6.12583    -0.00030     0.00117    -0.00185     0.00038
     6.12800    -0.00040     0.00157    -0.00247     0.00050
     6.13018    -0.00053     0.00208    -0.00328     0.00067
     6.13236    -0.00070     0.00273    -0.00432     0.00088
     6.13453    -0.00092     0.00358    -0.00565     0.00115
     6.13671    -0.00120     0.00465    -0.00735     0.00150
     6.13889    -0.00155     0.00601    -0.00950     0.00194
     6.14107    -0.00199     0.00772    -0.01219     0.00248
     6.14324    -0.00254     0.00985    -0.01555     0.00317
     6.14542    -0.00321     0.01248    -0.01971     0.00402
     6.14760    -0.00405     0.01572    -0.02483     0.00506
     6.14977    -0.00507     0.01967    -0.03107     0.00633
     6.15195    -0.00630     0.02446    -0.03863     0.00787
     6.15413    -0.00778     0.03022    -0.04773     0.00973
     6.15630    -0.00955     0.03709    -0.05859     0.01194
     6.15848    -0.01165     0.04525    -0.07146     0.01456
     6.16066    -0.01412     0.05484    -0.08661     0.01765
     6.16283    -0.01701     0.06604    -0.10430     0.02126
     6.16501    -0.02035     0.07902    -0.12480     0.02543
     6.16719    -0.02419     0.09395    -0.14838     0.03024
     6.16937    -0.02858     0.11098    -0.17529     0.03572
     6.17154    -0.03355     0.13027    -0.20576     0.04193
     6.17372    -0.03913     0.15194    -0.23998     0.04891
     6.17590    -0.04534     0.17608    -0.27810     0.05668
     6.17807    -0.05221     0.20276    -0.32023     0.06526
     6.18025    -0.05974     0.23198    -0.36639     0.07467
     6.18243    -0.06791     0.26373    -0.41653     0.08489
     6.18460    -0.07672     0.29790    -0.47050     0.09589
     6.18678    -0.08610     0.33436    -0.52808     0.10762
     6.18896    -0.09602     0.37288    -0.58893     0.12002
     6.19113    -0.10641     0.41319    -0.65260     0.13300
     6.19331    -0.11716     0.45494    -0.71854     0.14644
     6.19549    -0.12817     0.49771    -0.78609     0.16020
     6.19767    -0.13933     0.54103    -0.85450     0.17415
     6.19984    -0.15049     0.58437    -0.92295     0.18810
     6.20202    -0.16150     0.62715    -0.99052     0.20187
     6.20420    -0.17222     0.66877    -1.05625     0.21526
     6.20637    -0.18248     0.70860    -1.11916     0.22808
     6.20855    -0.19211     0.74601    -1.17825     0.24013
     6.21073    -0.20097     0.78039    -1.23255     0.25119
     6.21290    -0.20889     0.81114    -1.28112     0.26109
     6.21508    -0.21573     0.83773    -1.32311     0.26965
     6.21726    -0.22138     0.85967    -1.35776     0.27671
     6.21943    -0.22573     0.87656    -1.38443     0.28215
     6.22161    -0.22870     0.88807    -1.40262     0.28585
     6.22379    -0.23022     0.89400    -1.41199     0.28776
     6.22597    -0.23028     0.89423    -1.41234     0.28783
     6.22814    -0.22887     0.88875    -1.40369     0.28607
     6.23032    -0.22602     0.87767    -1.38619     0.28250
     6.23250    -0.22177     0.86119    -1.36017     0.27720
     6.23467    -0.21622     0.83964    -1.32612     0.27026
     6.23685    -0.20947     0.81340    -1.28468     0.26182
     6.23903    -0.20163     0.78296    -1.23660     0.25202
     6.24120    -0.19284     0.74884    -1.18272     0.24104
     6.24338    -0.18326     0.71165    -1.12397     0.22906
     6.24556    -0.17305     0.67198    -1.06133     0.21630
     6.24773    -0.16236     0.63048    -0.99579     0.20294
     6.24991    -0.15136     0.58777    -0.92833     0.18919
     6.25209    -0.14021     0.54446    -0.85992     0.17525
     6.25426    -0.12905     0.50112    -0.79147     0.16130
     6.25644    -0.11802     0.45829    -0.72382     0.14751
     6.25862    -0.10724     0.41644    -0.65773     0.13404
     6.26080    -0.09683     0.37601    -0.59386     0.12103
     6.26297    -0.08687     0.33733    -0.53278     0.10858
     6.26515    -0.07744     0.30070    -0.47492     0.09679
     6.26733    -0.06859     0.26634    -0.42065     0.08573
     6.26950    -0.06036     0.23440    -0.37021     0.07545
     6.27168    -0.05278     0.20497    -0.32373     0.06598
     6.27386    -0.04586     0.17810    -0.28128     0.05733
     6.27603    -0.03960     0.15376    -0.24284     0.04949
     6.27821    -0.03397     0.13190    -0.20832     0.04246
     6.28039    -0.02895     0.11242    -0.17756     0.03619
     6.28256    -0.02452     0.09521    -0.15038     0.03065
     6.28474    -0.02063     0.08012    -0.12655     0.02579
     6.28692    -0.01725     0.06700    -0.10581     0.02156
     6.28910    -0.01433     0.05566    -0.08791     0.01792
     6.29127    -0.01183     0.04595    -0.07257     0.01479
     6.29345    -0.00971     0.03769    -0.05953     0.01213
     6.29563    -0.00791     0.03072    -0.04852     0.00989
     6.29780    -0.00641     0.02488    -0.03929     0.00801
     6.29998    -0.00515     0.02002    -0.03161     0.00644
     6.30216    -0.00412     0.01600    -0.02528     0.00515
     6.30433    -0.00327     0.01271    -0.02008     0.00409
     6.30651    -0.00258     0.01004    -0.01585     0.00323
     6.30869    -0.00203     0.00787    -0.01243     0.00253
     6.31086    -0.00158     0.00613    -0.00969     0.00197
     6.31304    -0.00122     0.00475    -0.00750     0.00153
     6.31522    -0.00094     0.00365    -0.00577     0.00118
     6.31740    -0.00072     0.00279    -0.00441     0.00090
     6.31957    -0.00055     0.00212    -0.00335     0.00068
     6.32175    -0.00041     0.00160    -0.00253     0.00052
     6.32393    -0.00031     0.00120    -0.00190     0.00039
     6.32610    -0.00023     0.00090    -0.00141     0.00029
     6.32828    -0.00017     0.00066    -0.00105     0.00021
     6.33046    -0.00013     0.00049    -0.00077     0.00016
     6.33263    -0.00009     0.00036    -0.00056     0.00011
     6.33481    -0.00007     0.00026    -0.00041     0.00008
     6.33699    -0.00005     0.00019    -0.00030     0.00006
     6.33916    -0.00003     0.00013    -0.00021     0.00004
     6.34134    -0.00002     0.00010    -0.00015     0.00003
     6.34352    -0.00002     0.00007    -0.00011     0.00002
     6.34570    -0.00001     0.00005    -0.00008     0.00002
     6.34787    -0.00001     0.00003    -0.00005     0.00001
     6.35005    -0.00001     0.00002    -0.00004     0.00001
     6.35223    -0.00000     0.00002    -0.00003     0.00001
     6.35440    -0.00000     0.00001    -0.00002     0.00000
     6.35658    -0.00000     0.00001    -0.00001     0.00000
     6.35876    -0.00000     0.00001    -0.00001     0.00000
     6.36093    -0.00000     0.00000    -0.00001     0.00000
     6.36311    -0.00000     0.00000    -0.00000     0.00000
     6.36529    -0.00000     0.00000    -0.00000     0.00000
     6.36746    -0.00000     0.00000    -0.00000     0.00000
     6.36964    -0.00000     0.00000    -0.00000     0.00000
     6.37182    -0.00000     0.00000    -0.00000     0.00000
     6.37400    -0.00000     0.00000    -0.00000     0.00000
     6.37617    -0.00000     0.00000    -0.00000     0.00000
     6.37835    -0.00000     0.00000    -0.00000     0.00000
     6.38053    -0.00000     0.00000    -0.00000     0.00000
     6.38270    -0.00000     0.00000    -0.00000     0.00000
     6.38488    -0.00000     0.00000    -0.00000     0.00000
     6.38706    -0.00000     0.00000    -0.00000     0.00000
     6.38923     0.00000     0.00000     0.00000     0.00000
     6.39141     0.00000     0.00000     0.00000     0.00000
     6.39359     0.00000     0.00000     0.00000     0.00000
     6.39576     0.00000     0.00000     0.00000     0.00000
     6.39794     0.00000     0.00000     0.00000     0.00000
     6.40012     0.00000     0.00000     0.00000     0.00000
     6.40229     0.00000     0.00000     0.00000     0.00000
     6.40447     0.00000     0.00000     0.00000     0.00000
     6.40665     0.00000     0.00000     0.00000     0.00000
     6.40883     0.00000     0.00000     0.00000     0.00000
     6.41100     0.00000     0.00000     0.00000     0.00000
     6.41318     0.00000     0.00000     0.00000     0.00000
     6.41536     0.00000     0.00000     0.00000     0.00000
     6.41753     0.00000     0.00000     0.00000     0.00000
     6.41971     0.00000     0.00000     0.00000     0.00000
     6.42189     0.00000     0.00000     0.00000     0.00000
     6.42406     0.00000     0.00000     0.00000     0.00000
     6.42624     0.00000     0.00000     0.00000     0.00000
     6.42842     0.00000     0.00000     0.00000     0.00000
     6.43059     0.00000     0.00000     0.00000     0.00000
     6.43277     0.00000     0.00000     0.00000     0.00000
     6.43495     0.00000     0.00000     0.00000     0.00000
     6.43713     0.00000     0.00000     0.00000     0.00000
     6.43930     0.00000     0.00000     0.00000     0.00000
     6.44148     0.00000     0.00000     0.00000     0.00000
     6.44366     0.00000     0.00000     0.00000     0.00000
     6.44583     0.00000     0.00000     0.00000     0.00000
     6.44801     0.00000     0.00000     0.00000     0.00000
     6.45019     0.00000     0.00000     0.00000     0.00000
     6.45236     0.00000     0.00000     0.00000     0.00000
     6.45454     0.00000     0.00000     0.00000     0.00000
     6.45672     0.00000     0.00000     0.00000     0.00000
     6.45889     0.00000     0.00000     0.00000     0.00000
     6.46107     0.00000     0.00000     0.00000     0.00000
     6.46325     0.00000     0.00000     0.00000     0.00000
     6.46543     0.00000     0.00000     0.00000     0.00000
     6.46760     0.00000     0.00000     0.00000     0.00000
     6.46978     0.00000     0.00000     0.00000     0.00000
     6.47196     0.00000     0.00000     0.00000     0.00000
     6.47413     0.00000     0.00000     0.00000     0.00000
     6.47631     0.00000     0.00000     0.00000     0.00000
     6.47849     0.00000     0.00000     0.00000     0.00000
     6.48066     0.00000     0.00000     0.00000     0.00000
     6.48284     0.00000     0.00000     0.00000     0.00000
     6.48502     0.00000     0.00000     0.00000     0.00000
     6.48719     0.00000     0.00000     0.00000     0.00000
     6.48937     0.00000     0.00000     0.00000     0.00000
     6.49155     0.00000     0.00000     0.00000     0.00000
     6.49373     0.00000     0.00000     0.00000     0.00000
     6.49590     0.00000     0.00000     0.00000     0.00000
     6.49808     0.00000     0.00000     0.00000     0.00000
     6.50026     0.00000     0.00000     0.00000     0.00000
     6.50243     0.00000     0.00000     0.00000     0.00000
     6.50461     0.00000     0.00000     0.00000     0.00000
     6.50679     0.00000     0.00000     0.00000     0.00000
     6.50896     0.00000     0.00000     0.00000     0.00000
     6.51114     0.00000     0.00000     0.00000     0.00000
     6.51332     0.00000     0.00000     0.00000     0.00000
     6.51549     0.00000     0.00000     0.00000     0.00000
     6.51767     0.00000     0.00000     0.00000     0.00000
     6.51985     0.00000     0.00000     0.00000     0.00000
     6.52203     0.00000     0.00000     0.00000     0.00000
     6.52420     0.00000     0.00000     0.00000     0.00000
     6.52638     0.00000     0.00000     0.00000     0.00000
     6.52856     0.00000     0.00000     0.00000     0.00000
     6.53073     0.00000     0.00000     0.00000     0.00000
     6.53291     0.00000     0.00000     0.00000     0.00000
     6.53509     0.00000     0.00000     0.00000     0.00000
     6.53726     0.00000     0.00000     0.00000     0.00000
     6.53944     0.00000     0.00000     0.00000     0.00000
     6.54162     0.00000     0.00000     0.00000     0.00000
     6.54379     0.00000     0.00000     0.00000     0.00000
     6.54597     0.00000     0.00000     0.00000     0.00000
     6.54815     0.00000     0.00000     0.00000     0.00000
     6.55032     0.00000     0.00000     0.00000     0.00000
     6.55250     0.00000     0.00000     0.00000     0.00000
     6.55468     0.00000     0.00000     0.00000     0.00000
     6.55686     0.00000     0.00000     0.00000     0.00000
     6.55903     0.00000     0.00000     0.00000     0.00000
     6.56121     0.00000     0.00000     0.00000     0.00000
     6.56339     0.00000     0.00000     0.00000     0.00000
     6.56556     0.00000     0.00000     0.00000     0.00000
     6.56774     0.00000     0.00000     0.00000     0.00000
     6.56992     0.00000     0.00000     0.00000     0.00000
     6.57209     0.00000     0.00000     0.00000     0.00000
     6.57427     0.00000     0.00000     0.00000     0.00000
     6.57645     0.00000     0.00000     0.00000     0.00000
     6.57862     0.00000     0.00000     0.00000     0.00000
     6.58080     0.00000     0.00000     0.00000     0.00000
     6.58298     0.00000     0.00000     0.00000     0.00000
     6.58516     0.00000     0.00000     0.00000     0.00000
     6.58733     0.00000     0.00000     0.00000     0.00000
     6.58951     0.00000     0.00000     0.00000     0.00000
     6.59169     0.00000     0.00000     0.00000     0.00000
     6.59386     0.00000     0.00000     0.00000     0.00000
     6.59604     0.00000     0.00000     0.00000     0.00000
     6.59822     0.00000     0.00000     0.00000     0.00000
     6.60039     0.00000     0.00000     0.00000     0.00000
     6.60257     0.00000     0.00000     0.00000     0.00000
     6.60475     0.00000     0.00000     0.00000     0.00000
     6.60692     0.00000     0.00000     0.00000     0.00000
     6.60910     0.00000     0.00000     0.00000     0.00000
     6.61128     0.00000     0.00000     0.00000     0.00000
     6.61346     0.00000     0.00000     0.00000     0.00000
     6.61563     0.00000     0.00000     0.00000     0.00000
     6.61781     0.00000     0.00000     0.00000     0.00000
     6.61999     0.00000     0.00000     0.00000     0.00000
     6.62216     0.00000     0.00000     0.00000     0.00000
     6.62434     0.00000     0.00000     0.00000     0.00000
     6.62652     0.00000     0.00000     0.00000     0.00000
     6.62869     0.00000     0.00000     0.00000     0.00000
     6.63087     0.00000     0.00000     0.00000     0.00000
     6.63305     0.00000     0.00000     0.00000     0.00000
     6.63522     0.00000     0.00000     0.00000     0.00000
     6.63740     0.00000     0.00000     0.00000     0.00000
     6.63958     0.00000     0.00000     0.00000     0.00000
     6.64176     0.00000     0.00000     0.00000     0.00000
     6.64393     0.00000     0.00000     0.00000     0.00000
     6.64611     0.00000     0.00000     0.00000     0.00000
     6.64829     0.00000     0.00000     0.00000     0.00000
     6.65046     0.00000     0.00000     0.00000     0.00000
     6.65264     0.00000     0.00000     0.00000     0.00000
     6.65482     0.00000     0.00000     0.00000     0.00000
     6.65699     0.00000     0.00000     0.00000     0.00000
     6.65917     0.00000     0.00000     0.00000     0.00000
     6.66135     0.00000     0.00000     0.00000     0.00000
     6.66352     0.00000     0.00000     0.00000     0.00000
     6.66570     0.00000     0.00000     0.00000     0.00000
     6.66788     0.00000     0.00000     0.00000     0.00000
     6.67005     0.00000     0.00000     0.00000     0.00000
     6.67223     0.00000     0.00000     0.00000     0.00000
     6.67441     0.00000     0.00000     0.00000     0.00000
     6.67659     0.00000     0.00000     0.00000     0.00000
     6.67876     0.00000     0.00000     0.00000     0.00000
     6.68094     0.00000     0.00000     0.00000     0.00000
     6.68312     0.00000     0.00000     0.00000     0.00000
     6.68529     0.00000     0.00000     0.00000     0.00000
     6.68747     0.00000     0.00000     0.00000     0.00000
     6.68965     0.00000     0.00000     0.00000     0.00000
     6.69182     0.00000     0.00000     0.00000     0.00000
     6.69400     0.00000     0.00000     0.00000     0.00000
     6.69618     0.00000     0.00000     0.00000     0.00000
     6.69835     0.00000     0.00000     0.00000     0.00000
     6.70053     0.00000     0.00000     0.00000     0.00000
     6.70271     0.00000     0.00000     0.00000     0.00000
     6.70489     0.00000     0.00000     0.00000     0.00000
     6.70706     0.00000     0.00000     0.00000     0.00000
     6.70924     0.00000     0.00000     0.00000     0.00000
     6.71142     0.00000     0.00000     0.00000     0.00000
     6.71359     0.00000     0.00000     0.00000     0.00000
     6.71577     0.00000     0.00000     0.00000     0.00000
     6.71795     0.00000     0.00000     0.00000     0.00000
     6.72012     0.00000     0.00000     0.00000     0.00000
     6.72230     0.00000     0.00000     0.00000     0.00000
     6.72448     0.00000     0.00000     0.00000     0.00000
     6.72665     0.00000     0.00000     0.00000     0.00000
     6.72883     0.00000     0.00000     0.00000     0.00000
     6.73101     0.00000     0.00000     0.00000     0.00000
     6.73319     0.00000     0.00000     0.00000     0.00000
     6.73536     0.00000     0.00000     0.00000     0.00000
     6.73754     0.00000     0.00000     0.00000     0.00000
     6.73972     0.00000     0.00000     0.00000     0.00000
     6.74189     0.00000     0.00000     0.00000     0.00000
     6.74407     0.00000     0.00000     0.00000     0.00000
     6.74625     0.00000     0.00000     0.00000     0.00000
     6.74842     0.00000     0.00000     0.00000     0.00000
     6.75060     0.00000     0.00000     0.00000     0.00000
     6.75278     0.00000     0.00000     0.00000     0.00000
     6.75495     0.00000     0.00000     0.00000     0.00000
     6.75713     0.00000     0.00000     0.00000     0.00000
     6.75931     0.00000     0.00000     0.00000     0.00000
     6.76149     0.00000     0.00000     0.00000     0.00000
     6.76366     0.00000     0.00000     0.00000     0.00000
     6.76584     0.00000     0.00000     0.00000     0.00000
     6.76802     0.00000     0.00000     0.00000     0.00000
     6.77019     0.00000     0.00000     0.00000     0.00000
     6.77237     0.00000     0.00000     0.00000     0.00000
     6.77455     0.00000     0.00000     0.00000     0.00000
     6.77672     0.00000     0.00000     0.00000     0.00000
     6.77890     0.00000     0.00000     0.00000     0.00000
     6.78108     0.00000     0.00000     0.00000     0.00000
     6.78325     0.00000     0.00000     0.00000     0.00000
     6.78543     0.00000     0.00000     0.00000     0.00000
     6.78761     0.00000     0.00000     0.00000     0.00000
     6.78979     0.00000     0.00000     0.00000     0.00000
     6.79196     0.00000     0.00000     0.00000     0.00000
     6.79414     0.00000     0.00000     0.00000     0.00000
     6.79632     0.00000     0.00000     0.00000     0.00000
     6.79849     0.00000     0.00000     0.00000     0.00000
     6.80067     0.00000     0.00000     0.00000     0.00000
     6.80285     0.00000     0.00000     0.00000     0.00000
     6.80502     0.00000     0.00000     0.00000     0.00000
     6.80720     0.00000     0.00000     0.00000     0.00000
     6.80938     0.00000     0.00000     0.00000     0.00000
     6.81155     0.00000     0.00000     0.00000     0.00000
     6.81373     0.00000     0.00000     0.00000     0.00000
     6.81591     0.00000     0.00000     0.00000     0.00000
     6.81808     0.00000     0.00000     0.00000     0.00000
     6.82026     0.00000     0.00000     0.00000     0.00000
     6.82244     0.00000     0.00000     0.00000     0.00000
     6.82462     0.00000     0.00000     0.00000     0.00000
     6.82679     0.00000     0.00000     0.00000     0.00000
     6.82897     0.00000     0.00000     0.00000     0.00000
     6.83115     0.00000     0.00000     0.00000     0.00000
     6.83332     0.00000     0.00000     0.00000     0.00000
     6.83550     0.00000     0.00000     0.00000     0.00000
     6.83768     0.00000     0.00000     0.00000     0.00000
     6.83985     0.00000     0.00000     0.00000     0.00000
     6.84203     0.00000     0.00000     0.00000     0.00000
     6.84421     0.00000     0.00000     0.00000     0.00000
     6.84638     0.00000     0.00000     0.00000     0.00000
     6.84856     0.00000     0.00000     0.00000     0.00000
     6.85074     0.00000     0.00000     0.00000     0.00000
     6.85292     0.00000     0.00000     0.00000     0.00000
     6.85509     0.00000     0.00000     0.00000     0.00000
     6.85727     0.00000     0.00000     0.00000     0.00000
     6.85945     0.00000     0.00000     0.00000     0.00000
     6.86162     0.00000     0.00000     0.00000     0.00000
     6.86380     0.00000     0.00000     0.00000     0.00000
     6.86598     0.00000     0.00000     0.00000     0.00000
     6.86815     0.00000     0.00000     0.00000     0.00000
     6.87033     0.00000     0.00000     0.00000     0.00000
     6.87251     0.00000     0.00000     0.00000     0.00000
     6.87468     0.00000     0.00000     0.00000     0.00000
     6.87686     0.00000     0.00000     0.00000     0.00000
     6.87904     0.00000     0.00000     0.00000     0.00000
     6.88122     0.00000     0.00000     0.00000     0.00000
     6.88339     0.00000     0.00000     0.00000     0.00000
     6.88557     0.00000     0.00000     0.00000     0.00000
     6.88775     0.00000     0.00000     0.00000     0.00000
     6.88992     0.00000     0.00000     0.00000     0.00000
     6.89210     0.00000     0.00000     0.00000     0.00000
     6.89428     0.00000     0.00000     0.00000     0.00000
     6.89645     0.00000     0.00000     0.00000     0.00000
     6.89863     0.00000     0.00000     0.00000     0.00000
     6.90081     0.00000     0.00000     0.00000     0.00000
     6.90298     0.00000     0.00000     0.00000     0.00000
     6.90516     0.00000     0.00000     0.00000     0.00000
     6.90734     0.00000     0.00000     0.00000     0.00000
     6.90952     0.00000     0.00000     0.00000     0.00000
     6.91169     0.00000     0.00000     0.00000     0.00000
     6.91387     0.00000     0.00000     0.00000     0.00000
     6.91605     0.00000     0.00000     0.00000     0.00000
     6.91822     0.00000     0.00000     0.00000     0.00000
     6.92040     0.00000     0.00000     0.00000     0.00000
     6.92258     0.00000     0.00000     0.00000     0.00000
     6.92475     0.00000     0.00000     0.00000     0.00000
     6.92693     0.00000     0.00000     0.00000     0.00000
     6.92911     0.00000     0.00000     0.00000     0.00000
     6.93128     0.00000     0.00000     0.00000     0.00000
     6.93346     0.00000     0.00000     0.00000     0.00000
     6.93564     0.00000     0.00000     0.00000     0.00000
     6.93781     0.00000     0.00000     0.00000     0.00000
     6.93999     0.00000     0.00000     0.00000     0.00000
     6.94217     0.00000     0.00000     0.00000     0.00000
     6.94435     0.00000     0.00000     0.00000     0.00000
     6.94652     0.00000     0.00000     0.00000     0.00000
     6.94870     0.00000     0.00000     0.00000     0.00000
     6.95088     0.00000     0.00000     0.00000     0.00000
     6.95305     0.00000     0.00000     0.00000     0.00000
     6.95523     0.00000     0.00000     0.00000     0.00000
     6.95741     0.00000     0.00000     0.00000     0.00000
     6.95958     0.00000     0.00000     0.00000     0.00000
     6.96176     0.00000     0.00000     0.00000     0.00000
     6.96394     0.00000     0.00000     0.00000     0.00000
     6.96611     0.00000     0.00000     0.00000     0.00000
     6.96829     0.00000     0.00000     0.00000     0.00000
     6.97047     0.00000     0.00000     0.00000     0.00000
     6.97265     0.00000     0.00000     0.00000     0.00000
     6.97482     0.00000     0.00000     0.00000     0.00000
     6.97700     0.00000     0.00000     0.00000     0.00000
     6.97918     0.00000     0.00000     0.00000     0.00000
     6.98135     0.00000     0.00000     0.00000     0.00000
     6.98353     0.00000     0.00000     0.00000     0.00000
     6.98571     0.00000     0.00000     0.00000     0.00000
     6.98788     0.00000     0.00000     0.00000     0.00000
     6.99006     0.00000     0.00000     0.00000     0.00000
     6.99224     0.00000     0.00000     0.00000     0.00000
     6.99441     0.00000     0.00000     0.00000     0.00000
     6.99659     0.00000     0.00000     0.00000     0.00000
     6.99877     0.00000     0.00000     0.00000     0.00000
     7.00095     0.00000     0.00000     0.00000     0.00000
     7.00312     0.00000     0.00000     0.00000     0.00000
     7.00530     0.00000     0.00000     0.00000     0.00000
     7.00748     0.00000     0.00000     0.00000     0.00000
     7.00965     0.00000     0.00000     0.00000     0.00000
     7.01183     0.00000     0.00000     0.00000     0.00000
     7.01401     0.00000     0.00000     0.00000     0.00000
     7.01618     0.00000     0.00000     0.00000     0.00000
     7.01836     0.00000     0.00000     0.00000     0.00000
     7.02054     0.00000     0.00000     0.00000     0.00000
     7.02271     0.00000     0.00000     0.00000     0.00000
     7.02489     0.00000     0.00000     0.00000     0.00000
     7.02707     0.00000     0.00000     0.00000     0.00000
     7.02925     0.00000     0.00000     0.00000     0.00000
     7.03142     0.00000     0.00000     0.00000     0.00000
     7.03360     0.00000     0.00000     0.00000     0.00000
     7.03578     0.00000     0.00000     0.00000     0.00000
     7.03795     0.00000     0.00000     0.00000     0.00000
     7.04013     0.00000     0.00000     0.00000     0.00000
     7.04231     0.00000     0.00000     0.00000     0.00000
     7.04448     0.00000     0.00000     0.00000     0.00000
     7.04666     0.00000     0.00000     0.00000     0.00000
     7.04884     0.00000     0.00000     0.00000     0.00000
     7.05101     0.00000     0.00000     0.00000     0.00000
     7.05319     0.00000     0.00000     0.00000     0.00000
     7.05537     0.00000     0.00000     0.00000     0.00000
     7.05755     0.00000     0.00000     0.00000     0.00000
     7.05972     0.00000     0.00000     0.00000     0.00000
     7.06190     0.00000     0.00000     0.00000     0.00000
     7.06408     0.00000     0.00000     0.00000     0.00000
     7.06625     0.00000     0.00000     0.00000     0.00000
     7.06843     0.00000     0.00000     0.00000     0.00000
     7.07061     0.00000     0.00000     0.00000     0.00000
     7.07278     0.00000     0.00000     0.00000     0.00000
     7.07496     0.00000     0.00000     0.00000     0.00000
     7.07714     0.00000     0.00000     0.00000     0.00000
     7.07931     0.00000     0.00000     0.00000     0.00000
     7.08149     0.00000     0.00000     0.00000     0.00000
     7.08367     0.00000     0.00000     0.00000     0.00000
     7.08584     0.00000     0.00000     0.00000     0.00000
     7.08802     0.00000     0.00000     0.00000     0.00000
     7.09020     0.00000     0.00000     0.00000     0.00000
     7.09238     0.00000     0.00000     0.00000     0.00000
     7.09455     0.00000     0.00000     0.00000     0.00000
     7.09673     0.00000     0.00000     0.00000     0.00000
     7.09891     0.00000     0.00000     0.00000     0.00000
     7.10108     0.00000     0.00000     0.00000     0.00000
     7.10326     0.00000     0.00000     0.00000     0.00000
     7.10544     0.00000     0.00000     0.00000     0.00000
     7.10761     0.00000     0.00000     0.00000     0.00000
     7.10979     0.00000     0.00000     0.00000     0.00000
     7.11197     0.00000     0.00000     0.00000     0.00000
     7.11414     0.00000     0.00000     0.00000     0.00000
     7.11632     0.00000     0.00000     0.00000     0.00000
     7.11850     0.00000     0.00000     0.00000     0.00000
     7.12068     0.00000     0.00000     0.00000     0.00000
     7.12285     0.00000     0.00000     0.00000     0.00000
     7.12503     0.00000     0.00000     0.00000     0.00000
     7.12721     0.00000     0.00000     0.00000     0.00000
     7.12938     0.00000     0.00000     0.00000     0.00000
     7.13156     0.00000     0.00000     0.00000     0.00000
     7.13374     0.00000     0.00000     0.00000     0.00000
     7.13591     0.00000     0.00000     0.00000     0.00000
     7.13809     0.00000     0.00000     0.00000     0.00000
     7.14027     0.00000     0.00000     0.00000     0.00000
     7.14244     0.00000     0.00000     0.00000     0.00000
     7.14462     0.00000     0.00000     0.00000     0.00000
     7.14680     0.00000     0.00000     0.00000     0.00000
     7.14898     0.00000     0.00000     0.00000     0.00000
     7.15115     0.00000     0.00000     0.00000     0.00000
     7.15333     0.00000     0.00000     0.00000     0.00000
     7.15551     0.00000     0.00000     0.00000     0.00000
     7.15768     0.00000     0.00000     0.00000     0.00000
     7.15986     0.00000     0.00000     0.00000     0.00000
     7.16204     0.00000     0.00000     0.00000     0.00000
     7.16421     0.00000     0.00000     0.00000     0.00000
     7.16639     0.00000     0.00000     0.00000     0.00000
     7.16857     0.00000     0.00000     0.00000     0.00000
     7.17074     0.00000     0.00000     0.00000     0.00000
     7.17292     0.00000     0.00000     0.00000     0.00000
     7.17510     0.00000     0.00000     0.00000     0.00000
     7.17728     0.00000     0.00000     0.00000     0.00000
     7.17945     0.00000     0.00000     0.00000     0.00000
     7.18163     0.00000     0.00000     0.00000     0.00000
     7.18381     0.00000     0.00000     0.00000     0.00000
     7.18598     0.00000     0.00000     0.00000     0.00000
     7.18816     0.00000     0.00000     0.00000     0.00000
     7.19034     0.00000     0.00000     0.00000     0.00000
     7.19251     0.00000     0.00000     0.00000     0.00000
     7.19469     0.00000     0.00000     0.00000     0.00000
     7.19687     0.00000     0.00000     0.00000     0.00000
     7.19904     0.00000     0.00000     0.00000     0.00000
     7.20122     0.00000     0.00000     0.00000     0.00000
     7.20340     0.00000     0.00000     0.00000     0.00000
     7.20558     0.00000     0.00000     0.00000     0.00000
     7.20775     0.00000     0.00000     0.00000     0.00000
     7.20993     0.00000     0.00000     0.00000     0.00000
     7.21211     0.00000     0.00000     0.00000     0.00000
     7.21428     0.00000     0.00000     0.00000     0.00000
     7.21646     0.00000     0.00000     0.00000     0.00000
     7.21864     0.00000     0.00000     0.00000     0.00000
     7.22081     0.00000     0.00000     0.00000     0.00000
     7.22299     0.00000     0.00000     0.00000     0.00000
     7.22517     0.00000     0.00000     0.00000     0.00000
     7.22734     0.00000     0.00000     0.00000     0.00000
     7.22952     0.00000     0.00000     0.00000     0.00000
     7.23170     0.00000     0.00000     0.00000     0.00000
     7.23387     0.00000     0.00000     0.00000     0.00000
     7.23605     0.00000     0.00000     0.00000     0.00000
     7.23823     0.00000     0.00000     0.00000     0.00000
     7.24041     0.00000     0.00000     0.00000     0.00000
     7.24258     0.00000     0.00000     0.00000     0.00000
     7.24476     0.00000     0.00000     0.00000     0.00000
     7.24694     0.00000     0.00000     0.00000     0.00000
     7.24911     0.00000     0.00000     0.00000     0.00000
     7.25129     0.00000     0.00000     0.00000     0.00000
     7.25347     0.00000     0.00000     0.00000     0.00000
     7.25564     0.00000     0.00000     0.00000     0.00000
     7.25782     0.00000     0.00000     0.00000     0.00000
     7.26000     0.00000     0.00000     0.00000     0.00000
     7.26217     0.00000     0.00000     0.00000     0.00000
     7.26435     0.00000     0.00000     0.00000     0.00000
     7.26653     0.00000     0.00000     0.00000     0.00000
     7.26871     0.00000     0.00000     0.00000     0.00000
     7.27088     0.00000     0.00000     0.00000     0.00000
     7.27306     0.00000     0.00000     0.00000     0.00000
     7.27524     0.00000     0.00000     0.00000     0.00000
     7.27741     0.00000     0.00000     0.00000     0.00000
     7.27959     0.00000     0.00000     0.00000     0.00000
     7.28177     0.00000     0.00000     0.00000     0.00000
     7.28394     0.00000     0.00000     0.00000     0.00000
     7.28612     0.00000     0.00000     0.00000     0.00000
     7.28830     0.00000     0.00000     0.00000     0.00000
     7.29047     0.00000     0.00000     0.00000     0.00000
     7.29265     0.00000     0.00000     0.00000     0.00000
     7.29483     0.00000     0.00000     0.00000     0.00000
     7.29701     0.00000     0.00000     0.00000     0.00000
     7.29918     0.00000     0.00000     0.00000     0.00000
     7.30136     0.00000     0.00000     0.00000     0.00000
     7.30354     0.00000     0.00000     0.00000     0.00000
     7.30571     0.00000     0.00000     0.00000     0.00000
     7.30789     0.00000     0.00000     0.00000     0.00000
     7.31007     0.00000     0.00000     0.00000     0.00000
     7.31224     0.00000     0.00000     0.00000     0.00000
     7.31442     0.00000     0.00000     0.00000     0.00000
     7.31660     0.00000     0.00000     0.00000     0.00000
     7.31877     0.00000     0.00000     0.00000     0.00000
     7.32095     0.00000     0.00000     0.00000     0.00000
     7.32313     0.00000     0.00000     0.00000     0.00000
     7.32531     0.00000     0.00000     0.00000     0.00000
     7.32748     0.00000     0.00000     0.00000     0.00000
     7.32966     0.00000     0.00000     0.00000     0.00000
     7.33184     0.00000     0.00000     0.00000     0.00000
     7.33401     0.00000     0.00000     0.00000     0.00000
     7.33619     0.00000     0.00000     0.00000     0.00000
     7.33837     0.00000     0.00000     0.00000     0.00000
     7.34054     0.00000     0.00000     0.00000     0.00000
     7.34272     0.00000     0.00000     0.00000     0.00000
     7.34490     0.00000     0.00000     0.00000     0.00000
     7.34707     0.00000     0.00000     0.00000     0.00000
     7.34925     0.00000     0.00000     0.00000     0.00000
     7.35143     0.00000     0.00000     0.00000     0.00000
     7.35360     0.00000     0.00000     0.00000     0.00000
     7.35578     0.00000     0.00000     0.00000     0.00000
     7.35796     0.00000     0.00000     0.00000     0.00000
     7.36014     0.00000     0.00000     0.00000     0.00000
     7.36231     0.00000     0.00000     0.00000     0.00000
     7.36449     0.00000     0.00000     0.00000     0.00000
     7.36667     0.00000     0.00000     0.00000     0.00000
     7.36884     0.00000     0.00000     0.00000     0.00000
     7.37102     0.00000     0.00000     0.00000     0.00000
     7.37320     0.00000     0.00000     0.00000     0.00000
     7.37537     0.00000     0.00000     0.00000     0.00000
     7.37755     0.00000     0.00000     0.00000     0.00000
     7.37973     0.00000     0.00000     0.00000     0.00000
     7.38190     0.00000     0.00000     0.00000     0.00000
     7.38408     0.00000     0.00000     0.00000     0.00000
     7.38626     0.00000     0.00000     0.00000     0.00000
     7.38844     0.00000     0.00000     0.00000     0.00000
     7.39061     0.00000     0.00000     0.00000     0.00000
     7.39279     0.00000     0.00000     0.00000     0.00000
     7.39497     0.00000     0.00000     0.00000     0.00000
     7.39714     0.00000     0.00000     0.00000     0.00000
     7.39932     0.00000     0.00000     0.00000     0.00000
     7.40150     0.00000     0.00000     0.00000     0.00000
     7.40367     0.00000     0.00000     0.00000     0.00000
     7.40585     0.00000     0.00000     0.00000     0.00000
     7.40803     0.00000     0.00000     0.00000     0.00000
     7.41020     0.00000     0.00000     0.00000     0.00000
     7.41238     0.00000     0.00000     0.00000     0.00000
     7.41456     0.00000     0.00000     0.00000     0.00000
     7.41674     0.00000     0.00000     0.00000     0.00000
     7.41891     0.00000     0.00000     0.00000     0.00000
     7.42109     0.00000     0.00000     0.00000     0.00000
     7.42327     0.00000     0.00000     0.00000     0.00000
     7.42544     0.00000     0.00000     0.00000     0.00000
     7.42762     0.00000     0.00000     0.00000     0.00000
     7.42980     0.00000     0.00000     0.00000     0.00000
     7.43197     0.00000     0.00000     0.00000     0.00000
     7.43415     0.00000     0.00000     0.00000     0.00000
     7.43633     0.00000     0.00000     0.00000     0.00000
     7.43850     0.00000     0.00000     0.00000     0.00000
     7.44068     0.00000     0.00000     0.00000     0.00000
     7.44286     0.00000     0.00000     0.00000     0.00000
     7.44504     0.00000     0.00000     0.00000     0.00000
     7.44721     0.00000     0.00000     0.00000     0.00000
     7.44939     0.00000     0.00000     0.00000     0.00000
     7.45157     0.00000     0.00000     0.00000     0.00000
     7.45374     0.00000     0.00000     0.00000     0.00000
     7.45592     0.00000     0.00000     0.00000     0.00000
     7.45810     0.00000     0.00000     0.00000     0.00000
     7.46027     0.00000     0.00000     0.00000     0.00000
     7.46245     0.00000     0.00000     0.00000     0.00000
     7.46463     0.00000     0.00000     0.00000     0.00000
     7.46680     0.00000     0.00000     0.00000     0.00000
     7.46898     0.00000     0.00000     0.00000     0.00000
     7.47116     0.00000     0.00000     0.00000     0.00000
     7.47334     0.00000     0.00000     0.00000     0.00000
     7.47551     0.00000     0.00000     0.00000     0.00000
     7.47769     0.00000     0.00000     0.00000     0.00000
     7.47987     0.00000     0.00000     0.00000     0.00000
     7.48204     0.00000     0.00000     0.00000     0.00000
     7.48422     0.00000     0.00000     0.00000     0.00000
     7.48640     0.00000     0.00000     0.00000     0.00000
     7.48857     0.00000     0.00000     0.00000     0.00000
     7.49075     0.00000     0.00000     0.00000     0.00000
     7.49293     0.00000     0.00000     0.00000     0.00000
     7.49510     0.00000     0.00000     0.00000     0.00000
     7.49728     0.00000     0.00000     0.00000     0.00000
     7.49946     0.00000     0.00000     0.00000     0.00000
     7.50163     0.00000     0.00000     0.00000     0.00000
     7.50381     0.00000     0.00000     0.00000     0.00000
     7.50599     0.00000     0.00000     0.00000     0.00000
     7.50817     0.00000     0.00000     0.00000     0.00000
     7.51034     0.00000     0.00000     0.00000     0.00000
     7.51252     0.00000     0.00000     0.00000     0.00000
     7.51470     0.00000     0.00000     0.00000     0.00000
     7.51687     0.00000     0.00000     0.00000     0.00000
     7.51905     0.00000     0.00000     0.00000     0.00000
     7.52123     0.00000     0.00000     0.00000     0.00000
     7.52340     0.00000     0.00000     0.00000     0.00000
     7.52558     0.00000     0.00000     0.00000     0.00000
     7.52776     0.00000     0.00000     0.00000     0.00000
     7.52993     0.00000     0.00000     0.00000     0.00000
     7.53211     0.00000     0.00000     0.00000     0.00000
     7.53429     0.00000     0.00000     0.00000     0.00000
     7.53647     0.00000     0.00000     0.00000     0.00000
     7.53864     0.00000     0.00000     0.00000     0.00000
     7.54082     0.00000     0.00000     0.00000     0.00000
     7.54300     0.00000     0.00000     0.00000     0.00000
     7.54517     0.00000     0.00000     0.00000     0.00000
     7.54735     0.00000     0.00000     0.00000     0.00000
     7.54953     0.00000     0.00000     0.00000     0.00000
     7.55170     0.00000     0.00000     0.00000     0.00000
     7.55388     0.00000     0.00000     0.00000     0.00000
     7.55606     0.00000     0.00000     0.00000     0.00000
     7.55823     0.00000     0.00000     0.00000     0.00000
     7.56041     0.00000     0.00000     0.00000     0.00000
     7.56259     0.00000     0.00000     0.00000     0.00000
     7.56477     0.00000     0.00000     0.00000     0.00000
     7.56694     0.00000     0.00000     0.00000     0.00000
     7.56912     0.00000     0.00000     0.00000     0.00000
     7.57130     0.00000     0.00000     0.00000     0.00000
     7.57347     0.00000     0.00000     0.00000     0.00000
     7.57565     0.00000     0.00000     0.00000     0.00000
     7.57783     0.00000     0.00000     0.00000     0.00000
     7.58000     0.00000     0.00000     0.00000     0.00000
     7.58218     0.00000     0.00000     0.00000     0.00000
     7.58436     0.00000     0.00000     0.00000     0.00000
     7.58653     0.00000     0.00000     0.00000     0.00000
     7.58871     0.00000     0.00000     0.00000     0.00000
     7.59089     0.00000     0.00000     0.00000     0.00000
     7.59307     0.00000     0.00000     0.00000     0.00000
     7.59524     0.00000     0.00000     0.00000     0.00000
     7.59742     0.00000     0.00000     0.00000     0.00000
     7.59960     0.00000     0.00000     0.00000     0.00000
     7.60177     0.00000     0.00000     0.00000     0.00000
     7.60395     0.00000     0.00000     0.00000     0.00000
     7.60613     0.00000     0.00000     0.00000     0.00000
     7.60830     0.00000     0.00000     0.00000     0.00000
     7.61048     0.00000     0.00000     0.00000     0.00000
     7.61266     0.00000     0.00000     0.00000     0.00000
     7.61483     0.00000     0.00000     0.00000     0.00000
     7.61701     0.00000     0.00000     0.00000     0.00000
     7.61919     0.00000     0.00000     0.00000     0.00000
     7.62136     0.00000     0.00000     0.00000     0.00000
     7.62354     0.00000     0.00000     0.00000     0.00000
     7.62572     0.00000     0.00000     0.00000     0.00000
     7.62790     0.00000     0.00000     0.00000     0.00000
     7.63007     0.00000     0.00000     0.00000     0.00000
     7.63225     0.00000     0.00000     0.00000     0.00000
     7.63443     0.00000     0.00000     0.00000     0.00000
     7.63660     0.00000     0.00000     0.00000     0.00000
     7.63878     0.00000     0.00000     0.00000     0.00000
     7.64096     0.00000     0.00000     0.00000     0.00000
     7.64313     0.00000     0.00000     0.00000     0.00000
     7.64531     0.00000     0.00000     0.00000     0.00000
     7.64749     0.00000     0.00000     0.00000     0.00000
     7.64966     0.00000     0.00000     0.00000     0.00000
     7.65184     0.00000     0.00000     0.00000     0.00000
     7.65402     0.00000     0.00000     0.00000     0.00000
     7.65620     0.00000     0.00000     0.00000     0.00000
     7.65837     0.00000     0.00000     0.00000     0.00000
     7.66055     0.00000     0.00000     0.00000     0.00000
     7.66273     0.00000     0.00000     0.00000     0.00000
     7.66490     0.00000     0.00000     0.00000     0.00000
     7.66708     0.00000     0.00000     0.00000     0.00000
     7.66926     0.00000     0.00000     0.00000     0.00000
     7.67143     0.00000     0.00000     0.00000     0.00000
     7.67361     0.00000     0.00000     0.00000     0.00000
     7.67579     0.00000     0.00000     0.00000     0.00000
     7.67796     0.00000     0.00000     0.00000     0.00000
     7.68014     0.00000     0.00000     0.00000     0.00000
     7.68232     0.00000     0.00000     0.00000     0.00000
     7.68450     0.00000     0.00000     0.00000     0.00000
     7.68667     0.00000     0.00000     0.00000     0.00000
     7.68885     0.00000     0.00000     0.00000     0.00000
     7.69103     0.00000     0.00000     0.00000     0.00000
     7.69320     0.00000     0.00000     0.00000     0.00000
     7.69538     0.00000     0.00000     0.00000     0.00000
     7.69756     0.00000     0.00000     0.00000     0.00000
     7.69973     0.00000     0.00000     0.00000     0.00000
     7.70191     0.00000     0.00000     0.00000     0.00000
     7.70409     0.00000     0.00000     0.00000     0.00000
     7.70626     0.00000     0.00000     0.00000     0.00000
     7.70844     0.00000     0.00000     0.00000     0.00000
     7.71062     0.00000     0.00000     0.00000     0.00000
     7.71280     0.00000     0.00000     0.00000     0.00000
     7.71497     0.00000     0.00000     0.00000     0.00000
     7.71715     0.00000     0.00000     0.00000     0.00000
     7.71933     0.00000     0.00000     0.00000     0.00000
     7.72150     0.00000     0.00000     0.00000     0.00000
     7.72368     0.00000     0.00000     0.00000     0.00000
     7.72586     0.00000     0.00000     0.00000     0.00000
     7.72803     0.00000     0.00000     0.00000     0.00000
     7.73021     0.00000     0.00000     0.00000     0.00000
     7.73239     0.00000     0.00000     0.00000     0.00000
     7.73456     0.00000     0.00000     0.00000     0.00000
     7.73674     0.00000     0.00000     0.00000     0.00000
     7.73892     0.00000     0.00000     0.00000     0.00000
     7.74110     0.00000     0.00000     0.00000     0.00000
     7.74327     0.00000     0.00000     0.00000     0.00000
     7.74545     0.00000     0.00000     0.00000     0.00000
     7.74763     0.00000     0.00000     0.00000     0.00000
     7.74980     0.00000     0.00000     0.00000     0.00000
     7.75198     0.00000     0.00000     0.00000     0.00000
     7.75416     0.00000     0.00000     0.00000     0.00000
     7.75633     0.00000     0.00000     0.00000     0.00000
     7.75851     0.00000     0.00000     0.00000     0.00000
     7.76069     0.00000     0.00000     0.00000     0.00000
     7.76286     0.00000     0.00000     0.00000     0.00000
     7.76504     0.00000     0.00000     0.00000     0.00000
     7.76722     0.00000     0.00000     0.00000     0.00000
     7.76939     0.00000     0.00000     0.00000     0.00000
     7.77157     0.00000     0.00000     0.00000     0.00000
     7.77375     0.00000     0.00000     0.00000     0.00000
     7.77593     0.00000     0.00000     0.00000     0.00000
     7.77810     0.00000     0.00000     0.00000     0.00000
     7.78028     0.00000     0.00000     0.00000     0.00000
     7.78246     0.00000     0.00000     0.00000     0.00000
     7.78463     0.00000     0.00000     0.00000     0.00000
     7.78681     0.00000     0.00000     0.00000     0.00000
     7.78899     0.00000     0.00000     0.00000     0.00000
     7.79116     0.00000     0.00000     0.00000     0.00000
     7.79334     0.00000     0.00000     0.00000     0.00000
     7.79552     0.00000     0.00000     0.00000     0.00000
     7.79769     0.00000     0.00000     0.00000     0.00000
     7.79987     0.00000     0.00000     0.00000     0.00000
     7.80205     0.00000     0.00000     0.00000     0.00000
     7.80423     0.00000     0.00000     0.00000     0.00000
     7.80640     0.00000     0.00000     0.00000     0.00000
     7.80858     0.00000     0.00000     0.00000     0.00000
     7.81076     0.00000     0.00000     0.00000     0.00000
     7.81293     0.00000     0.00000     0.00000     0.00000
     7.81511     0.00000     0.00000     0.00000     0.00000
     7.81729     0.00000     0.00000     0.00000     0.00000
     7.81946     0.00000     0.00000     0.00000     0.00000
     7.82164     0.00000     0.00000     0.00000     0.00000
     7.82382     0.00000     0.00000     0.00000     0.00000
     7.82599     0.00000     0.00000     0.00000     0.00000
     7.82817     0.00000     0.00000     0.00000     0.00000
     7.83035     0.00000     0.00000     0.00000     0.00000
     7.83253     0.00000     0.00000     0.00000     0.00000
     7.83470     0.00000     0.00000     0.00000     0.00000
     7.83688     0.00000     0.00000     0.00000     0.00000
     7.83906     0.00000     0.00000     0.00000     0.00000
     7.84123     0.00000     0.00000     0.00000     0.00000
     7.84341     0.00000     0.00000     0.00000     0.00000
     7.84559     0.00000     0.00000     0.00000     0.00000
     7.84776     0.00000     0.00000     0.00000     0.00000
     7.84994     0.00000     0.00000     0.00000     0.00000
     7.85212     0.00000     0.00000     0.00000     0.00000
     7.85429     0.00000     0.00000     0.00000     0.00000
     7.85647     0.00000     0.00000     0.00000     0.00000
     7.85865     0.00000     0.00000     0.00000     0.00000
     7.86083     0.00000     0.00000     0.00000     0.00000
     7.86300     0.00000     0.00000     0.00000     0.00000
     7.86518     0.00000     0.00000     0.00000     0.00000
     7.86736     0.00000     0.00000     0.00000     0.00000
     7.86953     0.00000     0.00000     0.00000     0.00000
     7.87171     0.00000     0.00000     0.00000     0.00000
     7.87389     0.00000     0.00000     0.00000     0.00000
     7.87606     0.00000     0.00000     0.00000     0.00000
     7.87824     0.00000     0.00000     0.00000     0.00000
     7.88042     0.00000     0.00000     0.00000     0.00000
     7.88259     0.00000     0.00000     0.00000     0.00000
     7.88477     0.00000     0.00000     0.00000     0.00000
     7.88695     0.00000     0.00000     0.00000     0.00000
     7.88913     0.00000     0.00000     0.00000     0.00000
     7.89130     0.00000     0.00000     0.00000     0.00000
     7.89348     0.00000     0.00000     0.00000     0.00000
     7.89566     0.00000     0.00000     0.00000     0.00000
     7.89783     0.00000     0.00000     0.00000     0.00000
     7.90001     0.00000     0.00000     0.00000     0.00000
     7.90219     0.00000     0.00000     0.00000     0.00000
     7.90436     0.00000     0.00000     0.00000     0.00000
     7.90654     0.00000     0.00000     0.00000     0.00000
     7.90872     0.00000     0.00000     0.00000     0.00000
     7.91089     0.00000     0.00000     0.00000     0.00000
     7.91307     0.00000     0.00000     0.00000     0.00000
     7.91525     0.00000     0.00000     0.00000     0.00000
     7.91742     0.00000     0.00000     0.00000     0.00000
     7.91960     0.00000     0.00000     0.00000     0.00000
     7.92178     0.00000     0.00000     0.00000     0.00000
     7.92396     0.00000     0.00000     0.00000     0.00000
     7.92613     0.00000     0.00000     0.00000     0.00000
     7.92831     0.00000     0.00000     0.00000     0.00000
     7.93049     0.00000     0.00000     0.00000     0.00000
     7.93266     0.00000     0.00000     0.00000     0.00000
     7.93484     0.00000     0.00000     0.00000     0.00000
     7.93702     0.00000     0.00000     0.00000     0.00000
     7.93919     0.00000     0.00000     0.00000     0.00000
     7.94137     0.00000     0.00000     0.00000     0.00000
     7.94355     0.00000     0.00000     0.00000     0.00000
     7.94572     0.00000     0.00000     0.00000     0.00000
     7.94790     0.00000     0.00000     0.00000     0.00000
     7.95008     0.00000     0.00000     0.00000     0.00000
     7.95226     0.00000     0.00000     0.00000     0.00000
     7.95443     0.00000     0.00000     0.00000     0.00000
     7.95661     0.00000     0.00000     0.00000     0.00000
     7.95879     0.00000     0.00000     0.00000     0.00000
     7.96096     0.00000     0.00000     0.00000     0.00000
     7.96314     0.00000     0.00000     0.00000     0.00000
     7.96532     0.00000     0.00000     0.00000     0.00000
     7.96749     0.00000     0.00000     0.00000     0.00000
     7.96967     0.00000     0.00000     0.00000     0.00000
     7.97185     0.00000     0.00000     0.00000     0.00000
     7.97402     0.00000     0.00000     0.00000     0.00000
     7.97620     0.00000     0.00000     0.00000     0.00000
     7.97838     0.00000     0.00000     0.00000     0.00000
     7.98056     0.00000     0.00000     0.00000     0.00000
     7.98273     0.00000     0.00000     0.00000     0.00000
     7.98491     0.00000     0.00000     0.00000     0.00000
     7.98709     0.00000     0.00000     0.00000     0.00000
     7.98926     0.00000     0.00000     0.00000     0.00000
     7.99144     0.00000     0.00000     0.00000     0.00000
     7.99362     0.00000     0.00000     0.00000     0.00000
     7.99579     0.00000     0.00000     0.00000     0.00000
     7.99797     0.00000     0.00000     0.00000     0.00000
     8.00015     0.00000     0.00000     0.00000     0.00000
     8.00232     0.00000     0.00000     0.00000     0.00000
     8.00450     0.00000     0.00000     0.00000     0.00000
     8.00668     0.00000     0.00000     0.00000     0.00000
     8.00886     0.00000     0.00000     0.00000     0.00000
     8.01103     0.00000     0.00000     0.00000     0.00000
     8.01321     0.00000     0.00000     0.00000     0.00000
     8.01539     0.00000     0.00000     0.00000     0.00000
     8.01756     0.00000     0.00000     0.00000     0.00000
     8.01974     0.00000     0.00000     0.00000     0.00000
     8.02192     0.00000     0.00000     0.00000     0.00000
     8.02409     0.00000     0.00000     0.00000     0.00000
     8.02627     0.00000     0.00000     0.00000     0.00000
     8.02845     0.00000     0.00000     0.00000     0.00000
     8.03062     0.00000     0.00000     0.00000     0.00000
     8.03280     0.00000     0.00000     0.00000     0.00000
     8.03498     0.00000     0.00000     0.00000     0.00000
     8.03715     0.00000     0.00000     0.00000     0.00000
     8.03933     0.00000     0.00000     0.00000     0.00000
     8.04151     0.00000     0.00000     0.00000     0.00000
     8.04369     0.00000     0.00000     0.00000     0.00000
     8.04586     0.00000     0.00000     0.00000     0.00000
     8.04804     0.00000     0.00000     0.00000     0.00000
     8.05022     0.00000     0.00000     0.00000     0.00000
     8.05239     0.00000     0.00000     0.00000     0.00000
     8.05457     0.00000     0.00000     0.00000     0.00000
     8.05675     0.00000     0.00000     0.00000     0.00000
     8.05892     0.00000     0.00000     0.00000     0.00000
     8.06110     0.00000     0.00000     0.00000     0.00000
     8.06328     0.00000     0.00000     0.00000     0.00000
     8.06545     0.00000     0.00000     0.00000     0.00000
     8.06763     0.00000     0.00000     0.00000     0.00000
     8.06981     0.00000     0.00000     0.00000     0.00000
     8.07199     0.00000     0.00000     0.00000     0.00000
     8.07416     0.00000     0.00000     0.00000     0.00000
     8.07634     0.00000     0.00000     0.00000     0.00000
     8.07852     0.00000     0.00000     0.00000     0.00000
     8.08069     0.00000     0.00000     0.00000     0.00000
     8.08287     0.00000     0.00000     0.00000     0.00000
     8.08505     0.00000     0.00000     0.00000     0.00000
     8.08722     0.00000     0.00000     0.00000     0.00000
     8.08940     0.00000     0.00000     0.00000     0.00000
     8.09158     0.00000     0.00000     0.00000     0.00000
     8.09375     0.00000     0.00000     0.00000     0.00000
     8.09593     0.00000     0.00000     0.00000     0.00000
     8.09811     0.00000     0.00000     0.00000     0.00000
     8.10029     0.00000     0.00000     0.00000     0.00000
     8.10246     0.00000     0.00000     0.00000     0.00000
     8.10464     0.00000     0.00000     0.00000     0.00000
     8.10682     0.00000     0.00000     0.00000     0.00000
     8.10899     0.00000     0.00000     0.00000     0.00000
     8.11117     0.00000     0.00000     0.00000     0.00000
     8.11335     0.00000     0.00000     0.00000     0.00000
     8.11552     0.00000     0.00000     0.00000     0.00000
     8.11770     0.00000     0.00000     0.00000     0.00000
     8.11988     0.00000     0.00000     0.00000     0.00000
     8.12205     0.00000     0.00000     0.00000     0.00000
     8.12423     0.00000     0.00000     0.00000     0.00000
     8.12641     0.00000     0.00000     0.00000     0.00000
     8.12859     0.00000     0.00000     0.00000     0.00000
     8.13076     0.00000     0.00000     0.00000     0.00000
     8.13294     0.00000     0.00000     0.00000     0.00000
     8.13512     0.00000     0.00000     0.00000     0.00000
     8.13729     0.00000     0.00000     0.00000     0.00000
     8.13947     0.00000     0.00000     0.00000     0.00000
     8.14165     0.00000     0.00000     0.00000     0.00000
     8.14382     0.00000     0.00000     0.00000     0.00000
     8.14600     0.00000     0.00000     0.00000     0.00000
     8.14818     0.00000     0.00000     0.00000     0.00000
     8.15035     0.00000     0.00000     0.00000     0.00000
     8.15253     0.00000     0.00000     0.00000     0.00000
     8.15471     0.00000     0.00000     0.00000     0.00000
     8.15689     0.00000     0.00000     0.00000     0.00000
     8.15906     0.00000     0.00000     0.00000     0.00000
     8.16124     0.00000     0.00000     0.00000     0.00000
     8.16342     0.00000     0.00000     0.00000     0.00000
     8.16559     0.00000     0.00000     0.00000     0.00000
     8.16777     0.00000     0.00000     0.00000     0.00000
     8.16995     0.00000     0.00000     0.00000     0.00000
     8.17212     0.00000     0.00000     0.00000     0.00000
     8.17430     0.00000     0.00000     0.00000     0.00000
     8.17648     0.00000     0.00000     0.00000     0.00000
     8.17865     0.00000     0.00000     0.00000     0.00000
     8.18083     0.00000     0.00000     0.00000     0.00000
     8.18301     0.00000     0.00000     0.00000     0.00000
     8.18518     0.00000     0.00000     0.00000     0.00000
     8.18736     0.00000     0.00000     0.00000     0.00000
     8.18954     0.00000     0.00000     0.00000     0.00000
     8.19172     0.00000     0.00000     0.00000     0.00000
     8.19389     0.00000     0.00000     0.00000     0.00000
     8.19607     0.00000     0.00000     0.00000     0.00000
     8.19825     0.00000     0.00000     0.00000     0.00000
     8.20042     0.00000     0.00000     0.00000     0.00000
     8.20260     0.00000     0.00000     0.00000     0.00000
     8.20478     0.00000     0.00000     0.00000     0.00000
     8.20695     0.00000     0.00000     0.00000     0.00000
     8.20913     0.00000     0.00000     0.00000     0.00000
     8.21131     0.00000     0.00000     0.00000     0.00000
     8.21348     0.00000     0.00000     0.00000     0.00000
     8.21566     0.00000     0.00000     0.00000     0.00000
     8.21784     0.00000     0.00000     0.00000     0.00000
     8.22002     0.00000     0.00000     0.00000     0.00000
     8.22219     0.00000     0.00000     0.00000     0.00000
     8.22437     0.00000     0.00000     0.00000     0.00000
     8.22655     0.00000     0.00000     0.00000     0.00000
     8.22872     0.00000     0.00000     0.00000     0.00000
     8.23090     0.00000     0.00000     0.00000     0.00000
     8.23308     0.00000     0.00000     0.00000     0.00000
     8.23525     0.00000     0.00000     0.00000     0.00000
     8.23743     0.00000     0.00000     0.00000     0.00000
     8.23961     0.00000     0.00000     0.00000     0.00000
     8.24178     0.00000     0.00000     0.00000     0.00000
     8.24396     0.00000     0.00000     0.00000     0.00000
     8.24614     0.00000     0.00000     0.00000     0.00000
     8.24832     0.00000     0.00000     0.00000     0.00000
     8.25049     0.00000     0.00000     0.00000     0.00000
     8.25267     0.00000     0.00000     0.00000     0.00000
     8.25485     0.00000     0.00000     0.00000     0.00000
     8.25702     0.00000     0.00000     0.00000     0.00000
     8.25920     0.00000     0.00000     0.00000     0.00000
     8.26138     0.00000     0.00000     0.00000     0.00000
     8.26355     0.00000     0.00000     0.00000     0.00000
     8.26573     0.00000     0.00000     0.00000     0.00000
     8.26791     0.00000     0.00000     0.00000     0.00000
     8.27008     0.00000     0.00000     0.00000     0.00000
     8.27226     0.00000     0.00000     0.00000     0.00000
     8.27444     0.00000     0.00000     0.00000     0.00000
     8.27662     0.00000     0.00000     0.00000     0.00000
     8.27879     0.00000     0.00000     0.00000     0.00000
     8.28097     0.00000     0.00000     0.00000     0.00000
     8.28315     0.00000     0.00000     0.00000     0.00000
     8.28532     0.00000     0.00000     0.00000     0.00000
     8.28750     0.00000     0.00000     0.00000     0.00000
     8.28968     0.00000     0.00000     0.00000     0.00000
     8.29185     0.00000     0.00000     0.00000     0.00000
     8.29403     0.00000     0.00000     0.00000     0.00000
     8.29621     0.00000     0.00000     0.00000     0.00000
     8.29838     0.00000     0.00000     0.00000     0.00000
     8.30056     0.00000     0.00000     0.00000     0.00000
     8.30274     0.00000     0.00000     0.00000     0.00000
     8.30492     0.00000     0.00000     0.00000     0.00000
     8.30709     0.00000     0.00000     0.00000     0.00000
     8.30927     0.00000     0.00000     0.00000     0.00000
     8.31145     0.00000     0.00000     0.00000     0.00000
     8.31362     0.00000     0.00000     0.00000     0.00000
     8.31580     0.00000     0.00000     0.00000     0.00000
     8.31798     0.00000     0.00000     0.00000     0.00000
     8.32015     0.00000     0.00000     0.00000     0.00000
     8.32233     0.00000     0.00000     0.00000     0.00000
     8.32451     0.00000     0.00000     0.00000     0.00000
     8.32668     0.00000     0.00000     0.00000     0.00000
     8.32886     0.00000     0.00000     0.00000     0.00000
     8.33104     0.00000     0.00000     0.00000     0.00000
     8.33321     0.00000     0.00000     0.00000     0.00000
     8.33539     0.00000     0.00000     0.00000     0.00000
     8.33757     0.00000     0.00000     0.00000     0.00000
     8.33975     0.00000     0.00000     0.00000     0.00000
     8.34192     0.00000     0.00000     0.00000     0.00000
     8.34410     0.00000     0.00000     0.00000     0.00000
     8.34628     0.00000     0.00000     0.00000     0.00000
     8.34845     0.00000     0.00000     0.00000     0.00000
     8.35063     0.00000     0.00000     0.00000     0.00000
     8.35281     0.00000     0.00000     0.00000     0.00000
     8.35498     0.00000     0.00000     0.00000     0.00000
     8.35716     0.00000     0.00000     0.00000     0.00000
     8.35934     0.00000     0.00000     0.00000     0.00000
     8.36151     0.00000     0.00000     0.00000     0.00000
     8.36369     0.00000     0.00000     0.00000     0.00000
     8.36587     0.00000     0.00000     0.00000     0.00000
     8.36805     0.00000     0.00000     0.00000     0.00000
     8.37022     0.00000     0.00000     0.00000     0.00000
     8.37240     0.00000     0.00000     0.00000     0.00000
     8.37458     0.00000     0.00000     0.00000     0.00000
     8.37675     0.00000     0.00000     0.00000     0.00000
     8.37893     0.00000     0.00000     0.00000     0.00000
     8.38111     0.00000     0.00000     0.00000     0.00000
     8.38328     0.00000     0.00000     0.00000     0.00000
     8.38546     0.00000     0.00000     0.00000     0.00000
     8.38764     0.00000     0.00000     0.00000     0.00000
     8.38981     0.00000     0.00000     0.00000     0.00000
     8.39199     0.00000     0.00000     0.00000     0.00000
     8.39417     0.00000     0.00000     0.00000     0.00000
     8.39635     0.00000     0.00000     0.00000     0.00000
     8.39852     0.00000     0.00000     0.00000     0.00000
     8.40070     0.00000     0.00000     0.00000     0.00000
     8.40288     0.00000     0.00000     0.00000     0.00000
     8.40505     0.00000     0.00000     0.00000     0.00000
     8.40723     0.00000     0.00000     0.00000     0.00000
     8.40941     0.00000     0.00000     0.00000     0.00000
     8.41158     0.00000     0.00000     0.00000     0.00000
     8.41376     0.00000     0.00000     0.00000     0.00000
     8.41594     0.00000     0.00000     0.00000     0.00000
     8.41811     0.00000     0.00000     0.00000     0.00000
     8.42029     0.00000     0.00000     0.00000     0.00000
     8.42247     0.00000     0.00000     0.00000     0.00000
     8.42465     0.00000     0.00000     0.00000     0.00000
     8.42682     0.00000     0.00000     0.00000     0.00000
     8.42900     0.00000     0.00000     0.00000     0.00000
     8.43118     0.00000     0.00000     0.00000     0.00000
     8.43335     0.00000     0.00000     0.00000     0.00000
     8.43553     0.00000     0.00000     0.00000     0.00000
     8.43771     0.00000     0.00000     0.00000     0.00000
     8.43988     0.00000     0.00000     0.00000     0.00000
     8.44206     0.00000     0.00000     0.00000     0.00000
     8.44424     0.00000     0.00000     0.00000     0.00000
     8.44641     0.00000     0.00000     0.00000     0.00000
     8.44859     0.00000     0.00000     0.00000     0.00000
     8.45077     0.00000     0.00000     0.00000     0.00000
     8.45294     0.00000     0.00000     0.00000     0.00000
     8.45512     0.00000     0.00000     0.00000     0.00000
     8.45730     0.00000     0.00000     0.00000     0.00000
     8.45948     0.00000     0.00000     0.00000     0.00000
     8.46165     0.00000     0.00000     0.00000     0.00000
     8.46383     0.00000     0.00000     0.00000     0.00000
     8.46601     0.00000     0.00000     0.00000     0.00000
     8.46818     0.00000     0.00000     0.00000     0.00000
     8.47036     0.00000     0.00000     0.00000     0.00000
     8.47254     0.00000     0.00000     0.00000     0.00000
     8.47471     0.00000     0.00000     0.00000     0.00000
     8.47689     0.00000     0.00000     0.00000    -0.00000
     8.47907     0.00000     0.00000     0.00000    -0.00000
     8.48124     0.00000     0.00000     0.00000    -0.00000
     8.48342     0.00000     0.00000     0.00000    -0.00000
     8.48560     0.00000     0.00000     0.00000    -0.00000
     8.48778     0.00000     0.00000     0.00000    -0.00000
     8.48995     0.00000     0.00000     0.00000    -0.00000
     8.49213     0.00000     0.00000     0.00000    -0.00000
     8.49431     0.00000     0.00000     0.00000    -0.00000
     8.49648     0.00000     0.00000     0.00000    -0.00000
     8.49866     0.00000     0.00000     0.00000    -0.00000
     8.50084     0.00000     0.00000     0.00000    -0.00000
     8.50301     0.00000     0.00000     0.00000    -0.00000
     8.50519     0.00000     0.00000     0.00000    -0.00000
     8.50737     0.00000     0.00000     0.00000    -0.00000
     8.50954     0.00000     0.00000     0.00000    -0.00000
     8.51172     0.00000     0.00000     0.00000    -0.00000
     8.51390     0.00000     0.00000     0.00000    -0.00000
     8.51608     0.00000     0.00000     0.00000    -0.00000
     8.51825     0.00000     0.00000     0.00000    -0.00000
     8.52043     0.00000     0.00000     0.00000    -0.00000
     8.52261     0.00000     0.00000     0.00000    -0.00000
     8.52478     0.00000     0.00000     0.00000    -0.00000
     8.52696     0.00000     0.00000     0.00000    -0.00000
     8.52914     0.00001     0.00000     0.00001    -0.00000
     8.53131     0.00001     0.00000     0.00001    -0.00000
     8.53349     0.00001     0.00000     0.00001    -0.00000
     8.53567     0.00002     0.00000     0.00002    -0.00000
     8.53784     0.00002     0.00000     0.00002    -0.00000
     8.54002     0.00003     0.00000     0.00003    -0.00000
     8.54220     0.00004     0.00000     0.00004    -0.00000
     8.54438     0.00005     0.00000     0.00006    -0.00000
     8.54655     0.00007     0.00000     0.00007    -0.00000
     8.54873     0.00009     0.00000     0.00010    -0.00000
     8.55091     0.00012     0.00000     0.00013    -0.00001
     8.55308     0.00016     0.00000     0.00017    -0.00001
     8.55526     0.00020     0.00000     0.00022    -0.00001
     8.55744     0.00026     0.00000     0.00028    -0.00001
     8.55961     0.00034     0.00000     0.00035    -0.00002
     8.56179     0.00043     0.00000     0.00045    -0.00002
     8.56397     0.00054     0.00000     0.00056    -0.00003
     8.56614     0.00067     0.00000     0.00071    -0.00004
     8.56832     0.00083     0.00000     0.00088    -0.00004
     8.57050     0.00103     0.00000     0.00109    -0.00005
     8.57268     0.00127     0.00000     0.00133    -0.00007
     8.57485     0.00155     0.00000     0.00163    -0.00008
     8.57703     0.00188     0.00000     0.00197    -0.00010
     8.57921     0.00226     0.00000     0.00238    -0.00012
     8.58138     0.00271     0.00000     0.00285    -0.00014
     8.58356     0.00322     0.00000     0.00339    -0.00017
     8.58574     0.00380     0.00000     0.00401    -0.00020
     8.58791     0.00447     0.00000     0.00470    -0.00024
     8.59009     0.00521     0.00000     0.00549    -0.00028
     8.59227     0.00604     0.00000     0.00637    -0.00032
     8.59444     0.00696     0.00000     0.00733    -0.00037
     8.59662     0.00797     0.00000     0.00840    -0.00042
     8.59880     0.00907     0.00000     0.00955    -0.00048
     8.60097     0.01025     0.00000     0.01079    -0.00054
     8.60315     0.01151     0.00000     0.01212    -0.00061
     8.60533     0.01284     0.00000     0.01353    -0.00068
     8.60751     0.01424     0.00000     0.01500    -0.00076
     8.60968     0.01569     0.00000     0.01652    -0.00083
     8.61186     0.01717     0.00000     0.01809    -0.00091
     8.61404     0.01868     0.00000     0.01967    -0.00099
     8.61621     0.02019     0.00000     0.02126    -0.00107
     8.61839     0.02168     0.00000     0.02283    -0.00115
     8.62057     0.02313     0.00000     0.02436    -0.00123
     8.62274     0.02452     0.00000     0.02582    -0.00130
     8.62492     0.02583     0.00000     0.02720    -0.00137
     8.62710     0.02703     0.00000     0.02847    -0.00144
     8.62927     0.02811     0.00000     0.02961    -0.00149
     8.63145     0.02905     0.00000     0.03060    -0.00154
     8.63363     0.02983     0.00000     0.03141    -0.00158
     8.63581     0.03043     0.00000     0.03205    -0.00162
     8.63798     0.03085     0.00000     0.03249    -0.00164
     8.64016     0.03107     0.00000     0.03272    -0.00165
     8.64234     0.03110     0.00000     0.03275    -0.00165
     8.64451     0.03093     0.00000     0.03257    -0.00164
     8.64669     0.03056     0.00000     0.03218    -0.00162
     8.64887     0.03000     0.00000     0.03159    -0.00159
     8.65104     0.02927     0.00000     0.03082    -0.00155
     8.65322     0.02837     0.00000     0.02987    -0.00151
     8.65540     0.02732     0.00000     0.02877    -0.00145
     8.65757     0.02615     0.00000     0.02753    -0.00139
     8.65975     0.02486     0.00000     0.02618    -0.00132
     8.66193     0.02349     0.00000     0.02474    -0.00125
     8.66411     0.02205     0.00000     0.02322    -0.00117
     8.66628     0.02057     0.00000     0.02166    -0.00109
     8.66846     0.01906     0.00000     0.02008    -0.00101
     8.67064     0.01756     0.00000     0.01849    -0.00093
     8.67281     0.01606     0.00000     0.01692    -0.00085
     8.67499     0.01461     0.00000     0.01538    -0.00078
     8.67717     0.01319     0.00000     0.01390    -0.00070
     8.67934     0.01184     0.00000     0.01247    -0.00063
     8.68152     0.01056     0.00000     0.01113    -0.00056
     8.68370     0.00936     0.00000     0.00986    -0.00050
     8.68587     0.00824     0.00000     0.00868    -0.00044
     8.68805     0.00721     0.00000     0.00760    -0.00038
     8.69023     0.00627     0.00000     0.00660    -0.00033
     8.69241     0.00542     0.00000     0.00570    -0.00029
     8.69458     0.00465     0.00000     0.00490    -0.00025
     8.69676     0.00397     0.00000     0.00418    -0.00021
     8.69894     0.00336     0.00000     0.00354    -0.00018
     8.70111     0.00283     0.00000     0.00298    -0.00015
     8.70329     0.00237     0.00000     0.00249    -0.00013
     8.70547     0.00197     0.00000     0.00207    -0.00010
     8.70764     0.00163     0.00000     0.00171    -0.00009
     8.70982     0.00133     0.00000     0.00140    -0.00007
     8.71200     0.00109     0.00000     0.00115    -0.00006
     8.71417     0.00088     0.00000     0.00093    -0.00005
     8.71635     0.00071     0.00000     0.00075    -0.00004
     8.71853     0.00057     0.00000     0.00060    -0.00003
     8.72070     0.00045     0.00000     0.00048    -0.00002
     8.72288     0.00036     0.00000     0.00038    -0.00002
     8.72506     0.00028     0.00000     0.00029    -0.00001
     8.72724     0.00022     0.00000     0.00023    -0.00001
     8.72941     0.00017     0.00000     0.00018    -0.00001
     8.73159     0.00013     0.00000     0.00014    -0.00001
     8.73377     0.00010     0.00000     0.00010    -0.00001
     8.73594     0.00008     0.00000     0.00008    -0.00000
     8.73812     0.00006     0.00000     0.00006    -0.00000
     8.74030     0.00004     0.00000     0.00005    -0.00000
     8.74247     0.00003     0.00000     0.00003    -0.00000
     8.74465     0.00002     0.00000     0.00002    -0.00000
     8.74683     0.00002     0.00000     0.00002    -0.00000
     8.74900     0.00001     0.00000     0.00001    -0.00000
     8.75118     0.00001     0.00000     0.00001    -0.00000
     8.75336     0.00001     0.00000     0.00001    -0.00000
     8.75554     0.00000     0.00000     0.00001    -0.00000
     8.75771     0.00000     0.00000     0.00000    -0.00000
     8.75989     0.00000     0.00000     0.00000    -0.00000
     8.76207     0.00000     0.00000     0.00000    -0.00000
     8.76424     0.00000     0.00000     0.00000    -0.00000
     8.76642     0.00000     0.00000     0.00000    -0.00000
     8.76860     0.00000     0.00000     0.00000    -0.00000
     8.77077     0.00000     0.00000     0.00000    -0.00000
     8.77295     0.00000     0.00000     0.00000    -0.00000
     8.77513     0.00000     0.00000     0.00000    -0.00000
     8.77730     0.00000     0.00000     0.00000    -0.00000
     8.77948     0.00000     0.00000     0.00000    -0.00000
     8.78166     0.00000     0.00000     0.00000    -0.00000
     8.78384     0.00000     0.00000     0.00000    -0.00000
     8.78601     0.00000     0.00000     0.00000    -0.00000
     8.78819     0.00000     0.00000     0.00000    -0.00000
     8.79037     0.00000     0.00000     0.00000    -0.00000
     8.79254     0.00000     0.00000     0.00000    -0.00000
     8.79472     0.00000     0.00000     0.00000    -0.00000
     8.79690     0.00000     0.00000     0.00000    -0.00000
     8.79907     0.00000     0.00000     0.00000    -0.00000
     8.80125     0.00000     0.00000     0.00000    -0.00000
     8.80343     0.00000     0.00000     0.00000    -0.00000
     8.80560     0.00000     0.00000     0.00000     0.00000
     8.80778     0.00000     0.00000     0.00000     0.00000
     8.80996     0.00000     0.00000     0.00000     0.00000
     8.81214     0.00000     0.00000     0.00000     0.00000
     8.81431     0.00000     0.00000     0.00000     0.00000
     8.81649     0.00000     0.00000     0.00000     0.00000
     8.81867     0.00000     0.00000     0.00000     0.00000
     8.82084     0.00000     0.00000     0.00000     0.00000
     8.82302     0.00000     0.00000     0.00000     0.00000
     8.82520     0.00000     0.00000     0.00000     0.00000
     8.82737     0.00000     0.00000     0.00000     0.00000
     8.82955     0.00000     0.00000     0.00000     0.00000
     8.83173     0.00000     0.00000     0.00000     0.00000
     8.83390     0.00000     0.00000     0.00000     0.00000
     8.83608     0.00000     0.00000     0.00000     0.00000
     8.83826     0.00000     0.00000     0.00000     0.00000
     8.84044     0.00000     0.00000     0.00000     0.00000
     8.84261     0.00000     0.00000     0.00000     0.00000
     8.84479     0.00000     0.00000     0.00000     0.00000
     8.84697     0.00000     0.00000     0.00000     0.00000
     8.84914     0.00000     0.00000     0.00000     0.00000
     8.85132     0.00000     0.00000     0.00000     0.00000
     8.85350     0.00000     0.00000     0.00000     0.00000
     8.85567     0.00000     0.00000     0.00000     0.00000
     8.85785     0.00000     0.00000     0.00000     0.00000
     8.86003     0.00000     0.00000     0.00000     0.00000
     8.86220     0.00000     0.00000     0.00000     0.00000
     8.86438     0.00000     0.00000     0.00000     0.00000
     8.86656     0.00000     0.00000     0.00000     0.00000
     8.86873     0.00000     0.00000     0.00000     0.00000
     8.87091     0.00000     0.00000     0.00000     0.00000
     8.87309     0.00000     0.00000     0.00000     0.00000
     8.87527     0.00000     0.00000     0.00000     0.00000
     8.87744     0.00000     0.00000     0.00000     0.00000
     8.87962     0.00000     0.00000     0.00000     0.00000
     8.88180     0.00000     0.00000     0.00000     0.00000
     8.88397     0.00000     0.00000     0.00000     0.00000
     8.88615     0.00000     0.00000     0.00000     0.00000
     8.88833     0.00000     0.00000     0.00000     0.00000
     8.89050     0.00000     0.00000     0.00000     0.00000
     8.89268     0.00000     0.00000     0.00000     0.00000
     8.89486     0.00000     0.00000     0.00000     0.00000
     8.89703     0.00000     0.00000     0.00000     0.00000
     8.89921     0.00000     0.00000     0.00000     0.00000
     8.90139     0.00000     0.00000     0.00000     0.00000
     8.90357     0.00000     0.00000     0.00000     0.00000
     8.90574     0.00000     0.00000     0.00000     0.00000
     8.90792     0.00000     0.00000     0.00000     0.00000
     8.91010     0.00000     0.00000     0.00000     0.00000
     8.91227     0.00000     0.00000     0.00000     0.00000
     8.91445     0.00000     0.00000     0.00000     0.00000
     8.91663     0.00000     0.00000     0.00000     0.00000
     8.91880     0.00000     0.00000     0.00000     0.00000
     8.92098     0.00000     0.00000     0.00000     0.00000
     8.92316     0.00000     0.00000     0.00000     0.00000
     8.92533     0.00000     0.00000     0.00000     0.00000
     8.92751     0.00000     0.00000     0.00000     0.00000
     8.92969     0.00000     0.00000     0.00000     0.00000
     8.93187     0.00000     0.00000     0.00000     0.00000
     8.93404     0.00000     0.00000     0.00000     0.00000
     8.93622     0.00000     0.00000     0.00000     0.00000
     8.93840     0.00000     0.00000     0.00000     0.00000
     8.94057     0.00000     0.00000     0.00000     0.00000
     8.94275     0.00000     0.00000     0.00000     0.00000
     8.94493     0.00000     0.00000     0.00000     0.00000
     8.94710     0.00000     0.00000     0.00000     0.00000
     8.94928     0.00000     0.00000     0.00000     0.00000
     8.95146     0.00000     0.00000     0.00000     0.00000
     8.95363     0.00000     0.00000     0.00000     0.00000
     8.95581     0.00000     0.00000     0.00000     0.00000
     8.95799     0.00000     0.00000     0.00000     0.00000
     8.96017     0.00000     0.00000     0.00000     0.00000
     8.96234     0.00000     0.00000     0.00000     0.00000
     8.96452     0.00000     0.00000     0.00000     0.00000
     8.96670     0.00000     0.00000     0.00000     0.00000
     8.96887     0.00000     0.00000     0.00000     0.00000
     8.97105     0.00000     0.00000     0.00000     0.00000
     8.97323     0.00000     0.00000     0.00000     0.00000
     8.97540     0.00000     0.00000     0.00000     0.00000
     8.97758     0.00000     0.00000     0.00000     0.00000
     8.97976     0.00000     0.00000     0.00000     0.00000
     8.98193     0.00000     0.00000     0.00000     0.00000
     8.98411     0.00000     0.00000     0.00000     0.00000
     8.98629     0.00000     0.00000     0.00000     0.00000
     8.98847     0.00000     0.00000     0.00000     0.00000
     8.99064     0.00000     0.00000     0.00000     0.00000
     8.99282     0.00000     0.00000     0.00000     0.00000
     8.99500     0.00000     0.00000     0.00000     0.00000
     8.99717     0.00000     0.00000     0.00000     0.00000
     8.99935     0.00000     0.00000     0.00000     0.00000
     9.00153     0.00000     0.00000     0.00000     0.00000
     9.00370     0.00000     0.00000     0.00000     0.00000
     9.00588     0.00000     0.00000     0.00000     0.00000
     9.00806     0.00000     0.00000     0.00000     0.00000
     9.01023     0.00000     0.00000     0.00000     0.00000
     9.01241     0.00000     0.00000     0.00000     0.00000
     9.01459     0.00000     0.00000     0.00000     0.00000
     9.01676     0.00000     0.00000     0.00000     0.00000
     9.01894     0.00000     0.00000     0.00000     0.00000
     9.02112     0.00000     0.00000     0.00000     0.00000
     9.02330     0.00000     0.00000     0.00000     0.00000
     9.02547     0.00000     0.00000     0.00000     0.00000
     9.02765     0.00000     0.00000     0.00000     0.00000
     9.02983     0.00000     0.00000     0.00000     0.00000
     9.03200     0.00000     0.00000     0.00000     0.00000
     9.03418     0.00000     0.00000     0.00000     0.00000
     9.03636     0.00000     0.00000     0.00000     0.00000
     9.03853     0.00000     0.00000     0.00000     0.00000
     9.04071     0.00000     0.00000     0.00000     0.00000
     9.04289     0.00000     0.00000     0.00000     0.00000
     9.04506     0.00000     0.00000     0.00000     0.00000
     9.04724     0.00000     0.00000     0.00000     0.00000
     9.04942     0.00000     0.00000     0.00000     0.00000
     9.05160     0.00000     0.00000     0.00000     0.00000
     9.05377     0.00000     0.00000     0.00000     0.00000
     9.05595     0.00000     0.00000     0.00000     0.00000
     9.05813     0.00000     0.00000     0.00000     0.00000
     9.06030     0.00000     0.00000     0.00000     0.00000
     9.06248     0.00000     0.00000     0.00000     0.00000
     9.06466     0.00000     0.00000     0.00000     0.00000
     9.06683     0.00000     0.00000     0.00000     0.00000
     9.06901     0.00000     0.00000     0.00000     0.00000
     9.07119     0.00000     0.00000     0.00000     0.00000
     9.07336     0.00000     0.00000     0.00000     0.00000
     9.07554     0.00000     0.00000     0.00000     0.00000
     9.07772     0.00000     0.00000     0.00000     0.00000
     9.07990     0.00000     0.00000     0.00000     0.00000
     9.08207     0.00000     0.00000     0.00000     0.00000
     9.08425     0.00000     0.00000     0.00000     0.00000
     9.08643     0.00000     0.00000     0.00000     0.00000
     9.08860     0.00000     0.00000     0.00000     0.00000
     9.09078     0.00000     0.00000     0.00000     0.00000
     9.09296     0.00000     0.00000     0.00000     0.00000
     9.09513     0.00000     0.00000     0.00000     0.00000
     9.09731     0.00000     0.00000     0.00000     0.00000
     9.09949     0.00000     0.00000     0.00000     0.00000
     9.10166     0.00000     0.00000     0.00000     0.00000
     9.10384     0.00000     0.00000     0.00000     0.00000
     9.10602     0.00000     0.00000     0.00000     0.00000
     9.10820     0.00000     0.00000     0.00000     0.00000
     9.11037     0.00000     0.00000     0.00000     0.00000
     9.11255     0.00000     0.00000     0.00000     0.00000
     9.11473     0.00000     0.00000     0.00000     0.00000
     9.11690     0.00000     0.00000     0.00000     0.00000
     9.11908     0.00000     0.00000     0.00000     0.00000
     9.12126     0.00000     0.00000     0.00000     0.00000
     9.12343     0.00000     0.00000     0.00000     0.00000
     9.12561     0.00000     0.00000     0.00000     0.00000
     9.12779     0.00000     0.00000     0.00000     0.00000
     9.12996     0.00000     0.00000     0.00000     0.00000
     9.13214     0.00000     0.00000     0.00000     0.00000
     9.13432     0.00000     0.00000     0.00000     0.00000
     9.13649     0.00000     0.00000     0.00000     0.00000
     9.13867     0.00000     0.00000     0.00000     0.00000
     9.14085     0.00000     0.00000     0.00000     0.00000
     9.14303     0.00000     0.00000     0.00000     0.00000
     9.14520     0.00000     0.00000     0.00000     0.00000
     9.14738     0.00000     0.00000     0.00000     0.00000
     9.14956     0.00000     0.00000     0.00000     0.00000
     9.15173     0.00000     0.00000     0.00000     0.00000
     9.15391     0.00000     0.00000     0.00000     0.00000
     9.15609     0.00000     0.00000     0.00000     0.00000
     9.15826     0.00000     0.00000     0.00000     0.00000
     9.16044     0.00000     0.00000     0.00000     0.00000
     9.16262     0.00000     0.00000     0.00000     0.00000
     9.16479     0.00000     0.00000     0.00000     0.00000
     9.16697     0.00000     0.00000     0.00000     0.00000
     9.16915     0.00000     0.00000     0.00000     0.00000
     9.17133     0.00000     0.00000     0.00000     0.00000
     9.17350     0.00000     0.00000     0.00000     0.00000
     9.17568     0.00000     0.00000     0.00000     0.00000
     9.17786     0.00000     0.00000     0.00000     0.00000
     9.18003     0.00000     0.00000     0.00000     0.00000
     9.18221     0.00000     0.00000     0.00000     0.00000
     9.18439     0.00000     0.00000     0.00000     0.00000
     9.18656     0.00000     0.00000     0.00000     0.00000
     9.18874     0.00000     0.00000     0.00000     0.00000
     9.19092     0.00000     0.00000     0.00000     0.00000
     9.19309     0.00000     0.00000     0.00000     0.00000
     9.19527     0.00000     0.00000     0.00000     0.00000
     9.19745     0.00000     0.00000     0.00000     0.00000
     9.19963     0.00000     0.00000     0.00000     0.00000
     9.20180     0.00000     0.00000     0.00000     0.00000
     9.20398     0.00000     0.00000     0.00000     0.00000
     9.20616     0.00000     0.00000     0.00000     0.00000
     9.20833     0.00000     0.00000     0.00000     0.00000
     9.21051     0.00000     0.00000     0.00000     0.00000
     9.21269     0.00000     0.00000     0.00000     0.00000
     9.21486     0.00000     0.00000     0.00000     0.00000
     9.21704     0.00000     0.00000     0.00000     0.00000
     9.21922     0.00000     0.00000     0.00000     0.00000
     9.22139     0.00000     0.00000     0.00000     0.00000
     9.22357     0.00000     0.00000     0.00000     0.00000
     9.22575     0.00000     0.00000     0.00000     0.00000
     9.22793     0.00000     0.00000     0.00000     0.00000
     9.23010     0.00000     0.00000     0.00000     0.00000
     9.23228     0.00000     0.00000     0.00000     0.00000
     9.23446     0.00000     0.00000     0.00000     0.00000
     9.23663     0.00000     0.00000     0.00000     0.00000
     9.23881     0.00000     0.00000     0.00000     0.00000
     9.24099     0.00000     0.00000     0.00000     0.00000
     9.24316     0.00000     0.00000     0.00000     0.00000
     9.24534     0.00000     0.00000     0.00000     0.00000
     9.24752     0.00000     0.00000     0.00000     0.00000
     9.24969     0.00000     0.00000     0.00000     0.00000
     9.25187     0.00000     0.00000     0.00000     0.00000
     9.25405     0.00000     0.00000     0.00000     0.00000
     9.25623     0.00000     0.00000     0.00000     0.00000
     9.25840     0.00000     0.00000     0.00000     0.00000
     9.26058     0.00000     0.00000     0.00000     0.00000
     9.26276     0.00000     0.00000     0.00000     0.00000
     9.26493     0.00000     0.00000     0.00000     0.00000
     9.26711     0.00000     0.00000     0.00000     0.00000
     9.26929     0.00000     0.00000     0.00000     0.00000
     9.27146     0.00000     0.00000     0.00000     0.00000
     9.27364     0.00000     0.00000     0.00000     0.00000
     9.27582     0.00000     0.00000     0.00000     0.00000
     9.27799     0.00000     0.00000     0.00000     0.00000
     9.28017     0.00000     0.00000     0.00000     0.00000
     9.28235     0.00000     0.00000     0.00000     0.00000
     9.28452     0.00000     0.00000     0.00000     0.00000
     9.28670     0.00000     0.00000     0.00000     0.00000
     9.28888     0.00000     0.00000     0.00000     0.00000
     9.29106     0.00000     0.00000     0.00000     0.00000
     9.29323     0.00000     0.00000     0.00000     0.00000
     9.29541     0.00000     0.00000     0.00000     0.00000
     9.29759     0.00000     0.00000     0.00000     0.00000
     9.29976     0.00000     0.00000     0.00000     0.00000
     9.30194     0.00000     0.00000     0.00000     0.00000
     9.30412     0.00000     0.00000     0.00000     0.00000
     9.30629     0.00000     0.00000     0.00000     0.00000
     9.30847     0.00000     0.00000     0.00000     0.00000
     9.31065     0.00000     0.00000     0.00000     0.00000
     9.31282     0.00000     0.00000     0.00000     0.00000
     9.31500     0.00000     0.00000     0.00000     0.00000
     9.31718     0.00000     0.00000     0.00000     0.00000
     9.31936     0.00000     0.00000     0.00000     0.00000
     9.32153     0.00000     0.00000     0.00000     0.00000
     9.32371     0.00000     0.00000     0.00000     0.00000
     9.32589     0.00000     0.00000     0.00000     0.00000
     9.32806     0.00000     0.00000     0.00000     0.00000
     9.33024     0.00000     0.00000     0.00000     0.00000
     9.33242     0.00000     0.00000     0.00000     0.00000
     9.33459     0.00000     0.00000     0.00000     0.00000
     9.33677     0.00000     0.00000     0.00000     0.00000
     9.33895     0.00000     0.00000     0.00000     0.00000
     9.34112     0.00000     0.00000     0.00000     0.00000
     9.34330     0.00000     0.00000     0.00000     0.00000
     9.34548     0.00000     0.00000     0.00000     0.00000
     9.34766     0.00000     0.00000     0.00000     0.00000
     9.34983     0.00000     0.00000     0.00000     0.00000
     9.35201     0.00000     0.00000     0.00000     0.00000
     9.35419     0.00000     0.00000     0.00000     0.00000
     9.35636     0.00000     0.00000     0.00000     0.00000
     9.35854     0.00000     0.00000     0.00000     0.00000
     9.36072     0.00000     0.00000     0.00000     0.00000
     9.36289     0.00000     0.00000     0.00000     0.00000
     9.36507     0.00000     0.00000     0.00000     0.00000
     9.36725     0.00000     0.00000     0.00000     0.00000
     9.36942     0.00000     0.00000     0.00000     0.00000
     9.37160     0.00000     0.00000     0.00000     0.00000
     9.37378     0.00000     0.00000     0.00000     0.00000
     9.37596     0.00000     0.00000     0.00000     0.00000
     9.37813     0.00000     0.00000     0.00000     0.00000
     9.38031     0.00000     0.00000     0.00000     0.00000
     9.38249     0.00000     0.00000     0.00000     0.00000
     9.38466     0.00000     0.00000     0.00000     0.00000
     9.38684     0.00000     0.00000     0.00000     0.00000
     9.38902     0.00000     0.00000     0.00000     0.00000
     9.39119     0.00000     0.00000     0.00000     0.00000
     9.39337     0.00000     0.00000     0.00000     0.00000
     9.39555     0.00000     0.00000     0.00000     0.00000
     9.39772     0.00000     0.00000     0.00000     0.00000
     9.39990     0.00000     0.00000     0.00000     0.00000
     9.40208     0.00000     0.00000     0.00000     0.00000
     9.40426     0.00000     0.00000     0.00000     0.00000
     9.40643     0.00000     0.00000     0.00000     0.00000
     9.40861     0.00000     0.00000     0.00000     0.00000
     9.41079     0.00000     0.00000     0.00000     0.00000
     9.41296     0.00000     0.00000     0.00000     0.00000
     9.41514     0.00000     0.00000     0.00000     0.00000
     9.41732     0.00000     0.00000     0.00000     0.00000
     9.41949     0.00000     0.00000     0.00000     0.00000
     9.42167     0.00000     0.00000     0.00000     0.00000
     9.42385     0.00000     0.00000     0.00000     0.00000
     9.42602     0.00000     0.00000     0.00000     0.00000
     9.42820     0.00000     0.00000     0.00000     0.00000
     9.43038     0.00000     0.00000     0.00000     0.00000
     9.43255     0.00000     0.00000     0.00000     0.00000
     9.43473     0.00000     0.00000     0.00000     0.00000
     9.43691     0.00000     0.00000     0.00000     0.00000
     9.43909     0.00000     0.00000     0.00000     0.00000
     9.44126     0.00000     0.00000     0.00000     0.00000
     9.44344     0.00000     0.00000     0.00000     0.00000
     9.44562     0.00000     0.00000     0.00000     0.00000
     9.44779     0.00000     0.00000     0.00000     0.00000
     9.44997     0.00000     0.00000     0.00000     0.00000
     9.45215     0.00000     0.00000     0.00000     0.00000
     9.45432     0.00000     0.00000     0.00000     0.00000
     9.45650     0.00000     0.00000     0.00000     0.00000
     9.45868     0.00000     0.00000     0.00000     0.00000
     9.46085     0.00000     0.00000     0.00000     0.00000
     9.46303     0.00000     0.00000     0.00000     0.00000
     9.46521     0.00000     0.00000     0.00000     0.00000
     9.46739     0.00000     0.00000     0.00000     0.00000
     9.46956     0.00000     0.00000     0.00000     0.00000
     9.47174     0.00000     0.00000     0.00000     0.00000
     9.47392     0.00000     0.00000     0.00000     0.00000
     9.47609     0.00000     0.00000     0.00000     0.00000
     9.47827     0.00000     0.00000     0.00000     0.00000
     9.48045     0.00000     0.00000     0.00000     0.00000
     9.48262     0.00000     0.00000     0.00000     0.00000
     9.48480     0.00000     0.00000     0.00000     0.00000
     9.48698     0.00000     0.00000     0.00000     0.00000
     9.48915     0.00000     0.00000     0.00000     0.00000
     9.49133     0.00000     0.00000     0.00000     0.00000
     9.49351     0.00000     0.00000     0.00000     0.00000
     9.49569     0.00000     0.00000     0.00000     0.00000
     9.49786     0.00000     0.00000     0.00000     0.00000
     9.50004     0.00000     0.00000     0.00000     0.00000
     9.50222     0.00000     0.00000     0.00000     0.00000
     9.50439     0.00000     0.00000     0.00000     0.00000
     9.50657     0.00000     0.00000     0.00000     0.00000
     9.50875     0.00000     0.00000     0.00000     0.00000
     9.51092     0.00000     0.00000     0.00000     0.00000
     9.51310     0.00000     0.00000     0.00000     0.00000
     9.51528     0.00000     0.00000     0.00000     0.00000
     9.51745     0.00000     0.00000     0.00000     0.00000
     9.51963     0.00000     0.00000     0.00000     0.00000
     9.52181     0.00000     0.00000     0.00000     0.00000
     9.52399     0.00000     0.00000     0.00000     0.00000
     9.52616     0.00000     0.00000     0.00000     0.00000
     9.52834     0.00000     0.00000     0.00000     0.00000
     9.53052     0.00000     0.00000     0.00000     0.00000
     9.53269     0.00000     0.00000     0.00000     0.00000
     9.53487     0.00000     0.00000     0.00000     0.00000
     9.53705     0.00000     0.00000     0.00000     0.00000
     9.53922     0.00000     0.00000     0.00000     0.00000
     9.54140     0.00000     0.00000     0.00000     0.00000
     9.54358     0.00000     0.00000     0.00000     0.00000
     9.54575     0.00000     0.00000     0.00000     0.00000
     9.54793     0.00000     0.00000     0.00000     0.00000
     9.55011     0.00000     0.00000     0.00000     0.00000
     9.55228     0.00000     0.00000     0.00000     0.00000
     9.55446     0.00000     0.00000     0.00000     0.00000
     9.55664     0.00000     0.00000     0.00000     0.00000
     9.55882     0.00000     0.00000     0.00000     0.00000
     9.56099     0.00000     0.00000     0.00000     0.00000
     9.56317     0.00000     0.00000     0.00000     0.00000
     9.56535     0.00000     0.00000     0.00000     0.00000
     9.56752     0.00000     0.00000     0.00000     0.00000
     9.56970     0.00000     0.00000     0.00000     0.00000
     9.57188     0.00000     0.00000     0.00000     0.00000
     9.57405     0.00000     0.00000     0.00000     0.00000
     9.57623     0.00000     0.00000     0.00000     0.00000
     9.57841     0.00000     0.00000     0.00000     0.00000
     9.58058     0.00000     0.00000     0.00000     0.00000
     9.58276     0.00000     0.00000     0.00000     0.00000
     9.58494     0.00000     0.00000     0.00000     0.00000
     9.58712     0.00000     0.00000     0.00000     0.00000
     9.58929     0.00000     0.00000     0.00000     0.00000
     9.59147     0.00000     0.00000     0.00000     0.00000
     9.59365     0.00000     0.00000     0.00000     0.00000
     9.59582     0.00000     0.00000     0.00000     0.00000
     9.59800     0.00000     0.00000     0.00000     0.00000
     9.60018     0.00000     0.00000     0.00000     0.00000
     9.60235     0.00000     0.00000     0.00000     0.00000
     9.60453     0.00000     0.00000     0.00000     0.00000
     9.60671     0.00000     0.00000     0.00000     0.00000
     9.60888     0.00000     0.00000     0.00000     0.00000
     9.61106     0.00000     0.00000     0.00000     0.00000
     9.61324     0.00000     0.00000     0.00000     0.00000
     9.61542     0.00000     0.00000     0.00000     0.00000
     9.61759     0.00000     0.00000     0.00000     0.00000
     9.61977     0.00000     0.00000     0.00000     0.00000
     9.62195     0.00000     0.00000     0.00000     0.00000
     9.62412     0.00000     0.00000     0.00000     0.00000
     9.62630     0.00000     0.00000     0.00000     0.00000
     9.62848     0.00000     0.00000     0.00000     0.00000
     9.63065     0.00000     0.00000     0.00000     0.00000
     9.63283     0.00000     0.00000     0.00000     0.00000
     9.63501     0.00000     0.00000     0.00000     0.00000
     9.63718     0.00000     0.00000     0.00000     0.00000
     9.63936     0.00000     0.00000     0.00000     0.00000
     9.64154     0.00000     0.00000     0.00000     0.00000
     9.64372     0.00000     0.00000     0.00000     0.00000
     9.64589     0.00000     0.00000     0.00000     0.00000
     9.64807     0.00000     0.00000     0.00000     0.00000
     9.65025     0.00000     0.00000     0.00000     0.00000
     9.65242     0.00000     0.00000     0.00000     0.00000
     9.65460     0.00000     0.00000     0.00000     0.00000
     9.65678     0.00000     0.00000     0.00000     0.00000
     9.65895     0.00000     0.00000     0.00000     0.00000
     9.66113     0.00000     0.00000     0.00000     0.00000
     9.66331     0.00000     0.00000     0.00000     0.00000
     9.66548     0.00000     0.00000     0.00000     0.00000
     9.66766     0.00000     0.00000     0.00000     0.00000
     9.66984     0.00000     0.00000     0.00000     0.00000
     9.67202     0.00000     0.00000     0.00000     0.00000
     9.67419     0.00000     0.00000     0.00000     0.00000
     9.67637     0.00000     0.00000     0.00000     0.00000
     9.67855     0.00000     0.00000     0.00000     0.00000
     9.68072     0.00000     0.00000     0.00000     0.00000
     9.68290     0.00000     0.00000     0.00000     0.00000
     9.68508     0.00000     0.00000     0.00000     0.00000
     9.68725     0.00000     0.00000     0.00000     0.00000
     9.68943     0.00000     0.00000     0.00000     0.00000
     9.69161     0.00000     0.00000     0.00000     0.00000
     9.69378     0.00000     0.00000     0.00000     0.00000
     9.69596     0.00000     0.00000     0.00000     0.00000
     9.69814     0.00000     0.00000     0.00000     0.00000
     9.70031     0.00000     0.00000     0.00000     0.00000
     9.70249     0.00000     0.00000     0.00000     0.00000
     9.70467     0.00000    -0.00000    -0.00000     0.00000
     9.70685     0.00000    -0.00000    -0.00000     0.00000
     9.70902     0.00000    -0.00000    -0.00000     0.00000
     9.71120     0.00000    -0.00000    -0.00000     0.00000
     9.71338     0.00000    -0.00000    -0.00000     0.00000
     9.71555     0.00000    -0.00000    -0.00000     0.00000
     9.71773     0.00000    -0.00000    -0.00000     0.00000
     9.71991     0.00000    -0.00000    -0.00000     0.00000
     9.72208     0.00000    -0.00000    -0.00000     0.00000
     9.72426     0.00000    -0.00000    -0.00000     0.00000
     9.72644     0.00000    -0.00000    -0.00000     0.00000
     9.72861     0.00000    -0.00000    -0.00000     0.00000
     9.73079     0.00000    -0.00000    -0.00000     0.00000
     9.73297     0.00001    -0.00000    -0.00000     0.00001
     9.73515     0.00001    -0.00000    -0.00000     0.00001
     9.73732     0.00001    -0.00000    -0.00000     0.00002
     9.73950     0.00002    -0.00000    -0.00000     0.00002
     9.74168     0.00003    -0.00000    -0.00001     0.00003
     9.74385     0.00004    -0.00000    -0.00001     0.00005
     9.74603     0.00006    -0.00000    -0.00001     0.00007
     9.74821     0.00008    -0.00000    -0.00002     0.00010
     9.75038     0.00012    -0.00000    -0.00002     0.00014
     9.75256     0.00016    -0.00001    -0.00004     0.00020
     9.75474     0.00023    -0.00001    -0.00005     0.00029
     9.75691     0.00032    -0.00001    -0.00007     0.00040
     9.75909     0.00044    -0.00002    -0.00009     0.00055
     9.76127     0.00060    -0.00002    -0.00013     0.00076
     9.76345     0.00082    -0.00003    -0.00018     0.00103
     9.76562     0.00112    -0.00004    -0.00024     0.00140
     9.76780     0.00150    -0.00006    -0.00032     0.00189
     9.76998     0.00201    -0.00008    -0.00044     0.00252
     9.77215     0.00268    -0.00010    -0.00058     0.00336
     9.77433     0.00354    -0.00013    -0.00077     0.00444
     9.77651     0.00465    -0.00018    -0.00101     0.00583
     9.77868     0.00607    -0.00023    -0.00131     0.00761
     9.78086     0.00787    -0.00030    -0.00170     0.00987
     9.78304     0.01015    -0.00038    -0.00219     0.01272
     9.78521     0.01299    -0.00049    -0.00281     0.01629
     9.78739     0.01653    -0.00063    -0.00357     0.02072
     9.78957     0.02089    -0.00079    -0.00451     0.02619
     9.79175     0.02624    -0.00099    -0.00567     0.03290
     9.79392     0.03274    -0.00124    -0.00708     0.04106
     9.79610     0.04060    -0.00154    -0.00877     0.05091
     9.79828     0.05003    -0.00189    -0.01081     0.06273
     9.80045     0.06124    -0.00232    -0.01323     0.07679
     9.80263     0.07450    -0.00282    -0.01610     0.09342
     9.80481     0.09004    -0.00341    -0.01946     0.11291
     9.80698     0.10814    -0.00409    -0.02337     0.13560
     9.80916     0.12904    -0.00488    -0.02789     0.16181
     9.81134     0.15300    -0.00579    -0.03306     0.19186
     9.81351     0.18026    -0.00682    -0.03895     0.22603
     9.81569     0.21101    -0.00798    -0.04560     0.26459
     9.81787     0.24544    -0.00928    -0.05304     0.30776
     9.82004     0.28365    -0.01073    -0.06130     0.35568
     9.82222     0.32573    -0.01232    -0.07039     0.40844
     9.82440     0.37167    -0.01406    -0.08031     0.46604
     9.82658     0.42137    -0.01594    -0.09105     0.52837
     9.82875     0.47468    -0.01796    -0.10257     0.59521
     9.83093     0.53132    -0.02010    -0.11481     0.66623
     9.83311     0.59092    -0.02235    -0.12769     0.74097
     9.83528     0.65302    -0.02470    -0.14111     0.81883
     9.83746     0.71704    -0.02712    -0.15494     0.89910
     9.83964     0.78231    -0.02959    -0.16905     0.98095
     9.84181     0.84807    -0.03208    -0.18326     1.06342
     9.84399     0.91351    -0.03456    -0.19740     1.14546
     9.84617     0.97771    -0.03698    -0.21127     1.22597
     9.84834     1.03975    -0.03933    -0.22468     1.30376
     9.85052     1.09867    -0.04156    -0.23741     1.37764
     9.85270     1.15352    -0.04363    -0.24927     1.44642
     9.85488     1.20339    -0.04552    -0.26004     1.50895
     9.85705     1.24740    -0.04719    -0.26955     1.56414
     9.85923     1.28478    -0.04860    -0.27763     1.61100
     9.86141     1.31483    -0.04974    -0.28412     1.64869
     9.86358     1.33700    -0.05057    -0.28891     1.67649
     9.86576     1.35087    -0.05110    -0.29191     1.69388
     9.86794     1.35618    -0.05130    -0.29306     1.70053
     9.87011     1.35282    -0.05117    -0.29233     1.69633
     9.87229     1.34086    -0.05072    -0.28975     1.68133
     9.87447     1.32053    -0.04995    -0.28536     1.65584
     9.87664     1.29221    -0.04888    -0.27924     1.62033
     9.87882     1.25643    -0.04753    -0.27150     1.57546
     9.88100     1.21385    -0.04592    -0.26230     1.52207
     9.88318     1.16523    -0.04408    -0.25180     1.46110
     9.88535     1.11142    -0.04204    -0.24017     1.39363
     9.88753     1.05334    -0.03984    -0.22762     1.32080
     9.88971     0.99192    -0.03752    -0.21434     1.24378
     9.89188     0.92812    -0.03511    -0.20056     1.16379
     9.89406     0.86289    -0.03264    -0.18646     1.08199
     9.89624     0.79712    -0.03015    -0.17225     0.99952
     9.89841     0.73167    -0.02768    -0.15811     0.91745
     9.90059     0.66730    -0.02524    -0.14420     0.83675
     9.90277     0.60472    -0.02287    -0.13067     0.75827
     9.90494     0.54451    -0.02060    -0.11766     0.68277
     9.90712     0.48717    -0.01843    -0.10527     0.61087
     9.90930     0.43308    -0.01638    -0.09359     0.54305
     9.91148     0.38255    -0.01447    -0.08267     0.47968
     9.91365     0.33575    -0.01270    -0.07255     0.42101
     9.91583     0.29280    -0.01108    -0.06327     0.36715
     9.91801     0.25372    -0.00960    -0.05483     0.31814
     9.92018     0.21845    -0.00826    -0.04720     0.27391
     9.92236     0.18688    -0.00707    -0.04038     0.23433
     9.92454     0.15885    -0.00601    -0.03433     0.19919
     9.92671     0.13417    -0.00508    -0.02899     0.16824
     9.92889     0.11260    -0.00426    -0.02433     0.14119
     9.93107     0.09389    -0.00355    -0.02029     0.11773
     9.93324     0.07779    -0.00294    -0.01681     0.09755
     9.93542     0.06405    -0.00242    -0.01384     0.08031
     9.93760     0.05239    -0.00198    -0.01132     0.06569
     9.93978     0.04258    -0.00161    -0.00920     0.05339
     9.94195     0.03439    -0.00130    -0.00743     0.04312
     9.94413     0.02760    -0.00104    -0.00596     0.03460
     9.94631     0.02200    -0.00083    -0.00475     0.02759
     9.94848     0.01743    -0.00066    -0.00377     0.02186
     9.95066     0.01372    -0.00052    -0.00297     0.01721
     9.95284     0.01073    -0.00041    -0.00232     0.01346
     9.95501     0.00834    -0.00032    -0.00180     0.01046
     9.95719     0.00644    -0.00024    -0.00139     0.00808
     9.95937     0.00494    -0.00019    -0.00107     0.00620
     9.96154     0.00377    -0.00014    -0.00081     0.00473
     9.96372     0.00285    -0.00011    -0.00062     0.00358
     9.96590     0.00215    -0.00008    -0.00046     0.00269
     9.96807     0.00161    -0.00006    -0.00035     0.00202
     9.97025     0.00119    -0.00005    -0.00026     0.00150
     9.97243     0.00088    -0.00003    -0.00019     0.00111
     9.97461     0.00065    -0.00002    -0.00014     0.00081
     9.97678     0.00047    -0.00002    -0.00010     0.00059
     9.97896     0.00034    -0.00001    -0.00007     0.00043
     9.98114     0.00025    -0.00001    -0.00005     0.00031
     9.98331     0.00018    -0.00001    -0.00004     0.00022
     9.98549     0.00012    -0.00000    -0.00003     0.00016
     9.98767     0.00009    -0.00000    -0.00002     0.00011
     9.98984     0.00006    -0.00000    -0.00001     0.00008
     9.99202     0.00004    -0.00000    -0.00001     0.00005
     9.99420     0.00003    -0.00000    -0.00001     0.00004
     9.99637     0.00002    -0.00000    -0.00000     0.00003
     9.99855     0.00001    -0.00000    -0.00000     0.00002
    10.00073     0.00001    -0.00000    -0.00000     0.00001
    10.00291     0.00001    -0.00000    -0.00000     0.00001
    10.00508     0.00000    -0.00000    -0.00000     0.00001
    10.00726     0.00000    -0.00000    -0.00000     0.00000
    10.00944     0.00000    -0.00000    -0.00000     0.00000
    10.01161     0.00000    -0.00000    -0.00000     0.00000
    10.01379     0.00000    -0.00000    -0.00000     0.00000
    10.01597     0.00000    -0.00000    -0.00000     0.00000
    10.01814     0.00000    -0.00000    -0.00000     0.00000
    10.02032     0.00000    -0.00000    -0.00000     0.00000
    10.02250     0.00000    -0.00000    -0.00000     0.00000
    10.02467     0.00000    -0.00000    -0.00000     0.00000
    10.02685     0.00000    -0.00000    -0.00000     0.00000
    10.02903     0.00000    -0.00000    -0.00000     0.00000
    10.03121     0.00000    -0.00000    -0.00000     0.00000
    10.03338     0.00000     0.00000     0.00000     0.00000
    10.03556     0.00000     0.00000     0.00000     0.00000
    10.03774     0.00000     0.00000     0.00000     0.00000
    10.03991     0.00000     0.00000     0.00000     0.00000
    10.04209     0.00000     0.00000     0.00000     0.00000
    10.04427     0.00000     0.00000     0.00000     0.00000
    10.04644     0.00000     0.00000     0.00000     0.00000
    10.04862     0.00000     0.00000     0.00000     0.00000
    10.05080     0.00000     0.00000     0.00000     0.00000
    10.05297     0.00000     0.00000     0.00000     0.00000
    10.05515     0.00000     0.00000     0.00000     0.00000
    10.05733     0.00000     0.00000     0.00000     0.00000
    10.05951     0.00000     0.00000     0.00000     0.00000
    10.06168     0.00000     0.00000     0.00000     0.00000
    10.06386     0.00000     0.00000     0.00000     0.00000
    10.06604     0.00000     0.00000     0.00000     0.00000
    10.06821     0.00000     0.00000     0.00000     0.00000
    10.07039     0.00000     0.00000     0.00000     0.00000
    10.07257     0.00000     0.00000     0.00000     0.00000
    10.07474     0.00000     0.00000     0.00000     0.00000
    10.07692     0.00000     0.00000     0.00000     0.00000
    10.07910     0.00000     0.00000     0.00000     0.00000
    10.08127     0.00000     0.00000     0.00000     0.00000
    10.08345     0.00000     0.00000     0.00000     0.00000
    10.08563     0.00000     0.00000     0.00000     0.00000
    10.08781     0.00000     0.00000     0.00000     0.00000
    10.08998     0.00000     0.00000     0.00000     0.00000
    10.09216     0.00000     0.00000     0.00000     0.00000
    10.09434     0.00000     0.00000     0.00000     0.00000
    10.09651     0.00000     0.00000     0.00000     0.00000
    10.09869     0.00000     0.00000     0.00000     0.00000
    10.10087     0.00000     0.00000     0.00000     0.00000
    10.10304     0.00000     0.00000     0.00000     0.00000
    10.10522     0.00000     0.00000     0.00000     0.00000
    10.10740     0.00000     0.00000     0.00000     0.00000
    10.10957     0.00000     0.00000     0.00000     0.00000
    10.11175     0.00000     0.00000     0.00000     0.00000
    10.11393     0.00000     0.00000     0.00000     0.00000
    10.11610     0.00000     0.00000     0.00000     0.00000
    10.11828     0.00000     0.00000     0.00000     0.00000
    10.12046     0.00000     0.00000     0.00000     0.00000
    10.12264     0.00000     0.00000     0.00000     0.00000
    10.12481     0.00000     0.00000     0.00000     0.00000
    10.12699     0.00000     0.00000     0.00000     0.00000
    10.12917     0.00000     0.00000     0.00000     0.00000
    10.13134     0.00000     0.00000     0.00000     0.00000
    10.13352     0.00000     0.00000     0.00000     0.00000
    10.13570     0.00000     0.00000     0.00000     0.00000
    10.13787     0.00000     0.00000     0.00000     0.00000
    10.14005     0.00000     0.00000     0.00000     0.00000
    10.14223     0.00000     0.00000     0.00000     0.00000
    10.14440     0.00000     0.00000     0.00000     0.00000
    10.14658     0.00000     0.00000     0.00000     0.00000
    10.14876     0.00000     0.00000     0.00000     0.00000
    10.15094     0.00000     0.00000     0.00000     0.00000
    10.15311     0.00000     0.00000     0.00000     0.00000
    10.15529     0.00000     0.00000     0.00000     0.00000
    10.15747     0.00000     0.00000     0.00000     0.00000
    10.15964     0.00000     0.00000     0.00000     0.00000
    10.16182     0.00000     0.00000     0.00000     0.00000
    10.16400     0.00000     0.00000     0.00000     0.00000
    10.16617     0.00000     0.00000     0.00000     0.00000
    10.16835     0.00000     0.00000     0.00000     0.00000
    10.17053     0.00000     0.00000     0.00000     0.00000
    10.17270     0.00000     0.00000     0.00000     0.00000
    10.17488     0.00000     0.00000     0.00000     0.00000
    10.17706     0.00000     0.00000     0.00000     0.00000
    10.17924     0.00000     0.00000     0.00000     0.00000
    10.18141     0.00000     0.00000     0.00000     0.00000
    10.18359     0.00000     0.00000     0.00000     0.00000
    10.18577     0.00000     0.00000     0.00000     0.00000
    10.18794     0.00000     0.00000     0.00000     0.00000
    10.19012     0.00000     0.00000     0.00000     0.00000
    10.19230     0.00000     0.00000     0.00000     0.00000
    10.19447     0.00000     0.00000     0.00000     0.00000
    10.19665     0.00000     0.00000     0.00000     0.00000
    10.19883     0.00000     0.00000     0.00000     0.00000
    10.20100     0.00000     0.00000     0.00000     0.00000
    10.20318     0.00000     0.00000     0.00000     0.00000
    10.20536     0.00000     0.00000     0.00000     0.00000
    10.20754     0.00000     0.00000     0.00000     0.00000
    10.20971     0.00000     0.00000     0.00000     0.00000
    10.21189     0.00000     0.00000     0.00000     0.00000
    10.21407     0.00000     0.00000     0.00000     0.00000
    10.21624     0.00000     0.00000     0.00000     0.00000
    10.21842     0.00000     0.00000     0.00000     0.00000
    10.22060     0.00000     0.00000     0.00000     0.00000
    10.22277     0.00000     0.00000     0.00000     0.00000
    10.22495     0.00000     0.00000     0.00000     0.00000
    10.22713     0.00000     0.00000     0.00000     0.00000
    10.22930     0.00000     0.00000     0.00000     0.00000
    10.23148     0.00000     0.00000     0.00000     0.00000
    10.23366     0.00000     0.00000     0.00000     0.00000
    10.23583     0.00000     0.00000     0.00000     0.00000
    10.23801     0.00000     0.00000     0.00000     0.00000
    10.24019     0.00000     0.00000     0.00000     0.00000
    10.24237     0.00000     0.00000     0.00000     0.00000
    10.24454     0.00000     0.00000     0.00000     0.00000
    10.24672     0.00000     0.00000     0.00000     0.00000
    10.24890     0.00000     0.00000     0.00000     0.00000
    10.25107     0.00000     0.00000     0.00000     0.00000
    10.25325     0.00000     0.00000     0.00000     0.00000
    10.25543     0.00000     0.00000     0.00000     0.00000
    10.25760     0.00000     0.00000     0.00000     0.00000
    10.25978     0.00000     0.00000     0.00000     0.00000
    10.26196     0.00000     0.00000     0.00000     0.00000
    10.26413     0.00000     0.00000     0.00000     0.00000
    10.26631     0.00000     0.00000     0.00000     0.00000
    10.26849     0.00000     0.00000     0.00000     0.00000
    10.27067     0.00000     0.00000     0.00000     0.00000
    10.27284     0.00000     0.00000     0.00000     0.00000
    10.27502     0.00000     0.00000     0.00000     0.00000
    10.27720     0.00000     0.00000     0.00000     0.00000
    10.27937     0.00000     0.00000     0.00000     0.00000
    10.28155     0.00000     0.00000     0.00000     0.00000
    10.28373     0.00000     0.00000     0.00000     0.00000
    10.28590     0.00000     0.00000     0.00000     0.00000
    10.28808     0.00000     0.00000     0.00000     0.00000
    10.29026     0.00000     0.00000     0.00000     0.00000
    10.29243     0.00000     0.00000     0.00000     0.00000
    10.29461     0.00000     0.00000     0.00000     0.00000
    10.29679     0.00000     0.00000     0.00000     0.00000
    10.29897     0.00000     0.00000     0.00000     0.00000
    10.30114     0.00000     0.00000     0.00000     0.00000
    10.30332     0.00000     0.00000     0.00000     0.00000
    10.30550     0.00000     0.00000     0.00000     0.00000
    10.30767     0.00000     0.00000     0.00000     0.00000
    10.30985     0.00000     0.00000     0.00000     0.00000
    10.31203     0.00000     0.00000     0.00000     0.00000
    10.31420     0.00000     0.00000     0.00000     0.00000
    10.31638     0.00000     0.00000     0.00000     0.00000
    10.31856     0.00000     0.00000     0.00000     0.00000
    10.32073     0.00000     0.00000     0.00000     0.00000
    10.32291     0.00000     0.00000     0.00000     0.00000
    10.32509     0.00000     0.00000     0.00000     0.00000
    10.32727     0.00000     0.00000     0.00000     0.00000
    10.32944     0.00000     0.00000     0.00000     0.00000
    10.33162     0.00000     0.00000     0.00000     0.00000
    10.33380     0.00000     0.00000     0.00000     0.00000
    10.33597     0.00000     0.00000     0.00000     0.00000
    10.33815     0.00000     0.00000     0.00000     0.00000
    10.34033     0.00000     0.00000     0.00000     0.00000
    10.34250     0.00000     0.00000     0.00000     0.00000
    10.34468     0.00000     0.00000     0.00000     0.00000
    10.34686     0.00000     0.00000     0.00000     0.00000
    10.34903     0.00000     0.00000     0.00000     0.00000
    10.35121     0.00000     0.00000     0.00000     0.00000
    10.35339     0.00000     0.00000     0.00000     0.00000
    10.35557     0.00000     0.00000     0.00000     0.00000
    10.35774     0.00000     0.00000     0.00000     0.00000
    10.35992     0.00000     0.00000     0.00000     0.00000
    10.36210     0.00000     0.00000     0.00000     0.00000
    10.36427     0.00000     0.00000     0.00000     0.00000
    10.36645     0.00000     0.00000     0.00000     0.00000
    10.36863     0.00000     0.00000     0.00000     0.00000
    10.37080     0.00000     0.00000     0.00000     0.00000
    10.37298     0.00000     0.00000     0.00000     0.00000
    10.37516     0.00000     0.00000     0.00000     0.00000
    10.37733     0.00000     0.00000     0.00000     0.00000
    10.37951     0.00000     0.00000     0.00000     0.00000
    10.38169     0.00000     0.00000     0.00000     0.00000
    10.38386     0.00000     0.00000     0.00000     0.00000
    10.38604     0.00000     0.00000     0.00000     0.00000
    10.38822     0.00000     0.00000     0.00000     0.00000
    10.39040     0.00000     0.00000     0.00000     0.00000
    10.39257     0.00000     0.00000     0.00000     0.00000
    10.39475     0.00000     0.00000     0.00000     0.00000
    10.39693     0.00000     0.00000     0.00000     0.00000
    10.39910     0.00000     0.00000     0.00000     0.00000
    10.40128     0.00000     0.00000     0.00000     0.00000
    10.40346     0.00000     0.00000     0.00000     0.00000
    10.40563     0.00000     0.00000     0.00000     0.00000
    10.40781     0.00000     0.00000     0.00000     0.00000
    10.40999     0.00000     0.00000     0.00000     0.00000
    10.41216     0.00000     0.00000     0.00000     0.00000
    10.41434     0.00000     0.00000     0.00000     0.00000
    10.41652     0.00000     0.00000     0.00000     0.00000
    10.41870     0.00000     0.00000     0.00000     0.00000
    10.42087     0.00000     0.00000     0.00000     0.00000
    10.42305     0.00000     0.00000     0.00000     0.00000
    10.42523     0.00000     0.00000     0.00000     0.00000
    10.42740     0.00000     0.00000     0.00000     0.00000
    10.42958     0.00000     0.00000     0.00000     0.00000
    10.43176     0.00000     0.00000     0.00000     0.00000
    10.43393     0.00000     0.00000     0.00000     0.00000
    10.43611     0.00000     0.00000     0.00000     0.00000
    10.43829     0.00000     0.00000     0.00000     0.00000
    10.44046     0.00000     0.00000     0.00000     0.00000
    10.44264     0.00000     0.00000     0.00000     0.00000
    10.44482     0.00000     0.00000     0.00000     0.00000
    10.44700     0.00000     0.00000     0.00000     0.00000
    10.44917     0.00000     0.00000     0.00000     0.00000
    10.45135     0.00000     0.00000     0.00000     0.00000
    10.45353     0.00000     0.00000     0.00000     0.00000
    10.45570     0.00000     0.00000     0.00000     0.00000
    10.45788     0.00000     0.00000     0.00000     0.00000
    10.46006     0.00000     0.00000     0.00000     0.00000
    10.46223     0.00000     0.00000     0.00000     0.00000
    10.46441     0.00000     0.00000     0.00000     0.00000
    10.46659     0.00000     0.00000     0.00000     0.00000
    10.46876     0.00000     0.00000     0.00000     0.00000
    10.47094     0.00000     0.00000     0.00000     0.00000
    10.47312     0.00000     0.00000     0.00000     0.00000
    10.47530     0.00000     0.00000     0.00000     0.00000
    10.47747     0.00000     0.00000     0.00000     0.00000
    10.47965     0.00000     0.00000     0.00000     0.00000
    10.48183     0.00000     0.00000     0.00000     0.00000
    10.48400     0.00000     0.00000     0.00000     0.00000
    10.48618     0.00000     0.00000     0.00000     0.00000
    10.48836     0.00000     0.00000     0.00000     0.00000
    10.49053     0.00000     0.00000     0.00000     0.00000
    10.49271     0.00000     0.00000     0.00000     0.00000
    10.49489     0.00000     0.00000     0.00000     0.00000
    10.49706     0.00000     0.00000     0.00000     0.00000
    10.49924     0.00000     0.00000     0.00000     0.00000
    10.50142     0.00000     0.00000     0.00000     0.00000
    10.50360     0.00000     0.00000     0.00000     0.00000
    10.50577     0.00000     0.00000     0.00000     0.00000
    10.50795     0.00000     0.00000     0.00000     0.00000
    10.51013     0.00000     0.00000     0.00000     0.00000
    10.51230     0.00000     0.00000     0.00000     0.00000
    10.51448     0.00000     0.00000     0.00000     0.00000
    10.51666     0.00000     0.00000     0.00000     0.00000
    10.51883     0.00000     0.00000     0.00000     0.00000
    10.52101     0.00000     0.00000     0.00000     0.00000
    10.52319     0.00000     0.00000     0.00000     0.00000
    10.52536     0.00000     0.00000     0.00000     0.00000
    10.52754     0.00000     0.00000     0.00000     0.00000
    10.52972     0.00000     0.00000     0.00000     0.00000
    10.53189     0.00000     0.00000     0.00000     0.00000
    10.53407     0.00000     0.00000     0.00000     0.00000
    10.53625     0.00000     0.00000     0.00000     0.00000
    10.53843     0.00000     0.00000     0.00000     0.00000
    10.54060     0.00000     0.00000     0.00000     0.00000
    10.54278     0.00000     0.00000     0.00000     0.00000
    10.54496     0.00000     0.00000     0.00000     0.00000
    10.54713     0.00000     0.00000     0.00000     0.00000
    10.54931     0.00000     0.00000     0.00000     0.00000
    10.55149     0.00000     0.00000     0.00000     0.00000
    10.55366     0.00000     0.00000     0.00000     0.00000
    10.55584     0.00000     0.00000     0.00000     0.00000
    10.55802     0.00000     0.00000     0.00000     0.00000
    10.56019     0.00000     0.00000     0.00000     0.00000
    10.56237     0.00000     0.00000     0.00000     0.00000
    10.56455     0.00000     0.00000     0.00000     0.00000
    10.56673     0.00000     0.00000     0.00000     0.00000
    10.56890     0.00000     0.00000     0.00000     0.00000
    10.57108     0.00000     0.00000     0.00000     0.00000
    10.57326     0.00000     0.00000     0.00000     0.00000
    10.57543     0.00000     0.00000     0.00000     0.00000
    10.57761     0.00000     0.00000     0.00000     0.00000
    10.57979     0.00000     0.00000     0.00000     0.00000
    10.58196     0.00000     0.00000     0.00000     0.00000
    10.58414     0.00000     0.00000     0.00000     0.00000
    10.58632     0.00000     0.00000     0.00000     0.00000
    10.58849     0.00000     0.00000     0.00000     0.00000
    10.59067     0.00000     0.00000     0.00000     0.00000
    10.59285     0.00000     0.00000     0.00000     0.00000
    10.59503     0.00000     0.00000     0.00000     0.00000
    10.59720     0.00000     0.00000     0.00000     0.00000
    10.59938     0.00000     0.00000     0.00000     0.00000
    10.60156     0.00000     0.00000     0.00000     0.00000
    10.60373     0.00000     0.00000     0.00000     0.00000
    10.60591     0.00000     0.00000     0.00000     0.00000
    10.60809     0.00000     0.00000     0.00000     0.00000
    10.61026     0.00000     0.00000     0.00000     0.00000
    10.61244     0.00000     0.00000     0.00000     0.00000
    10.61462     0.00000     0.00000     0.00000     0.00000
    10.61679     0.00000     0.00000     0.00000     0.00000
    10.61897     0.00000     0.00000     0.00000     0.00000
    10.62115     0.00000     0.00000     0.00000     0.00000
    10.62333     0.00000     0.00000     0.00000     0.00000
    10.62550     0.00000     0.00000     0.00000     0.00000
    10.62768     0.00000     0.00000     0.00000     0.00000
    10.62986     0.00000     0.00000     0.00000     0.00000
    10.63203     0.00000     0.00000     0.00000     0.00000
    10.63421     0.00000     0.00000     0.00000     0.00000
    10.63639     0.00000     0.00000     0.00000     0.00000
    10.63856     0.00000     0.00000     0.00000     0.00000
    10.64074     0.00000     0.00000     0.00000     0.00000
    10.64292     0.00000     0.00000     0.00000     0.00000
    10.64509     0.00000     0.00000     0.00000     0.00000
    10.64727     0.00000     0.00000     0.00000     0.00000
    10.64945     0.00000     0.00000     0.00000     0.00000
    10.65162     0.00000     0.00000     0.00000     0.00000
    10.65380     0.00000     0.00000     0.00000     0.00000
    10.65598     0.00000     0.00000     0.00000     0.00000
    10.65816     0.00000     0.00000     0.00000     0.00000
    10.66033     0.00000     0.00000     0.00000     0.00000
    10.66251     0.00000     0.00000     0.00000     0.00000
    10.66469     0.00000     0.00000     0.00000     0.00000
    10.66686     0.00000     0.00000     0.00000     0.00000
    10.66904     0.00000     0.00000     0.00000     0.00000
    10.67122     0.00000     0.00000     0.00000     0.00000
    10.67339     0.00000     0.00000     0.00000     0.00000
    10.67557     0.00000     0.00000     0.00000     0.00000
    10.67775     0.00000     0.00000     0.00000     0.00000
    10.67992     0.00000     0.00000     0.00000     0.00000
    10.68210     0.00000     0.00000     0.00000     0.00000
    10.68428     0.00000     0.00000     0.00000     0.00000
    10.68646     0.00000     0.00000     0.00000     0.00000
    10.68863     0.00000     0.00000     0.00000     0.00000
    10.69081     0.00000     0.00000     0.00000     0.00000
    10.69299     0.00000     0.00000     0.00000     0.00000
    10.69516     0.00000     0.00000     0.00000     0.00000
    10.69734     0.00000     0.00000     0.00000     0.00000
    10.69952     0.00000     0.00000     0.00000     0.00000
    10.70169     0.00000     0.00000     0.00000     0.00000
    10.70387     0.00000     0.00000     0.00000     0.00000
    10.70605     0.00000     0.00000     0.00000     0.00000
    10.70822     0.00000     0.00000     0.00000     0.00000
    10.71040     0.00000     0.00000     0.00000     0.00000
    10.71258     0.00000     0.00000     0.00000     0.00000
    10.71476     0.00000     0.00000     0.00000     0.00000
    10.71693     0.00000     0.00000     0.00000     0.00000
    10.71911     0.00000     0.00000     0.00000     0.00000
    10.72129     0.00000     0.00000     0.00000     0.00000
    10.72346     0.00000     0.00000     0.00000     0.00000
    10.72564     0.00000     0.00000     0.00000     0.00000
    10.72782     0.00000     0.00000     0.00000     0.00000
    10.72999     0.00000     0.00000     0.00000     0.00000
    10.73217     0.00000     0.00000     0.00000     0.00000
    10.73435     0.00000     0.00000     0.00000     0.00000
    10.73652     0.00000     0.00000     0.00000     0.00000
    10.73870     0.00000     0.00000     0.00000     0.00000
    10.74088     0.00000     0.00000     0.00000     0.00000
    10.74306     0.00000     0.00000     0.00000     0.00000
    10.74523     0.00000     0.00000     0.00000     0.00000
    10.74741     0.00000     0.00000     0.00000     0.00000
    10.74959     0.00000     0.00000     0.00000     0.00000
    10.75176     0.00000     0.00000     0.00000     0.00000
    10.75394     0.00000     0.00000     0.00000     0.00000
    10.75612     0.00000     0.00000     0.00000     0.00000
    10.75829     0.00000     0.00000     0.00000     0.00000
    10.76047     0.00000     0.00000     0.00000     0.00000
    10.76265     0.00000     0.00000     0.00000     0.00000
    10.76482     0.00000     0.00000     0.00000     0.00000
    10.76700     0.00000     0.00000     0.00000     0.00000
    10.76918     0.00000     0.00000     0.00000     0.00000
    10.77136     0.00000     0.00000     0.00000     0.00000
    10.77353     0.00000     0.00000     0.00000     0.00000
    10.77571     0.00000     0.00000     0.00000     0.00000
    10.77789     0.00000     0.00000     0.00000     0.00000
    10.78006     0.00000     0.00000     0.00000     0.00000
    10.78224     0.00000     0.00000     0.00000     0.00000
    10.78442     0.00000     0.00000     0.00000     0.00000
    10.78659     0.00000     0.00000     0.00000     0.00000
    10.78877     0.00000     0.00000     0.00000     0.00000
    10.79095     0.00000     0.00000     0.00000     0.00000
    10.79312     0.00000     0.00000     0.00000     0.00000
    10.79530     0.00000     0.00000     0.00000     0.00000
    10.79748     0.00000     0.00000     0.00000     0.00000
    10.79965     0.00000     0.00000     0.00000     0.00000
    10.80183     0.00000     0.00000     0.00000     0.00000
    10.80401     0.00000     0.00000     0.00000     0.00000
    10.80619     0.00000     0.00000     0.00000     0.00000
    10.80836     0.00000     0.00000     0.00000     0.00000
    10.81054     0.00000     0.00000     0.00000     0.00000
    10.81272     0.00000     0.00000     0.00000     0.00000
    10.81489     0.00000     0.00000     0.00000     0.00000
    10.81707     0.00000     0.00000     0.00000     0.00000
    10.81925     0.00000     0.00000     0.00000     0.00000
    10.82142     0.00000     0.00000     0.00000     0.00000
    10.82360     0.00000     0.00000     0.00000     0.00000
    10.82578     0.00000     0.00000     0.00000     0.00000
    10.82795     0.00000     0.00000     0.00000     0.00000
    10.83013     0.00000     0.00000     0.00000     0.00000
    10.83231     0.00000     0.00000     0.00000     0.00000
    10.83449     0.00000     0.00000     0.00000     0.00000
    10.83666     0.00000     0.00000     0.00000     0.00000
    10.83884     0.00000     0.00000     0.00000     0.00000
    10.84102     0.00000     0.00000     0.00000     0.00000
    10.84319     0.00000     0.00000     0.00000     0.00000
    10.84537     0.00000     0.00000     0.00000     0.00000
    10.84755     0.00000     0.00000     0.00000     0.00000
    10.84972     0.00000     0.00000     0.00000     0.00000
    10.85190     0.00000     0.00000     0.00000     0.00000
    10.85408     0.00000     0.00000     0.00000     0.00000
    10.85625     0.00000     0.00000     0.00000     0.00000
    10.85843     0.00000     0.00000     0.00000     0.00000
    10.86061     0.00000     0.00000     0.00000     0.00000
    10.86279     0.00000     0.00000     0.00000     0.00000
    10.86496     0.00000     0.00000     0.00000     0.00000
    10.86714     0.00000     0.00000     0.00000     0.00000
    10.86932     0.00000     0.00000     0.00000     0.00000
    10.87149     0.00000     0.00000     0.00000     0.00000
    10.87367     0.00000     0.00000     0.00000     0.00000
    10.87585     0.00000     0.00000     0.00000     0.00000
    10.87802     0.00000     0.00000     0.00000     0.00000
    10.88020     0.00000     0.00000     0.00000     0.00000
    10.88238     0.00000     0.00000     0.00000     0.00000
    10.88455     0.00000     0.00000     0.00000     0.00000
&
