# Spin 1
# Original Fermi-level:     -3.91787 eV
# DOS shifted relative to Fermi-level
#  Energy (eV)     DOS (/eV)    Local iDOS
     -10.88455       0.00000       0.00000
     -10.88238       0.00000       0.00000
     -10.88020       0.00000       0.00000
     -10.87802       0.00000       0.00000
     -10.87585       0.00000       0.00000
     -10.87367       0.00000       0.00000
     -10.87149       0.00000       0.00000
     -10.86932       0.00000       0.00000
     -10.86714       0.00000       0.00000
     -10.86496       0.00000       0.00000
     -10.86279       0.00000       0.00000
     -10.86061       0.00000       0.00000
     -10.85843       0.00000       0.00000
     -10.85625       0.00000       0.00000
     -10.85408       0.00000       0.00000
     -10.85190       0.00000       0.00000
     -10.84972       0.00000       0.00000
     -10.84755       0.00000       0.00000
     -10.84537       0.00000       0.00000
     -10.84319       0.00000       0.00000
     -10.84102       0.00000       0.00000
     -10.83884       0.00000       0.00000
     -10.83666       0.00000       0.00000
     -10.83449       0.00000       0.00000
     -10.83231       0.00000       0.00000
     -10.83013       0.00000       0.00000
     -10.82795       0.00000       0.00000
     -10.82578       0.00000       0.00000
     -10.82360       0.00000       0.00000
     -10.82142       0.00000       0.00000
     -10.81925       0.00000       0.00000
     -10.81707       0.00000       0.00000
     -10.81489       0.00000       0.00000
     -10.81272       0.00000       0.00000
     -10.81054       0.00000       0.00000
     -10.80836       0.00000       0.00000
     -10.80619       0.00000       0.00000
     -10.80401       0.00000       0.00000
     -10.80183       0.00000       0.00000
     -10.79965       0.00000       0.00000
     -10.79748       0.00000       0.00000
     -10.79530       0.00000       0.00000
     -10.79312       0.00000       0.00000
     -10.79095       0.00000       0.00000
     -10.78877       0.00000       0.00000
     -10.78659       0.00000       0.00000
     -10.78442       0.00000       0.00000
     -10.78224       0.00000       0.00000
     -10.78006       0.00000       0.00000
     -10.77789       0.00000       0.00000
     -10.77571       0.00000       0.00000
     -10.77353       0.00000       0.00000
     -10.77136       0.00000       0.00000
     -10.76918       0.00000       0.00000
     -10.76700       0.00000       0.00000
     -10.76482       0.00000       0.00000
     -10.76265       0.00000       0.00000
     -10.76047       0.00000       0.00000
     -10.75829       0.00000       0.00000
     -10.75612       0.00000       0.00000
     -10.75394       0.00000       0.00000
     -10.75176       0.00000       0.00000
     -10.74959       0.00000       0.00000
     -10.74741       0.00000       0.00000
     -10.74523       0.00000       0.00000
     -10.74306       0.00000       0.00000
     -10.74088       0.00000       0.00000
     -10.73870       0.00000       0.00000
     -10.73652       0.00000       0.00000
     -10.73435       0.00000       0.00000
     -10.73217       0.00000       0.00000
     -10.72999       0.00000       0.00000
     -10.72782       0.00000       0.00000
     -10.72564       0.00000       0.00000
     -10.72346       0.00000       0.00000
     -10.72129       0.00000       0.00000
     -10.71911       0.00000       0.00000
     -10.71693       0.00000       0.00000
     -10.71476       0.00000       0.00000
     -10.71258       0.00000       0.00000
     -10.71040       0.00000       0.00000
     -10.70822       0.00000       0.00000
     -10.70605       0.00000       0.00000
     -10.70387       0.00000       0.00000
     -10.70169       0.00000       0.00000
     -10.69952       0.00000       0.00000
     -10.69734       0.00000       0.00000
     -10.69516       0.00000       0.00000
     -10.69299       0.00000       0.00000
     -10.69081       0.00000       0.00000
     -10.68863       0.00000       0.00000
     -10.68646       0.00000       0.00000
     -10.68428       0.00000       0.00000
     -10.68210       0.00000       0.00000
     -10.67992       0.00000       0.00000
     -10.67775       0.00000       0.00000
     -10.67557       0.00000       0.00000
     -10.67339       0.00000       0.00000
     -10.67122       0.00000       0.00000
     -10.66904       0.00000       0.00000
     -10.66686       0.00000       0.00000
     -10.66469       0.00000       0.00000
     -10.66251       0.00000       0.00000
     -10.66033       0.00000       0.00000
     -10.65816       0.00000       0.00000
     -10.65598       0.00000       0.00000
     -10.65380       0.00000       0.00000
     -10.65162       0.00000       0.00000
     -10.64945       0.00000       0.00000
     -10.64727       0.00000       0.00000
     -10.64509       0.00000       0.00000
     -10.64292       0.00000       0.00000
     -10.64074       0.00000       0.00000
     -10.63856       0.00000       0.00000
     -10.63639       0.00000       0.00000
     -10.63421       0.00000       0.00000
     -10.63203       0.00000       0.00000
     -10.62986       0.00000       0.00000
     -10.62768       0.00000       0.00000
     -10.62550       0.00000       0.00000
     -10.62333       0.00000       0.00000
     -10.62115       0.00000       0.00000
     -10.61897       0.00000       0.00000
     -10.61679       0.00000       0.00000
     -10.61462       0.00000       0.00000
     -10.61244       0.00000       0.00000
     -10.61026       0.00000       0.00000
     -10.60809       0.00000       0.00000
     -10.60591       0.00000       0.00000
     -10.60373       0.00000       0.00000
     -10.60156       0.00000       0.00000
     -10.59938       0.00000       0.00000
     -10.59720       0.00000       0.00000
     -10.59503       0.00000       0.00000
     -10.59285       0.00000       0.00000
     -10.59067       0.00000       0.00000
     -10.58849       0.00000       0.00000
     -10.58632       0.00000       0.00000
     -10.58414       0.00000       0.00000
     -10.58196       0.00000       0.00000
     -10.57979       0.00000       0.00000
     -10.57761       0.00000       0.00000
     -10.57543       0.00000       0.00000
     -10.57326       0.00000       0.00000
     -10.57108       0.00000       0.00000
     -10.56890       0.00000       0.00000
     -10.56673       0.00000       0.00000
     -10.56455       0.00000       0.00000
     -10.56237       0.00000       0.00000
     -10.56019       0.00000       0.00000
     -10.55802       0.00000       0.00000
     -10.55584       0.00000       0.00000
     -10.55366       0.00000       0.00000
     -10.55149       0.00000       0.00000
     -10.54931       0.00000       0.00000
     -10.54713       0.00000       0.00000
     -10.54496       0.00000       0.00000
     -10.54278       0.00000       0.00000
     -10.54060       0.00000       0.00000
     -10.53843       0.00000       0.00000
     -10.53625       0.00000       0.00000
     -10.53407       0.00000       0.00000
     -10.53189       0.00000       0.00000
     -10.52972       0.00000       0.00000
     -10.52754       0.00000       0.00000
     -10.52536       0.00000       0.00000
     -10.52319       0.00000       0.00000
     -10.52101       0.00000       0.00000
     -10.51883       0.00000       0.00000
     -10.51666       0.00000       0.00000
     -10.51448       0.00000       0.00000
     -10.51230       0.00000       0.00000
     -10.51013       0.00000       0.00000
     -10.50795       0.00000       0.00000
     -10.50577       0.00000       0.00000
     -10.50360       0.00000       0.00000
     -10.50142       0.00000       0.00000
     -10.49924       0.00000       0.00000
     -10.49706       0.00000       0.00000
     -10.49489       0.00000       0.00000
     -10.49271       0.00000       0.00000
     -10.49053       0.00000       0.00000
     -10.48836       0.00000       0.00000
     -10.48618       0.00000       0.00000
     -10.48400       0.00000       0.00000
     -10.48183       0.00000       0.00000
     -10.47965       0.00000       0.00000
     -10.47747       0.00000       0.00000
     -10.47530       0.00000       0.00000
     -10.47312       0.00000       0.00000
     -10.47094       0.00000       0.00000
     -10.46876       0.00000       0.00000
     -10.46659       0.00000       0.00000
     -10.46441       0.00000       0.00000
     -10.46223       0.00000       0.00000
     -10.46006       0.00000       0.00000
     -10.45788       0.00000       0.00000
     -10.45570       0.00000       0.00000
     -10.45353       0.00000       0.00000
     -10.45135       0.00000       0.00000
     -10.44917       0.00000       0.00000
     -10.44700       0.00000       0.00000
     -10.44482       0.00001       0.00000
     -10.44264       0.00001       0.00000
     -10.44046       0.00002       0.00000
     -10.43829       0.00003       0.00000
     -10.43611       0.00004       0.00000
     -10.43393       0.00006       0.00000
     -10.43176       0.00009       0.00000
     -10.42958       0.00013       0.00000
     -10.42740       0.00019       0.00000
     -10.42523       0.00028       0.00000
     -10.42305       0.00041       0.00000
     -10.42087       0.00060       0.00000
     -10.41870       0.00087       0.00001
     -10.41652       0.00125       0.00001
     -10.41434       0.00179       0.00001
     -10.41216       0.00253       0.00002
     -10.40999       0.00357       0.00003
     -10.40781       0.00500       0.00004
     -10.40563       0.00695       0.00005
     -10.40346       0.00961       0.00007
     -10.40128       0.01319       0.00010
     -10.39910       0.01800       0.00014
     -10.39693       0.02441       0.00019
     -10.39475       0.03289       0.00027
     -10.39257       0.04403       0.00036
     -10.39040       0.05856       0.00049
     -10.38822       0.07740       0.00066
     -10.38604       0.10164       0.00088
     -10.38386       0.13262       0.00117
     -10.38169       0.17194       0.00154
     -10.37951       0.22150       0.00202
     -10.37733       0.28353       0.00264
     -10.37516       0.36060       0.00343
     -10.37298       0.45571       0.00442
     -10.37080       0.57222       0.00566
     -10.36863       0.71394       0.00722
     -10.36645       0.88508       0.00914
     -10.36427       1.09023       0.01152
     -10.36210       1.33437       0.01442
     -10.35992       1.62277       0.01796
     -10.35774       1.96091       0.02222
     -10.35557       2.35439       0.02735
     -10.35339       2.80879       0.03346
     -10.35121       3.32951       0.04071
     -10.34903       3.92159       0.04925
     -10.34686       4.58950       0.05924
     -10.34468       5.33689       0.07086
     -10.34250       6.16640       0.08428
     -10.34033       7.07939       0.09969
     -10.33815       8.07571       0.11727
     -10.33597       9.15347       0.13720
     -10.33380      10.30888       0.15964
     -10.33162      11.53606       0.18475
     -10.32944      12.82698       0.21268
     -10.32727      14.17136       0.24353
     -10.32509      15.55676       0.27739
     -10.32291      16.96866       0.31433
     -10.32073      18.39062       0.35437
     -10.31856      19.80458       0.39748
     -10.31638      21.19119       0.44361
     -10.31420      22.53023       0.49266
     -10.31203      23.80107       0.54447
     -10.30985      24.98319       0.59886
     -10.30767      26.05672       0.65558
     -10.30550      27.00301       0.71436
     -10.30332      27.80514       0.77489
     -10.30114      28.44844       0.83682
     -10.29897      28.92094       0.89978
     -10.29679      29.21372       0.96337
     -10.29461      29.32121       1.02720
     -10.29243      29.24134       1.09086
     -10.29026      28.97566       1.15394
     -10.28808      28.52921       1.21604
     -10.28590      27.91045       1.27680
     -10.28373      27.13091       1.33586
     -10.28155      26.20489       1.39291
     -10.27937      25.14902       1.44766
     -10.27720      23.98171       1.49986
     -10.27502      22.72269       1.54933
     -10.27284      21.39241       1.59590
     -10.27067      20.01154       1.63946
     -10.26849      18.60037       1.67995
     -10.26631      17.17842       1.71735
     -10.26413      15.76396       1.75166
     -10.26196      14.37368       1.78295
     -10.25978      13.02241       1.81130
     -10.25760      11.72290       1.83682
     -10.25543      10.48574       1.85965
     -10.25325       9.31932       1.87994
     -10.25107       8.22980       1.89785
     -10.24890       7.22129       1.91357
     -10.24672       6.29595       1.92728
     -10.24454       5.45416       1.93915
     -10.24237       4.69478       1.94937
     -10.24019       4.01535       1.95811
     -10.23801       3.41234       1.96554
     -10.23583       2.88138       1.97181
     -10.23366       2.41752       1.97708
     -10.23148       2.01539       1.98146
     -10.22930       1.66944       1.98510
     -10.22713       1.37405       1.98809
     -10.22495       1.12371       1.99053
     -10.22277       0.91311       1.99252
     -10.22060       0.73725       1.99413
     -10.21842       0.59147       1.99542
     -10.21624       0.47148       1.99644
     -10.21407       0.37344       1.99725
     -10.21189       0.29390       1.99789
     -10.20971       0.22982       1.99839
     -10.20754       0.17857       1.99878
     -10.20536       0.13786       1.99908
     -10.20318       0.10575       1.99931
     -10.20100       0.08061       1.99949
     -10.19883       0.06105       1.99962
     -10.19665       0.04594       1.99972
     -10.19447       0.03435       1.99980
     -10.19230       0.02552       1.99985
     -10.19012       0.01884       1.99989
     -10.18794       0.01382       1.99992
     -10.18577       0.01007       1.99995
     -10.18359       0.00729       1.99996
     -10.18141       0.00525       1.99997
     -10.17924       0.00375       1.99998
     -10.17706       0.00267       1.99999
     -10.17488       0.00188       1.99999
     -10.17270       0.00132       1.99999
     -10.17053       0.00092       2.00000
     -10.16835       0.00064       2.00000
     -10.16617       0.00044       2.00000
     -10.16400       0.00030       2.00000
     -10.16182       0.00020       2.00000
     -10.15964       0.00014       2.00000
     -10.15747       0.00009       2.00000
     -10.15529       0.00006       2.00000
     -10.15311       0.00004       2.00000
     -10.15094       0.00003       2.00000
     -10.14876       0.00002       2.00000
     -10.14658       0.00001       2.00000
     -10.14440       0.00001       2.00000
     -10.14223       0.00000       2.00000
     -10.14005       0.00000       2.00000
     -10.13787       0.00000       2.00000
     -10.13570       0.00000       2.00000
     -10.13352       0.00000       2.00000
     -10.13134       0.00000       2.00000
     -10.12917       0.00000       2.00000
     -10.12699       0.00000       2.00000
     -10.12481       0.00000       2.00000
     -10.12264       0.00000       2.00000
     -10.12046       0.00000       2.00000
     -10.11828       0.00000       2.00000
     -10.11610       0.00000       2.00000
     -10.11393       0.00000       2.00000
     -10.11175       0.00000       2.00000
     -10.10957       0.00000       2.00000
     -10.10740       0.00000       2.00000
     -10.10522       0.00000       2.00000
     -10.10304       0.00000       2.00000
     -10.10087       0.00000       2.00000
     -10.09869       0.00000       2.00000
     -10.09651       0.00000       2.00000
     -10.09434       0.00000       2.00000
     -10.09216       0.00000       2.00000
     -10.08998       0.00000       2.00000
     -10.08781       0.00000       2.00000
     -10.08563       0.00000       2.00000
     -10.08345       0.00000       2.00000
     -10.08127       0.00000       2.00000
     -10.07910       0.00000       2.00000
     -10.07692       0.00000       2.00000
     -10.07474       0.00000       2.00000
     -10.07257       0.00000       2.00000
     -10.07039       0.00000       2.00000
     -10.06821       0.00000       2.00000
     -10.06604       0.00000       2.00000
     -10.06386       0.00000       2.00000
     -10.06168       0.00000       2.00000
     -10.05951       0.00000       2.00000
     -10.05733       0.00000       2.00000
     -10.05515       0.00000       2.00000
     -10.05297       0.00000       2.00000
     -10.05080       0.00000       2.00000
     -10.04862       0.00000       2.00000
     -10.04644       0.00000       2.00000
     -10.04427       0.00000       2.00000
     -10.04209       0.00000       2.00000
     -10.03991       0.00000       2.00000
     -10.03774       0.00000       2.00000
     -10.03556       0.00000       2.00000
     -10.03338       0.00000       2.00000
     -10.03121       0.00000       2.00000
     -10.02903       0.00000       2.00000
     -10.02685       0.00000       2.00000
     -10.02467       0.00000       2.00000
     -10.02250       0.00000       2.00000
     -10.02032       0.00000       2.00000
     -10.01814       0.00000       2.00000
     -10.01597       0.00000       2.00000
     -10.01379       0.00000       2.00000
     -10.01161       0.00000       2.00000
     -10.00944       0.00000       2.00000
     -10.00726       0.00000       2.00000
     -10.00508       0.00000       2.00000
     -10.00291       0.00000       2.00000
     -10.00073       0.00000       2.00000
      -9.99855       0.00000       2.00000
      -9.99637       0.00000       2.00000
      -9.99420       0.00000       2.00000
      -9.99202       0.00000       2.00000
      -9.98984       0.00000       2.00000
      -9.98767       0.00000       2.00000
      -9.98549       0.00000       2.00000
      -9.98331       0.00000       2.00000
      -9.98114       0.00000       2.00000
      -9.97896       0.00000       2.00000
      -9.97678       0.00000       2.00000
      -9.97461       0.00000       2.00000
      -9.97243       0.00000       2.00000
      -9.97025       0.00000       2.00000
      -9.96807       0.00000       2.00000
      -9.96590       0.00000       2.00000
      -9.96372       0.00000       2.00000
      -9.96154       0.00000       2.00000
      -9.95937       0.00000       2.00000
      -9.95719       0.00000       2.00000
      -9.95501       0.00000       2.00000
      -9.95284       0.00000       2.00000
      -9.95066       0.00000       2.00000
      -9.94848       0.00000       2.00000
      -9.94631       0.00000       2.00000
      -9.94413       0.00000       2.00000
      -9.94195       0.00000       2.00000
      -9.93978       0.00000       2.00000
      -9.93760       0.00000       2.00000
      -9.93542       0.00000       2.00000
      -9.93324       0.00000       2.00000
      -9.93107       0.00000       2.00000
      -9.92889       0.00000       2.00000
      -9.92671       0.00000       2.00000
      -9.92454       0.00000       2.00000
      -9.92236       0.00000       2.00000
      -9.92018       0.00000       2.00000
      -9.91801       0.00000       2.00000
      -9.91583       0.00000       2.00000
      -9.91365       0.00000       2.00000
      -9.91148       0.00000       2.00000
      -9.90930       0.00000       2.00000
      -9.90712       0.00000       2.00000
      -9.90494       0.00000       2.00000
      -9.90277       0.00000       2.00000
      -9.90059       0.00000       2.00000
      -9.89841       0.00000       2.00000
      -9.89624       0.00000       2.00000
      -9.89406       0.00000       2.00000
      -9.89188       0.00000       2.00000
      -9.88971       0.00000       2.00000
      -9.88753       0.00000       2.00000
      -9.88535       0.00000       2.00000
      -9.88318       0.00000       2.00000
      -9.88100       0.00000       2.00000
      -9.87882       0.00000       2.00000
      -9.87664       0.00000       2.00000
      -9.87447       0.00000       2.00000
      -9.87229       0.00000       2.00000
      -9.87011       0.00000       2.00000
      -9.86794       0.00000       2.00000
      -9.86576       0.00000       2.00000
      -9.86358       0.00000       2.00000
      -9.86141       0.00000       2.00000
      -9.85923       0.00000       2.00000
      -9.85705       0.00000       2.00000
      -9.85488       0.00000       2.00000
      -9.85270       0.00000       2.00000
      -9.85052       0.00000       2.00000
      -9.84834       0.00000       2.00000
      -9.84617       0.00000       2.00000
      -9.84399       0.00000       2.00000
      -9.84181       0.00000       2.00000
      -9.83964       0.00000       2.00000
      -9.83746       0.00000       2.00000
      -9.83528       0.00000       2.00000
      -9.83311       0.00000       2.00000
      -9.83093       0.00000       2.00000
      -9.82875       0.00000       2.00000
      -9.82658       0.00000       2.00000
      -9.82440       0.00000       2.00000
      -9.82222       0.00000       2.00000
      -9.82004       0.00000       2.00000
      -9.81787       0.00000       2.00000
      -9.81569       0.00000       2.00000
      -9.81351       0.00000       2.00000
      -9.81134       0.00000       2.00000
      -9.80916       0.00000       2.00000
      -9.80698       0.00000       2.00000
      -9.80481       0.00000       2.00000
      -9.80263       0.00000       2.00000
      -9.80045       0.00000       2.00000
      -9.79828       0.00000       2.00000
      -9.79610       0.00000       2.00000
      -9.79392       0.00000       2.00000
      -9.79175       0.00000       2.00000
      -9.78957       0.00000       2.00000
      -9.78739       0.00000       2.00000
      -9.78521       0.00000       2.00000
      -9.78304       0.00000       2.00000
      -9.78086       0.00000       2.00000
      -9.77868       0.00000       2.00000
      -9.77651       0.00000       2.00000
      -9.77433       0.00000       2.00000
      -9.77215       0.00000       2.00000
      -9.76998       0.00000       2.00000
      -9.76780       0.00000       2.00000
      -9.76562       0.00000       2.00000
      -9.76345       0.00000       2.00000
      -9.76127       0.00000       2.00000
      -9.75909       0.00000       2.00000
      -9.75691       0.00000       2.00000
      -9.75474       0.00000       2.00000
      -9.75256       0.00000       2.00000
      -9.75038       0.00000       2.00000
      -9.74821       0.00000       2.00000
      -9.74603       0.00000       2.00000
      -9.74385       0.00000       2.00000
      -9.74168       0.00000       2.00000
      -9.73950       0.00000       2.00000
      -9.73732       0.00000       2.00000
      -9.73515       0.00000       2.00000
      -9.73297       0.00000       2.00000
      -9.73079       0.00000       2.00000
      -9.72861       0.00000       2.00000
      -9.72644       0.00000       2.00000
      -9.72426       0.00000       2.00000
      -9.72208       0.00000       2.00000
      -9.71991       0.00000       2.00000
      -9.71773       0.00000       2.00000
      -9.71555       0.00000       2.00000
      -9.71338       0.00000       2.00000
      -9.71120       0.00000       2.00000
      -9.70902       0.00000       2.00000
      -9.70685       0.00000       2.00000
      -9.70467       0.00000       2.00000
      -9.70249       0.00000       2.00000
      -9.70031       0.00000       2.00000
      -9.69814       0.00000       2.00000
      -9.69596       0.00000       2.00000
      -9.69378       0.00000       2.00000
      -9.69161       0.00000       2.00000
      -9.68943       0.00000       2.00000
      -9.68725       0.00000       2.00000
      -9.68508       0.00000       2.00000
      -9.68290       0.00000       2.00000
      -9.68072       0.00000       2.00000
      -9.67855       0.00000       2.00000
      -9.67637       0.00000       2.00000
      -9.67419       0.00000       2.00000
      -9.67202       0.00000       2.00000
      -9.66984       0.00000       2.00000
      -9.66766       0.00000       2.00000
      -9.66548       0.00000       2.00000
      -9.66331       0.00000       2.00000
      -9.66113       0.00000       2.00000
      -9.65895       0.00000       2.00000
      -9.65678       0.00000       2.00000
      -9.65460       0.00000       2.00000
      -9.65242       0.00000       2.00000
      -9.65025       0.00000       2.00000
      -9.64807       0.00000       2.00000
      -9.64589       0.00000       2.00000
      -9.64372       0.00000       2.00000
      -9.64154       0.00000       2.00000
      -9.63936       0.00000       2.00000
      -9.63718       0.00000       2.00000
      -9.63501       0.00000       2.00000
      -9.63283       0.00000       2.00000
      -9.63065       0.00000       2.00000
      -9.62848       0.00000       2.00000
      -9.62630       0.00000       2.00000
      -9.62412       0.00000       2.00000
      -9.62195       0.00000       2.00000
      -9.61977       0.00000       2.00000
      -9.61759       0.00000       2.00000
      -9.61542       0.00000       2.00000
      -9.61324       0.00000       2.00000
      -9.61106       0.00000       2.00000
      -9.60888       0.00000       2.00000
      -9.60671       0.00000       2.00000
      -9.60453       0.00000       2.00000
      -9.60235       0.00000       2.00000
      -9.60018       0.00000       2.00000
      -9.59800       0.00000       2.00000
      -9.59582       0.00000       2.00000
      -9.59365       0.00000       2.00000
      -9.59147       0.00000       2.00000
      -9.58929       0.00000       2.00000
      -9.58712       0.00000       2.00000
      -9.58494       0.00000       2.00000
      -9.58276       0.00000       2.00000
      -9.58058       0.00000       2.00000
      -9.57841       0.00000       2.00000
      -9.57623       0.00000       2.00000
      -9.57405       0.00000       2.00000
      -9.57188       0.00000       2.00000
      -9.56970       0.00000       2.00000
      -9.56752       0.00000       2.00000
      -9.56535       0.00000       2.00000
      -9.56317       0.00000       2.00000
      -9.56099       0.00000       2.00000
      -9.55882       0.00000       2.00000
      -9.55664       0.00000       2.00000
      -9.55446       0.00000       2.00000
      -9.55228       0.00000       2.00000
      -9.55011       0.00000       2.00000
      -9.54793       0.00000       2.00000
      -9.54575       0.00000       2.00000
      -9.54358       0.00000       2.00000
      -9.54140       0.00000       2.00000
      -9.53922       0.00000       2.00000
      -9.53705       0.00000       2.00000
      -9.53487       0.00000       2.00000
      -9.53269       0.00000       2.00000
      -9.53052       0.00000       2.00000
      -9.52834       0.00000       2.00000
      -9.52616       0.00000       2.00000
      -9.52399       0.00000       2.00000
      -9.52181       0.00000       2.00000
      -9.51963       0.00000       2.00000
      -9.51745       0.00000       2.00000
      -9.51528       0.00000       2.00000
      -9.51310       0.00000       2.00000
      -9.51092       0.00000       2.00000
      -9.50875       0.00000       2.00000
      -9.50657       0.00000       2.00000
      -9.50439       0.00000       2.00000
      -9.50222       0.00000       2.00000
      -9.50004       0.00000       2.00000
      -9.49786       0.00000       2.00000
      -9.49569       0.00000       2.00000
      -9.49351       0.00000       2.00000
      -9.49133       0.00000       2.00000
      -9.48915       0.00000       2.00000
      -9.48698       0.00000       2.00000
      -9.48480       0.00000       2.00000
      -9.48262       0.00000       2.00000
      -9.48045       0.00000       2.00000
      -9.47827       0.00000       2.00000
      -9.47609       0.00000       2.00000
      -9.47392       0.00000       2.00000
      -9.47174       0.00000       2.00000
      -9.46956       0.00000       2.00000
      -9.46739       0.00000       2.00000
      -9.46521       0.00000       2.00000
      -9.46303       0.00000       2.00000
      -9.46085       0.00000       2.00000
      -9.45868       0.00000       2.00000
      -9.45650       0.00000       2.00000
      -9.45432       0.00000       2.00000
      -9.45215       0.00000       2.00000
      -9.44997       0.00000       2.00000
      -9.44779       0.00000       2.00000
      -9.44562       0.00000       2.00000
      -9.44344       0.00000       2.00000
      -9.44126       0.00000       2.00000
      -9.43909       0.00000       2.00000
      -9.43691       0.00000       2.00000
      -9.43473       0.00000       2.00000
      -9.43255       0.00000       2.00000
      -9.43038       0.00000       2.00000
      -9.42820       0.00000       2.00000
      -9.42602       0.00000       2.00000
      -9.42385       0.00000       2.00000
      -9.42167       0.00000       2.00000
      -9.41949       0.00000       2.00000
      -9.41732       0.00000       2.00000
      -9.41514       0.00000       2.00000
      -9.41296       0.00000       2.00000
      -9.41079       0.00000       2.00000
      -9.40861       0.00000       2.00000
      -9.40643       0.00000       2.00000
      -9.40426       0.00000       2.00000
      -9.40208       0.00000       2.00000
      -9.39990       0.00000       2.00000
      -9.39772       0.00000       2.00000
      -9.39555       0.00000       2.00000
      -9.39337       0.00000       2.00000
      -9.39119       0.00000       2.00000
      -9.38902       0.00000       2.00000
      -9.38684       0.00000       2.00000
      -9.38466       0.00000       2.00000
      -9.38249       0.00000       2.00000
      -9.38031       0.00000       2.00000
      -9.37813       0.00000       2.00000
      -9.37596       0.00000       2.00000
      -9.37378       0.00000       2.00000
      -9.37160       0.00000       2.00000
      -9.36942       0.00000       2.00000
      -9.36725       0.00000       2.00000
      -9.36507       0.00000       2.00000
      -9.36289       0.00000       2.00000
      -9.36072       0.00000       2.00000
      -9.35854       0.00000       2.00000
      -9.35636       0.00000       2.00000
      -9.35419       0.00000       2.00000
      -9.35201       0.00000       2.00000
      -9.34983       0.00000       2.00000
      -9.34766       0.00000       2.00000
      -9.34548       0.00000       2.00000
      -9.34330       0.00000       2.00000
      -9.34112       0.00000       2.00000
      -9.33895       0.00000       2.00000
      -9.33677       0.00000       2.00000
      -9.33459       0.00000       2.00000
      -9.33242       0.00000       2.00000
      -9.33024       0.00000       2.00000
      -9.32806       0.00000       2.00000
      -9.32589       0.00000       2.00000
      -9.32371       0.00000       2.00000
      -9.32153       0.00000       2.00000
      -9.31936       0.00000       2.00000
      -9.31718       0.00000       2.00000
      -9.31500       0.00000       2.00000
      -9.31282       0.00000       2.00000
      -9.31065       0.00000       2.00000
      -9.30847       0.00000       2.00000
      -9.30629       0.00000       2.00000
      -9.30412       0.00000       2.00000
      -9.30194       0.00000       2.00000
      -9.29976       0.00000       2.00000
      -9.29759       0.00000       2.00000
      -9.29541       0.00000       2.00000
      -9.29323       0.00000       2.00000
      -9.29106       0.00000       2.00000
      -9.28888       0.00000       2.00000
      -9.28670       0.00000       2.00000
      -9.28452       0.00000       2.00000
      -9.28235       0.00000       2.00000
      -9.28017       0.00000       2.00000
      -9.27799       0.00000       2.00000
      -9.27582       0.00000       2.00000
      -9.27364       0.00000       2.00000
      -9.27146       0.00000       2.00000
      -9.26929       0.00000       2.00000
      -9.26711       0.00000       2.00000
      -9.26493       0.00000       2.00000
      -9.26276       0.00000       2.00000
      -9.26058       0.00000       2.00000
      -9.25840       0.00000       2.00000
      -9.25623       0.00000       2.00000
      -9.25405       0.00000       2.00000
      -9.25187       0.00000       2.00000
      -9.24969       0.00000       2.00000
      -9.24752       0.00000       2.00000
      -9.24534       0.00000       2.00000
      -9.24316       0.00000       2.00000
      -9.24099       0.00000       2.00000
      -9.23881       0.00000       2.00000
      -9.23663       0.00000       2.00000
      -9.23446       0.00000       2.00000
      -9.23228       0.00000       2.00000
      -9.23010       0.00000       2.00000
      -9.22793       0.00000       2.00000
      -9.22575       0.00000       2.00000
      -9.22357       0.00000       2.00000
      -9.22139       0.00000       2.00000
      -9.21922       0.00000       2.00000
      -9.21704       0.00000       2.00000
      -9.21486       0.00000       2.00000
      -9.21269       0.00000       2.00000
      -9.21051       0.00000       2.00000
      -9.20833       0.00000       2.00000
      -9.20616       0.00000       2.00000
      -9.20398       0.00000       2.00000
      -9.20180       0.00000       2.00000
      -9.19963       0.00000       2.00000
      -9.19745       0.00000       2.00000
      -9.19527       0.00000       2.00000
      -9.19309       0.00000       2.00000
      -9.19092       0.00000       2.00000
      -9.18874       0.00000       2.00000
      -9.18656       0.00000       2.00000
      -9.18439       0.00000       2.00000
      -9.18221       0.00000       2.00000
      -9.18003       0.00000       2.00000
      -9.17786       0.00000       2.00000
      -9.17568       0.00000       2.00000
      -9.17350       0.00000       2.00000
      -9.17133       0.00000       2.00000
      -9.16915       0.00000       2.00000
      -9.16697       0.00000       2.00000
      -9.16479       0.00000       2.00000
      -9.16262       0.00000       2.00000
      -9.16044       0.00000       2.00000
      -9.15826       0.00000       2.00000
      -9.15609       0.00000       2.00000
      -9.15391       0.00000       2.00000
      -9.15173       0.00000       2.00000
      -9.14956       0.00000       2.00000
      -9.14738       0.00000       2.00000
      -9.14520       0.00000       2.00000
      -9.14303       0.00000       2.00000
      -9.14085       0.00000       2.00000
      -9.13867       0.00000       2.00000
      -9.13649       0.00000       2.00000
      -9.13432       0.00000       2.00000
      -9.13214       0.00000       2.00000
      -9.12996       0.00000       2.00000
      -9.12779       0.00000       2.00000
      -9.12561       0.00000       2.00000
      -9.12343       0.00000       2.00000
      -9.12126       0.00000       2.00000
      -9.11908       0.00000       2.00000
      -9.11690       0.00000       2.00000
      -9.11473       0.00000       2.00000
      -9.11255       0.00000       2.00000
      -9.11037       0.00000       2.00000
      -9.10820       0.00000       2.00000
      -9.10602       0.00000       2.00000
      -9.10384       0.00000       2.00000
      -9.10166       0.00000       2.00000
      -9.09949       0.00000       2.00000
      -9.09731       0.00000       2.00000
      -9.09513       0.00000       2.00000
      -9.09296       0.00000       2.00000
      -9.09078       0.00000       2.00000
      -9.08860       0.00000       2.00000
      -9.08643       0.00000       2.00000
      -9.08425       0.00000       2.00000
      -9.08207       0.00000       2.00000
      -9.07990       0.00000       2.00000
      -9.07772       0.00000       2.00000
      -9.07554       0.00000       2.00000
      -9.07336       0.00000       2.00000
      -9.07119       0.00000       2.00000
      -9.06901       0.00000       2.00000
      -9.06683       0.00000       2.00000
      -9.06466       0.00000       2.00000
      -9.06248       0.00000       2.00000
      -9.06030       0.00000       2.00000
      -9.05813       0.00000       2.00000
      -9.05595       0.00000       2.00000
      -9.05377       0.00000       2.00000
      -9.05160       0.00000       2.00000
      -9.04942       0.00000       2.00000
      -9.04724       0.00000       2.00000
      -9.04506       0.00000       2.00000
      -9.04289       0.00000       2.00000
      -9.04071       0.00000       2.00000
      -9.03853       0.00000       2.00000
      -9.03636       0.00000       2.00000
      -9.03418       0.00000       2.00000
      -9.03200       0.00000       2.00000
      -9.02983       0.00000       2.00000
      -9.02765       0.00000       2.00000
      -9.02547       0.00000       2.00000
      -9.02330       0.00000       2.00000
      -9.02112       0.00000       2.00000
      -9.01894       0.00000       2.00000
      -9.01676       0.00000       2.00000
      -9.01459       0.00000       2.00000
      -9.01241       0.00000       2.00000
      -9.01023       0.00000       2.00000
      -9.00806       0.00000       2.00000
      -9.00588       0.00000       2.00000
      -9.00370       0.00000       2.00000
      -9.00153       0.00000       2.00000
      -8.99935       0.00000       2.00000
      -8.99717       0.00000       2.00000
      -8.99500       0.00000       2.00000
      -8.99282       0.00000       2.00000
      -8.99064       0.00000       2.00000
      -8.98847       0.00000       2.00000
      -8.98629       0.00000       2.00000
      -8.98411       0.00000       2.00000
      -8.98193       0.00000       2.00000
      -8.97976       0.00000       2.00000
      -8.97758       0.00000       2.00000
      -8.97540       0.00000       2.00000
      -8.97323       0.00000       2.00000
      -8.97105       0.00000       2.00000
      -8.96887       0.00000       2.00000
      -8.96670       0.00000       2.00000
      -8.96452       0.00000       2.00000
      -8.96234       0.00000       2.00000
      -8.96017       0.00000       2.00000
      -8.95799       0.00000       2.00000
      -8.95581       0.00000       2.00000
      -8.95363       0.00000       2.00000
      -8.95146       0.00000       2.00000
      -8.94928       0.00000       2.00000
      -8.94710       0.00000       2.00000
      -8.94493       0.00000       2.00000
      -8.94275       0.00000       2.00000
      -8.94057       0.00000       2.00000
      -8.93840       0.00000       2.00000
      -8.93622       0.00000       2.00000
      -8.93404       0.00000       2.00000
      -8.93187       0.00000       2.00000
      -8.92969       0.00000       2.00000
      -8.92751       0.00000       2.00000
      -8.92533       0.00000       2.00000
      -8.92316       0.00000       2.00000
      -8.92098       0.00000       2.00000
      -8.91880       0.00000       2.00000
      -8.91663       0.00000       2.00000
      -8.91445       0.00000       2.00000
      -8.91227       0.00000       2.00000
      -8.91010       0.00000       2.00000
      -8.90792       0.00000       2.00000
      -8.90574       0.00000       2.00000
      -8.90357       0.00000       2.00000
      -8.90139       0.00000       2.00000
      -8.89921       0.00000       2.00000
      -8.89703       0.00000       2.00000
      -8.89486       0.00000       2.00000
      -8.89268       0.00000       2.00000
      -8.89050       0.00000       2.00000
      -8.88833       0.00000       2.00000
      -8.88615       0.00000       2.00000
      -8.88397       0.00000       2.00000
      -8.88180       0.00000       2.00000
      -8.87962       0.00000       2.00000
      -8.87744       0.00000       2.00000
      -8.87527       0.00000       2.00000
      -8.87309       0.00000       2.00000
      -8.87091       0.00000       2.00000
      -8.86873       0.00000       2.00000
      -8.86656       0.00000       2.00000
      -8.86438       0.00000       2.00000
      -8.86220       0.00000       2.00000
      -8.86003       0.00000       2.00000
      -8.85785       0.00000       2.00000
      -8.85567       0.00000       2.00000
      -8.85350       0.00000       2.00000
      -8.85132       0.00000       2.00000
      -8.84914       0.00000       2.00000
      -8.84697       0.00000       2.00000
      -8.84479       0.00000       2.00000
      -8.84261       0.00000       2.00000
      -8.84044       0.00000       2.00000
      -8.83826       0.00000       2.00000
      -8.83608       0.00000       2.00000
      -8.83390       0.00000       2.00000
      -8.83173       0.00000       2.00000
      -8.82955       0.00000       2.00000
      -8.82737       0.00000       2.00000
      -8.82520       0.00000       2.00000
      -8.82302       0.00000       2.00000
      -8.82084       0.00000       2.00000
      -8.81867       0.00000       2.00000
      -8.81649       0.00000       2.00000
      -8.81431       0.00000       2.00000
      -8.81214       0.00000       2.00000
      -8.80996       0.00000       2.00000
      -8.80778       0.00000       2.00000
      -8.80560       0.00000       2.00000
      -8.80343       0.00000       2.00000
      -8.80125       0.00000       2.00000
      -8.79907       0.00000       2.00000
      -8.79690       0.00000       2.00000
      -8.79472       0.00000       2.00000
      -8.79254       0.00000       2.00000
      -8.79037       0.00000       2.00000
      -8.78819       0.00000       2.00000
      -8.78601       0.00000       2.00000
      -8.78384       0.00000       2.00000
      -8.78166       0.00000       2.00000
      -8.77948       0.00000       2.00000
      -8.77730       0.00000       2.00000
      -8.77513       0.00000       2.00000
      -8.77295       0.00000       2.00000
      -8.77077       0.00000       2.00000
      -8.76860       0.00000       2.00000
      -8.76642       0.00000       2.00000
      -8.76424       0.00000       2.00000
      -8.76207       0.00000       2.00000
      -8.75989       0.00000       2.00000
      -8.75771       0.00000       2.00000
      -8.75554       0.00000       2.00000
      -8.75336       0.00000       2.00000
      -8.75118       0.00000       2.00000
      -8.74900       0.00000       2.00000
      -8.74683       0.00000       2.00000
      -8.74465       0.00000       2.00000
      -8.74247       0.00000       2.00000
      -8.74030       0.00000       2.00000
      -8.73812       0.00000       2.00000
      -8.73594       0.00000       2.00000
      -8.73377       0.00000       2.00000
      -8.73159       0.00000       2.00000
      -8.72941       0.00000       2.00000
      -8.72724       0.00000       2.00000
      -8.72506       0.00000       2.00000
      -8.72288       0.00000       2.00000
      -8.72070       0.00000       2.00000
      -8.71853       0.00000       2.00000
      -8.71635       0.00000       2.00000
      -8.71417       0.00000       2.00000
      -8.71200       0.00000       2.00000
      -8.70982       0.00000       2.00000
      -8.70764       0.00000       2.00000
      -8.70547       0.00000       2.00000
      -8.70329       0.00000       2.00000
      -8.70111       0.00000       2.00000
      -8.69894       0.00000       2.00000
      -8.69676       0.00000       2.00000
      -8.69458       0.00000       2.00000
      -8.69241       0.00000       2.00000
      -8.69023       0.00000       2.00000
      -8.68805       0.00000       2.00000
      -8.68587       0.00000       2.00000
      -8.68370       0.00000       2.00000
      -8.68152       0.00000       2.00000
      -8.67934       0.00000       2.00000
      -8.67717       0.00000       2.00000
      -8.67499       0.00000       2.00000
      -8.67281       0.00000       2.00000
      -8.67064       0.00000       2.00000
      -8.66846       0.00000       2.00000
      -8.66628       0.00000       2.00000
      -8.66411       0.00000       2.00000
      -8.66193       0.00000       2.00000
      -8.65975       0.00000       2.00000
      -8.65757       0.00000       2.00000
      -8.65540       0.00000       2.00000
      -8.65322       0.00000       2.00000
      -8.65104       0.00000       2.00000
      -8.64887       0.00000       2.00000
      -8.64669       0.00000       2.00000
      -8.64451       0.00000       2.00000
      -8.64234       0.00000       2.00000
      -8.64016       0.00000       2.00000
      -8.63798       0.00000       2.00000
      -8.63581       0.00000       2.00000
      -8.63363       0.00000       2.00000
      -8.63145       0.00000       2.00000
      -8.62927       0.00000       2.00000
      -8.62710       0.00000       2.00000
      -8.62492       0.00000       2.00000
      -8.62274       0.00000       2.00000
      -8.62057       0.00000       2.00000
      -8.61839       0.00000       2.00000
      -8.61621       0.00000       2.00000
      -8.61404       0.00000       2.00000
      -8.61186       0.00000       2.00000
      -8.60968       0.00000       2.00000
      -8.60751       0.00000       2.00000
      -8.60533       0.00000       2.00000
      -8.60315       0.00000       2.00000
      -8.60097       0.00000       2.00000
      -8.59880       0.00000       2.00000
      -8.59662       0.00000       2.00000
      -8.59444       0.00000       2.00000
      -8.59227       0.00000       2.00000
      -8.59009       0.00000       2.00000
      -8.58791       0.00000       2.00000
      -8.58574       0.00000       2.00000
      -8.58356       0.00000       2.00000
      -8.58138       0.00000       2.00000
      -8.57921       0.00000       2.00000
      -8.57703       0.00000       2.00000
      -8.57485       0.00000       2.00000
      -8.57268       0.00000       2.00000
      -8.57050       0.00000       2.00000
      -8.56832       0.00000       2.00000
      -8.56614       0.00000       2.00000
      -8.56397       0.00000       2.00000
      -8.56179       0.00000       2.00000
      -8.55961       0.00000       2.00000
      -8.55744       0.00000       2.00000
      -8.55526       0.00000       2.00000
      -8.55308       0.00000       2.00000
      -8.55091       0.00000       2.00000
      -8.54873       0.00000       2.00000
      -8.54655       0.00000       2.00000
      -8.54438       0.00000       2.00000
      -8.54220       0.00000       2.00000
      -8.54002       0.00000       2.00000
      -8.53784       0.00000       2.00000
      -8.53567       0.00000       2.00000
      -8.53349       0.00000       2.00000
      -8.53131       0.00000       2.00000
      -8.52914       0.00000       2.00000
      -8.52696       0.00000       2.00000
      -8.52478       0.00000       2.00000
      -8.52261       0.00000       2.00000
      -8.52043       0.00000       2.00000
      -8.51825       0.00000       2.00000
      -8.51608       0.00000       2.00000
      -8.51390       0.00000       2.00000
      -8.51172       0.00000       2.00000
      -8.50954       0.00000       2.00000
      -8.50737       0.00000       2.00000
      -8.50519       0.00000       2.00000
      -8.50301       0.00000       2.00000
      -8.50084       0.00000       2.00000
      -8.49866       0.00000       2.00000
      -8.49648       0.00000       2.00000
      -8.49431       0.00000       2.00000
      -8.49213       0.00000       2.00000
      -8.48995       0.00000       2.00000
      -8.48778       0.00000       2.00000
      -8.48560       0.00000       2.00000
      -8.48342       0.00000       2.00000
      -8.48124       0.00000       2.00000
      -8.47907       0.00000       2.00000
      -8.47689       0.00000       2.00000
      -8.47471       0.00000       2.00000
      -8.47254       0.00000       2.00000
      -8.47036       0.00000       2.00000
      -8.46818       0.00000       2.00000
      -8.46601       0.00000       2.00000
      -8.46383       0.00000       2.00000
      -8.46165       0.00000       2.00000
      -8.45948       0.00000       2.00000
      -8.45730       0.00000       2.00000
      -8.45512       0.00000       2.00000
      -8.45294       0.00000       2.00000
      -8.45077       0.00000       2.00000
      -8.44859       0.00000       2.00000
      -8.44641       0.00000       2.00000
      -8.44424       0.00000       2.00000
      -8.44206       0.00000       2.00000
      -8.43988       0.00000       2.00000
      -8.43771       0.00000       2.00000
      -8.43553       0.00000       2.00000
      -8.43335       0.00000       2.00000
      -8.43118       0.00000       2.00000
      -8.42900       0.00000       2.00000
      -8.42682       0.00000       2.00000
      -8.42465       0.00000       2.00000
      -8.42247       0.00000       2.00000
      -8.42029       0.00000       2.00000
      -8.41811       0.00000       2.00000
      -8.41594       0.00000       2.00000
      -8.41376       0.00000       2.00000
      -8.41158       0.00000       2.00000
      -8.40941       0.00000       2.00000
      -8.40723       0.00000       2.00000
      -8.40505       0.00000       2.00000
      -8.40288       0.00000       2.00000
      -8.40070       0.00000       2.00000
      -8.39852       0.00000       2.00000
      -8.39635       0.00000       2.00000
      -8.39417       0.00000       2.00000
      -8.39199       0.00000       2.00000
      -8.38981       0.00000       2.00000
      -8.38764       0.00000       2.00000
      -8.38546       0.00000       2.00000
      -8.38328       0.00000       2.00000
      -8.38111       0.00000       2.00000
      -8.37893       0.00000       2.00000
      -8.37675       0.00000       2.00000
      -8.37458       0.00000       2.00000
      -8.37240       0.00000       2.00000
      -8.37022       0.00000       2.00000
      -8.36805       0.00000       2.00000
      -8.36587       0.00000       2.00000
      -8.36369       0.00000       2.00000
      -8.36151       0.00000       2.00000
      -8.35934       0.00000       2.00000
      -8.35716       0.00000       2.00000
      -8.35498       0.00000       2.00000
      -8.35281       0.00000       2.00000
      -8.35063       0.00000       2.00000
      -8.34845       0.00000       2.00000
      -8.34628       0.00000       2.00000
      -8.34410       0.00000       2.00000
      -8.34192       0.00000       2.00000
      -8.33975       0.00000       2.00000
      -8.33757       0.00000       2.00000
      -8.33539       0.00000       2.00000
      -8.33321       0.00000       2.00000
      -8.33104       0.00000       2.00000
      -8.32886       0.00000       2.00000
      -8.32668       0.00000       2.00000
      -8.32451       0.00000       2.00000
      -8.32233       0.00000       2.00000
      -8.32015       0.00000       2.00000
      -8.31798       0.00000       2.00000
      -8.31580       0.00000       2.00000
      -8.31362       0.00000       2.00000
      -8.31145       0.00000       2.00000
      -8.30927       0.00000       2.00000
      -8.30709       0.00000       2.00000
      -8.30492       0.00000       2.00000
      -8.30274       0.00000       2.00000
      -8.30056       0.00000       2.00000
      -8.29838       0.00000       2.00000
      -8.29621       0.00000       2.00000
      -8.29403       0.00000       2.00000
      -8.29185       0.00000       2.00000
      -8.28968       0.00000       2.00000
      -8.28750       0.00000       2.00000
      -8.28532       0.00000       2.00000
      -8.28315       0.00000       2.00000
      -8.28097       0.00000       2.00000
      -8.27879       0.00000       2.00000
      -8.27662       0.00000       2.00000
      -8.27444       0.00000       2.00000
      -8.27226       0.00000       2.00000
      -8.27008       0.00000       2.00000
      -8.26791       0.00000       2.00000
      -8.26573       0.00000       2.00000
      -8.26355       0.00000       2.00000
      -8.26138       0.00000       2.00000
      -8.25920       0.00000       2.00000
      -8.25702       0.00000       2.00000
      -8.25485       0.00000       2.00000
      -8.25267       0.00000       2.00000
      -8.25049       0.00000       2.00000
      -8.24832       0.00000       2.00000
      -8.24614       0.00000       2.00000
      -8.24396       0.00000       2.00000
      -8.24178       0.00000       2.00000
      -8.23961       0.00000       2.00000
      -8.23743       0.00000       2.00000
      -8.23525       0.00000       2.00000
      -8.23308       0.00000       2.00000
      -8.23090       0.00000       2.00000
      -8.22872       0.00000       2.00000
      -8.22655       0.00000       2.00000
      -8.22437       0.00000       2.00000
      -8.22219       0.00000       2.00000
      -8.22002       0.00000       2.00000
      -8.21784       0.00000       2.00000
      -8.21566       0.00000       2.00000
      -8.21348       0.00000       2.00000
      -8.21131       0.00000       2.00000
      -8.20913       0.00000       2.00000
      -8.20695       0.00000       2.00000
      -8.20478       0.00000       2.00000
      -8.20260       0.00000       2.00000
      -8.20042       0.00000       2.00000
      -8.19825       0.00000       2.00000
      -8.19607       0.00000       2.00000
      -8.19389       0.00000       2.00000
      -8.19172       0.00000       2.00000
      -8.18954       0.00000       2.00000
      -8.18736       0.00000       2.00000
      -8.18518       0.00000       2.00000
      -8.18301       0.00000       2.00000
      -8.18083       0.00000       2.00000
      -8.17865       0.00000       2.00000
      -8.17648       0.00000       2.00000
      -8.17430       0.00000       2.00000
      -8.17212       0.00000       2.00000
      -8.16995       0.00000       2.00000
      -8.16777       0.00000       2.00000
      -8.16559       0.00000       2.00000
      -8.16342       0.00000       2.00000
      -8.16124       0.00000       2.00000
      -8.15906       0.00000       2.00000
      -8.15689       0.00000       2.00000
      -8.15471       0.00000       2.00000
      -8.15253       0.00000       2.00000
      -8.15035       0.00000       2.00000
      -8.14818       0.00000       2.00000
      -8.14600       0.00000       2.00000
      -8.14382       0.00000       2.00000
      -8.14165       0.00000       2.00000
      -8.13947       0.00000       2.00000
      -8.13729       0.00000       2.00000
      -8.13512       0.00000       2.00000
      -8.13294       0.00000       2.00000
      -8.13076       0.00000       2.00000
      -8.12859       0.00000       2.00000
      -8.12641       0.00000       2.00000
      -8.12423       0.00000       2.00000
      -8.12205       0.00000       2.00000
      -8.11988       0.00000       2.00000
      -8.11770       0.00000       2.00000
      -8.11552       0.00000       2.00000
      -8.11335       0.00000       2.00000
      -8.11117       0.00000       2.00000
      -8.10899       0.00000       2.00000
      -8.10682       0.00000       2.00000
      -8.10464       0.00000       2.00000
      -8.10246       0.00000       2.00000
      -8.10029       0.00000       2.00000
      -8.09811       0.00000       2.00000
      -8.09593       0.00000       2.00000
      -8.09375       0.00000       2.00000
      -8.09158       0.00000       2.00000
      -8.08940       0.00000       2.00000
      -8.08722       0.00000       2.00000
      -8.08505       0.00000       2.00000
      -8.08287       0.00000       2.00000
      -8.08069       0.00000       2.00000
      -8.07852       0.00000       2.00000
      -8.07634       0.00000       2.00000
      -8.07416       0.00000       2.00000
      -8.07199       0.00000       2.00000
      -8.06981       0.00000       2.00000
      -8.06763       0.00000       2.00000
      -8.06545       0.00000       2.00000
      -8.06328       0.00000       2.00000
      -8.06110       0.00000       2.00000
      -8.05892       0.00000       2.00000
      -8.05675       0.00000       2.00000
      -8.05457       0.00000       2.00000
      -8.05239       0.00000       2.00000
      -8.05022       0.00000       2.00000
      -8.04804       0.00000       2.00000
      -8.04586       0.00000       2.00000
      -8.04369       0.00000       2.00000
      -8.04151       0.00000       2.00000
      -8.03933       0.00000       2.00000
      -8.03715       0.00000       2.00000
      -8.03498       0.00000       2.00000
      -8.03280       0.00000       2.00000
      -8.03062       0.00000       2.00000
      -8.02845       0.00000       2.00000
      -8.02627       0.00000       2.00000
      -8.02409       0.00000       2.00000
      -8.02192       0.00000       2.00000
      -8.01974       0.00000       2.00000
      -8.01756       0.00000       2.00000
      -8.01539       0.00000       2.00000
      -8.01321       0.00000       2.00000
      -8.01103       0.00000       2.00000
      -8.00886       0.00000       2.00000
      -8.00668       0.00000       2.00000
      -8.00450       0.00000       2.00000
      -8.00232       0.00000       2.00000
      -8.00015       0.00000       2.00000
      -7.99797       0.00000       2.00000
      -7.99579       0.00000       2.00000
      -7.99362       0.00000       2.00000
      -7.99144       0.00000       2.00000
      -7.98926       0.00000       2.00000
      -7.98709       0.00000       2.00000
      -7.98491       0.00000       2.00000
      -7.98273       0.00000       2.00000
      -7.98056       0.00000       2.00000
      -7.97838       0.00000       2.00000
      -7.97620       0.00000       2.00000
      -7.97402       0.00000       2.00000
      -7.97185       0.00000       2.00000
      -7.96967       0.00000       2.00000
      -7.96749       0.00000       2.00000
      -7.96532       0.00000       2.00000
      -7.96314       0.00000       2.00000
      -7.96096       0.00000       2.00000
      -7.95879       0.00000       2.00000
      -7.95661       0.00000       2.00000
      -7.95443       0.00000       2.00000
      -7.95226       0.00000       2.00000
      -7.95008       0.00000       2.00000
      -7.94790       0.00000       2.00000
      -7.94572       0.00000       2.00000
      -7.94355       0.00000       2.00000
      -7.94137       0.00000       2.00000
      -7.93919       0.00000       2.00000
      -7.93702       0.00000       2.00000
      -7.93484       0.00000       2.00000
      -7.93266       0.00000       2.00000
      -7.93049       0.00000       2.00000
      -7.92831       0.00000       2.00000
      -7.92613       0.00000       2.00000
      -7.92396       0.00000       2.00000
      -7.92178       0.00000       2.00000
      -7.91960       0.00000       2.00000
      -7.91742       0.00000       2.00000
      -7.91525       0.00000       2.00000
      -7.91307       0.00000       2.00000
      -7.91089       0.00000       2.00000
      -7.90872       0.00000       2.00000
      -7.90654       0.00000       2.00000
      -7.90436       0.00000       2.00000
      -7.90219       0.00000       2.00000
      -7.90001       0.00000       2.00000
      -7.89783       0.00000       2.00000
      -7.89566       0.00000       2.00000
      -7.89348       0.00000       2.00000
      -7.89130       0.00000       2.00000
      -7.88913       0.00000       2.00000
      -7.88695       0.00000       2.00000
      -7.88477       0.00000       2.00000
      -7.88259       0.00000       2.00000
      -7.88042       0.00000       2.00000
      -7.87824       0.00000       2.00000
      -7.87606       0.00000       2.00000
      -7.87389       0.00000       2.00000
      -7.87171       0.00000       2.00000
      -7.86953       0.00000       2.00000
      -7.86736       0.00000       2.00000
      -7.86518       0.00000       2.00000
      -7.86300       0.00000       2.00000
      -7.86083       0.00000       2.00000
      -7.85865       0.00000       2.00000
      -7.85647       0.00000       2.00000
      -7.85429       0.00000       2.00000
      -7.85212       0.00000       2.00000
      -7.84994       0.00000       2.00000
      -7.84776       0.00000       2.00000
      -7.84559       0.00000       2.00000
      -7.84341       0.00000       2.00000
      -7.84123       0.00000       2.00000
      -7.83906       0.00000       2.00000
      -7.83688       0.00000       2.00000
      -7.83470       0.00000       2.00000
      -7.83253       0.00000       2.00000
      -7.83035       0.00000       2.00000
      -7.82817       0.00000       2.00000
      -7.82599       0.00000       2.00000
      -7.82382       0.00000       2.00000
      -7.82164       0.00000       2.00000
      -7.81946       0.00000       2.00000
      -7.81729       0.00000       2.00000
      -7.81511       0.00000       2.00000
      -7.81293       0.00000       2.00000
      -7.81076       0.00000       2.00000
      -7.80858       0.00000       2.00000
      -7.80640       0.00000       2.00000
      -7.80423       0.00000       2.00000
      -7.80205       0.00000       2.00000
      -7.79987       0.00000       2.00000
      -7.79769       0.00000       2.00000
      -7.79552       0.00000       2.00000
      -7.79334       0.00000       2.00000
      -7.79116       0.00000       2.00000
      -7.78899       0.00000       2.00000
      -7.78681       0.00000       2.00000
      -7.78463       0.00000       2.00000
      -7.78246       0.00000       2.00000
      -7.78028       0.00000       2.00000
      -7.77810       0.00000       2.00000
      -7.77593       0.00000       2.00000
      -7.77375       0.00000       2.00000
      -7.77157       0.00000       2.00000
      -7.76939       0.00000       2.00000
      -7.76722       0.00000       2.00000
      -7.76504       0.00000       2.00000
      -7.76286       0.00000       2.00000
      -7.76069       0.00000       2.00000
      -7.75851       0.00000       2.00000
      -7.75633       0.00000       2.00000
      -7.75416       0.00000       2.00000
      -7.75198       0.00000       2.00000
      -7.74980       0.00000       2.00000
      -7.74763       0.00000       2.00000
      -7.74545       0.00000       2.00000
      -7.74327       0.00000       2.00000
      -7.74110       0.00000       2.00000
      -7.73892       0.00000       2.00000
      -7.73674       0.00000       2.00000
      -7.73456       0.00000       2.00000
      -7.73239       0.00000       2.00000
      -7.73021       0.00000       2.00000
      -7.72803       0.00000       2.00000
      -7.72586       0.00000       2.00000
      -7.72368       0.00000       2.00000
      -7.72150       0.00000       2.00000
      -7.71933       0.00000       2.00000
      -7.71715       0.00001       2.00000
      -7.71497       0.00001       2.00000
      -7.71280       0.00002       2.00000
      -7.71062       0.00002       2.00000
      -7.70844       0.00004       2.00000
      -7.70626       0.00006       2.00000
      -7.70409       0.00008       2.00000
      -7.70191       0.00013       2.00000
      -7.69973       0.00019       2.00000
      -7.69756       0.00028       2.00000
      -7.69538       0.00040       2.00000
      -7.69320       0.00059       2.00000
      -7.69103       0.00085       2.00001
      -7.68885       0.00122       2.00001
      -7.68667       0.00175       2.00001
      -7.68450       0.00248       2.00002
      -7.68232       0.00349       2.00003
      -7.68014       0.00489       2.00004
      -7.67796       0.00681       2.00005
      -7.67579       0.00941       2.00007
      -7.67361       0.01293       2.00010
      -7.67143       0.01765       2.00014
      -7.66926       0.02394       2.00019
      -7.66708       0.03227       2.00026
      -7.66490       0.04322       2.00035
      -7.66273       0.05751       2.00048
      -7.66055       0.07603       2.00064
      -7.65837       0.09989       2.00086
      -7.65620       0.13039       2.00115
      -7.65402       0.16913       2.00151
      -7.65184       0.21796       2.00199
      -7.64966       0.27911       2.00260
      -7.64749       0.35513       2.00337
      -7.64531       0.44898       2.00435
      -7.64313       0.56401       2.00557
      -7.64096       0.70398       2.00711
      -7.63878       0.87309       2.00901
      -7.63660       1.07591       2.01135
      -7.63443       1.31738       2.01422
      -7.63225       1.60277       2.01771
      -7.63007       1.93754       2.02192
      -7.62790       2.32728       2.02699
      -7.62572       2.77760       2.03304
      -7.62354       3.29390       2.04021
      -7.62136       3.88124       2.04866
      -7.61919       4.54415       2.05855
      -7.61701       5.28633       2.07006
      -7.61483       6.11050       2.08336
      -7.61266       7.01811       2.09864
      -7.61048       8.00910       2.11607
      -7.60830       9.08171       2.13584
      -7.60613      10.23227       2.15812
      -7.60395      11.45506       2.18305
      -7.60177      12.74215       2.21079
      -7.59960      14.08345       2.24145
      -7.59742      15.46663       2.27512
      -7.59524      16.87729       2.31186
      -7.59307      18.29913       2.35170
      -7.59089      19.71418       2.39461
      -7.58871      21.10316       2.44055
      -7.58653      22.44588       2.48941
      -7.58436      23.72173       2.54105
      -7.58218      24.91017       2.59528
      -7.58000      25.99126       2.65186
      -7.57783      26.94627       2.71052
      -7.57565      27.75815       2.77095
      -7.57347      28.41207       2.83280
      -7.57130      28.89586       2.89570
      -7.56912      29.20041       2.95927
      -7.56694      29.31993       3.02310
      -7.56477      29.25211       3.08678
      -7.56259      28.99827       3.14990
      -7.56041      28.56324       3.21208
      -7.55823      27.95526       3.27294
      -7.55606      27.18566       3.33212
      -7.55388      26.26860       3.38930
      -7.55170      25.22054       3.44421
      -7.54953      24.05982       3.49658
      -7.54735      22.80609       3.54623
      -7.54517      21.47978       3.59299
      -7.54300      20.10154       3.63675
      -7.54082      18.69173       3.67744
      -7.53864      17.26991       3.71503
      -7.53647      15.85445       3.74955
      -7.53429      14.46214       3.78103
      -7.53211      13.10795       3.80956
      -7.52993      11.80477       3.83526
      -7.52776      10.56332       3.85826
      -7.52558       9.39213       3.87870
      -7.52340       8.29752       3.89677
      -7.52123       7.28372       3.91262
      -7.51905       6.35299       3.92645
      -7.51687       5.50584       3.93844
      -7.51470       4.74122       3.94876
      -7.51252       4.05674       3.95759
      -7.51034       3.44893       3.96510
      -7.50817       2.91348       3.97144
      -7.50599       2.44546       3.97677
      -7.50381       2.03953       3.98120
      -7.50163       1.69012       3.98488
      -7.49946       1.39164       3.98791
      -7.49728       1.13857       3.99039
      -7.49510       0.92557       3.99241
      -7.49293       0.74762       3.99403
      -7.49075       0.60003       3.99534
      -7.48857       0.47850       3.99638
      -7.48640       0.37916       3.99721
      -7.48422       0.29852       3.99786
      -7.48204       0.23353       3.99837
      -7.47987       0.18153       3.99876
      -7.47769       0.14020       3.99907
      -7.47551       0.10759       3.99930
      -7.47334       0.08204       3.99948
      -7.47116       0.06216       3.99961
      -7.46898       0.04680       3.99972
      -7.46680       0.03501       3.99979
      -7.46463       0.02602       3.99985
      -7.46245       0.01921       3.99989
      -7.46027       0.01410       3.99992
      -7.45810       0.01028       3.99994
      -7.45592       0.00745       3.99996
      -7.45374       0.00536       3.99997
      -7.45157       0.00383       3.99998
      -7.44939       0.00273       3.99999
      -7.44721       0.00192       3.99999
      -7.44504       0.00135       3.99999
      -7.44286       0.00094       4.00000
      -7.44068       0.00065       4.00000
      -7.43850       0.00045       4.00000
      -7.43633       0.00031       4.00000
      -7.43415       0.00021       4.00000
      -7.43197       0.00014       4.00000
      -7.42980       0.00009       4.00000
      -7.42762       0.00006       4.00000
      -7.42544       0.00004       4.00000
      -7.42327       0.00003       4.00000
      -7.42109       0.00002       4.00000
      -7.41891       0.00001       4.00000
      -7.41674       0.00001       4.00000
      -7.41456       0.00000       4.00000
      -7.41238       0.00000       4.00000
      -7.41020       0.00000       4.00000
      -7.40803       0.00000       4.00000
      -7.40585       0.00000       4.00000
      -7.40367       0.00000       4.00000
      -7.40150       0.00000       4.00000
      -7.39932       0.00000       4.00000
      -7.39714       0.00000       4.00000
      -7.39497       0.00000       4.00000
      -7.39279       0.00000       4.00000
      -7.39061       0.00000       4.00000
      -7.38844       0.00000       4.00000
      -7.38626       0.00000       4.00000
      -7.38408       0.00000       4.00000
      -7.38190       0.00000       4.00000
      -7.37973       0.00000       4.00000
      -7.37755       0.00000       4.00000
      -7.37537       0.00000       4.00000
      -7.37320       0.00000       4.00000
      -7.37102       0.00000       4.00000
      -7.36884       0.00000       4.00000
      -7.36667       0.00000       4.00000
      -7.36449       0.00000       4.00000
      -7.36231       0.00000       4.00000
      -7.36014       0.00000       4.00000
      -7.35796       0.00000       4.00000
      -7.35578       0.00000       4.00000
      -7.35360       0.00000       4.00000
      -7.35143       0.00000       4.00000
      -7.34925       0.00000       4.00000
      -7.34707       0.00000       4.00000
      -7.34490       0.00000       4.00000
      -7.34272       0.00000       4.00000
      -7.34054       0.00000       4.00000
      -7.33837       0.00000       4.00000
      -7.33619       0.00000       4.00000
      -7.33401       0.00000       4.00000
      -7.33184       0.00000       4.00000
      -7.32966       0.00000       4.00000
      -7.32748       0.00000       4.00000
      -7.32531       0.00000       4.00000
      -7.32313       0.00000       4.00000
      -7.32095       0.00000       4.00000
      -7.31877       0.00000       4.00000
      -7.31660       0.00000       4.00000
      -7.31442       0.00000       4.00000
      -7.31224       0.00000       4.00000
      -7.31007       0.00000       4.00000
      -7.30789       0.00000       4.00000
      -7.30571       0.00000       4.00000
      -7.30354       0.00000       4.00000
      -7.30136       0.00000       4.00000
      -7.29918       0.00000       4.00000
      -7.29701       0.00000       4.00000
      -7.29483       0.00000       4.00000
      -7.29265       0.00000       4.00000
      -7.29047       0.00000       4.00000
      -7.28830       0.00000       4.00000
      -7.28612       0.00000       4.00000
      -7.28394       0.00000       4.00000
      -7.28177       0.00000       4.00000
      -7.27959       0.00000       4.00000
      -7.27741       0.00000       4.00000
      -7.27524       0.00000       4.00000
      -7.27306       0.00000       4.00000
      -7.27088       0.00000       4.00000
      -7.26871       0.00000       4.00000
      -7.26653       0.00000       4.00000
      -7.26435       0.00000       4.00000
      -7.26217       0.00000       4.00000
      -7.26000       0.00000       4.00000
      -7.25782       0.00000       4.00000
      -7.25564       0.00000       4.00000
      -7.25347       0.00000       4.00000
      -7.25129       0.00000       4.00000
      -7.24911       0.00000       4.00000
      -7.24694       0.00000       4.00000
      -7.24476       0.00000       4.00000
      -7.24258       0.00000       4.00000
      -7.24041       0.00000       4.00000
      -7.23823       0.00000       4.00000
      -7.23605       0.00000       4.00000
      -7.23387       0.00000       4.00000
      -7.23170       0.00000       4.00000
      -7.22952       0.00000       4.00000
      -7.22734       0.00000       4.00000
      -7.22517       0.00000       4.00000
      -7.22299       0.00000       4.00000
      -7.22081       0.00000       4.00000
      -7.21864       0.00000       4.00000
      -7.21646       0.00000       4.00000
      -7.21428       0.00000       4.00000
      -7.21211       0.00000       4.00000
      -7.20993       0.00000       4.00000
      -7.20775       0.00000       4.00000
      -7.20558       0.00000       4.00000
      -7.20340       0.00000       4.00000
      -7.20122       0.00000       4.00000
      -7.19904       0.00000       4.00000
      -7.19687       0.00000       4.00000
      -7.19469       0.00000       4.00000
      -7.19251       0.00000       4.00000
      -7.19034       0.00000       4.00000
      -7.18816       0.00000       4.00000
      -7.18598       0.00000       4.00000
      -7.18381       0.00000       4.00000
      -7.18163       0.00000       4.00000
      -7.17945       0.00000       4.00000
      -7.17728       0.00000       4.00000
      -7.17510       0.00000       4.00000
      -7.17292       0.00000       4.00000
      -7.17074       0.00000       4.00000
      -7.16857       0.00000       4.00000
      -7.16639       0.00000       4.00000
      -7.16421       0.00000       4.00000
      -7.16204       0.00000       4.00000
      -7.15986       0.00000       4.00000
      -7.15768       0.00000       4.00000
      -7.15551       0.00000       4.00000
      -7.15333       0.00000       4.00000
      -7.15115       0.00000       4.00000
      -7.14898       0.00000       4.00000
      -7.14680       0.00000       4.00000
      -7.14462       0.00000       4.00000
      -7.14244       0.00000       4.00000
      -7.14027       0.00000       4.00000
      -7.13809       0.00000       4.00000
      -7.13591       0.00000       4.00000
      -7.13374       0.00000       4.00000
      -7.13156       0.00000       4.00000
      -7.12938       0.00000       4.00000
      -7.12721       0.00000       4.00000
      -7.12503       0.00000       4.00000
      -7.12285       0.00000       4.00000
      -7.12068       0.00000       4.00000
      -7.11850       0.00000       4.00000
      -7.11632       0.00000       4.00000
      -7.11414       0.00000       4.00000
      -7.11197       0.00000       4.00000
      -7.10979       0.00000       4.00000
      -7.10761       0.00000       4.00000
      -7.10544       0.00000       4.00000
      -7.10326       0.00000       4.00000
      -7.10108       0.00000       4.00000
      -7.09891       0.00000       4.00000
      -7.09673       0.00000       4.00000
      -7.09455       0.00000       4.00000
      -7.09238       0.00000       4.00000
      -7.09020       0.00000       4.00000
      -7.08802       0.00000       4.00000
      -7.08584       0.00000       4.00000
      -7.08367       0.00000       4.00000
      -7.08149       0.00000       4.00000
      -7.07931       0.00000       4.00000
      -7.07714       0.00000       4.00000
      -7.07496       0.00000       4.00000
      -7.07278       0.00000       4.00000
      -7.07061       0.00000       4.00000
      -7.06843       0.00000       4.00000
      -7.06625       0.00000       4.00000
      -7.06408       0.00000       4.00000
      -7.06190       0.00000       4.00000
      -7.05972       0.00000       4.00000
      -7.05755       0.00000       4.00000
      -7.05537       0.00000       4.00000
      -7.05319       0.00000       4.00000
      -7.05101       0.00000       4.00000
      -7.04884       0.00000       4.00000
      -7.04666       0.00000       4.00000
      -7.04448       0.00000       4.00000
      -7.04231       0.00000       4.00000
      -7.04013       0.00000       4.00000
      -7.03795       0.00000       4.00000
      -7.03578       0.00000       4.00000
      -7.03360       0.00000       4.00000
      -7.03142       0.00000       4.00000
      -7.02925       0.00000       4.00000
      -7.02707       0.00000       4.00000
      -7.02489       0.00000       4.00000
      -7.02271       0.00000       4.00000
      -7.02054       0.00000       4.00000
      -7.01836       0.00000       4.00000
      -7.01618       0.00000       4.00000
      -7.01401       0.00000       4.00000
      -7.01183       0.00000       4.00000
      -7.00965       0.00000       4.00000
      -7.00748       0.00000       4.00000
      -7.00530       0.00000       4.00000
      -7.00312       0.00000       4.00000
      -7.00095       0.00000       4.00000
      -6.99877       0.00000       4.00000
      -6.99659       0.00000       4.00000
      -6.99441       0.00000       4.00000
      -6.99224       0.00000       4.00000
      -6.99006       0.00000       4.00000
      -6.98788       0.00000       4.00000
      -6.98571       0.00000       4.00000
      -6.98353       0.00000       4.00000
      -6.98135       0.00000       4.00000
      -6.97918       0.00000       4.00000
      -6.97700       0.00000       4.00000
      -6.97482       0.00000       4.00000
      -6.97265       0.00000       4.00000
      -6.97047       0.00000       4.00000
      -6.96829       0.00000       4.00000
      -6.96611       0.00000       4.00000
      -6.96394       0.00000       4.00000
      -6.96176       0.00000       4.00000
      -6.95958       0.00000       4.00000
      -6.95741       0.00000       4.00000
      -6.95523       0.00000       4.00000
      -6.95305       0.00000       4.00000
      -6.95088       0.00000       4.00000
      -6.94870       0.00000       4.00000
      -6.94652       0.00000       4.00000
      -6.94435       0.00000       4.00000
      -6.94217       0.00000       4.00000
      -6.93999       0.00000       4.00000
      -6.93781       0.00000       4.00000
      -6.93564       0.00000       4.00000
      -6.93346       0.00000       4.00000
      -6.93128       0.00000       4.00000
      -6.92911       0.00000       4.00000
      -6.92693       0.00000       4.00000
      -6.92475       0.00000       4.00000
      -6.92258       0.00000       4.00000
      -6.92040       0.00000       4.00000
      -6.91822       0.00000       4.00000
      -6.91605       0.00000       4.00000
      -6.91387       0.00000       4.00000
      -6.91169       0.00000       4.00000
      -6.90952       0.00000       4.00000
      -6.90734       0.00000       4.00000
      -6.90516       0.00000       4.00000
      -6.90298       0.00000       4.00000
      -6.90081       0.00000       4.00000
      -6.89863       0.00000       4.00000
      -6.89645       0.00000       4.00000
      -6.89428       0.00000       4.00000
      -6.89210       0.00000       4.00000
      -6.88992       0.00000       4.00000
      -6.88775       0.00000       4.00000
      -6.88557       0.00000       4.00000
      -6.88339       0.00000       4.00000
      -6.88122       0.00000       4.00000
      -6.87904       0.00000       4.00000
      -6.87686       0.00000       4.00000
      -6.87468       0.00000       4.00000
      -6.87251       0.00000       4.00000
      -6.87033       0.00000       4.00000
      -6.86815       0.00000       4.00000
      -6.86598       0.00000       4.00000
      -6.86380       0.00000       4.00000
      -6.86162       0.00000       4.00000
      -6.85945       0.00000       4.00000
      -6.85727       0.00000       4.00000
      -6.85509       0.00000       4.00000
      -6.85292       0.00000       4.00000
      -6.85074       0.00000       4.00000
      -6.84856       0.00000       4.00000
      -6.84638       0.00000       4.00000
      -6.84421       0.00000       4.00000
      -6.84203       0.00000       4.00000
      -6.83985       0.00000       4.00000
      -6.83768       0.00000       4.00000
      -6.83550       0.00000       4.00000
      -6.83332       0.00000       4.00000
      -6.83115       0.00000       4.00000
      -6.82897       0.00000       4.00000
      -6.82679       0.00000       4.00000
      -6.82462       0.00000       4.00000
      -6.82244       0.00000       4.00000
      -6.82026       0.00000       4.00000
      -6.81808       0.00000       4.00000
      -6.81591       0.00000       4.00000
      -6.81373       0.00000       4.00000
      -6.81155       0.00000       4.00000
      -6.80938       0.00000       4.00000
      -6.80720       0.00000       4.00000
      -6.80502       0.00000       4.00000
      -6.80285       0.00000       4.00000
      -6.80067       0.00000       4.00000
      -6.79849       0.00000       4.00000
      -6.79632       0.00000       4.00000
      -6.79414       0.00000       4.00000
      -6.79196       0.00000       4.00000
      -6.78979       0.00000       4.00000
      -6.78761       0.00000       4.00000
      -6.78543       0.00000       4.00000
      -6.78325       0.00000       4.00000
      -6.78108       0.00000       4.00000
      -6.77890       0.00000       4.00000
      -6.77672       0.00000       4.00000
      -6.77455       0.00000       4.00000
      -6.77237       0.00000       4.00000
      -6.77019       0.00000       4.00000
      -6.76802       0.00000       4.00000
      -6.76584       0.00000       4.00000
      -6.76366       0.00000       4.00000
      -6.76149       0.00000       4.00000
      -6.75931       0.00000       4.00000
      -6.75713       0.00000       4.00000
      -6.75495       0.00000       4.00000
      -6.75278       0.00000       4.00000
      -6.75060       0.00000       4.00000
      -6.74842       0.00000       4.00000
      -6.74625       0.00000       4.00000
      -6.74407       0.00000       4.00000
      -6.74189       0.00000       4.00000
      -6.73972       0.00000       4.00000
      -6.73754       0.00000       4.00000
      -6.73536       0.00000       4.00000
      -6.73319       0.00000       4.00000
      -6.73101       0.00000       4.00000
      -6.72883       0.00000       4.00000
      -6.72665       0.00000       4.00000
      -6.72448       0.00000       4.00000
      -6.72230       0.00000       4.00000
      -6.72012       0.00000       4.00000
      -6.71795       0.00000       4.00000
      -6.71577       0.00000       4.00000
      -6.71359       0.00000       4.00000
      -6.71142       0.00000       4.00000
      -6.70924       0.00000       4.00000
      -6.70706       0.00000       4.00000
      -6.70489       0.00000       4.00000
      -6.70271       0.00000       4.00000
      -6.70053       0.00000       4.00000
      -6.69835       0.00000       4.00000
      -6.69618       0.00000       4.00000
      -6.69400       0.00000       4.00000
      -6.69182       0.00000       4.00000
      -6.68965       0.00000       4.00000
      -6.68747       0.00000       4.00000
      -6.68529       0.00000       4.00000
      -6.68312       0.00000       4.00000
      -6.68094       0.00000       4.00000
      -6.67876       0.00000       4.00000
      -6.67659       0.00000       4.00000
      -6.67441       0.00000       4.00000
      -6.67223       0.00000       4.00000
      -6.67005       0.00000       4.00000
      -6.66788       0.00000       4.00000
      -6.66570       0.00000       4.00000
      -6.66352       0.00000       4.00000
      -6.66135       0.00000       4.00000
      -6.65917       0.00000       4.00000
      -6.65699       0.00000       4.00000
      -6.65482       0.00000       4.00000
      -6.65264       0.00000       4.00000
      -6.65046       0.00000       4.00000
      -6.64829       0.00000       4.00000
      -6.64611       0.00000       4.00000
      -6.64393       0.00000       4.00000
      -6.64176       0.00000       4.00000
      -6.63958       0.00000       4.00000
      -6.63740       0.00000       4.00000
      -6.63522       0.00000       4.00000
      -6.63305       0.00000       4.00000
      -6.63087       0.00000       4.00000
      -6.62869       0.00000       4.00000
      -6.62652       0.00000       4.00000
      -6.62434       0.00000       4.00000
      -6.62216       0.00000       4.00000
      -6.61999       0.00000       4.00000
      -6.61781       0.00000       4.00000
      -6.61563       0.00000       4.00000
      -6.61346       0.00000       4.00000
      -6.61128       0.00000       4.00000
      -6.60910       0.00000       4.00000
      -6.60692       0.00000       4.00000
      -6.60475       0.00000       4.00000
      -6.60257       0.00000       4.00000
      -6.60039       0.00000       4.00000
      -6.59822       0.00000       4.00000
      -6.59604       0.00000       4.00000
      -6.59386       0.00000       4.00000
      -6.59169       0.00000       4.00000
      -6.58951       0.00000       4.00000
      -6.58733       0.00000       4.00000
      -6.58516       0.00000       4.00000
      -6.58298       0.00000       4.00000
      -6.58080       0.00000       4.00000
      -6.57862       0.00000       4.00000
      -6.57645       0.00000       4.00000
      -6.57427       0.00000       4.00000
      -6.57209       0.00000       4.00000
      -6.56992       0.00000       4.00000
      -6.56774       0.00000       4.00000
      -6.56556       0.00000       4.00000
      -6.56339       0.00000       4.00000
      -6.56121       0.00000       4.00000
      -6.55903       0.00000       4.00000
      -6.55686       0.00000       4.00000
      -6.55468       0.00000       4.00000
      -6.55250       0.00000       4.00000
      -6.55032       0.00000       4.00000
      -6.54815       0.00001       4.00000
      -6.54597       0.00001       4.00000
      -6.54379       0.00002       4.00000
      -6.54162       0.00003       4.00000
      -6.53944       0.00004       4.00000
      -6.53726       0.00006       4.00000
      -6.53509       0.00009       4.00000
      -6.53291       0.00013       4.00000
      -6.53073       0.00020       4.00000
      -6.52856       0.00029       4.00000
      -6.52638       0.00043       4.00000
      -6.52420       0.00062       4.00000
      -6.52203       0.00089       4.00001
      -6.51985       0.00128       4.00001
      -6.51767       0.00183       4.00001
      -6.51549       0.00260       4.00002
      -6.51332       0.00366       4.00003
      -6.51114       0.00512       4.00004
      -6.50896       0.00711       4.00005
      -6.50679       0.00983       4.00007
      -6.50461       0.01349       4.00010
      -6.50243       0.01840       4.00014
      -6.50026       0.02494       4.00020
      -6.49808       0.03359       4.00027
      -6.49590       0.04494       4.00037
      -6.49373       0.05975       4.00050
      -6.49155       0.07893       4.00067
      -6.48937       0.10361       4.00090
      -6.48719       0.13513       4.00119
      -6.48502       0.17511       4.00157
      -6.48284       0.22548       4.00206
      -6.48066       0.28849       4.00269
      -6.47849       0.36675       4.00349
      -6.47631       0.46326       4.00450
      -6.47413       0.58144       4.00576
      -6.47196       0.72511       4.00734
      -6.46978       0.89851       4.00930
      -6.46760       1.10628       4.01171
      -6.46543       1.35340       4.01465
      -6.46325       1.64516       4.01823
      -6.46107       1.98705       4.02256
      -6.45889       2.38469       4.02775
      -6.45672       2.84364       4.03394
      -6.45454       3.36929       4.04128
      -6.45236       3.96663       4.04991
      -6.45019       4.64009       4.06001
      -6.44801       5.39326       4.07175
      -6.44583       6.22870       4.08531
      -6.44366       7.14765       4.10087
      -6.44148       8.14985       4.11861
      -6.43930       9.23330       4.13871
      -6.43713      10.39404       4.16134
      -6.43495      11.62606       4.18665
      -6.43277      12.92115       4.21478
      -6.43059      14.26890       4.24584
      -6.42842      15.65669       4.27992
      -6.42624      17.06987       4.31708
      -6.42406      18.49187       4.35734
      -6.42189      19.90454       4.40067
      -6.41971      21.28844       4.44701
      -6.41753      22.62331       4.49626
      -6.41536      23.88850       4.54826
      -6.41318      25.06352       4.60282
      -6.41100      26.12858       4.65970
      -6.40883      27.06513       4.71862
      -6.40665      27.85640       4.77926
      -6.40447      28.48789       4.84128
      -6.40229      28.94784       4.90430
      -6.40012      29.22756       4.96792
      -6.39794      29.32172       5.03175
      -6.39576      29.22852       5.09538
      -6.39359      28.94974       5.15840
      -6.39141      28.49070       5.22042
      -6.38923      27.86006       5.28107
      -6.38706      27.06958       5.34000
      -6.38488      26.13373       5.39689
      -6.38270      25.06928       5.45146
      -6.38053      23.89477       5.50348
      -6.37835      22.62999       5.55274
      -6.37617      21.29543       5.59910
      -6.37400      19.91173       5.64245
      -6.37182      18.49916       5.68272
      -6.36964      17.07716       5.71989
      -6.36746      15.66389       5.75399
      -6.36529      14.27593       5.78507
      -6.36311      12.92794       5.81321
      -6.36093      11.63255       5.83854
      -6.35876      10.40019       5.86118
      -6.35658       9.23906       5.88129
      -6.35440       8.15521       5.89904
      -6.35223       7.15258       5.91461
      -6.35005       6.23320       5.92818
      -6.34787       5.39734       5.93993
      -6.34570       4.64375       5.95004
      -6.34352       3.96989       5.95868
      -6.34134       3.37217       5.96602
      -6.33916       2.84616       5.97222
      -6.33699       2.38688       5.97742
      -6.33481       1.98895       5.98175
      -6.33263       1.64678       5.98533
      -6.33046       1.35478       5.98828
      -6.32828       1.10744       5.99069
      -6.32610       0.89949       5.99265
      -6.32393       0.72592       5.99423
      -6.32175       0.58211       5.99550
      -6.31957       0.46381       5.99651
      -6.31740       0.36719       5.99731
      -6.31522       0.28885       5.99793
      -6.31304       0.22577       5.99843
      -6.31086       0.17534       5.99881
      -6.30869       0.13531       5.99910
      -6.30651       0.10375       5.99933
      -6.30433       0.07904       5.99950
      -6.30216       0.05984       5.99963
      -6.29998       0.04501       5.99973
      -6.29780       0.03364       5.99980
      -6.29563       0.02498       5.99986
      -6.29345       0.01843       5.99990
      -6.29127       0.01351       5.99993
      -6.28910       0.00984       5.99995
      -6.28692       0.00713       5.99996
      -6.28474       0.00513       5.99997
      -6.28256       0.00366       5.99998
      -6.28039       0.00260       5.99999
      -6.27821       0.00183       5.99999
      -6.27603       0.00129       5.99999
      -6.27386       0.00090       6.00000
      -6.27168       0.00062       6.00000
      -6.26950       0.00043       6.00000
      -6.26733       0.00029       6.00000
      -6.26515       0.00020       6.00000
      -6.26297       0.00013       6.00000
      -6.26080       0.00009       6.00000
      -6.25862       0.00006       6.00000
      -6.25644       0.00004       6.00000
      -6.25426       0.00003       6.00000
      -6.25209       0.00002       6.00000
      -6.24991       0.00001       6.00000
      -6.24773       0.00001       6.00000
      -6.24556       0.00000       6.00000
      -6.24338       0.00000       6.00000
      -6.24120       0.00000       6.00000
      -6.23903       0.00000       6.00000
      -6.23685       0.00000       6.00000
      -6.23467       0.00000       6.00000
      -6.23250       0.00000       6.00000
      -6.23032       0.00000       6.00000
      -6.22814       0.00000       6.00000
      -6.22597       0.00000       6.00000
      -6.22379       0.00000       6.00000
      -6.22161       0.00000       6.00000
      -6.21943       0.00000       6.00000
      -6.21726       0.00000       6.00000
      -6.21508       0.00000       6.00000
      -6.21290       0.00000       6.00000
      -6.21073       0.00000       6.00000
      -6.20855       0.00000       6.00000
      -6.20637       0.00000       6.00000
      -6.20420       0.00000       6.00000
      -6.20202       0.00000       6.00000
      -6.19984       0.00000       6.00000
      -6.19767       0.00000       6.00000
      -6.19549       0.00000       6.00000
      -6.19331       0.00000       6.00000
      -6.19113       0.00000       6.00000
      -6.18896       0.00000       6.00000
      -6.18678       0.00000       6.00000
      -6.18460       0.00000       6.00000
      -6.18243       0.00000       6.00000
      -6.18025       0.00000       6.00000
      -6.17807       0.00000       6.00000
      -6.17590       0.00000       6.00000
      -6.17372       0.00000       6.00000
      -6.17154       0.00000       6.00000
      -6.16937       0.00000       6.00000
      -6.16719       0.00000       6.00000
      -6.16501       0.00000       6.00000
      -6.16283       0.00000       6.00000
      -6.16066       0.00000       6.00000
      -6.15848       0.00000       6.00000
      -6.15630       0.00000       6.00000
      -6.15413       0.00000       6.00000
      -6.15195       0.00000       6.00000
      -6.14977       0.00000       6.00000
      -6.14760       0.00000       6.00000
      -6.14542       0.00000       6.00000
      -6.14324       0.00000       6.00000
      -6.14107       0.00000       6.00000
      -6.13889       0.00000       6.00000
      -6.13671       0.00000       6.00000
      -6.13453       0.00000       6.00000
      -6.13236       0.00000       6.00000
      -6.13018       0.00000       6.00000
      -6.12800       0.00000       6.00000
      -6.12583       0.00000       6.00000
      -6.12365       0.00000       6.00000
      -6.12147       0.00000       6.00000
      -6.11930       0.00000       6.00000
      -6.11712       0.00000       6.00000
      -6.11494       0.00000       6.00000
      -6.11277       0.00000       6.00000
      -6.11059       0.00000       6.00000
      -6.10841       0.00000       6.00000
      -6.10624       0.00000       6.00000
      -6.10406       0.00000       6.00000
      -6.10188       0.00000       6.00000
      -6.09970       0.00000       6.00000
      -6.09753       0.00000       6.00000
      -6.09535       0.00000       6.00000
      -6.09317       0.00000       6.00000
      -6.09100       0.00000       6.00000
      -6.08882       0.00000       6.00000
      -6.08664       0.00000       6.00000
      -6.08447       0.00000       6.00000
      -6.08229       0.00000       6.00000
      -6.08011       0.00000       6.00000
      -6.07794       0.00000       6.00000
      -6.07576       0.00000       6.00000
      -6.07358       0.00000       6.00000
      -6.07140       0.00000       6.00000
      -6.06923       0.00000       6.00000
      -6.06705       0.00000       6.00000
      -6.06487       0.00000       6.00000
      -6.06270       0.00000       6.00000
      -6.06052       0.00000       6.00000
      -6.05834       0.00000       6.00000
      -6.05617       0.00000       6.00000
      -6.05399       0.00000       6.00000
      -6.05181       0.00000       6.00000
      -6.04964       0.00000       6.00000
      -6.04746       0.00000       6.00000
      -6.04528       0.00000       6.00000
      -6.04310       0.00000       6.00000
      -6.04093       0.00000       6.00000
      -6.03875       0.00000       6.00000
      -6.03657       0.00000       6.00000
      -6.03440       0.00000       6.00000
      -6.03222       0.00000       6.00000
      -6.03004       0.00000       6.00000
      -6.02787       0.00000       6.00000
      -6.02569       0.00000       6.00000
      -6.02351       0.00000       6.00000
      -6.02134       0.00000       6.00000
      -6.01916       0.00000       6.00000
      -6.01698       0.00000       6.00000
      -6.01480       0.00000       6.00000
      -6.01263       0.00000       6.00000
      -6.01045       0.00000       6.00000
      -6.00827       0.00000       6.00000
      -6.00610       0.00000       6.00000
      -6.00392       0.00000       6.00000
      -6.00174       0.00000       6.00000
      -5.99957       0.00000       6.00000
      -5.99739       0.00000       6.00000
      -5.99521       0.00000       6.00000
      -5.99304       0.00000       6.00000
      -5.99086       0.00000       6.00000
      -5.98868       0.00000       6.00000
      -5.98650       0.00000       6.00000
      -5.98433       0.00000       6.00000
      -5.98215       0.00000       6.00000
      -5.97997       0.00000       6.00000
      -5.97780       0.00000       6.00000
      -5.97562       0.00000       6.00000
      -5.97344       0.00000       6.00000
      -5.97127       0.00000       6.00000
      -5.96909       0.00000       6.00000
      -5.96691       0.00000       6.00000
      -5.96474       0.00000       6.00000
      -5.96256       0.00000       6.00000
      -5.96038       0.00000       6.00000
      -5.95821       0.00000       6.00000
      -5.95603       0.00000       6.00000
      -5.95385       0.00000       6.00000
      -5.95167       0.00000       6.00000
      -5.94950       0.00000       6.00000
      -5.94732       0.00000       6.00000
      -5.94514       0.00000       6.00000
      -5.94297       0.00000       6.00000
      -5.94079       0.00000       6.00000
      -5.93861       0.00000       6.00000
      -5.93644       0.00000       6.00000
      -5.93426       0.00000       6.00000
      -5.93208       0.00000       6.00000
      -5.92991       0.00000       6.00000
      -5.92773       0.00000       6.00000
      -5.92555       0.00000       6.00000
      -5.92337       0.00000       6.00000
      -5.92120       0.00000       6.00000
      -5.91902       0.00000       6.00000
      -5.91684       0.00000       6.00000
      -5.91467       0.00000       6.00000
      -5.91249       0.00000       6.00000
      -5.91031       0.00000       6.00000
      -5.90814       0.00000       6.00000
      -5.90596       0.00000       6.00000
      -5.90378       0.00000       6.00000
      -5.90161       0.00000       6.00000
      -5.89943       0.00000       6.00000
      -5.89725       0.00000       6.00000
      -5.89507       0.00000       6.00000
      -5.89290       0.00000       6.00000
      -5.89072       0.00000       6.00000
      -5.88854       0.00000       6.00000
      -5.88637       0.00000       6.00000
      -5.88419       0.00000       6.00000
      -5.88201       0.00000       6.00000
      -5.87984       0.00000       6.00000
      -5.87766       0.00000       6.00000
      -5.87548       0.00000       6.00000
      -5.87331       0.00000       6.00000
      -5.87113       0.00000       6.00000
      -5.86895       0.00000       6.00000
      -5.86677       0.00000       6.00000
      -5.86460       0.00000       6.00000
      -5.86242       0.00000       6.00000
      -5.86024       0.00000       6.00000
      -5.85807       0.00000       6.00000
      -5.85589       0.00000       6.00000
      -5.85371       0.00000       6.00000
      -5.85154       0.00000       6.00000
      -5.84936       0.00000       6.00000
      -5.84718       0.00000       6.00000
      -5.84501       0.00000       6.00000
      -5.84283       0.00000       6.00000
      -5.84065       0.00000       6.00000
      -5.83847       0.00000       6.00000
      -5.83630       0.00000       6.00000
      -5.83412       0.00000       6.00000
      -5.83194       0.00000       6.00000
      -5.82977       0.00000       6.00000
      -5.82759       0.00000       6.00000
      -5.82541       0.00000       6.00000
      -5.82324       0.00000       6.00000
      -5.82106       0.00000       6.00000
      -5.81888       0.00000       6.00000
      -5.81671       0.00000       6.00000
      -5.81453       0.00000       6.00000
      -5.81235       0.00000       6.00000
      -5.81018       0.00000       6.00000
      -5.80800       0.00000       6.00000
      -5.80582       0.00000       6.00000
      -5.80364       0.00000       6.00000
      -5.80147       0.00000       6.00000
      -5.79929       0.00000       6.00000
      -5.79711       0.00000       6.00000
      -5.79494       0.00000       6.00000
      -5.79276       0.00000       6.00000
      -5.79058       0.00000       6.00000
      -5.78841       0.00000       6.00000
      -5.78623       0.00000       6.00000
      -5.78405       0.00000       6.00000
      -5.78188       0.00000       6.00000
      -5.77970       0.00000       6.00000
      -5.77752       0.00000       6.00000
      -5.77534       0.00000       6.00000
      -5.77317       0.00000       6.00000
      -5.77099       0.00000       6.00000
      -5.76881       0.00000       6.00000
      -5.76664       0.00000       6.00000
      -5.76446       0.00000       6.00000
      -5.76228       0.00000       6.00000
      -5.76011       0.00000       6.00000
      -5.75793       0.00000       6.00000
      -5.75575       0.00000       6.00000
      -5.75358       0.00000       6.00000
      -5.75140       0.00000       6.00000
      -5.74922       0.00000       6.00000
      -5.74704       0.00000       6.00000
      -5.74487       0.00000       6.00000
      -5.74269       0.00000       6.00000
      -5.74051       0.00000       6.00000
      -5.73834       0.00000       6.00000
      -5.73616       0.00000       6.00000
      -5.73398       0.00000       6.00000
      -5.73181       0.00000       6.00000
      -5.72963       0.00000       6.00000
      -5.72745       0.00000       6.00000
      -5.72528       0.00000       6.00000
      -5.72310       0.00000       6.00000
      -5.72092       0.00000       6.00000
      -5.71874       0.00000       6.00000
      -5.71657       0.00000       6.00000
      -5.71439       0.00000       6.00000
      -5.71221       0.00000       6.00000
      -5.71004       0.00000       6.00000
      -5.70786       0.00000       6.00000
      -5.70568       0.00000       6.00000
      -5.70351       0.00000       6.00000
      -5.70133       0.00000       6.00000
      -5.69915       0.00000       6.00000
      -5.69698       0.00000       6.00000
      -5.69480       0.00000       6.00000
      -5.69262       0.00000       6.00000
      -5.69045       0.00000       6.00000
      -5.68827       0.00000       6.00000
      -5.68609       0.00000       6.00000
      -5.68391       0.00000       6.00000
      -5.68174       0.00000       6.00000
      -5.67956       0.00000       6.00000
      -5.67738       0.00000       6.00000
      -5.67521       0.00000       6.00000
      -5.67303       0.00000       6.00000
      -5.67085       0.00000       6.00000
      -5.66868       0.00000       6.00000
      -5.66650       0.00000       6.00000
      -5.66432       0.00000       6.00000
      -5.66215       0.00000       6.00000
      -5.65997       0.00000       6.00000
      -5.65779       0.00000       6.00000
      -5.65561       0.00000       6.00000
      -5.65344       0.00000       6.00000
      -5.65126       0.00000       6.00000
      -5.64908       0.00000       6.00000
      -5.64691       0.00000       6.00000
      -5.64473       0.00000       6.00000
      -5.64255       0.00000       6.00000
      -5.64038       0.00000       6.00000
      -5.63820       0.00000       6.00000
      -5.63602       0.00000       6.00000
      -5.63385       0.00000       6.00000
      -5.63167       0.00000       6.00000
      -5.62949       0.00000       6.00000
      -5.62731       0.00000       6.00000
      -5.62514       0.00000       6.00000
      -5.62296       0.00000       6.00000
      -5.62078       0.00000       6.00000
      -5.61861       0.00000       6.00000
      -5.61643       0.00000       6.00000
      -5.61425       0.00000       6.00000
      -5.61208       0.00000       6.00000
      -5.60990       0.00000       6.00000
      -5.60772       0.00000       6.00000
      -5.60555       0.00000       6.00000
      -5.60337       0.00000       6.00000
      -5.60119       0.00000       6.00000
      -5.59901       0.00000       6.00000
      -5.59684       0.00000       6.00000
      -5.59466       0.00000       6.00000
      -5.59248       0.00000       6.00000
      -5.59031       0.00000       6.00000
      -5.58813       0.00000       6.00000
      -5.58595       0.00000       6.00000
      -5.58378       0.00000       6.00000
      -5.58160       0.00000       6.00000
      -5.57942       0.00000       6.00000
      -5.57725       0.00000       6.00000
      -5.57507       0.00000       6.00000
      -5.57289       0.00000       6.00000
      -5.57071       0.00000       6.00000
      -5.56854       0.00000       6.00000
      -5.56636       0.00000       6.00000
      -5.56418       0.00000       6.00000
      -5.56201       0.00000       6.00000
      -5.55983       0.00000       6.00000
      -5.55765       0.00000       6.00000
      -5.55548       0.00000       6.00000
      -5.55330       0.00000       6.00000
      -5.55112       0.00000       6.00000
      -5.54895       0.00000       6.00000
      -5.54677       0.00000       6.00000
      -5.54459       0.00000       6.00000
      -5.54242       0.00000       6.00000
      -5.54024       0.00000       6.00000
      -5.53806       0.00000       6.00000
      -5.53588       0.00000       6.00000
      -5.53371       0.00000       6.00000
      -5.53153       0.00000       6.00000
      -5.52935       0.00000       6.00000
      -5.52718       0.00000       6.00000
      -5.52500       0.00000       6.00000
      -5.52282       0.00000       6.00000
      -5.52065       0.00000       6.00000
      -5.51847       0.00000       6.00000
      -5.51629       0.00000       6.00000
      -5.51412       0.00000       6.00000
      -5.51194       0.00000       6.00000
      -5.50976       0.00000       6.00000
      -5.50758       0.00000       6.00000
      -5.50541       0.00000       6.00000
      -5.50323       0.00000       6.00000
      -5.50105       0.00000       6.00000
      -5.49888       0.00000       6.00000
      -5.49670       0.00000       6.00000
      -5.49452       0.00000       6.00000
      -5.49235       0.00000       6.00000
      -5.49017       0.00000       6.00000
      -5.48799       0.00000       6.00000
      -5.48582       0.00000       6.00000
      -5.48364       0.00000       6.00000
      -5.48146       0.00000       6.00000
      -5.47928       0.00000       6.00000
      -5.47711       0.00000       6.00000
      -5.47493       0.00000       6.00000
      -5.47275       0.00000       6.00000
      -5.47058       0.00000       6.00000
      -5.46840       0.00000       6.00000
      -5.46622       0.00000       6.00000
      -5.46405       0.00000       6.00000
      -5.46187       0.00000       6.00000
      -5.45969       0.00000       6.00000
      -5.45752       0.00000       6.00000
      -5.45534       0.00000       6.00000
      -5.45316       0.00000       6.00000
      -5.45098       0.00000       6.00000
      -5.44881       0.00000       6.00000
      -5.44663       0.00000       6.00000
      -5.44445       0.00000       6.00000
      -5.44228       0.00000       6.00000
      -5.44010       0.00000       6.00000
      -5.43792       0.00000       6.00000
      -5.43575       0.00000       6.00000
      -5.43357       0.00000       6.00000
      -5.43139       0.00000       6.00000
      -5.42922       0.00000       6.00000
      -5.42704       0.00000       6.00000
      -5.42486       0.00000       6.00000
      -5.42269       0.00000       6.00000
      -5.42051       0.00000       6.00000
      -5.41833       0.00000       6.00000
      -5.41615       0.00000       6.00000
      -5.41398       0.00000       6.00000
      -5.41180       0.00000       6.00000
      -5.40962       0.00000       6.00000
      -5.40745       0.00000       6.00000
      -5.40527       0.00000       6.00000
      -5.40309       0.00000       6.00000
      -5.40092       0.00000       6.00000
      -5.39874       0.00000       6.00000
      -5.39656       0.00000       6.00000
      -5.39439       0.00000       6.00000
      -5.39221       0.00000       6.00000
      -5.39003       0.00000       6.00000
      -5.38785       0.00000       6.00000
      -5.38568       0.00000       6.00000
      -5.38350       0.00000       6.00000
      -5.38132       0.00000       6.00000
      -5.37915       0.00000       6.00000
      -5.37697       0.00000       6.00000
      -5.37479       0.00000       6.00000
      -5.37262       0.00000       6.00000
      -5.37044       0.00000       6.00000
      -5.36826       0.00000       6.00000
      -5.36609       0.00000       6.00000
      -5.36391       0.00000       6.00000
      -5.36173       0.00000       6.00000
      -5.35955       0.00000       6.00000
      -5.35738       0.00000       6.00000
      -5.35520       0.00000       6.00000
      -5.35302       0.00000       6.00000
      -5.35085       0.00000       6.00000
      -5.34867       0.00000       6.00000
      -5.34649       0.00000       6.00000
      -5.34432       0.00000       6.00000
      -5.34214       0.00000       6.00000
      -5.33996       0.00000       6.00000
      -5.33779       0.00000       6.00000
      -5.33561       0.00000       6.00000
      -5.33343       0.00000       6.00000
      -5.33125       0.00000       6.00000
      -5.32908       0.00000       6.00000
      -5.32690       0.00000       6.00000
      -5.32472       0.00000       6.00000
      -5.32255       0.00000       6.00000
      -5.32037       0.00000       6.00000
      -5.31819       0.00000       6.00000
      -5.31602       0.00000       6.00000
      -5.31384       0.00000       6.00000
      -5.31166       0.00000       6.00000
      -5.30949       0.00000       6.00000
      -5.30731       0.00000       6.00000
      -5.30513       0.00000       6.00000
      -5.30295       0.00000       6.00000
      -5.30078       0.00000       6.00000
      -5.29860       0.00000       6.00000
      -5.29642       0.00000       6.00000
      -5.29425       0.00000       6.00000
      -5.29207       0.00000       6.00000
      -5.28989       0.00000       6.00000
      -5.28772       0.00000       6.00000
      -5.28554       0.00000       6.00000
      -5.28336       0.00000       6.00000
      -5.28119       0.00000       6.00000
      -5.27901       0.00000       6.00000
      -5.27683       0.00000       6.00000
      -5.27466       0.00000       6.00000
      -5.27248       0.00000       6.00000
      -5.27030       0.00000       6.00000
      -5.26812       0.00000       6.00000
      -5.26595       0.00000       6.00000
      -5.26377       0.00000       6.00000
      -5.26159       0.00000       6.00000
      -5.25942       0.00000       6.00000
      -5.25724       0.00000       6.00000
      -5.25506       0.00000       6.00000
      -5.25289       0.00000       6.00000
      -5.25071       0.00000       6.00000
      -5.24853       0.00000       6.00000
      -5.24636       0.00000       6.00000
      -5.24418       0.00000       6.00000
      -5.24200       0.00000       6.00000
      -5.23982       0.00000       6.00000
      -5.23765       0.00000       6.00000
      -5.23547       0.00000       6.00000
      -5.23329       0.00000       6.00000
      -5.23112       0.00000       6.00000
      -5.22894       0.00000       6.00000
      -5.22676       0.00000       6.00000
      -5.22459       0.00000       6.00000
      -5.22241       0.00000       6.00000
      -5.22023       0.00000       6.00000
      -5.21806       0.00000       6.00000
      -5.21588       0.00000       6.00000
      -5.21370       0.00000       6.00000
      -5.21152       0.00000       6.00000
      -5.20935       0.00000       6.00000
      -5.20717       0.00000       6.00000
      -5.20499       0.00000       6.00000
      -5.20282       0.00000       6.00000
      -5.20064       0.00000       6.00000
      -5.19846       0.00000       6.00000
      -5.19629       0.00000       6.00000
      -5.19411       0.00000       6.00000
      -5.19193       0.00000       6.00000
      -5.18976       0.00000       6.00000
      -5.18758       0.00000       6.00000
      -5.18540       0.00000       6.00000
      -5.18322       0.00000       6.00000
      -5.18105       0.00000       6.00000
      -5.17887       0.00000       6.00000
      -5.17669       0.00000       6.00000
      -5.17452       0.00000       6.00000
      -5.17234       0.00000       6.00000
      -5.17016       0.00000       6.00000
      -5.16799       0.00000       6.00000
      -5.16581       0.00000       6.00000
      -5.16363       0.00000       6.00000
      -5.16146       0.00000       6.00000
      -5.15928       0.00000       6.00000
      -5.15710       0.00000       6.00000
      -5.15492       0.00000       6.00000
      -5.15275       0.00000       6.00000
      -5.15057       0.00000       6.00000
      -5.14839       0.00000       6.00000
      -5.14622       0.00000       6.00000
      -5.14404       0.00000       6.00000
      -5.14186       0.00000       6.00000
      -5.13969       0.00000       6.00000
      -5.13751       0.00000       6.00000
      -5.13533       0.00000       6.00000
      -5.13316       0.00000       6.00000
      -5.13098       0.00000       6.00000
      -5.12880       0.00000       6.00000
      -5.12663       0.00000       6.00000
      -5.12445       0.00000       6.00000
      -5.12227       0.00000       6.00000
      -5.12009       0.00000       6.00000
      -5.11792       0.00000       6.00000
      -5.11574       0.00000       6.00000
      -5.11356       0.00000       6.00000
      -5.11139       0.00000       6.00000
      -5.10921       0.00000       6.00000
      -5.10703       0.00000       6.00000
      -5.10486       0.00000       6.00000
      -5.10268       0.00000       6.00000
      -5.10050       0.00000       6.00000
      -5.09833       0.00000       6.00000
      -5.09615       0.00000       6.00000
      -5.09397       0.00000       6.00000
      -5.09179       0.00000       6.00000
      -5.08962       0.00000       6.00000
      -5.08744       0.00000       6.00000
      -5.08526       0.00000       6.00000
      -5.08309       0.00000       6.00000
      -5.08091       0.00000       6.00000
      -5.07873       0.00000       6.00000
      -5.07656       0.00000       6.00000
      -5.07438       0.00000       6.00000
      -5.07220       0.00000       6.00000
      -5.07003       0.00000       6.00000
      -5.06785       0.00000       6.00000
      -5.06567       0.00000       6.00000
      -5.06349       0.00000       6.00000
      -5.06132       0.00000       6.00000
      -5.05914       0.00000       6.00000
      -5.05696       0.00000       6.00000
      -5.05479       0.00000       6.00000
      -5.05261       0.00000       6.00000
      -5.05043       0.00000       6.00000
      -5.04826       0.00000       6.00000
      -5.04608       0.00000       6.00000
      -5.04390       0.00000       6.00000
      -5.04173       0.00000       6.00000
      -5.03955       0.00000       6.00000
      -5.03737       0.00000       6.00000
      -5.03519       0.00000       6.00000
      -5.03302       0.00000       6.00000
      -5.03084       0.00000       6.00000
      -5.02866       0.00000       6.00000
      -5.02649       0.00000       6.00000
      -5.02431       0.00000       6.00000
      -5.02213       0.00000       6.00000
      -5.01996       0.00000       6.00000
      -5.01778       0.00000       6.00000
      -5.01560       0.00000       6.00000
      -5.01343       0.00000       6.00000
      -5.01125       0.00000       6.00000
      -5.00907       0.00000       6.00000
      -5.00690       0.00000       6.00000
      -5.00472       0.00000       6.00000
      -5.00254       0.00000       6.00000
      -5.00036       0.00000       6.00000
      -4.99819       0.00000       6.00000
      -4.99601       0.00000       6.00000
      -4.99383       0.00000       6.00000
      -4.99166       0.00000       6.00000
      -4.98948       0.00000       6.00000
      -4.98730       0.00000       6.00000
      -4.98513       0.00000       6.00000
      -4.98295       0.00000       6.00000
      -4.98077       0.00000       6.00000
      -4.97860       0.00000       6.00000
      -4.97642       0.00000       6.00000
      -4.97424       0.00000       6.00000
      -4.97206       0.00000       6.00000
      -4.96989       0.00000       6.00000
      -4.96771       0.00000       6.00000
      -4.96553       0.00000       6.00000
      -4.96336       0.00000       6.00000
      -4.96118       0.00000       6.00000
      -4.95900       0.00000       6.00000
      -4.95683       0.00000       6.00000
      -4.95465       0.00000       6.00000
      -4.95247       0.00000       6.00000
      -4.95030       0.00000       6.00000
      -4.94812       0.00000       6.00000
      -4.94594       0.00000       6.00000
      -4.94376       0.00000       6.00000
      -4.94159       0.00000       6.00000
      -4.93941       0.00000       6.00000
      -4.93723       0.00000       6.00000
      -4.93506       0.00000       6.00000
      -4.93288       0.00000       6.00000
      -4.93070       0.00000       6.00000
      -4.92853       0.00000       6.00000
      -4.92635       0.00000       6.00000
      -4.92417       0.00000       6.00000
      -4.92200       0.00000       6.00000
      -4.91982       0.00000       6.00000
      -4.91764       0.00000       6.00000
      -4.91546       0.00000       6.00000
      -4.91329       0.00000       6.00000
      -4.91111       0.00000       6.00000
      -4.90893       0.00000       6.00000
      -4.90676       0.00000       6.00000
      -4.90458       0.00000       6.00000
      -4.90240       0.00000       6.00000
      -4.90023       0.00000       6.00000
      -4.89805       0.00000       6.00000
      -4.89587       0.00000       6.00000
      -4.89370       0.00000       6.00000
      -4.89152       0.00000       6.00000
      -4.88934       0.00000       6.00000
      -4.88716       0.00000       6.00000
      -4.88499       0.00000       6.00000
      -4.88281       0.00000       6.00000
      -4.88063       0.00000       6.00000
      -4.87846       0.00000       6.00000
      -4.87628       0.00000       6.00000
      -4.87410       0.00000       6.00000
      -4.87193       0.00000       6.00000
      -4.86975       0.00000       6.00000
      -4.86757       0.00000       6.00000
      -4.86540       0.00000       6.00000
      -4.86322       0.00000       6.00000
      -4.86104       0.00000       6.00000
      -4.85887       0.00000       6.00000
      -4.85669       0.00000       6.00000
      -4.85451       0.00000       6.00000
      -4.85233       0.00000       6.00000
      -4.85016       0.00000       6.00000
      -4.84798       0.00000       6.00000
      -4.84580       0.00000       6.00000
      -4.84363       0.00000       6.00000
      -4.84145       0.00000       6.00000
      -4.83927       0.00000       6.00000
      -4.83710       0.00000       6.00000
      -4.83492       0.00000       6.00000
      -4.83274       0.00000       6.00000
      -4.83057       0.00000       6.00000
      -4.82839       0.00000       6.00000
      -4.82621       0.00000       6.00000
      -4.82403       0.00000       6.00000
      -4.82186       0.00000       6.00000
      -4.81968       0.00000       6.00000
      -4.81750       0.00000       6.00000
      -4.81533       0.00000       6.00000
      -4.81315       0.00000       6.00000
      -4.81097       0.00000       6.00000
      -4.80880       0.00000       6.00000
      -4.80662       0.00000       6.00000
      -4.80444       0.00000       6.00000
      -4.80227       0.00000       6.00000
      -4.80009       0.00000       6.00000
      -4.79791       0.00000       6.00000
      -4.79573       0.00000       6.00000
      -4.79356       0.00000       6.00000
      -4.79138       0.00000       6.00000
      -4.78920       0.00000       6.00000
      -4.78703       0.00000       6.00000
      -4.78485       0.00000       6.00000
      -4.78267       0.00000       6.00000
      -4.78050       0.00000       6.00000
      -4.77832       0.00000       6.00000
      -4.77614       0.00000       6.00000
      -4.77397       0.00000       6.00000
      -4.77179       0.00000       6.00000
      -4.76961       0.00000       6.00000
      -4.76743       0.00000       6.00000
      -4.76526       0.00000       6.00000
      -4.76308       0.00000       6.00000
      -4.76090       0.00000       6.00000
      -4.75873       0.00000       6.00000
      -4.75655       0.00000       6.00000
      -4.75437       0.00000       6.00000
      -4.75220       0.00000       6.00000
      -4.75002       0.00000       6.00000
      -4.74784       0.00001       6.00000
      -4.74567       0.00001       6.00000
      -4.74349       0.00002       6.00000
      -4.74131       0.00003       6.00000
      -4.73913       0.00004       6.00000
      -4.73696       0.00006       6.00000
      -4.73478       0.00009       6.00000
      -4.73260       0.00013       6.00000
      -4.73043       0.00019       6.00000
      -4.72825       0.00029       6.00000
      -4.72607       0.00042       6.00000
      -4.72390       0.00061       6.00000
      -4.72172       0.00088       6.00001
      -4.71954       0.00126       6.00001
      -4.71737       0.00180       6.00001
      -4.71519       0.00255       6.00002
      -4.71301       0.00360       6.00003
      -4.71084       0.00503       6.00004
      -4.70866       0.00700       6.00005
      -4.70648       0.00968       6.00007
      -4.70430       0.01329       6.00010
      -4.70213       0.01813       6.00014
      -4.69995       0.02458       6.00020
      -4.69777       0.03311       6.00027
      -4.69560       0.04431       6.00036
      -4.69342       0.05893       6.00049
      -4.69124       0.07788       6.00066
      -4.68907       0.10226       6.00088
      -4.68689       0.13341       6.00117
      -4.68471       0.17294       6.00155
      -4.68254       0.22275       6.00204
      -4.68036       0.28509       6.00266
      -4.67818       0.36253       6.00345
      -4.67600       0.45808       6.00444
      -4.67383       0.57512       6.00569
      -4.67165       0.71745       6.00726
      -4.66947       0.88930       6.00919
      -4.66730       1.09528       6.01158
      -4.66512       1.34036       6.01449
      -4.66294       1.62981       6.01804
      -4.66077       1.96913       6.02233
      -4.65859       2.36392       6.02748
      -4.65641       2.81975       6.03361
      -4.65424       3.34203       6.04089
      -4.65206       3.93577       6.04946
      -4.64988       4.60543       6.05948
      -4.64770       5.35464       6.07114
      -4.64553       6.18602       6.08461
      -4.64335       7.10089       6.10006
      -4.64117       8.09907       6.11769
      -4.63900       9.17863       6.13768
      -4.63682      10.33573       6.16018
      -4.63464      11.56444       6.18535
      -4.63247      12.85668       6.21334
      -4.63029      14.20213       6.24425
      -4.62811      15.58830       6.27819
      -4.62594      17.00061       6.31520
      -4.62376      18.42259       6.35530
      -4.62158      19.83615       6.39848
      -4.61940      21.22192       6.44468
      -4.61723      22.55966       6.49379
      -4.61505      23.82872       6.54567
      -4.61287      25.00861       6.60011
      -4.61070      26.07948       6.65688
      -4.60852      27.02270       6.71571
      -4.60634      27.82141       6.77627
      -4.60417      28.46099       6.83823
      -4.60199      28.92953       6.90120
      -4.59981      29.21819       6.96481
      -4.59764      29.32147       7.02864
      -4.59546      29.23739       7.09229
      -4.59328      28.96757       7.15535
      -4.59111      28.51715       7.21743
      -4.58893      27.89463       7.27815
      -4.58675      27.11163       7.33717
      -4.58457      26.18250       7.39417
      -4.58240      25.12390       7.44886
      -4.58022      23.95431       7.50101
      -4.57804      22.69346       7.55041
      -4.57587      21.36182       7.59691
      -4.57369      19.98004       7.64041
      -4.57151      18.56842       7.68083
      -4.56934      17.14645       7.71815
      -4.56716      15.73236       7.75240
      -4.56498      14.34280       7.78362
      -4.56281      12.99256       7.81191
      -4.56063      11.69434       7.83737
      -4.55845      10.45869       7.86013
      -4.55627       9.29394       7.88037
      -4.55410       8.20621       7.89823
      -4.55192       7.19956       7.91390
      -4.54974       6.27609       7.92756
      -4.54757       5.43618       7.93940
      -4.54539       4.67863       7.94958
      -4.54321       4.00096       7.95829
      -4.54104       3.39961       7.96569
      -4.53886       2.87023       7.97194
      -4.53668       2.40781       7.97718
      -4.53451       2.00701       7.98155
      -4.53233       1.66226       7.98517
      -4.53015       1.36794       7.98815
      -4.52797       1.11855       7.99058
      -4.52580       0.90879       7.99256
      -4.52362       0.73366       7.99416
      -4.52144       0.58850       7.99544
      -4.51927       0.46905       7.99646
      -4.51709       0.37146       7.99727
      -4.51491       0.29229       7.99791
      -4.51274       0.22853       7.99840
      -4.51056       0.17754       7.99879
      -4.50838       0.13705       7.99909
      -4.50621       0.10512       7.99932
      -4.50403       0.08011       7.99949
      -4.50185       0.06066       7.99962
      -4.49967       0.04564       7.99972
      -4.49750       0.03412       7.99980
      -4.49532       0.02535       7.99985
      -4.49314       0.01871       7.99989
      -4.49097       0.01372       7.99992
      -4.48879       0.01000       7.99995
      -4.48661       0.00724       7.99996
      -4.48444       0.00521       7.99997
      -4.48226       0.00372       7.99998
      -4.48008       0.00264       7.99999
      -4.47791       0.00187       7.99999
      -4.47573       0.00131       7.99999
      -4.47355       0.00091       8.00000
      -4.47137       0.00063       8.00000
      -4.46920       0.00043       8.00000
      -4.46702       0.00030       8.00000
      -4.46484       0.00020       8.00000
      -4.46267       0.00014       8.00000
      -4.46049       0.00009       8.00000
      -4.45831       0.00006       8.00000
      -4.45614       0.00004       8.00000
      -4.45396       0.00003       8.00000
      -4.45178       0.00002       8.00000
      -4.44961       0.00001       8.00000
      -4.44743       0.00001       8.00000
      -4.44525       0.00000       8.00000
      -4.44308       0.00000       8.00000
      -4.44090       0.00000       8.00000
      -4.43872       0.00000       8.00000
      -4.43654       0.00000       8.00000
      -4.43437       0.00000       8.00000
      -4.43219       0.00000       8.00000
      -4.43001       0.00000       8.00000
      -4.42784       0.00000       8.00000
      -4.42566       0.00000       8.00000
      -4.42348       0.00000       8.00000
      -4.42131       0.00000       8.00000
      -4.41913       0.00000       8.00000
      -4.41695       0.00000       8.00000
      -4.41478       0.00000       8.00000
      -4.41260       0.00000       8.00000
      -4.41042       0.00000       8.00000
      -4.40824       0.00000       8.00000
      -4.40607       0.00000       8.00000
      -4.40389       0.00000       8.00000
      -4.40171       0.00000       8.00000
      -4.39954       0.00000       8.00000
      -4.39736       0.00000       8.00000
      -4.39518       0.00000       8.00000
      -4.39301       0.00000       8.00000
      -4.39083       0.00000       8.00000
      -4.38865       0.00000       8.00000
      -4.38648       0.00000       8.00000
      -4.38430       0.00000       8.00000
      -4.38212       0.00000       8.00000
      -4.37994       0.00000       8.00000
      -4.37777       0.00000       8.00000
      -4.37559       0.00000       8.00000
      -4.37341       0.00000       8.00000
      -4.37124       0.00000       8.00000
      -4.36906       0.00000       8.00000
      -4.36688       0.00000       8.00000
      -4.36471       0.00000       8.00000
      -4.36253       0.00000       8.00000
      -4.36035       0.00000       8.00000
      -4.35818       0.00000       8.00000
      -4.35600       0.00000       8.00000
      -4.35382       0.00000       8.00000
      -4.35164       0.00000       8.00000
      -4.34947       0.00000       8.00000
      -4.34729       0.00000       8.00000
      -4.34511       0.00000       8.00000
      -4.34294       0.00000       8.00000
      -4.34076       0.00000       8.00000
      -4.33858       0.00000       8.00000
      -4.33641       0.00000       8.00000
      -4.33423       0.00000       8.00000
      -4.33205       0.00000       8.00000
      -4.32988       0.00000       8.00000
      -4.32770       0.00000       8.00000
      -4.32552       0.00000       8.00000
      -4.32335       0.00000       8.00000
      -4.32117       0.00000       8.00000
      -4.31899       0.00000       8.00000
      -4.31681       0.00000       8.00000
      -4.31464       0.00000       8.00000
      -4.31246       0.00000       8.00000
      -4.31028       0.00000       8.00000
      -4.30811       0.00000       8.00000
      -4.30593       0.00000       8.00000
      -4.30375       0.00000       8.00000
      -4.30158       0.00000       8.00000
      -4.29940       0.00000       8.00000
      -4.29722       0.00000       8.00000
      -4.29505       0.00000       8.00000
      -4.29287       0.00000       8.00000
      -4.29069       0.00000       8.00000
      -4.28851       0.00000       8.00000
      -4.28634       0.00000       8.00000
      -4.28416       0.00000       8.00000
      -4.28198       0.00000       8.00000
      -4.27981       0.00000       8.00000
      -4.27763       0.00000       8.00000
      -4.27545       0.00000       8.00000
      -4.27328       0.00000       8.00000
      -4.27110       0.00000       8.00000
      -4.26892       0.00000       8.00000
      -4.26675       0.00000       8.00000
      -4.26457       0.00000       8.00000
      -4.26239       0.00000       8.00000
      -4.26021       0.00000       8.00000
      -4.25804       0.00000       8.00000
      -4.25586       0.00000       8.00000
      -4.25368       0.00000       8.00000
      -4.25151       0.00000       8.00000
      -4.24933       0.00000       8.00000
      -4.24715       0.00000       8.00000
      -4.24498       0.00000       8.00000
      -4.24280       0.00000       8.00000
      -4.24062       0.00000       8.00000
      -4.23845       0.00000       8.00000
      -4.23627       0.00000       8.00000
      -4.23409       0.00000       8.00000
      -4.23191       0.00000       8.00000
      -4.22974       0.00000       8.00000
      -4.22756       0.00000       8.00000
      -4.22538       0.00000       8.00000
      -4.22321       0.00000       8.00000
      -4.22103       0.00000       8.00000
      -4.21885       0.00000       8.00000
      -4.21668       0.00000       8.00000
      -4.21450       0.00000       8.00000
      -4.21232       0.00000       8.00000
      -4.21015       0.00000       8.00000
      -4.20797       0.00000       8.00000
      -4.20579       0.00000       8.00000
      -4.20361       0.00000       8.00000
      -4.20144       0.00000       8.00000
      -4.19926       0.00000       8.00000
      -4.19708       0.00000       8.00000
      -4.19491       0.00000       8.00000
      -4.19273       0.00000       8.00000
      -4.19055       0.00000       8.00000
      -4.18838       0.00000       8.00000
      -4.18620       0.00000       8.00000
      -4.18402       0.00000       8.00000
      -4.18185       0.00000       8.00000
      -4.17967       0.00000       8.00000
      -4.17749       0.00000       8.00000
      -4.17532       0.00000       8.00000
      -4.17314       0.00000       8.00000
      -4.17096       0.00000       8.00000
      -4.16878       0.00000       8.00000
      -4.16661       0.00000       8.00000
      -4.16443       0.00000       8.00000
      -4.16225       0.00000       8.00000
      -4.16008       0.00000       8.00000
      -4.15790       0.00000       8.00000
      -4.15572       0.00000       8.00000
      -4.15355       0.00000       8.00000
      -4.15137       0.00000       8.00000
      -4.14919       0.00000       8.00000
      -4.14702       0.00000       8.00000
      -4.14484       0.00000       8.00000
      -4.14266       0.00000       8.00000
      -4.14048       0.00000       8.00000
      -4.13831       0.00000       8.00000
      -4.13613       0.00000       8.00000
      -4.13395       0.00000       8.00000
      -4.13178       0.00000       8.00000
      -4.12960       0.00000       8.00000
      -4.12742       0.00000       8.00000
      -4.12525       0.00000       8.00000
      -4.12307       0.00000       8.00000
      -4.12089       0.00000       8.00000
      -4.11872       0.00000       8.00000
      -4.11654       0.00000       8.00000
      -4.11436       0.00000       8.00000
      -4.11218       0.00000       8.00000
      -4.11001       0.00000       8.00000
      -4.10783       0.00000       8.00000
      -4.10565       0.00000       8.00000
      -4.10348       0.00000       8.00000
      -4.10130       0.00000       8.00000
      -4.09912       0.00000       8.00000
      -4.09695       0.00000       8.00000
      -4.09477       0.00000       8.00000
      -4.09259       0.00000       8.00000
      -4.09042       0.00000       8.00000
      -4.08824       0.00000       8.00000
      -4.08606       0.00000       8.00000
      -4.08388       0.00000       8.00000
      -4.08171       0.00000       8.00000
      -4.07953       0.00000       8.00000
      -4.07735       0.00000       8.00000
      -4.07518       0.00000       8.00000
      -4.07300       0.00000       8.00000
      -4.07082       0.00000       8.00000
      -4.06865       0.00000       8.00000
      -4.06647       0.00000       8.00000
      -4.06429       0.00000       8.00000
      -4.06212       0.00000       8.00000
      -4.05994       0.00000       8.00000
      -4.05776       0.00000       8.00000
      -4.05558       0.00000       8.00000
      -4.05341       0.00000       8.00000
      -4.05123       0.00000       8.00000
      -4.04905       0.00000       8.00000
      -4.04688       0.00000       8.00000
      -4.04470       0.00000       8.00000
      -4.04252       0.00000       8.00000
      -4.04035       0.00000       8.00000
      -4.03817       0.00000       8.00000
      -4.03599       0.00000       8.00000
      -4.03382       0.00000       8.00000
      -4.03164       0.00000       8.00000
      -4.02946       0.00000       8.00000
      -4.02729       0.00000       8.00000
      -4.02511       0.00000       8.00000
      -4.02293       0.00000       8.00000
      -4.02075       0.00000       8.00000
      -4.01858       0.00000       8.00000
      -4.01640       0.00000       8.00000
      -4.01422       0.00000       8.00000
      -4.01205       0.00000       8.00000
      -4.00987       0.00000       8.00000
      -4.00769       0.00000       8.00000
      -4.00552       0.00000       8.00000
      -4.00334       0.00000       8.00000
      -4.00116       0.00000       8.00000
      -3.99899       0.00000       8.00000
      -3.99681       0.00000       8.00000
      -3.99463       0.00000       8.00000
      -3.99245       0.00000       8.00000
      -3.99028       0.00000       8.00000
      -3.98810       0.00000       8.00000
      -3.98592       0.00000       8.00000
      -3.98375       0.00000       8.00000
      -3.98157       0.00000       8.00000
      -3.97939       0.00000       8.00000
      -3.97722       0.00000       8.00000
      -3.97504       0.00000       8.00000
      -3.97286       0.00000       8.00000
      -3.97069       0.00000       8.00000
      -3.96851       0.00000       8.00000
      -3.96633       0.00000       8.00000
      -3.96415       0.00000       8.00000
      -3.96198       0.00000       8.00000
      -3.95980       0.00000       8.00000
      -3.95762       0.00000       8.00000
      -3.95545       0.00000       8.00000
      -3.95327       0.00000       8.00000
      -3.95109       0.00000       8.00000
      -3.94892       0.00000       8.00000
      -3.94674       0.00000       8.00000
      -3.94456       0.00000       8.00000
      -3.94239       0.00000       8.00000
      -3.94021       0.00000       8.00000
      -3.93803       0.00000       8.00000
      -3.93585       0.00000       8.00000
      -3.93368       0.00000       8.00000
      -3.93150       0.00000       8.00000
      -3.92932       0.00000       8.00000
      -3.92715       0.00000       8.00000
      -3.92497       0.00000       8.00000
      -3.92279       0.00000       8.00000
      -3.92062       0.00000       8.00000
      -3.91844       0.00000       8.00000
      -3.91626       0.00000       8.00000
      -3.91409       0.00000       8.00000
      -3.91191       0.00000       8.00000
      -3.90973       0.00000       8.00000
      -3.90756       0.00000       8.00000
      -3.90538       0.00000       8.00000
      -3.90320       0.00000       8.00000
      -3.90102       0.00000       8.00000
      -3.89885       0.00000       8.00000
      -3.89667       0.00000       8.00000
      -3.89449       0.00000       8.00000
      -3.89232       0.00000       8.00000
      -3.89014       0.00000       8.00000
      -3.88796       0.00000       8.00000
      -3.88579       0.00000       8.00000
      -3.88361       0.00000       8.00000
      -3.88143       0.00000       8.00000
      -3.87926       0.00000       8.00000
      -3.87708       0.00000       8.00000
      -3.87490       0.00000       8.00000
      -3.87272       0.00000       8.00000
      -3.87055       0.00000       8.00000
      -3.86837       0.00000       8.00000
      -3.86619       0.00000       8.00000
      -3.86402       0.00000       8.00000
      -3.86184       0.00000       8.00000
      -3.85966       0.00000       8.00000
      -3.85749       0.00000       8.00000
      -3.85531       0.00000       8.00000
      -3.85313       0.00000       8.00000
      -3.85096       0.00000       8.00000
      -3.84878       0.00000       8.00000
      -3.84660       0.00000       8.00000
      -3.84442       0.00000       8.00000
      -3.84225       0.00000       8.00000
      -3.84007       0.00000       8.00000
      -3.83789       0.00000       8.00000
      -3.83572       0.00000       8.00000
      -3.83354       0.00000       8.00000
      -3.83136       0.00000       8.00000
      -3.82919       0.00000       8.00000
      -3.82701       0.00000       8.00000
      -3.82483       0.00000       8.00000
      -3.82266       0.00000       8.00000
      -3.82048       0.00000       8.00000
      -3.81830       0.00000       8.00000
      -3.81612       0.00000       8.00000
      -3.81395       0.00000       8.00000
      -3.81177       0.00000       8.00000
      -3.80959       0.00000       8.00000
      -3.80742       0.00000       8.00000
      -3.80524       0.00000       8.00000
      -3.80306       0.00000       8.00000
      -3.80089       0.00000       8.00000
      -3.79871       0.00000       8.00000
      -3.79653       0.00000       8.00000
      -3.79436       0.00000       8.00000
      -3.79218       0.00000       8.00000
      -3.79000       0.00000       8.00000
      -3.78782       0.00000       8.00000
      -3.78565       0.00000       8.00000
      -3.78347       0.00000       8.00000
      -3.78129       0.00000       8.00000
      -3.77912       0.00000       8.00000
      -3.77694       0.00000       8.00000
      -3.77476       0.00000       8.00000
      -3.77259       0.00000       8.00000
      -3.77041       0.00000       8.00000
      -3.76823       0.00000       8.00000
      -3.76606       0.00000       8.00000
      -3.76388       0.00000       8.00000
      -3.76170       0.00000       8.00000
      -3.75953       0.00000       8.00000
      -3.75735       0.00000       8.00000
      -3.75517       0.00000       8.00000
      -3.75299       0.00000       8.00000
      -3.75082       0.00000       8.00000
      -3.74864       0.00000       8.00000
      -3.74646       0.00000       8.00000
      -3.74429       0.00000       8.00000
      -3.74211       0.00000       8.00000
      -3.73993       0.00000       8.00000
      -3.73776       0.00000       8.00000
      -3.73558       0.00000       8.00000
      -3.73340       0.00000       8.00000
      -3.73123       0.00000       8.00000
      -3.72905       0.00000       8.00000
      -3.72687       0.00000       8.00000
      -3.72469       0.00000       8.00000
      -3.72252       0.00000       8.00000
      -3.72034       0.00000       8.00000
      -3.71816       0.00000       8.00000
      -3.71599       0.00000       8.00000
      -3.71381       0.00000       8.00000
      -3.71163       0.00000       8.00000
      -3.70946       0.00000       8.00000
      -3.70728       0.00000       8.00000
      -3.70510       0.00000       8.00000
      -3.70293       0.00000       8.00000
      -3.70075       0.00000       8.00000
      -3.69857       0.00000       8.00000
      -3.69639       0.00000       8.00000
      -3.69422       0.00000       8.00000
      -3.69204       0.00000       8.00000
      -3.68986       0.00000       8.00000
      -3.68769       0.00000       8.00000
      -3.68551       0.00000       8.00000
      -3.68333       0.00000       8.00000
      -3.68116       0.00000       8.00000
      -3.67898       0.00000       8.00000
      -3.67680       0.00000       8.00000
      -3.67463       0.00000       8.00000
      -3.67245       0.00000       8.00000
      -3.67027       0.00000       8.00000
      -3.66809       0.00000       8.00000
      -3.66592       0.00000       8.00000
      -3.66374       0.00000       8.00000
      -3.66156       0.00000       8.00000
      -3.65939       0.00000       8.00000
      -3.65721       0.00000       8.00000
      -3.65503       0.00000       8.00000
      -3.65286       0.00000       8.00000
      -3.65068       0.00000       8.00000
      -3.64850       0.00000       8.00000
      -3.64633       0.00000       8.00000
      -3.64415       0.00000       8.00000
      -3.64197       0.00000       8.00000
      -3.63979       0.00000       8.00000
      -3.63762       0.00000       8.00000
      -3.63544       0.00000       8.00000
      -3.63326       0.00000       8.00000
      -3.63109       0.00000       8.00000
      -3.62891       0.00000       8.00000
      -3.62673       0.00000       8.00000
      -3.62456       0.00000       8.00000
      -3.62238       0.00000       8.00000
      -3.62020       0.00000       8.00000
      -3.61803       0.00000       8.00000
      -3.61585       0.00000       8.00000
      -3.61367       0.00000       8.00000
      -3.61150       0.00000       8.00000
      -3.60932       0.00000       8.00000
      -3.60714       0.00000       8.00000
      -3.60496       0.00000       8.00000
      -3.60279       0.00000       8.00000
      -3.60061       0.00000       8.00000
      -3.59843       0.00000       8.00000
      -3.59626       0.00000       8.00000
      -3.59408       0.00000       8.00000
      -3.59190       0.00000       8.00000
      -3.58973       0.00000       8.00000
      -3.58755       0.00000       8.00000
      -3.58537       0.00000       8.00000
      -3.58320       0.00000       8.00000
      -3.58102       0.00000       8.00000
      -3.57884       0.00000       8.00000
      -3.57666       0.00000       8.00000
      -3.57449       0.00000       8.00000
      -3.57231       0.00000       8.00000
      -3.57013       0.00000       8.00000
      -3.56796       0.00000       8.00000
      -3.56578       0.00000       8.00000
      -3.56360       0.00000       8.00000
      -3.56143       0.00000       8.00000
      -3.55925       0.00000       8.00000
      -3.55707       0.00000       8.00000
      -3.55490       0.00000       8.00000
      -3.55272       0.00000       8.00000
      -3.55054       0.00000       8.00000
      -3.54836       0.00000       8.00000
      -3.54619       0.00000       8.00000
      -3.54401       0.00000       8.00000
      -3.54183       0.00000       8.00000
      -3.53966       0.00000       8.00000
      -3.53748       0.00000       8.00000
      -3.53530       0.00000       8.00000
      -3.53313       0.00000       8.00000
      -3.53095       0.00000       8.00000
      -3.52877       0.00000       8.00000
      -3.52660       0.00000       8.00000
      -3.52442       0.00000       8.00000
      -3.52224       0.00000       8.00000
      -3.52006       0.00000       8.00000
      -3.51789       0.00000       8.00000
      -3.51571       0.00000       8.00000
      -3.51353       0.00000       8.00000
      -3.51136       0.00000       8.00000
      -3.50918       0.00000       8.00000
      -3.50700       0.00000       8.00000
      -3.50483       0.00000       8.00000
      -3.50265       0.00000       8.00000
      -3.50047       0.00000       8.00000
      -3.49830       0.00000       8.00000
      -3.49612       0.00000       8.00000
      -3.49394       0.00000       8.00000
      -3.49177       0.00000       8.00000
      -3.48959       0.00000       8.00000
      -3.48741       0.00000       8.00000
      -3.48523       0.00000       8.00000
      -3.48306       0.00000       8.00000
      -3.48088       0.00000       8.00000
      -3.47870       0.00000       8.00000
      -3.47653       0.00000       8.00000
      -3.47435       0.00000       8.00000
      -3.47217       0.00000       8.00000
      -3.47000       0.00000       8.00000
      -3.46782       0.00000       8.00000
      -3.46564       0.00000       8.00000
      -3.46347       0.00000       8.00000
      -3.46129       0.00000       8.00000
      -3.45911       0.00000       8.00000
      -3.45693       0.00000       8.00000
      -3.45476       0.00000       8.00000
      -3.45258       0.00000       8.00000
      -3.45040       0.00000       8.00000
      -3.44823       0.00000       8.00000
      -3.44605       0.00000       8.00000
      -3.44387       0.00000       8.00000
      -3.44170       0.00000       8.00000
      -3.43952       0.00000       8.00000
      -3.43734       0.00000       8.00000
      -3.43517       0.00000       8.00000
      -3.43299       0.00000       8.00000
      -3.43081       0.00000       8.00000
      -3.42863       0.00000       8.00000
      -3.42646       0.00000       8.00000
      -3.42428       0.00000       8.00000
      -3.42210       0.00000       8.00000
      -3.41993       0.00000       8.00000
      -3.41775       0.00000       8.00000
      -3.41557       0.00000       8.00000
      -3.41340       0.00000       8.00000
      -3.41122       0.00000       8.00000
      -3.40904       0.00000       8.00000
      -3.40687       0.00000       8.00000
      -3.40469       0.00000       8.00000
      -3.40251       0.00000       8.00000
      -3.40033       0.00000       8.00000
      -3.39816       0.00000       8.00000
      -3.39598       0.00000       8.00000
      -3.39380       0.00000       8.00000
      -3.39163       0.00000       8.00000
      -3.38945       0.00000       8.00000
      -3.38727       0.00000       8.00000
      -3.38510       0.00000       8.00000
      -3.38292       0.00000       8.00000
      -3.38074       0.00000       8.00000
      -3.37857       0.00000       8.00000
      -3.37639       0.00000       8.00000
      -3.37421       0.00000       8.00000
      -3.37203       0.00000       8.00000
      -3.36986       0.00000       8.00000
      -3.36768       0.00000       8.00000
      -3.36550       0.00000       8.00000
      -3.36333       0.00000       8.00000
      -3.36115       0.00000       8.00000
      -3.35897       0.00000       8.00000
      -3.35680       0.00000       8.00000
      -3.35462       0.00000       8.00000
      -3.35244       0.00000       8.00000
      -3.35027       0.00000       8.00000
      -3.34809       0.00000       8.00000
      -3.34591       0.00000       8.00000
      -3.34374       0.00000       8.00000
      -3.34156       0.00000       8.00000
      -3.33938       0.00000       8.00000
      -3.33720       0.00000       8.00000
      -3.33503       0.00000       8.00000
      -3.33285       0.00000       8.00000
      -3.33067       0.00000       8.00000
      -3.32850       0.00000       8.00000
      -3.32632       0.00000       8.00000
      -3.32414       0.00000       8.00000
      -3.32197       0.00000       8.00000
      -3.31979       0.00000       8.00000
      -3.31761       0.00000       8.00000
      -3.31544       0.00000       8.00000
      -3.31326       0.00000       8.00000
      -3.31108       0.00000       8.00000
      -3.30890       0.00000       8.00000
      -3.30673       0.00000       8.00000
      -3.30455       0.00000       8.00000
      -3.30237       0.00000       8.00000
      -3.30020       0.00000       8.00000
      -3.29802       0.00000       8.00000
      -3.29584       0.00000       8.00000
      -3.29367       0.00000       8.00000
      -3.29149       0.00000       8.00000
      -3.28931       0.00000       8.00000
      -3.28714       0.00000       8.00000
      -3.28496       0.00000       8.00000
      -3.28278       0.00000       8.00000
      -3.28060       0.00000       8.00000
      -3.27843       0.00000       8.00000
      -3.27625       0.00000       8.00000
      -3.27407       0.00000       8.00000
      -3.27190       0.00000       8.00000
      -3.26972       0.00000       8.00000
      -3.26754       0.00000       8.00000
      -3.26537       0.00000       8.00000
      -3.26319       0.00000       8.00000
      -3.26101       0.00000       8.00000
      -3.25884       0.00000       8.00000
      -3.25666       0.00000       8.00000
      -3.25448       0.00000       8.00000
      -3.25230       0.00000       8.00000
      -3.25013       0.00000       8.00000
      -3.24795       0.00000       8.00000
      -3.24577       0.00000       8.00000
      -3.24360       0.00000       8.00000
      -3.24142       0.00000       8.00000
      -3.23924       0.00000       8.00000
      -3.23707       0.00000       8.00000
      -3.23489       0.00000       8.00000
      -3.23271       0.00000       8.00000
      -3.23054       0.00000       8.00000
      -3.22836       0.00000       8.00000
      -3.22618       0.00000       8.00000
      -3.22401       0.00000       8.00000
      -3.22183       0.00000       8.00000
      -3.21965       0.00000       8.00000
      -3.21747       0.00000       8.00000
      -3.21530       0.00000       8.00000
      -3.21312       0.00000       8.00000
      -3.21094       0.00000       8.00000
      -3.20877       0.00000       8.00000
      -3.20659       0.00000       8.00000
      -3.20441       0.00000       8.00000
      -3.20224       0.00000       8.00000
      -3.20006       0.00000       8.00000
      -3.19788       0.00000       8.00000
      -3.19571       0.00000       8.00000
      -3.19353       0.00000       8.00000
      -3.19135       0.00000       8.00000
      -3.18917       0.00000       8.00000
      -3.18700       0.00000       8.00000
      -3.18482       0.00000       8.00000
      -3.18264       0.00000       8.00000
      -3.18047       0.00000       8.00000
      -3.17829       0.00000       8.00000
      -3.17611       0.00000       8.00000
      -3.17394       0.00000       8.00000
      -3.17176       0.00000       8.00000
      -3.16958       0.00000       8.00000
      -3.16741       0.00000       8.00000
      -3.16523       0.00000       8.00000
      -3.16305       0.00000       8.00000
      -3.16087       0.00000       8.00000
      -3.15870       0.00000       8.00000
      -3.15652       0.00000       8.00000
      -3.15434       0.00000       8.00000
      -3.15217       0.00000       8.00000
      -3.14999       0.00000       8.00000
      -3.14781       0.00000       8.00000
      -3.14564       0.00000       8.00000
      -3.14346       0.00000       8.00000
      -3.14128       0.00000       8.00000
      -3.13911       0.00000       8.00000
      -3.13693       0.00000       8.00000
      -3.13475       0.00000       8.00000
      -3.13257       0.00000       8.00000
      -3.13040       0.00000       8.00000
      -3.12822       0.00000       8.00000
      -3.12604       0.00000       8.00000
      -3.12387       0.00000       8.00000
      -3.12169       0.00000       8.00000
      -3.11951       0.00000       8.00000
      -3.11734       0.00000       8.00000
      -3.11516       0.00000       8.00000
      -3.11298       0.00000       8.00000
      -3.11081       0.00000       8.00000
      -3.10863       0.00000       8.00000
      -3.10645       0.00000       8.00000
      -3.10427       0.00000       8.00000
      -3.10210       0.00000       8.00000
      -3.09992       0.00000       8.00000
      -3.09774       0.00000       8.00000
      -3.09557       0.00000       8.00000
      -3.09339       0.00001       8.00000
      -3.09121       0.00001       8.00000
      -3.08904       0.00002       8.00000
      -3.08686       0.00002       8.00000
      -3.08468       0.00004       8.00000
      -3.08251       0.00006       8.00000
      -3.08033       0.00009       8.00000
      -3.07815       0.00013       8.00000
      -3.07598       0.00019       8.00000
      -3.07380       0.00028       8.00000
      -3.07162       0.00041       8.00000
      -3.06944       0.00059       8.00000
      -3.06727       0.00086       8.00001
      -3.06509       0.00123       8.00001
      -3.06291       0.00176       8.00001
      -3.06074       0.00249       8.00002
      -3.05856       0.00352       8.00003
      -3.05638       0.00492       8.00004
      -3.05421       0.00685       8.00005
      -3.05203       0.00947       8.00007
      -3.04985       0.01301       8.00010
      -3.04768       0.01776       8.00014
      -3.04550       0.02409       8.00019
      -3.04332       0.03246       8.00026
      -3.04114       0.04347       8.00036
      -3.03897       0.05784       8.00048
      -3.03679       0.07646       8.00065
      -3.03461       0.10044       8.00087
      -3.03244       0.13109       8.00115
      -3.03026       0.17001       8.00152
      -3.02808       0.21907       8.00200
      -3.02591       0.28049       8.00261
      -3.02373       0.35685       8.00339
      -3.02155       0.45109       8.00437
      -3.01938       0.56658       8.00560
      -3.01720       0.70710       8.00714
      -3.01502       0.87684       8.00905
      -3.01284       1.08040       8.01140
      -3.01067       1.32271       8.01428
      -3.00849       1.60904       8.01778
      -3.00631       1.94486       8.02202
      -3.00414       2.33578       8.02710
      -3.00196       2.78738       8.03317
      -2.99978       3.30507       8.04037
      -2.99761       3.89390       8.04884
      -2.99543       4.55837       8.05877
      -2.99325       5.30220       8.07031
      -2.99108       6.12805       8.08365
      -2.98890       7.03734       8.09897
      -2.98672       8.03001       8.11645
      -2.98454       9.10424       8.13627
      -2.98237      10.25633       8.15860
      -2.98019      11.48051       8.18359
      -2.97801      12.76881       8.21138
      -2.97584      14.11108       8.24210
      -2.97366      15.49497       8.27583
      -2.97148      16.90602       8.31264
      -2.96931      18.32791       8.35253
      -2.96713      19.74262       8.39551
      -2.96495      21.13087       8.44151
      -2.96278      22.47244       8.49043
      -2.96060      23.74672       8.54213
      -2.95842      24.93318       8.59640
      -2.95624      26.01191       8.65303
      -2.95407      26.96418       8.71173
      -2.95189      27.77300       8.77219
      -2.94971      28.42358       8.83406
      -2.94754      28.90383       8.89699
      -2.94536      29.20468       8.96056
      -2.94318      29.32041       9.02439
      -2.94101      29.24881       9.08806
      -2.93883      28.99124       9.15117
      -2.93665      28.55262       9.21333
      -2.93448      27.94124       9.27415
      -2.93230      27.16851       9.33330
      -2.93012      26.24862       9.39044
      -2.92795      25.19809       9.44529
      -2.92577      24.03529       9.49762
      -2.92359      22.77989       9.54721
      -2.92141      21.45233       9.59391
      -2.91924      20.07325       9.63760
      -2.91706      18.66300       9.67823
      -2.91488      17.24113       9.71576
      -2.91271      15.82598       9.75021
      -2.91053      14.43430       9.78164
      -2.90835      13.08102       9.81011
      -2.90618      11.77899       9.83575
      -2.90400      10.53889       9.85870
      -2.90182       9.36920       9.87909
      -2.89965       8.27619       9.89711
      -2.89747       7.26405       9.91292
      -2.89529       6.33501       9.92671
      -2.89311       5.48955       9.93866
      -2.89094       4.72658       9.94895
      -2.88876       4.04369       9.95776
      -2.88658       3.43739       9.96524
      -2.88441       2.90335       9.97156
      -2.88223       2.43664       9.97686
      -2.88005       2.03191       9.98129
      -2.87788       1.68359       9.98495
      -2.87570       1.38609       9.98797
      -2.87352       1.13388       9.99044
      -2.87135       0.92164       9.99244
      -2.86917       0.74435       9.99406
      -2.86699       0.59732       9.99536
      -2.86481       0.47628       9.99640
      -2.86264       0.37735       9.99722
      -2.86046       0.29706       9.99787
      -2.85828       0.23236       9.99838
      -2.85611       0.18059       9.99877
      -2.85393       0.13946       9.99907
      -2.85175       0.10701       9.99930
      -2.84958       0.08159       9.99948
      -2.84740       0.06181       9.99962
      -2.84522       0.04653       9.99972
      -2.84305       0.03480       9.99979
      -2.84087       0.02586       9.99985
      -2.83869       0.01910       9.99989
      -2.83651       0.01401       9.99992
      -2.83434       0.01021       9.99994
      -2.83216       0.00740       9.99996
      -2.82998       0.00533       9.99997
      -2.82781       0.00381       9.99998
      -2.82563       0.00271       9.99999
      -2.82345       0.00191       9.99999
      -2.82128       0.00134       9.99999
      -2.81910       0.00093      10.00000
      -2.81692       0.00065      10.00000
      -2.81475       0.00045      10.00000
      -2.81257       0.00030      10.00000
      -2.81039       0.00021      10.00000
      -2.80822       0.00014      10.00000
      -2.80604       0.00009      10.00000
      -2.80386       0.00006      10.00000
      -2.80168       0.00004      10.00000
      -2.79951       0.00003      10.00000
      -2.79733       0.00002      10.00000
      -2.79515       0.00001      10.00000
      -2.79298       0.00001      10.00000
      -2.79080       0.00000      10.00000
      -2.78862       0.00000      10.00000
      -2.78645       0.00000      10.00000
      -2.78427       0.00000      10.00000
      -2.78209       0.00000      10.00000
      -2.77992       0.00000      10.00000
      -2.77774       0.00000      10.00000
      -2.77556       0.00000      10.00000
      -2.77338       0.00000      10.00000
      -2.77121       0.00000      10.00000
      -2.76903       0.00000      10.00000
      -2.76685       0.00000      10.00000
      -2.76468       0.00000      10.00000
      -2.76250       0.00000      10.00000
      -2.76032       0.00000      10.00000
      -2.75815       0.00000      10.00000
      -2.75597       0.00000      10.00000
      -2.75379       0.00000      10.00000
      -2.75162       0.00000      10.00000
      -2.74944       0.00000      10.00000
      -2.74726       0.00000      10.00000
      -2.74508       0.00000      10.00000
      -2.74291       0.00000      10.00000
      -2.74073       0.00000      10.00000
      -2.73855       0.00000      10.00000
      -2.73638       0.00000      10.00000
      -2.73420       0.00000      10.00000
      -2.73202       0.00000      10.00000
      -2.72985       0.00000      10.00000
      -2.72767       0.00000      10.00000
      -2.72549       0.00000      10.00000
      -2.72332       0.00000      10.00000
      -2.72114       0.00000      10.00000
      -2.71896       0.00000      10.00000
      -2.71678       0.00000      10.00000
      -2.71461       0.00000      10.00000
      -2.71243       0.00000      10.00000
      -2.71025       0.00000      10.00000
      -2.70808       0.00000      10.00000
      -2.70590       0.00000      10.00000
      -2.70372       0.00000      10.00000
      -2.70155       0.00000      10.00000
      -2.69937       0.00000      10.00000
      -2.69719       0.00000      10.00000
      -2.69502       0.00000      10.00000
      -2.69284       0.00000      10.00000
      -2.69066       0.00000      10.00000
      -2.68848       0.00000      10.00000
      -2.68631       0.00000      10.00000
      -2.68413       0.00000      10.00000
      -2.68195       0.00000      10.00000
      -2.67978       0.00000      10.00000
      -2.67760       0.00000      10.00000
      -2.67542       0.00000      10.00000
      -2.67325       0.00000      10.00000
      -2.67107       0.00000      10.00000
      -2.66889       0.00000      10.00000
      -2.66672       0.00000      10.00000
      -2.66454       0.00000      10.00000
      -2.66236       0.00000      10.00000
      -2.66019       0.00000      10.00000
      -2.65801       0.00000      10.00000
      -2.65583       0.00000      10.00000
      -2.65365       0.00000      10.00000
      -2.65148       0.00000      10.00000
      -2.64930       0.00000      10.00000
      -2.64712       0.00000      10.00000
      -2.64495       0.00000      10.00000
      -2.64277       0.00000      10.00000
      -2.64059       0.00000      10.00000
      -2.63842       0.00000      10.00000
      -2.63624       0.00000      10.00000
      -2.63406       0.00000      10.00000
      -2.63189       0.00000      10.00000
      -2.62971       0.00000      10.00000
      -2.62753       0.00000      10.00000
      -2.62535       0.00000      10.00000
      -2.62318       0.00000      10.00000
      -2.62100       0.00000      10.00000
      -2.61882       0.00000      10.00000
      -2.61665       0.00000      10.00000
      -2.61447       0.00000      10.00000
      -2.61229       0.00000      10.00000
      -2.61012       0.00000      10.00000
      -2.60794       0.00000      10.00000
      -2.60576       0.00000      10.00000
      -2.60359       0.00000      10.00000
      -2.60141       0.00000      10.00000
      -2.59923       0.00000      10.00000
      -2.59705       0.00000      10.00000
      -2.59488       0.00000      10.00000
      -2.59270       0.00000      10.00000
      -2.59052       0.00000      10.00000
      -2.58835       0.00000      10.00000
      -2.58617       0.00000      10.00000
      -2.58399       0.00000      10.00000
      -2.58182       0.00000      10.00000
      -2.57964       0.00000      10.00000
      -2.57746       0.00000      10.00000
      -2.57529       0.00000      10.00000
      -2.57311       0.00000      10.00000
      -2.57093       0.00000      10.00000
      -2.56875       0.00000      10.00000
      -2.56658       0.00000      10.00000
      -2.56440       0.00000      10.00000
      -2.56222       0.00000      10.00000
      -2.56005       0.00000      10.00000
      -2.55787       0.00000      10.00000
      -2.55569       0.00000      10.00000
      -2.55352       0.00000      10.00000
      -2.55134       0.00000      10.00000
      -2.54916       0.00000      10.00000
      -2.54699       0.00000      10.00000
      -2.54481       0.00000      10.00000
      -2.54263       0.00000      10.00000
      -2.54045       0.00000      10.00000
      -2.53828       0.00000      10.00000
      -2.53610       0.00000      10.00000
      -2.53392       0.00000      10.00000
      -2.53175       0.00000      10.00000
      -2.52957       0.00000      10.00000
      -2.52739       0.00000      10.00000
      -2.52522       0.00000      10.00000
      -2.52304       0.00000      10.00000
      -2.52086       0.00000      10.00000
      -2.51869       0.00000      10.00000
      -2.51651       0.00000      10.00000
      -2.51433       0.00000      10.00000
      -2.51216       0.00000      10.00000
      -2.50998       0.00000      10.00000
      -2.50780       0.00000      10.00000
      -2.50562       0.00000      10.00000
      -2.50345       0.00000      10.00000
      -2.50127       0.00000      10.00000
      -2.49909       0.00000      10.00000
      -2.49692       0.00000      10.00000
      -2.49474       0.00000      10.00000
      -2.49256       0.00000      10.00000
      -2.49039       0.00000      10.00000
      -2.48821       0.00000      10.00000
      -2.48603       0.00000      10.00000
      -2.48386       0.00000      10.00000
      -2.48168       0.00000      10.00000
      -2.47950       0.00000      10.00000
      -2.47732       0.00000      10.00000
      -2.47515       0.00000      10.00000
      -2.47297       0.00000      10.00000
      -2.47079       0.00000      10.00000
      -2.46862       0.00000      10.00000
      -2.46644       0.00000      10.00000
      -2.46426       0.00000      10.00000
      -2.46209       0.00000      10.00000
      -2.45991       0.00000      10.00000
      -2.45773       0.00000      10.00000
      -2.45556       0.00000      10.00000
      -2.45338       0.00000      10.00000
      -2.45120       0.00000      10.00000
      -2.44902       0.00000      10.00000
      -2.44685       0.00000      10.00000
      -2.44467       0.00000      10.00000
      -2.44249       0.00000      10.00000
      -2.44032       0.00000      10.00000
      -2.43814       0.00000      10.00000
      -2.43596       0.00000      10.00000
      -2.43379       0.00000      10.00000
      -2.43161       0.00000      10.00000
      -2.42943       0.00000      10.00000
      -2.42726       0.00000      10.00000
      -2.42508       0.00000      10.00000
      -2.42290       0.00000      10.00000
      -2.42072       0.00000      10.00000
      -2.41855       0.00000      10.00000
      -2.41637       0.00000      10.00000
      -2.41419       0.00000      10.00000
      -2.41202       0.00000      10.00000
      -2.40984       0.00000      10.00000
      -2.40766       0.00000      10.00000
      -2.40549       0.00000      10.00000
      -2.40331       0.00000      10.00000
      -2.40113       0.00000      10.00000
      -2.39896       0.00000      10.00000
      -2.39678       0.00000      10.00000
      -2.39460       0.00000      10.00000
      -2.39243       0.00000      10.00000
      -2.39025       0.00000      10.00000
      -2.38807       0.00000      10.00000
      -2.38589       0.00000      10.00000
      -2.38372       0.00000      10.00000
      -2.38154       0.00000      10.00000
      -2.37936       0.00000      10.00000
      -2.37719       0.00000      10.00000
      -2.37501       0.00000      10.00000
      -2.37283       0.00000      10.00000
      -2.37066       0.00000      10.00000
      -2.36848       0.00000      10.00000
      -2.36630       0.00000      10.00000
      -2.36413       0.00000      10.00000
      -2.36195       0.00000      10.00000
      -2.35977       0.00000      10.00000
      -2.35759       0.00000      10.00000
      -2.35542       0.00000      10.00000
      -2.35324       0.00000      10.00000
      -2.35106       0.00000      10.00000
      -2.34889       0.00000      10.00000
      -2.34671       0.00000      10.00000
      -2.34453       0.00000      10.00000
      -2.34236       0.00000      10.00000
      -2.34018       0.00000      10.00000
      -2.33800       0.00000      10.00000
      -2.33583       0.00000      10.00000
      -2.33365       0.00000      10.00000
      -2.33147       0.00000      10.00000
      -2.32929       0.00000      10.00000
      -2.32712       0.00000      10.00000
      -2.32494       0.00000      10.00000
      -2.32276       0.00000      10.00000
      -2.32059       0.00000      10.00000
      -2.31841       0.00000      10.00000
      -2.31623       0.00000      10.00000
      -2.31406       0.00000      10.00000
      -2.31188       0.00000      10.00000
      -2.30970       0.00000      10.00000
      -2.30753       0.00000      10.00000
      -2.30535       0.00000      10.00000
      -2.30317       0.00000      10.00000
      -2.30099       0.00000      10.00000
      -2.29882       0.00000      10.00000
      -2.29664       0.00000      10.00000
      -2.29446       0.00000      10.00000
      -2.29229       0.00000      10.00000
      -2.29011       0.00000      10.00000
      -2.28793       0.00000      10.00000
      -2.28576       0.00000      10.00000
      -2.28358       0.00000      10.00000
      -2.28140       0.00000      10.00000
      -2.27923       0.00000      10.00000
      -2.27705       0.00000      10.00000
      -2.27487       0.00000      10.00000
      -2.27269       0.00000      10.00000
      -2.27052       0.00000      10.00000
      -2.26834       0.00000      10.00000
      -2.26616       0.00000      10.00000
      -2.26399       0.00000      10.00000
      -2.26181       0.00000      10.00000
      -2.25963       0.00000      10.00000
      -2.25746       0.00000      10.00000
      -2.25528       0.00000      10.00000
      -2.25310       0.00000      10.00000
      -2.25093       0.00000      10.00000
      -2.24875       0.00000      10.00000
      -2.24657       0.00000      10.00000
      -2.24440       0.00000      10.00000
      -2.24222       0.00000      10.00000
      -2.24004       0.00000      10.00000
      -2.23786       0.00000      10.00000
      -2.23569       0.00000      10.00000
      -2.23351       0.00000      10.00000
      -2.23133       0.00000      10.00000
      -2.22916       0.00000      10.00000
      -2.22698       0.00000      10.00000
      -2.22480       0.00000      10.00000
      -2.22263       0.00000      10.00000
      -2.22045       0.00000      10.00000
      -2.21827       0.00000      10.00000
      -2.21610       0.00000      10.00000
      -2.21392       0.00000      10.00000
      -2.21174       0.00000      10.00000
      -2.20956       0.00000      10.00000
      -2.20739       0.00000      10.00000
      -2.20521       0.00000      10.00000
      -2.20303       0.00000      10.00000
      -2.20086       0.00000      10.00000
      -2.19868       0.00000      10.00000
      -2.19650       0.00000      10.00000
      -2.19433       0.00000      10.00000
      -2.19215       0.00000      10.00000
      -2.18997       0.00000      10.00000
      -2.18780       0.00000      10.00000
      -2.18562       0.00000      10.00000
      -2.18344       0.00000      10.00000
      -2.18126       0.00000      10.00000
      -2.17909       0.00000      10.00000
      -2.17691       0.00000      10.00000
      -2.17473       0.00000      10.00000
      -2.17256       0.00000      10.00000
      -2.17038       0.00000      10.00000
      -2.16820       0.00000      10.00000
      -2.16603       0.00000      10.00000
      -2.16385       0.00000      10.00000
      -2.16167       0.00000      10.00000
      -2.15950       0.00000      10.00000
      -2.15732       0.00000      10.00000
      -2.15514       0.00000      10.00000
      -2.15296       0.00000      10.00000
      -2.15079       0.00000      10.00000
      -2.14861       0.00000      10.00000
      -2.14643       0.00000      10.00000
      -2.14426       0.00000      10.00000
      -2.14208       0.00000      10.00000
      -2.13990       0.00000      10.00000
      -2.13773       0.00000      10.00000
      -2.13555       0.00000      10.00000
      -2.13337       0.00000      10.00000
      -2.13120       0.00000      10.00000
      -2.12902       0.00000      10.00000
      -2.12684       0.00000      10.00000
      -2.12467       0.00000      10.00000
      -2.12249       0.00000      10.00000
      -2.12031       0.00000      10.00000
      -2.11813       0.00000      10.00000
      -2.11596       0.00000      10.00000
      -2.11378       0.00000      10.00000
      -2.11160       0.00000      10.00000
      -2.10943       0.00000      10.00000
      -2.10725       0.00000      10.00000
      -2.10507       0.00000      10.00000
      -2.10290       0.00000      10.00000
      -2.10072       0.00000      10.00000
      -2.09854       0.00000      10.00000
      -2.09637       0.00000      10.00000
      -2.09419       0.00000      10.00000
      -2.09201       0.00000      10.00000
      -2.08983       0.00000      10.00000
      -2.08766       0.00000      10.00000
      -2.08548       0.00000      10.00000
      -2.08330       0.00000      10.00000
      -2.08113       0.00000      10.00000
      -2.07895       0.00000      10.00000
      -2.07677       0.00000      10.00000
      -2.07460       0.00000      10.00000
      -2.07242       0.00000      10.00000
      -2.07024       0.00000      10.00000
      -2.06807       0.00000      10.00000
      -2.06589       0.00000      10.00000
      -2.06371       0.00000      10.00000
      -2.06153       0.00000      10.00000
      -2.05936       0.00000      10.00000
      -2.05718       0.00000      10.00000
      -2.05500       0.00000      10.00000
      -2.05283       0.00000      10.00000
      -2.05065       0.00000      10.00000
      -2.04847       0.00000      10.00000
      -2.04630       0.00000      10.00000
      -2.04412       0.00000      10.00000
      -2.04194       0.00000      10.00000
      -2.03977       0.00000      10.00000
      -2.03759       0.00000      10.00000
      -2.03541       0.00000      10.00000
      -2.03323       0.00000      10.00000
      -2.03106       0.00000      10.00000
      -2.02888       0.00000      10.00000
      -2.02670       0.00000      10.00000
      -2.02453       0.00000      10.00000
      -2.02235       0.00000      10.00000
      -2.02017       0.00000      10.00000
      -2.01800       0.00000      10.00000
      -2.01582       0.00000      10.00000
      -2.01364       0.00000      10.00000
      -2.01147       0.00000      10.00000
      -2.00929       0.00000      10.00000
      -2.00711       0.00000      10.00000
      -2.00493       0.00000      10.00000
      -2.00276       0.00000      10.00000
      -2.00058       0.00000      10.00000
      -1.99840       0.00000      10.00000
      -1.99623       0.00000      10.00000
      -1.99405       0.00000      10.00000
      -1.99187       0.00000      10.00000
      -1.98970       0.00000      10.00000
      -1.98752       0.00000      10.00000
      -1.98534       0.00000      10.00000
      -1.98317       0.00000      10.00000
      -1.98099       0.00000      10.00000
      -1.97881       0.00000      10.00000
      -1.97664       0.00000      10.00000
      -1.97446       0.00000      10.00000
      -1.97228       0.00000      10.00000
      -1.97010       0.00000      10.00000
      -1.96793       0.00000      10.00000
      -1.96575       0.00000      10.00000
      -1.96357       0.00000      10.00000
      -1.96140       0.00000      10.00000
      -1.95922       0.00000      10.00000
      -1.95704       0.00000      10.00000
      -1.95487       0.00000      10.00000
      -1.95269       0.00000      10.00000
      -1.95051       0.00000      10.00000
      -1.94834       0.00000      10.00000
      -1.94616       0.00000      10.00000
      -1.94398       0.00000      10.00000
      -1.94180       0.00000      10.00000
      -1.93963       0.00000      10.00000
      -1.93745       0.00000      10.00000
      -1.93527       0.00000      10.00000
      -1.93310       0.00000      10.00000
      -1.93092       0.00000      10.00000
      -1.92874       0.00000      10.00000
      -1.92657       0.00000      10.00000
      -1.92439       0.00000      10.00000
      -1.92221       0.00000      10.00000
      -1.92004       0.00000      10.00000
      -1.91786       0.00000      10.00000
      -1.91568       0.00000      10.00000
      -1.91350       0.00000      10.00000
      -1.91133       0.00000      10.00000
      -1.90915       0.00000      10.00000
      -1.90697       0.00000      10.00000
      -1.90480       0.00000      10.00000
      -1.90262       0.00000      10.00000
      -1.90044       0.00000      10.00000
      -1.89827       0.00000      10.00000
      -1.89609       0.00000      10.00000
      -1.89391       0.00000      10.00000
      -1.89174       0.00000      10.00000
      -1.88956       0.00000      10.00000
      -1.88738       0.00000      10.00000
      -1.88520       0.00000      10.00000
      -1.88303       0.00000      10.00000
      -1.88085       0.00000      10.00000
      -1.87867       0.00000      10.00000
      -1.87650       0.00000      10.00000
      -1.87432       0.00000      10.00000
      -1.87214       0.00000      10.00000
      -1.86997       0.00000      10.00000
      -1.86779       0.00000      10.00000
      -1.86561       0.00000      10.00000
      -1.86344       0.00000      10.00000
      -1.86126       0.00000      10.00000
      -1.85908       0.00000      10.00000
      -1.85690       0.00000      10.00000
      -1.85473       0.00000      10.00000
      -1.85255       0.00000      10.00000
      -1.85037       0.00000      10.00000
      -1.84820       0.00000      10.00000
      -1.84602       0.00000      10.00000
      -1.84384       0.00000      10.00000
      -1.84167       0.00000      10.00000
      -1.83949       0.00000      10.00000
      -1.83731       0.00000      10.00000
      -1.83514       0.00000      10.00000
      -1.83296       0.00000      10.00000
      -1.83078       0.00000      10.00000
      -1.82861       0.00000      10.00000
      -1.82643       0.00000      10.00000
      -1.82425       0.00000      10.00000
      -1.82207       0.00000      10.00000
      -1.81990       0.00000      10.00000
      -1.81772       0.00000      10.00000
      -1.81554       0.00000      10.00000
      -1.81337       0.00000      10.00000
      -1.81119       0.00000      10.00000
      -1.80901       0.00000      10.00000
      -1.80684       0.00000      10.00000
      -1.80466       0.00000      10.00000
      -1.80248       0.00000      10.00000
      -1.80031       0.00000      10.00000
      -1.79813       0.00000      10.00000
      -1.79595       0.00000      10.00000
      -1.79377       0.00000      10.00000
      -1.79160       0.00000      10.00000
      -1.78942       0.00000      10.00000
      -1.78724       0.00000      10.00000
      -1.78507       0.00000      10.00000
      -1.78289       0.00000      10.00000
      -1.78071       0.00000      10.00000
      -1.77854       0.00000      10.00000
      -1.77636       0.00000      10.00000
      -1.77418       0.00000      10.00000
      -1.77201       0.00000      10.00000
      -1.76983       0.00000      10.00000
      -1.76765       0.00000      10.00000
      -1.76547       0.00000      10.00000
      -1.76330       0.00000      10.00000
      -1.76112       0.00000      10.00000
      -1.75894       0.00000      10.00000
      -1.75677       0.00000      10.00000
      -1.75459       0.00000      10.00000
      -1.75241       0.00000      10.00000
      -1.75024       0.00000      10.00000
      -1.74806       0.00000      10.00000
      -1.74588       0.00000      10.00000
      -1.74371       0.00000      10.00000
      -1.74153       0.00000      10.00000
      -1.73935       0.00000      10.00000
      -1.73717       0.00000      10.00000
      -1.73500       0.00000      10.00000
      -1.73282       0.00000      10.00000
      -1.73064       0.00000      10.00000
      -1.72847       0.00000      10.00000
      -1.72629       0.00000      10.00000
      -1.72411       0.00000      10.00000
      -1.72194       0.00000      10.00000
      -1.71976       0.00000      10.00000
      -1.71758       0.00000      10.00000
      -1.71541       0.00000      10.00000
      -1.71323       0.00000      10.00000
      -1.71105       0.00000      10.00000
      -1.70888       0.00000      10.00000
      -1.70670       0.00000      10.00000
      -1.70452       0.00000      10.00000
      -1.70234       0.00000      10.00000
      -1.70017       0.00000      10.00000
      -1.69799       0.00000      10.00000
      -1.69581       0.00000      10.00000
      -1.69364       0.00000      10.00000
      -1.69146       0.00000      10.00000
      -1.68928       0.00000      10.00000
      -1.68711       0.00000      10.00000
      -1.68493       0.00000      10.00000
      -1.68275       0.00000      10.00000
      -1.68058       0.00000      10.00000
      -1.67840       0.00000      10.00000
      -1.67622       0.00000      10.00000
      -1.67404       0.00000      10.00000
      -1.67187       0.00000      10.00000
      -1.66969       0.00000      10.00000
      -1.66751       0.00000      10.00000
      -1.66534       0.00000      10.00000
      -1.66316       0.00000      10.00000
      -1.66098       0.00000      10.00000
      -1.65881       0.00000      10.00000
      -1.65663       0.00000      10.00000
      -1.65445       0.00000      10.00000
      -1.65228       0.00000      10.00000
      -1.65010       0.00000      10.00000
      -1.64792       0.00000      10.00000
      -1.64574       0.00000      10.00000
      -1.64357       0.00000      10.00000
      -1.64139       0.00000      10.00000
      -1.63921       0.00000      10.00000
      -1.63704       0.00000      10.00000
      -1.63486       0.00000      10.00000
      -1.63268       0.00000      10.00000
      -1.63051       0.00000      10.00000
      -1.62833       0.00000      10.00000
      -1.62615       0.00000      10.00000
      -1.62398       0.00000      10.00000
      -1.62180       0.00000      10.00000
      -1.61962       0.00000      10.00000
      -1.61744       0.00000      10.00000
      -1.61527       0.00000      10.00000
      -1.61309       0.00000      10.00000
      -1.61091       0.00000      10.00000
      -1.60874       0.00000      10.00000
      -1.60656       0.00000      10.00000
      -1.60438       0.00000      10.00000
      -1.60221       0.00000      10.00000
      -1.60003       0.00000      10.00000
      -1.59785       0.00000      10.00000
      -1.59568       0.00000      10.00000
      -1.59350       0.00000      10.00000
      -1.59132       0.00000      10.00000
      -1.58914       0.00000      10.00000
      -1.58697       0.00000      10.00000
      -1.58479       0.00000      10.00000
      -1.58261       0.00000      10.00000
      -1.58044       0.00000      10.00000
      -1.57826       0.00000      10.00000
      -1.57608       0.00000      10.00000
      -1.57391       0.00000      10.00000
      -1.57173       0.00000      10.00000
      -1.56955       0.00000      10.00000
      -1.56738       0.00000      10.00000
      -1.56520       0.00000      10.00000
      -1.56302       0.00000      10.00000
      -1.56085       0.00000      10.00000
      -1.55867       0.00000      10.00000
      -1.55649       0.00000      10.00000
      -1.55431       0.00000      10.00000
      -1.55214       0.00000      10.00000
      -1.54996       0.00000      10.00000
      -1.54778       0.00000      10.00000
      -1.54561       0.00000      10.00000
      -1.54343       0.00000      10.00000
      -1.54125       0.00000      10.00000
      -1.53908       0.00000      10.00000
      -1.53690       0.00000      10.00000
      -1.53472       0.00000      10.00000
      -1.53255       0.00000      10.00000
      -1.53037       0.00000      10.00000
      -1.52819       0.00000      10.00000
      -1.52601       0.00000      10.00000
      -1.52384       0.00000      10.00000
      -1.52166       0.00000      10.00000
      -1.51948       0.00000      10.00000
      -1.51731       0.00000      10.00000
      -1.51513       0.00000      10.00000
      -1.51295       0.00000      10.00000
      -1.51078       0.00000      10.00000
      -1.50860       0.00000      10.00000
      -1.50642       0.00000      10.00000
      -1.50425       0.00000      10.00000
      -1.50207       0.00000      10.00000
      -1.49989       0.00000      10.00000
      -1.49771       0.00000      10.00000
      -1.49554       0.00000      10.00000
      -1.49336       0.00000      10.00000
      -1.49118       0.00000      10.00000
      -1.48901       0.00000      10.00000
      -1.48683       0.00000      10.00000
      -1.48465       0.00000      10.00000
      -1.48248       0.00000      10.00000
      -1.48030       0.00000      10.00000
      -1.47812       0.00000      10.00000
      -1.47595       0.00000      10.00000
      -1.47377       0.00000      10.00000
      -1.47159       0.00000      10.00000
      -1.46941       0.00000      10.00000
      -1.46724       0.00000      10.00000
      -1.46506       0.00000      10.00000
      -1.46288       0.00000      10.00000
      -1.46071       0.00000      10.00000
      -1.45853       0.00000      10.00000
      -1.45635       0.00000      10.00000
      -1.45418       0.00000      10.00000
      -1.45200       0.00000      10.00000
      -1.44982       0.00000      10.00000
      -1.44765       0.00000      10.00000
      -1.44547       0.00000      10.00000
      -1.44329       0.00000      10.00000
      -1.44112       0.00000      10.00000
      -1.43894       0.00000      10.00000
      -1.43676       0.00000      10.00000
      -1.43458       0.00000      10.00000
      -1.43241       0.00000      10.00000
      -1.43023       0.00000      10.00000
      -1.42805       0.00000      10.00000
      -1.42588       0.00000      10.00000
      -1.42370       0.00000      10.00000
      -1.42152       0.00000      10.00000
      -1.41935       0.00000      10.00000
      -1.41717       0.00000      10.00000
      -1.41499       0.00000      10.00000
      -1.41282       0.00000      10.00000
      -1.41064       0.00000      10.00000
      -1.40846       0.00000      10.00000
      -1.40628       0.00000      10.00000
      -1.40411       0.00000      10.00000
      -1.40193       0.00000      10.00000
      -1.39975       0.00000      10.00000
      -1.39758       0.00000      10.00000
      -1.39540       0.00000      10.00000
      -1.39322       0.00000      10.00000
      -1.39105       0.00000      10.00000
      -1.38887       0.00000      10.00000
      -1.38669       0.00000      10.00000
      -1.38452       0.00000      10.00000
      -1.38234       0.00000      10.00000
      -1.38016       0.00000      10.00000
      -1.37798       0.00000      10.00000
      -1.37581       0.00000      10.00000
      -1.37363       0.00000      10.00000
      -1.37145       0.00000      10.00000
      -1.36928       0.00000      10.00000
      -1.36710       0.00000      10.00000
      -1.36492       0.00000      10.00000
      -1.36275       0.00000      10.00000
      -1.36057       0.00000      10.00000
      -1.35839       0.00000      10.00000
      -1.35622       0.00000      10.00000
      -1.35404       0.00000      10.00000
      -1.35186       0.00000      10.00000
      -1.34968       0.00000      10.00000
      -1.34751       0.00000      10.00000
      -1.34533       0.00000      10.00000
      -1.34315       0.00000      10.00000
      -1.34098       0.00000      10.00000
      -1.33880       0.00000      10.00000
      -1.33662       0.00000      10.00000
      -1.33445       0.00000      10.00000
      -1.33227       0.00000      10.00000
      -1.33009       0.00000      10.00000
      -1.32792       0.00000      10.00000
      -1.32574       0.00000      10.00000
      -1.32356       0.00000      10.00000
      -1.32138       0.00000      10.00000
      -1.31921       0.00000      10.00000
      -1.31703       0.00000      10.00000
      -1.31485       0.00000      10.00000
      -1.31268       0.00000      10.00000
      -1.31050       0.00000      10.00000
      -1.30832       0.00000      10.00000
      -1.30615       0.00000      10.00000
      -1.30397       0.00000      10.00000
      -1.30179       0.00000      10.00000
      -1.29962       0.00000      10.00000
      -1.29744       0.00000      10.00000
      -1.29526       0.00000      10.00000
      -1.29309       0.00000      10.00000
      -1.29091       0.00000      10.00000
      -1.28873       0.00000      10.00000
      -1.28655       0.00000      10.00000
      -1.28438       0.00000      10.00000
      -1.28220       0.00000      10.00000
      -1.28002       0.00000      10.00000
      -1.27785       0.00000      10.00000
      -1.27567       0.00000      10.00000
      -1.27349       0.00000      10.00000
      -1.27132       0.00000      10.00000
      -1.26914       0.00000      10.00000
      -1.26696       0.00000      10.00000
      -1.26479       0.00000      10.00000
      -1.26261       0.00000      10.00000
      -1.26043       0.00000      10.00000
      -1.25825       0.00000      10.00000
      -1.25608       0.00000      10.00000
      -1.25390       0.00000      10.00000
      -1.25172       0.00000      10.00000
      -1.24955       0.00000      10.00000
      -1.24737       0.00000      10.00000
      -1.24519       0.00000      10.00000
      -1.24302       0.00000      10.00000
      -1.24084       0.00000      10.00000
      -1.23866       0.00000      10.00000
      -1.23649       0.00000      10.00000
      -1.23431       0.00000      10.00000
      -1.23213       0.00000      10.00000
      -1.22995       0.00000      10.00000
      -1.22778       0.00000      10.00000
      -1.22560       0.00000      10.00000
      -1.22342       0.00000      10.00000
      -1.22125       0.00000      10.00000
      -1.21907       0.00000      10.00000
      -1.21689       0.00000      10.00000
      -1.21472       0.00000      10.00000
      -1.21254       0.00000      10.00000
      -1.21036       0.00000      10.00000
      -1.20819       0.00000      10.00000
      -1.20601       0.00000      10.00000
      -1.20383       0.00000      10.00000
      -1.20165       0.00000      10.00000
      -1.19948       0.00000      10.00000
      -1.19730       0.00000      10.00000
      -1.19512       0.00000      10.00000
      -1.19295       0.00000      10.00000
      -1.19077       0.00000      10.00000
      -1.18859       0.00000      10.00000
      -1.18642       0.00000      10.00000
      -1.18424       0.00000      10.00000
      -1.18206       0.00000      10.00000
      -1.17989       0.00000      10.00000
      -1.17771       0.00000      10.00000
      -1.17553       0.00000      10.00000
      -1.17335       0.00000      10.00000
      -1.17118       0.00000      10.00000
      -1.16900       0.00000      10.00000
      -1.16682       0.00000      10.00000
      -1.16465       0.00000      10.00000
      -1.16247       0.00000      10.00000
      -1.16029       0.00000      10.00000
      -1.15812       0.00000      10.00000
      -1.15594       0.00000      10.00000
      -1.15376       0.00000      10.00000
      -1.15159       0.00000      10.00000
      -1.14941       0.00000      10.00000
      -1.14723       0.00000      10.00000
      -1.14506       0.00000      10.00000
      -1.14288       0.00000      10.00000
      -1.14070       0.00000      10.00000
      -1.13852       0.00000      10.00000
      -1.13635       0.00000      10.00000
      -1.13417       0.00000      10.00000
      -1.13199       0.00000      10.00000
      -1.12982       0.00000      10.00000
      -1.12764       0.00000      10.00000
      -1.12546       0.00000      10.00000
      -1.12329       0.00000      10.00000
      -1.12111       0.00000      10.00000
      -1.11893       0.00000      10.00000
      -1.11676       0.00000      10.00000
      -1.11458       0.00000      10.00000
      -1.11240       0.00000      10.00000
      -1.11022       0.00000      10.00000
      -1.10805       0.00000      10.00000
      -1.10587       0.00000      10.00000
      -1.10369       0.00000      10.00000
      -1.10152       0.00000      10.00000
      -1.09934       0.00000      10.00000
      -1.09716       0.00000      10.00000
      -1.09499       0.00000      10.00000
      -1.09281       0.00000      10.00000
      -1.09063       0.00000      10.00000
      -1.08846       0.00000      10.00000
      -1.08628       0.00000      10.00000
      -1.08410       0.00000      10.00000
      -1.08192       0.00000      10.00000
      -1.07975       0.00000      10.00000
      -1.07757       0.00000      10.00000
      -1.07539       0.00000      10.00000
      -1.07322       0.00000      10.00000
      -1.07104       0.00000      10.00000
      -1.06886       0.00000      10.00000
      -1.06669       0.00000      10.00000
      -1.06451       0.00000      10.00000
      -1.06233       0.00000      10.00000
      -1.06016       0.00000      10.00000
      -1.05798       0.00000      10.00000
      -1.05580       0.00000      10.00000
      -1.05362       0.00000      10.00000
      -1.05145       0.00000      10.00000
      -1.04927       0.00000      10.00000
      -1.04709       0.00000      10.00000
      -1.04492       0.00000      10.00000
      -1.04274       0.00000      10.00000
      -1.04056       0.00000      10.00000
      -1.03839       0.00000      10.00000
      -1.03621       0.00000      10.00000
      -1.03403       0.00000      10.00000
      -1.03186       0.00000      10.00000
      -1.02968       0.00000      10.00000
      -1.02750       0.00000      10.00000
      -1.02533       0.00000      10.00000
      -1.02315       0.00000      10.00000
      -1.02097       0.00000      10.00000
      -1.01879       0.00000      10.00000
      -1.01662       0.00000      10.00000
      -1.01444       0.00000      10.00000
      -1.01226       0.00000      10.00000
      -1.01009       0.00000      10.00000
      -1.00791       0.00000      10.00000
      -1.00573       0.00000      10.00000
      -1.00356       0.00000      10.00000
      -1.00138       0.00000      10.00000
      -0.99920       0.00000      10.00000
      -0.99703       0.00000      10.00000
      -0.99485       0.00000      10.00000
      -0.99267       0.00000      10.00000
      -0.99049       0.00000      10.00000
      -0.98832       0.00000      10.00000
      -0.98614       0.00000      10.00000
      -0.98396       0.00000      10.00000
      -0.98179       0.00000      10.00000
      -0.97961       0.00000      10.00000
      -0.97743       0.00000      10.00000
      -0.97526       0.00000      10.00000
      -0.97308       0.00000      10.00000
      -0.97090       0.00000      10.00000
      -0.96873       0.00000      10.00000
      -0.96655       0.00000      10.00000
      -0.96437       0.00000      10.00000
      -0.96219       0.00000      10.00000
      -0.96002       0.00000      10.00000
      -0.95784       0.00000      10.00000
      -0.95566       0.00000      10.00000
      -0.95349       0.00000      10.00000
      -0.95131       0.00000      10.00000
      -0.94913       0.00000      10.00000
      -0.94696       0.00000      10.00000
      -0.94478       0.00000      10.00000
      -0.94260       0.00000      10.00000
      -0.94043       0.00000      10.00000
      -0.93825       0.00000      10.00000
      -0.93607       0.00000      10.00000
      -0.93389       0.00000      10.00000
      -0.93172       0.00000      10.00000
      -0.92954       0.00000      10.00000
      -0.92736       0.00000      10.00000
      -0.92519       0.00000      10.00000
      -0.92301       0.00000      10.00000
      -0.92083       0.00000      10.00000
      -0.91866       0.00000      10.00000
      -0.91648       0.00000      10.00000
      -0.91430       0.00000      10.00000
      -0.91213       0.00000      10.00000
      -0.90995       0.00000      10.00000
      -0.90777       0.00000      10.00000
      -0.90559       0.00000      10.00000
      -0.90342       0.00000      10.00000
      -0.90124       0.00000      10.00000
      -0.89906       0.00000      10.00000
      -0.89689       0.00000      10.00000
      -0.89471       0.00000      10.00000
      -0.89253       0.00000      10.00000
      -0.89036       0.00000      10.00000
      -0.88818       0.00000      10.00000
      -0.88600       0.00000      10.00000
      -0.88383       0.00000      10.00000
      -0.88165       0.00000      10.00000
      -0.87947       0.00000      10.00000
      -0.87730       0.00000      10.00000
      -0.87512       0.00000      10.00000
      -0.87294       0.00000      10.00000
      -0.87076       0.00000      10.00000
      -0.86859       0.00000      10.00000
      -0.86641       0.00000      10.00000
      -0.86423       0.00000      10.00000
      -0.86206       0.00000      10.00000
      -0.85988       0.00000      10.00000
      -0.85770       0.00000      10.00000
      -0.85553       0.00000      10.00000
      -0.85335       0.00000      10.00000
      -0.85117       0.00000      10.00000
      -0.84900       0.00000      10.00000
      -0.84682       0.00000      10.00000
      -0.84464       0.00000      10.00000
      -0.84246       0.00000      10.00000
      -0.84029       0.00000      10.00000
      -0.83811       0.00000      10.00000
      -0.83593       0.00000      10.00000
      -0.83376       0.00000      10.00000
      -0.83158       0.00000      10.00000
      -0.82940       0.00000      10.00000
      -0.82723       0.00000      10.00000
      -0.82505       0.00000      10.00000
      -0.82287       0.00000      10.00000
      -0.82070       0.00000      10.00000
      -0.81852       0.00000      10.00000
      -0.81634       0.00000      10.00000
      -0.81416       0.00000      10.00000
      -0.81199       0.00000      10.00000
      -0.80981       0.00000      10.00000
      -0.80763       0.00000      10.00000
      -0.80546       0.00000      10.00000
      -0.80328       0.00000      10.00000
      -0.80110       0.00000      10.00000
      -0.79893       0.00000      10.00000
      -0.79675       0.00000      10.00000
      -0.79457       0.00000      10.00000
      -0.79240       0.00000      10.00000
      -0.79022       0.00000      10.00000
      -0.78804       0.00000      10.00000
      -0.78586       0.00000      10.00000
      -0.78369       0.00000      10.00000
      -0.78151       0.00000      10.00000
      -0.77933       0.00000      10.00000
      -0.77716       0.00000      10.00000
      -0.77498       0.00000      10.00000
      -0.77280       0.00000      10.00000
      -0.77063       0.00000      10.00000
      -0.76845       0.00000      10.00000
      -0.76627       0.00000      10.00000
      -0.76410       0.00000      10.00000
      -0.76192       0.00000      10.00000
      -0.75974       0.00000      10.00000
      -0.75756       0.00000      10.00000
      -0.75539       0.00000      10.00000
      -0.75321       0.00000      10.00000
      -0.75103       0.00000      10.00000
      -0.74886       0.00000      10.00000
      -0.74668       0.00000      10.00000
      -0.74450       0.00000      10.00000
      -0.74233       0.00000      10.00000
      -0.74015       0.00000      10.00000
      -0.73797       0.00000      10.00000
      -0.73580       0.00000      10.00000
      -0.73362       0.00000      10.00000
      -0.73144       0.00000      10.00000
      -0.72927       0.00000      10.00000
      -0.72709       0.00000      10.00000
      -0.72491       0.00000      10.00000
      -0.72273       0.00000      10.00000
      -0.72056       0.00000      10.00000
      -0.71838       0.00000      10.00000
      -0.71620       0.00000      10.00000
      -0.71403       0.00000      10.00000
      -0.71185       0.00000      10.00000
      -0.70967       0.00000      10.00000
      -0.70750       0.00000      10.00000
      -0.70532       0.00000      10.00000
      -0.70314       0.00000      10.00000
      -0.70097       0.00000      10.00000
      -0.69879       0.00000      10.00000
      -0.69661       0.00000      10.00000
      -0.69443       0.00000      10.00000
      -0.69226       0.00000      10.00000
      -0.69008       0.00000      10.00000
      -0.68790       0.00000      10.00000
      -0.68573       0.00000      10.00000
      -0.68355       0.00000      10.00000
      -0.68137       0.00000      10.00000
      -0.67920       0.00000      10.00000
      -0.67702       0.00000      10.00000
      -0.67484       0.00000      10.00000
      -0.67267       0.00000      10.00000
      -0.67049       0.00000      10.00000
      -0.66831       0.00000      10.00000
      -0.66613       0.00000      10.00000
      -0.66396       0.00000      10.00000
      -0.66178       0.00000      10.00000
      -0.65960       0.00000      10.00000
      -0.65743       0.00000      10.00000
      -0.65525       0.00000      10.00000
      -0.65307       0.00000      10.00000
      -0.65090       0.00000      10.00000
      -0.64872       0.00000      10.00000
      -0.64654       0.00000      10.00000
      -0.64437       0.00000      10.00000
      -0.64219       0.00000      10.00000
      -0.64001       0.00000      10.00000
      -0.63783       0.00000      10.00000
      -0.63566       0.00000      10.00000
      -0.63348       0.00000      10.00000
      -0.63130       0.00000      10.00000
      -0.62913       0.00000      10.00000
      -0.62695       0.00000      10.00000
      -0.62477       0.00000      10.00000
      -0.62260       0.00000      10.00000
      -0.62042       0.00000      10.00000
      -0.61824       0.00000      10.00000
      -0.61607       0.00000      10.00000
      -0.61389       0.00000      10.00000
      -0.61171       0.00000      10.00000
      -0.60954       0.00000      10.00000
      -0.60736       0.00000      10.00000
      -0.60518       0.00000      10.00000
      -0.60300       0.00000      10.00000
      -0.60083       0.00000      10.00000
      -0.59865       0.00000      10.00000
      -0.59647       0.00000      10.00000
      -0.59430       0.00000      10.00000
      -0.59212       0.00000      10.00000
      -0.58994       0.00000      10.00000
      -0.58777       0.00000      10.00000
      -0.58559       0.00000      10.00000
      -0.58341       0.00000      10.00000
      -0.58124       0.00000      10.00000
      -0.57906       0.00000      10.00000
      -0.57688       0.00000      10.00000
      -0.57470       0.00000      10.00000
      -0.57253       0.00000      10.00000
      -0.57035       0.00000      10.00000
      -0.56817       0.00000      10.00000
      -0.56600       0.00000      10.00000
      -0.56382       0.00000      10.00000
      -0.56164       0.00000      10.00000
      -0.55947       0.00000      10.00000
      -0.55729       0.00000      10.00000
      -0.55511       0.00000      10.00000
      -0.55294       0.00000      10.00000
      -0.55076       0.00000      10.00000
      -0.54858       0.00000      10.00000
      -0.54640       0.00000      10.00000
      -0.54423       0.00000      10.00000
      -0.54205       0.00000      10.00000
      -0.53987       0.00000      10.00000
      -0.53770       0.00000      10.00000
      -0.53552       0.00000      10.00000
      -0.53334       0.00000      10.00000
      -0.53117       0.00000      10.00000
      -0.52899       0.00000      10.00000
      -0.52681       0.00000      10.00000
      -0.52464       0.00000      10.00000
      -0.52246       0.00000      10.00000
      -0.52028       0.00000      10.00000
      -0.51810       0.00000      10.00000
      -0.51593       0.00000      10.00000
      -0.51375       0.00000      10.00000
      -0.51157       0.00000      10.00000
      -0.50940       0.00000      10.00000
      -0.50722       0.00000      10.00000
      -0.50504       0.00000      10.00000
      -0.50287       0.00000      10.00000
      -0.50069       0.00000      10.00000
      -0.49851       0.00000      10.00000
      -0.49634       0.00000      10.00000
      -0.49416       0.00000      10.00000
      -0.49198       0.00000      10.00000
      -0.48980       0.00000      10.00000
      -0.48763       0.00000      10.00000
      -0.48545       0.00000      10.00000
      -0.48327       0.00000      10.00000
      -0.48110       0.00000      10.00000
      -0.47892       0.00000      10.00000
      -0.47674       0.00000      10.00000
      -0.47457       0.00000      10.00000
      -0.47239       0.00000      10.00000
      -0.47021       0.00000      10.00000
      -0.46804       0.00000      10.00000
      -0.46586       0.00000      10.00000
      -0.46368       0.00000      10.00000
      -0.46151       0.00000      10.00000
      -0.45933       0.00000      10.00000
      -0.45715       0.00000      10.00000
      -0.45497       0.00000      10.00000
      -0.45280       0.00000      10.00000
      -0.45062       0.00000      10.00000
      -0.44844       0.00000      10.00000
      -0.44627       0.00000      10.00000
      -0.44409       0.00000      10.00000
      -0.44191       0.00000      10.00000
      -0.43974       0.00000      10.00000
      -0.43756       0.00000      10.00000
      -0.43538       0.00000      10.00000
      -0.43321       0.00000      10.00000
      -0.43103       0.00000      10.00000
      -0.42885       0.00000      10.00000
      -0.42667       0.00000      10.00000
      -0.42450       0.00000      10.00000
      -0.42232       0.00000      10.00000
      -0.42014       0.00000      10.00000
      -0.41797       0.00000      10.00000
      -0.41579       0.00000      10.00000
      -0.41361       0.00000      10.00000
      -0.41144       0.00000      10.00000
      -0.40926       0.00000      10.00000
      -0.40708       0.00000      10.00000
      -0.40491       0.00000      10.00000
      -0.40273       0.00000      10.00000
      -0.40055       0.00000      10.00000
      -0.39837       0.00000      10.00000
      -0.39620       0.00000      10.00000
      -0.39402       0.00000      10.00000
      -0.39184       0.00000      10.00000
      -0.38967       0.00000      10.00000
      -0.38749       0.00000      10.00000
      -0.38531       0.00000      10.00000
      -0.38314       0.00000      10.00000
      -0.38096       0.00000      10.00000
      -0.37878       0.00000      10.00000
      -0.37661       0.00000      10.00000
      -0.37443       0.00000      10.00000
      -0.37225       0.00000      10.00000
      -0.37007       0.00000      10.00000
      -0.36790       0.00000      10.00000
      -0.36572       0.00000      10.00000
      -0.36354       0.00000      10.00000
      -0.36137       0.00000      10.00000
      -0.35919       0.00000      10.00000
      -0.35701       0.00000      10.00000
      -0.35484       0.00000      10.00000
      -0.35266       0.00000      10.00000
      -0.35048       0.00000      10.00000
      -0.34831       0.00000      10.00000
      -0.34613       0.00000      10.00000
      -0.34395       0.00000      10.00000
      -0.34178       0.00000      10.00000
      -0.33960       0.00000      10.00000
      -0.33742       0.00000      10.00000
      -0.33524       0.00000      10.00000
      -0.33307       0.00000      10.00000
      -0.33089       0.00000      10.00000
      -0.32871       0.00000      10.00000
      -0.32654       0.00000      10.00000
      -0.32436       0.00000      10.00000
      -0.32218       0.00000      10.00000
      -0.32001       0.00000      10.00000
      -0.31783       0.00000      10.00000
      -0.31565       0.00000      10.00000
      -0.31348       0.00000      10.00000
      -0.31130       0.00000      10.00000
      -0.30912       0.00000      10.00000
      -0.30694       0.00000      10.00000
      -0.30477       0.00000      10.00000
      -0.30259       0.00000      10.00000
      -0.30041       0.00000      10.00000
      -0.29824       0.00000      10.00000
      -0.29606       0.00000      10.00000
      -0.29388       0.00000      10.00000
      -0.29171       0.00000      10.00000
      -0.28953       0.00000      10.00000
      -0.28735       0.00000      10.00000
      -0.28518       0.00000      10.00000
      -0.28300       0.00000      10.00000
      -0.28082       0.00000      10.00000
      -0.27864       0.00000      10.00000
      -0.27647       0.00000      10.00000
      -0.27429       0.00000      10.00000
      -0.27211       0.00000      10.00000
      -0.26994       0.00000      10.00000
      -0.26776       0.00000      10.00000
      -0.26558       0.00000      10.00000
      -0.26341       0.00000      10.00000
      -0.26123       0.00000      10.00000
      -0.25905       0.00000      10.00000
      -0.25688       0.00000      10.00000
      -0.25470       0.00000      10.00000
      -0.25252       0.00000      10.00000
      -0.25034       0.00000      10.00000
      -0.24817       0.00000      10.00000
      -0.24599       0.00000      10.00000
      -0.24381       0.00000      10.00000
      -0.24164       0.00000      10.00000
      -0.23946       0.00000      10.00000
      -0.23728       0.00000      10.00000
      -0.23511       0.00000      10.00000
      -0.23293       0.00000      10.00000
      -0.23075       0.00000      10.00000
      -0.22858       0.00000      10.00000
      -0.22640       0.00000      10.00000
      -0.22422       0.00000      10.00000
      -0.22204       0.00000      10.00000
      -0.21987       0.00000      10.00000
      -0.21769       0.00000      10.00000
      -0.21551       0.00000      10.00000
      -0.21334       0.00000      10.00000
      -0.21116       0.00000      10.00000
      -0.20898       0.00000      10.00000
      -0.20681       0.00000      10.00000
      -0.20463       0.00000      10.00000
      -0.20245       0.00000      10.00000
      -0.20028       0.00000      10.00000
      -0.19810       0.00000      10.00000
      -0.19592       0.00000      10.00000
      -0.19375       0.00000      10.00000
      -0.19157       0.00000      10.00000
      -0.18939       0.00000      10.00000
      -0.18721       0.00000      10.00000
      -0.18504       0.00000      10.00000
      -0.18286       0.00000      10.00000
      -0.18068       0.00000      10.00000
      -0.17851       0.00000      10.00000
      -0.17633       0.00000      10.00000
      -0.17415       0.00000      10.00000
      -0.17198       0.00000      10.00000
      -0.16980       0.00000      10.00000
      -0.16762       0.00000      10.00000
      -0.16545       0.00000      10.00000
      -0.16327       0.00000      10.00000
      -0.16109       0.00000      10.00000
      -0.15891       0.00000      10.00000
      -0.15674       0.00000      10.00000
      -0.15456       0.00000      10.00000
      -0.15238       0.00000      10.00000
      -0.15021       0.00000      10.00000
      -0.14803       0.00000      10.00000
      -0.14585       0.00000      10.00000
      -0.14368       0.00000      10.00000
      -0.14150       0.00000      10.00000
      -0.13932       0.00000      10.00000
      -0.13715       0.00000      10.00000
      -0.13497       0.00000      10.00000
      -0.13279       0.00000      10.00000
      -0.13061       0.00000      10.00000
      -0.12844       0.00000      10.00000
      -0.12626       0.00000      10.00000
      -0.12408       0.00000      10.00000
      -0.12191       0.00000      10.00000
      -0.11973       0.00000      10.00000
      -0.11755       0.00000      10.00000
      -0.11538       0.00000      10.00000
      -0.11320       0.00000      10.00000
      -0.11102       0.00000      10.00000
      -0.10885       0.00000      10.00000
      -0.10667       0.00000      10.00000
      -0.10449       0.00000      10.00000
      -0.10231       0.00000      10.00000
      -0.10014       0.00000      10.00000
      -0.09796       0.00000      10.00000
      -0.09578       0.00000      10.00000
      -0.09361       0.00000      10.00000
      -0.09143       0.00000      10.00000
      -0.08925       0.00000      10.00000
      -0.08708       0.00000      10.00000
      -0.08490       0.00000      10.00000
      -0.08272       0.00000      10.00000
      -0.08055       0.00000      10.00000
      -0.07837       0.00000      10.00000
      -0.07619       0.00000      10.00000
      -0.07401       0.00000      10.00000
      -0.07184       0.00000      10.00000
      -0.06966       0.00000      10.00000
      -0.06748       0.00000      10.00000
      -0.06531       0.00000      10.00000
      -0.06313       0.00000      10.00000
      -0.06095       0.00000      10.00000
      -0.05878       0.00000      10.00000
      -0.05660       0.00000      10.00000
      -0.05442       0.00000      10.00000
      -0.05225       0.00000      10.00000
      -0.05007       0.00000      10.00000
      -0.04789       0.00000      10.00000
      -0.04572       0.00000      10.00000
      -0.04354       0.00000      10.00000
      -0.04136       0.00000      10.00000
      -0.03918       0.00000      10.00000
      -0.03701       0.00000      10.00000
      -0.03483       0.00000      10.00000
      -0.03265       0.00000      10.00000
      -0.03048       0.00000      10.00000
      -0.02830       0.00000      10.00000
      -0.02612       0.00000      10.00000
      -0.02395       0.00000      10.00000
      -0.02177       0.00000      10.00000
      -0.01959       0.00000      10.00000
      -0.01742       0.00000      10.00000
      -0.01524       0.00000      10.00000
      -0.01306       0.00000      10.00000
      -0.01088       0.00000      10.00000
      -0.00871       0.00000      10.00000
      -0.00653       0.00000      10.00000
      -0.00435       0.00000      10.00000
      -0.00218       0.00000      10.00000
       0.00000       0.00000      10.00000
       0.00218       0.00000      10.00000
       0.00435       0.00000      10.00000
       0.00653       0.00000      10.00000
       0.00871       0.00000      10.00000
       0.01088       0.00000      10.00000
       0.01306       0.00000      10.00000
       0.01524       0.00000      10.00000
       0.01742       0.00000      10.00000
       0.01959       0.00000      10.00000
       0.02177       0.00000      10.00000
       0.02395       0.00000      10.00000
       0.02612       0.00000      10.00000
       0.02830       0.00000      10.00000
       0.03048       0.00000      10.00000
       0.03265       0.00000      10.00000
       0.03483       0.00000      10.00000
       0.03701       0.00000      10.00000
       0.03918       0.00000      10.00000
       0.04136       0.00000      10.00000
       0.04354       0.00000      10.00000
       0.04572       0.00000      10.00000
       0.04789       0.00000      10.00000
       0.05007       0.00000      10.00000
       0.05225       0.00000      10.00000
       0.05442       0.00000      10.00000
       0.05660       0.00000      10.00000
       0.05878       0.00000      10.00000
       0.06095       0.00000      10.00000
       0.06313       0.00000      10.00000
       0.06531       0.00000      10.00000
       0.06748       0.00000      10.00000
       0.06966       0.00000      10.00000
       0.07184       0.00000      10.00000
       0.07401       0.00000      10.00000
       0.07619       0.00000      10.00000
       0.07837       0.00000      10.00000
       0.08055       0.00000      10.00000
       0.08272       0.00000      10.00000
       0.08490       0.00000      10.00000
       0.08708       0.00000      10.00000
       0.08925       0.00000      10.00000
       0.09143       0.00000      10.00000
       0.09361       0.00000      10.00000
       0.09578       0.00000      10.00000
       0.09796       0.00000      10.00000
       0.10014       0.00000      10.00000
       0.10231       0.00000      10.00000
       0.10449       0.00000      10.00000
       0.10667       0.00000      10.00000
       0.10885       0.00000      10.00000
       0.11102       0.00000      10.00000
       0.11320       0.00000      10.00000
       0.11538       0.00000      10.00000
       0.11755       0.00000      10.00000
       0.11973       0.00000      10.00000
       0.12191       0.00000      10.00000
       0.12408       0.00000      10.00000
       0.12626       0.00000      10.00000
       0.12844       0.00000      10.00000
       0.13061       0.00000      10.00000
       0.13279       0.00000      10.00000
       0.13497       0.00000      10.00000
       0.13715       0.00000      10.00000
       0.13932       0.00000      10.00000
       0.14150       0.00000      10.00000
       0.14368       0.00000      10.00000
       0.14585       0.00000      10.00000
       0.14803       0.00000      10.00000
       0.15021       0.00000      10.00000
       0.15238       0.00000      10.00000
       0.15456       0.00000      10.00000
       0.15674       0.00000      10.00000
       0.15891       0.00000      10.00000
       0.16109       0.00000      10.00000
       0.16327       0.00000      10.00000
       0.16545       0.00000      10.00000
       0.16762       0.00000      10.00000
       0.16980       0.00000      10.00000
       0.17198       0.00000      10.00000
       0.17415       0.00000      10.00000
       0.17633       0.00000      10.00000
       0.17851       0.00000      10.00000
       0.18068       0.00000      10.00000
       0.18286       0.00000      10.00000
       0.18504       0.00000      10.00000
       0.18721       0.00000      10.00000
       0.18939       0.00000      10.00000
       0.19157       0.00000      10.00000
       0.19375       0.00000      10.00000
       0.19592       0.00000      10.00000
       0.19810       0.00000      10.00000
       0.20028       0.00000      10.00000
       0.20245       0.00000      10.00000
       0.20463       0.00000      10.00000
       0.20681       0.00000      10.00000
       0.20898       0.00000      10.00000
       0.21116       0.00000      10.00000
       0.21334       0.00000      10.00000
       0.21551       0.00000      10.00000
       0.21769       0.00000      10.00000
       0.21987       0.00000      10.00000
       0.22204       0.00000      10.00000
       0.22422       0.00000      10.00000
       0.22640       0.00000      10.00000
       0.22858       0.00000      10.00000
       0.23075       0.00000      10.00000
       0.23293       0.00000      10.00000
       0.23511       0.00000      10.00000
       0.23728       0.00000      10.00000
       0.23946       0.00000      10.00000
       0.24164       0.00000      10.00000
       0.24381       0.00000      10.00000
       0.24599       0.00000      10.00000
       0.24817       0.00000      10.00000
       0.25034       0.00000      10.00000
       0.25252       0.00000      10.00000
       0.25470       0.00000      10.00000
       0.25688       0.00000      10.00000
       0.25905       0.00000      10.00000
       0.26123       0.00000      10.00000
       0.26341       0.00000      10.00000
       0.26558       0.00000      10.00000
       0.26776       0.00000      10.00000
       0.26994       0.00000      10.00000
       0.27211       0.00000      10.00000
       0.27429       0.00000      10.00000
       0.27647       0.00000      10.00000
       0.27864       0.00000      10.00000
       0.28082       0.00000      10.00000
       0.28300       0.00000      10.00000
       0.28518       0.00000      10.00000
       0.28735       0.00000      10.00000
       0.28953       0.00000      10.00000
       0.29171       0.00000      10.00000
       0.29388       0.00000      10.00000
       0.29606       0.00000      10.00000
       0.29824       0.00000      10.00000
       0.30041       0.00000      10.00000
       0.30259       0.00000      10.00000
       0.30477       0.00000      10.00000
       0.30694       0.00000      10.00000
       0.30912       0.00000      10.00000
       0.31130       0.00000      10.00000
       0.31348       0.00000      10.00000
       0.31565       0.00000      10.00000
       0.31783       0.00000      10.00000
       0.32001       0.00000      10.00000
       0.32218       0.00000      10.00000
       0.32436       0.00000      10.00000
       0.32654       0.00000      10.00000
       0.32871       0.00000      10.00000
       0.33089       0.00000      10.00000
       0.33307       0.00000      10.00000
       0.33524       0.00000      10.00000
       0.33742       0.00000      10.00000
       0.33960       0.00000      10.00000
       0.34178       0.00000      10.00000
       0.34395       0.00000      10.00000
       0.34613       0.00000      10.00000
       0.34831       0.00000      10.00000
       0.35048       0.00000      10.00000
       0.35266       0.00000      10.00000
       0.35484       0.00000      10.00000
       0.35701       0.00000      10.00000
       0.35919       0.00000      10.00000
       0.36137       0.00000      10.00000
       0.36354       0.00000      10.00000
       0.36572       0.00000      10.00000
       0.36790       0.00000      10.00000
       0.37007       0.00000      10.00000
       0.37225       0.00000      10.00000
       0.37443       0.00000      10.00000
       0.37661       0.00000      10.00000
       0.37878       0.00000      10.00000
       0.38096       0.00000      10.00000
       0.38314       0.00000      10.00000
       0.38531       0.00000      10.00000
       0.38749       0.00000      10.00000
       0.38967       0.00000      10.00000
       0.39184       0.00000      10.00000
       0.39402       0.00000      10.00000
       0.39620       0.00000      10.00000
       0.39837       0.00000      10.00000
       0.40055       0.00000      10.00000
       0.40273       0.00000      10.00000
       0.40491       0.00000      10.00000
       0.40708       0.00000      10.00000
       0.40926       0.00000      10.00000
       0.41144       0.00000      10.00000
       0.41361       0.00000      10.00000
       0.41579       0.00000      10.00000
       0.41797       0.00000      10.00000
       0.42014       0.00000      10.00000
       0.42232       0.00000      10.00000
       0.42450       0.00000      10.00000
       0.42667       0.00000      10.00000
       0.42885       0.00000      10.00000
       0.43103       0.00000      10.00000
       0.43321       0.00000      10.00000
       0.43538       0.00000      10.00000
       0.43756       0.00000      10.00000
       0.43974       0.00000      10.00000
       0.44191       0.00000      10.00000
       0.44409       0.00000      10.00000
       0.44627       0.00000      10.00000
       0.44844       0.00000      10.00000
       0.45062       0.00000      10.00000
       0.45280       0.00000      10.00000
       0.45497       0.00000      10.00000
       0.45715       0.00000      10.00000
       0.45933       0.00000      10.00000
       0.46151       0.00000      10.00000
       0.46368       0.00000      10.00000
       0.46586       0.00000      10.00000
       0.46804       0.00000      10.00000
       0.47021       0.00000      10.00000
       0.47239       0.00000      10.00000
       0.47457       0.00000      10.00000
       0.47674       0.00000      10.00000
       0.47892       0.00000      10.00000
       0.48110       0.00000      10.00000
       0.48327       0.00000      10.00000
       0.48545       0.00000      10.00000
       0.48763       0.00000      10.00000
       0.48980       0.00000      10.00000
       0.49198       0.00000      10.00000
       0.49416       0.00000      10.00000
       0.49634       0.00000      10.00000
       0.49851       0.00000      10.00000
       0.50069       0.00000      10.00000
       0.50287       0.00000      10.00000
       0.50504       0.00000      10.00000
       0.50722       0.00000      10.00000
       0.50940       0.00000      10.00000
       0.51157       0.00000      10.00000
       0.51375       0.00000      10.00000
       0.51593       0.00000      10.00000
       0.51810       0.00000      10.00000
       0.52028       0.00000      10.00000
       0.52246       0.00000      10.00000
       0.52464       0.00000      10.00000
       0.52681       0.00000      10.00000
       0.52899       0.00000      10.00000
       0.53117       0.00000      10.00000
       0.53334       0.00000      10.00000
       0.53552       0.00000      10.00000
       0.53770       0.00000      10.00000
       0.53987       0.00000      10.00000
       0.54205       0.00000      10.00000
       0.54423       0.00000      10.00000
       0.54640       0.00000      10.00000
       0.54858       0.00000      10.00000
       0.55076       0.00000      10.00000
       0.55294       0.00000      10.00000
       0.55511       0.00000      10.00000
       0.55729       0.00000      10.00000
       0.55947       0.00000      10.00000
       0.56164       0.00000      10.00000
       0.56382       0.00000      10.00000
       0.56600       0.00000      10.00000
       0.56817       0.00000      10.00000
       0.57035       0.00000      10.00000
       0.57253       0.00000      10.00000
       0.57470       0.00000      10.00000
       0.57688       0.00000      10.00000
       0.57906       0.00000      10.00000
       0.58124       0.00000      10.00000
       0.58341       0.00000      10.00000
       0.58559       0.00000      10.00000
       0.58777       0.00000      10.00000
       0.58994       0.00000      10.00000
       0.59212       0.00000      10.00000
       0.59430       0.00000      10.00000
       0.59647       0.00000      10.00000
       0.59865       0.00000      10.00000
       0.60083       0.00000      10.00000
       0.60300       0.00000      10.00000
       0.60518       0.00000      10.00000
       0.60736       0.00000      10.00000
       0.60954       0.00000      10.00000
       0.61171       0.00000      10.00000
       0.61389       0.00000      10.00000
       0.61607       0.00000      10.00000
       0.61824       0.00000      10.00000
       0.62042       0.00000      10.00000
       0.62260       0.00000      10.00000
       0.62477       0.00000      10.00000
       0.62695       0.00000      10.00000
       0.62913       0.00000      10.00000
       0.63130       0.00000      10.00000
       0.63348       0.00000      10.00000
       0.63566       0.00000      10.00000
       0.63783       0.00000      10.00000
       0.64001       0.00000      10.00000
       0.64219       0.00000      10.00000
       0.64437       0.00000      10.00000
       0.64654       0.00000      10.00000
       0.64872       0.00000      10.00000
       0.65090       0.00000      10.00000
       0.65307       0.00000      10.00000
       0.65525       0.00000      10.00000
       0.65743       0.00000      10.00000
       0.65960       0.00000      10.00000
       0.66178       0.00000      10.00000
       0.66396       0.00000      10.00000
       0.66613       0.00000      10.00000
       0.66831       0.00000      10.00000
       0.67049       0.00000      10.00000
       0.67267       0.00000      10.00000
       0.67484       0.00000      10.00000
       0.67702       0.00000      10.00000
       0.67920       0.00000      10.00000
       0.68137       0.00000      10.00000
       0.68355       0.00000      10.00000
       0.68573       0.00000      10.00000
       0.68790       0.00000      10.00000
       0.69008       0.00000      10.00000
       0.69226       0.00000      10.00000
       0.69443       0.00000      10.00000
       0.69661       0.00000      10.00000
       0.69879       0.00000      10.00000
       0.70097       0.00000      10.00000
       0.70314       0.00000      10.00000
       0.70532       0.00000      10.00000
       0.70750       0.00000      10.00000
       0.70967       0.00000      10.00000
       0.71185       0.00000      10.00000
       0.71403       0.00000      10.00000
       0.71620       0.00000      10.00000
       0.71838       0.00000      10.00000
       0.72056       0.00000      10.00000
       0.72273       0.00000      10.00000
       0.72491       0.00000      10.00000
       0.72709       0.00000      10.00000
       0.72927       0.00000      10.00000
       0.73144       0.00000      10.00000
       0.73362       0.00000      10.00000
       0.73580       0.00000      10.00000
       0.73797       0.00000      10.00000
       0.74015       0.00000      10.00000
       0.74233       0.00000      10.00000
       0.74450       0.00000      10.00000
       0.74668       0.00000      10.00000
       0.74886       0.00000      10.00000
       0.75103       0.00000      10.00000
       0.75321       0.00000      10.00000
       0.75539       0.00000      10.00000
       0.75756       0.00000      10.00000
       0.75974       0.00000      10.00000
       0.76192       0.00000      10.00000
       0.76410       0.00000      10.00000
       0.76627       0.00000      10.00000
       0.76845       0.00000      10.00000
       0.77063       0.00000      10.00000
       0.77280       0.00000      10.00000
       0.77498       0.00000      10.00000
       0.77716       0.00000      10.00000
       0.77933       0.00000      10.00000
       0.78151       0.00000      10.00000
       0.78369       0.00000      10.00000
       0.78586       0.00000      10.00000
       0.78804       0.00000      10.00000
       0.79022       0.00000      10.00000
       0.79240       0.00000      10.00000
       0.79457       0.00000      10.00000
       0.79675       0.00000      10.00000
       0.79893       0.00000      10.00000
       0.80110       0.00000      10.00000
       0.80328       0.00000      10.00000
       0.80546       0.00000      10.00000
       0.80763       0.00000      10.00000
       0.80981       0.00000      10.00000
       0.81199       0.00000      10.00000
       0.81416       0.00000      10.00000
       0.81634       0.00000      10.00000
       0.81852       0.00000      10.00000
       0.82070       0.00000      10.00000
       0.82287       0.00000      10.00000
       0.82505       0.00000      10.00000
       0.82723       0.00000      10.00000
       0.82940       0.00000      10.00000
       0.83158       0.00000      10.00000
       0.83376       0.00000      10.00000
       0.83593       0.00000      10.00000
       0.83811       0.00000      10.00000
       0.84029       0.00000      10.00000
       0.84246       0.00000      10.00000
       0.84464       0.00000      10.00000
       0.84682       0.00000      10.00000
       0.84900       0.00000      10.00000
       0.85117       0.00000      10.00000
       0.85335       0.00000      10.00000
       0.85553       0.00000      10.00000
       0.85770       0.00000      10.00000
       0.85988       0.00000      10.00000
       0.86206       0.00000      10.00000
       0.86423       0.00000      10.00000
       0.86641       0.00000      10.00000
       0.86859       0.00000      10.00000
       0.87076       0.00000      10.00000
       0.87294       0.00000      10.00000
       0.87512       0.00000      10.00000
       0.87730       0.00000      10.00000
       0.87947       0.00000      10.00000
       0.88165       0.00000      10.00000
       0.88383       0.00000      10.00000
       0.88600       0.00000      10.00000
       0.88818       0.00000      10.00000
       0.89036       0.00000      10.00000
       0.89253       0.00000      10.00000
       0.89471       0.00000      10.00000
       0.89689       0.00000      10.00000
       0.89906       0.00000      10.00000
       0.90124       0.00000      10.00000
       0.90342       0.00000      10.00000
       0.90559       0.00000      10.00000
       0.90777       0.00000      10.00000
       0.90995       0.00000      10.00000
       0.91213       0.00000      10.00000
       0.91430       0.00000      10.00000
       0.91648       0.00000      10.00000
       0.91866       0.00000      10.00000
       0.92083       0.00000      10.00000
       0.92301       0.00000      10.00000
       0.92519       0.00000      10.00000
       0.92736       0.00000      10.00000
       0.92954       0.00000      10.00000
       0.93172       0.00000      10.00000
       0.93389       0.00000      10.00000
       0.93607       0.00000      10.00000
       0.93825       0.00000      10.00000
       0.94043       0.00000      10.00000
       0.94260       0.00000      10.00000
       0.94478       0.00000      10.00000
       0.94696       0.00000      10.00000
       0.94913       0.00000      10.00000
       0.95131       0.00000      10.00000
       0.95349       0.00000      10.00000
       0.95566       0.00000      10.00000
       0.95784       0.00000      10.00000
       0.96002       0.00000      10.00000
       0.96219       0.00000      10.00000
       0.96437       0.00000      10.00000
       0.96655       0.00000      10.00000
       0.96873       0.00000      10.00000
       0.97090       0.00000      10.00000
       0.97308       0.00000      10.00000
       0.97526       0.00000      10.00000
       0.97743       0.00000      10.00000
       0.97961       0.00000      10.00000
       0.98179       0.00000      10.00000
       0.98396       0.00000      10.00000
       0.98614       0.00000      10.00000
       0.98832       0.00000      10.00000
       0.99049       0.00000      10.00000
       0.99267       0.00000      10.00000
       0.99485       0.00000      10.00000
       0.99703       0.00000      10.00000
       0.99920       0.00000      10.00000
       1.00138       0.00000      10.00000
       1.00356       0.00000      10.00000
       1.00573       0.00000      10.00000
       1.00791       0.00000      10.00000
       1.01009       0.00000      10.00000
       1.01226       0.00000      10.00000
       1.01444       0.00000      10.00000
       1.01662       0.00000      10.00000
       1.01879       0.00000      10.00000
       1.02097       0.00000      10.00000
       1.02315       0.00000      10.00000
       1.02533       0.00000      10.00000
       1.02750       0.00000      10.00000
       1.02968       0.00000      10.00000
       1.03186       0.00000      10.00000
       1.03403       0.00000      10.00000
       1.03621       0.00000      10.00000
       1.03839       0.00000      10.00000
       1.04056       0.00000      10.00000
       1.04274       0.00000      10.00000
       1.04492       0.00000      10.00000
       1.04709       0.00000      10.00000
       1.04927       0.00000      10.00000
       1.05145       0.00000      10.00000
       1.05362       0.00000      10.00000
       1.05580       0.00000      10.00000
       1.05798       0.00000      10.00000
       1.06016       0.00000      10.00000
       1.06233       0.00000      10.00000
       1.06451       0.00000      10.00000
       1.06669       0.00000      10.00000
       1.06886       0.00000      10.00000
       1.07104       0.00000      10.00000
       1.07322       0.00000      10.00000
       1.07539       0.00000      10.00000
       1.07757       0.00000      10.00000
       1.07975       0.00000      10.00000
       1.08192       0.00000      10.00000
       1.08410       0.00000      10.00000
       1.08628       0.00000      10.00000
       1.08846       0.00000      10.00000
       1.09063       0.00000      10.00000
       1.09281       0.00000      10.00000
       1.09499       0.00000      10.00000
       1.09716       0.00000      10.00000
       1.09934       0.00000      10.00000
       1.10152       0.00000      10.00000
       1.10369       0.00000      10.00000
       1.10587       0.00000      10.00000
       1.10805       0.00000      10.00000
       1.11022       0.00000      10.00000
       1.11240       0.00000      10.00000
       1.11458       0.00000      10.00000
       1.11676       0.00000      10.00000
       1.11893       0.00000      10.00000
       1.12111       0.00000      10.00000
       1.12329       0.00000      10.00000
       1.12546       0.00000      10.00000
       1.12764       0.00000      10.00000
       1.12982       0.00000      10.00000
       1.13199       0.00000      10.00000
       1.13417       0.00000      10.00000
       1.13635       0.00000      10.00000
       1.13852       0.00000      10.00000
       1.14070       0.00000      10.00000
       1.14288       0.00000      10.00000
       1.14506       0.00000      10.00000
       1.14723       0.00000      10.00000
       1.14941       0.00000      10.00000
       1.15159       0.00000      10.00000
       1.15376       0.00000      10.00000
       1.15594       0.00000      10.00000
       1.15812       0.00000      10.00000
       1.16029       0.00000      10.00000
       1.16247       0.00000      10.00000
       1.16465       0.00000      10.00000
       1.16682       0.00000      10.00000
       1.16900       0.00000      10.00000
       1.17118       0.00000      10.00000
       1.17335       0.00000      10.00000
       1.17553       0.00000      10.00000
       1.17771       0.00000      10.00000
       1.17989       0.00000      10.00000
       1.18206       0.00000      10.00000
       1.18424       0.00000      10.00000
       1.18642       0.00000      10.00000
       1.18859       0.00000      10.00000
       1.19077       0.00000      10.00000
       1.19295       0.00000      10.00000
       1.19512       0.00000      10.00000
       1.19730       0.00000      10.00000
       1.19948       0.00000      10.00000
       1.20165       0.00000      10.00000
       1.20383       0.00000      10.00000
       1.20601       0.00000      10.00000
       1.20819       0.00000      10.00000
       1.21036       0.00000      10.00000
       1.21254       0.00000      10.00000
       1.21472       0.00000      10.00000
       1.21689       0.00000      10.00000
       1.21907       0.00000      10.00000
       1.22125       0.00000      10.00000
       1.22342       0.00000      10.00000
       1.22560       0.00000      10.00000
       1.22778       0.00000      10.00000
       1.22995       0.00000      10.00000
       1.23213       0.00000      10.00000
       1.23431       0.00000      10.00000
       1.23649       0.00000      10.00000
       1.23866       0.00000      10.00000
       1.24084       0.00000      10.00000
       1.24302       0.00000      10.00000
       1.24519       0.00000      10.00000
       1.24737       0.00000      10.00000
       1.24955       0.00000      10.00000
       1.25172       0.00000      10.00000
       1.25390       0.00000      10.00000
       1.25608       0.00000      10.00000
       1.25825       0.00000      10.00000
       1.26043       0.00000      10.00000
       1.26261       0.00000      10.00000
       1.26479       0.00000      10.00000
       1.26696       0.00000      10.00000
       1.26914       0.00000      10.00000
       1.27132       0.00000      10.00000
       1.27349       0.00000      10.00000
       1.27567       0.00000      10.00000
       1.27785       0.00000      10.00000
       1.28002       0.00000      10.00000
       1.28220       0.00000      10.00000
       1.28438       0.00000      10.00000
       1.28655       0.00000      10.00000
       1.28873       0.00000      10.00000
       1.29091       0.00000      10.00000
       1.29309       0.00000      10.00000
       1.29526       0.00000      10.00000
       1.29744       0.00000      10.00000
       1.29962       0.00000      10.00000
       1.30179       0.00000      10.00000
       1.30397       0.00000      10.00000
       1.30615       0.00000      10.00000
       1.30832       0.00000      10.00000
       1.31050       0.00000      10.00000
       1.31268       0.00000      10.00000
       1.31485       0.00000      10.00000
       1.31703       0.00000      10.00000
       1.31921       0.00000      10.00000
       1.32138       0.00000      10.00000
       1.32356       0.00000      10.00000
       1.32574       0.00000      10.00000
       1.32792       0.00000      10.00000
       1.33009       0.00000      10.00000
       1.33227       0.00000      10.00000
       1.33445       0.00000      10.00000
       1.33662       0.00000      10.00000
       1.33880       0.00000      10.00000
       1.34098       0.00000      10.00000
       1.34315       0.00000      10.00000
       1.34533       0.00000      10.00000
       1.34751       0.00000      10.00000
       1.34968       0.00000      10.00000
       1.35186       0.00000      10.00000
       1.35404       0.00000      10.00000
       1.35622       0.00000      10.00000
       1.35839       0.00000      10.00000
       1.36057       0.00000      10.00000
       1.36275       0.00000      10.00000
       1.36492       0.00000      10.00000
       1.36710       0.00000      10.00000
       1.36928       0.00000      10.00000
       1.37145       0.00000      10.00000
       1.37363       0.00000      10.00000
       1.37581       0.00000      10.00000
       1.37798       0.00000      10.00000
       1.38016       0.00000      10.00000
       1.38234       0.00000      10.00000
       1.38452       0.00000      10.00000
       1.38669       0.00000      10.00000
       1.38887       0.00000      10.00000
       1.39105       0.00000      10.00000
       1.39322       0.00000      10.00000
       1.39540       0.00000      10.00000
       1.39758       0.00000      10.00000
       1.39975       0.00000      10.00000
       1.40193       0.00000      10.00000
       1.40411       0.00000      10.00000
       1.40628       0.00000      10.00000
       1.40846       0.00000      10.00000
       1.41064       0.00000      10.00000
       1.41282       0.00000      10.00000
       1.41499       0.00000      10.00000
       1.41717       0.00000      10.00000
       1.41935       0.00000      10.00000
       1.42152       0.00000      10.00000
       1.42370       0.00000      10.00000
       1.42588       0.00000      10.00000
       1.42805       0.00000      10.00000
       1.43023       0.00000      10.00000
       1.43241       0.00000      10.00000
       1.43458       0.00000      10.00000
       1.43676       0.00000      10.00000
       1.43894       0.00000      10.00000
       1.44112       0.00000      10.00000
       1.44329       0.00000      10.00000
       1.44547       0.00000      10.00000
       1.44765       0.00000      10.00000
       1.44982       0.00000      10.00000
       1.45200       0.00000      10.00000
       1.45418       0.00000      10.00000
       1.45635       0.00000      10.00000
       1.45853       0.00000      10.00000
       1.46071       0.00000      10.00000
       1.46288       0.00000      10.00000
       1.46506       0.00000      10.00000
       1.46724       0.00000      10.00000
       1.46941       0.00000      10.00000
       1.47159       0.00000      10.00000
       1.47377       0.00000      10.00000
       1.47595       0.00000      10.00000
       1.47812       0.00000      10.00000
       1.48030       0.00000      10.00000
       1.48248       0.00000      10.00000
       1.48465       0.00000      10.00000
       1.48683       0.00000      10.00000
       1.48901       0.00000      10.00000
       1.49118       0.00000      10.00000
       1.49336       0.00000      10.00000
       1.49554       0.00000      10.00000
       1.49771       0.00000      10.00000
       1.49989       0.00000      10.00000
       1.50207       0.00000      10.00000
       1.50425       0.00000      10.00000
       1.50642       0.00000      10.00000
       1.50860       0.00000      10.00000
       1.51078       0.00000      10.00000
       1.51295       0.00000      10.00000
       1.51513       0.00000      10.00000
       1.51731       0.00000      10.00000
       1.51948       0.00000      10.00000
       1.52166       0.00000      10.00000
       1.52384       0.00000      10.00000
       1.52601       0.00000      10.00000
       1.52819       0.00000      10.00000
       1.53037       0.00000      10.00000
       1.53255       0.00000      10.00000
       1.53472       0.00000      10.00000
       1.53690       0.00000      10.00000
       1.53908       0.00000      10.00000
       1.54125       0.00000      10.00000
       1.54343       0.00000      10.00000
       1.54561       0.00000      10.00000
       1.54778       0.00000      10.00000
       1.54996       0.00000      10.00000
       1.55214       0.00000      10.00000
       1.55431       0.00000      10.00000
       1.55649       0.00000      10.00000
       1.55867       0.00000      10.00000
       1.56085       0.00000      10.00000
       1.56302       0.00000      10.00000
       1.56520       0.00000      10.00000
       1.56738       0.00000      10.00000
       1.56955       0.00000      10.00000
       1.57173       0.00000      10.00000
       1.57391       0.00000      10.00000
       1.57608       0.00000      10.00000
       1.57826       0.00000      10.00000
       1.58044       0.00000      10.00000
       1.58261       0.00000      10.00000
       1.58479       0.00000      10.00000
       1.58697       0.00000      10.00000
       1.58914       0.00000      10.00000
       1.59132       0.00000      10.00000
       1.59350       0.00000      10.00000
       1.59568       0.00000      10.00000
       1.59785       0.00000      10.00000
       1.60003       0.00000      10.00000
       1.60221       0.00000      10.00000
       1.60438       0.00000      10.00000
       1.60656       0.00000      10.00000
       1.60874       0.00000      10.00000
       1.61091       0.00000      10.00000
       1.61309       0.00000      10.00000
       1.61527       0.00000      10.00000
       1.61744       0.00000      10.00000
       1.61962       0.00000      10.00000
       1.62180       0.00000      10.00000
       1.62398       0.00000      10.00000
       1.62615       0.00000      10.00000
       1.62833       0.00000      10.00000
       1.63051       0.00000      10.00000
       1.63268       0.00000      10.00000
       1.63486       0.00000      10.00000
       1.63704       0.00000      10.00000
       1.63921       0.00000      10.00000
       1.64139       0.00000      10.00000
       1.64357       0.00000      10.00000
       1.64574       0.00000      10.00000
       1.64792       0.00000      10.00000
       1.65010       0.00000      10.00000
       1.65228       0.00000      10.00000
       1.65445       0.00000      10.00000
       1.65663       0.00000      10.00000
       1.65881       0.00000      10.00000
       1.66098       0.00000      10.00000
       1.66316       0.00000      10.00000
       1.66534       0.00000      10.00000
       1.66751       0.00000      10.00000
       1.66969       0.00000      10.00000
       1.67187       0.00000      10.00000
       1.67404       0.00000      10.00000
       1.67622       0.00000      10.00000
       1.67840       0.00000      10.00000
       1.68058       0.00000      10.00000
       1.68275       0.00000      10.00000
       1.68493       0.00000      10.00000
       1.68711       0.00000      10.00000
       1.68928       0.00000      10.00000
       1.69146       0.00000      10.00000
       1.69364       0.00000      10.00000
       1.69581       0.00000      10.00000
       1.69799       0.00000      10.00000
       1.70017       0.00000      10.00000
       1.70234       0.00000      10.00000
       1.70452       0.00000      10.00000
       1.70670       0.00000      10.00000
       1.70888       0.00000      10.00000
       1.71105       0.00000      10.00000
       1.71323       0.00000      10.00000
       1.71541       0.00000      10.00000
       1.71758       0.00000      10.00000
       1.71976       0.00000      10.00000
       1.72194       0.00000      10.00000
       1.72411       0.00000      10.00000
       1.72629       0.00000      10.00000
       1.72847       0.00000      10.00000
       1.73064       0.00000      10.00000
       1.73282       0.00000      10.00000
       1.73500       0.00000      10.00000
       1.73717       0.00000      10.00000
       1.73935       0.00000      10.00000
       1.74153       0.00000      10.00000
       1.74371       0.00000      10.00000
       1.74588       0.00000      10.00000
       1.74806       0.00000      10.00000
       1.75024       0.00000      10.00000
       1.75241       0.00000      10.00000
       1.75459       0.00000      10.00000
       1.75677       0.00000      10.00000
       1.75894       0.00000      10.00000
       1.76112       0.00000      10.00000
       1.76330       0.00000      10.00000
       1.76547       0.00000      10.00000
       1.76765       0.00000      10.00000
       1.76983       0.00000      10.00000
       1.77201       0.00000      10.00000
       1.77418       0.00000      10.00000
       1.77636       0.00000      10.00000
       1.77854       0.00000      10.00000
       1.78071       0.00000      10.00000
       1.78289       0.00000      10.00000
       1.78507       0.00000      10.00000
       1.78724       0.00000      10.00000
       1.78942       0.00000      10.00000
       1.79160       0.00000      10.00000
       1.79377       0.00000      10.00000
       1.79595       0.00000      10.00000
       1.79813       0.00000      10.00000
       1.80031       0.00000      10.00000
       1.80248       0.00000      10.00000
       1.80466       0.00000      10.00000
       1.80684       0.00000      10.00000
       1.80901       0.00000      10.00000
       1.81119       0.00000      10.00000
       1.81337       0.00000      10.00000
       1.81554       0.00000      10.00000
       1.81772       0.00000      10.00000
       1.81990       0.00000      10.00000
       1.82207       0.00000      10.00000
       1.82425       0.00000      10.00000
       1.82643       0.00000      10.00000
       1.82861       0.00000      10.00000
       1.83078       0.00000      10.00000
       1.83296       0.00000      10.00000
       1.83514       0.00000      10.00000
       1.83731       0.00000      10.00000
       1.83949       0.00000      10.00000
       1.84167       0.00000      10.00000
       1.84384       0.00000      10.00000
       1.84602       0.00000      10.00000
       1.84820       0.00000      10.00000
       1.85037       0.00000      10.00000
       1.85255       0.00000      10.00000
       1.85473       0.00000      10.00000
       1.85690       0.00000      10.00000
       1.85908       0.00000      10.00000
       1.86126       0.00000      10.00000
       1.86344       0.00000      10.00000
       1.86561       0.00000      10.00000
       1.86779       0.00000      10.00000
       1.86997       0.00000      10.00000
       1.87214       0.00000      10.00000
       1.87432       0.00000      10.00000
       1.87650       0.00000      10.00000
       1.87867       0.00000      10.00000
       1.88085       0.00000      10.00000
       1.88303       0.00000      10.00000
       1.88520       0.00000      10.00000
       1.88738       0.00000      10.00000
       1.88956       0.00000      10.00000
       1.89174       0.00000      10.00000
       1.89391       0.00000      10.00000
       1.89609       0.00000      10.00000
       1.89827       0.00000      10.00000
       1.90044       0.00000      10.00000
       1.90262       0.00000      10.00000
       1.90480       0.00000      10.00000
       1.90697       0.00000      10.00000
       1.90915       0.00000      10.00000
       1.91133       0.00000      10.00000
       1.91350       0.00000      10.00000
       1.91568       0.00000      10.00000
       1.91786       0.00000      10.00000
       1.92004       0.00000      10.00000
       1.92221       0.00000      10.00000
       1.92439       0.00000      10.00000
       1.92657       0.00000      10.00000
       1.92874       0.00000      10.00000
       1.93092       0.00000      10.00000
       1.93310       0.00000      10.00000
       1.93527       0.00000      10.00000
       1.93745       0.00000      10.00000
       1.93963       0.00000      10.00000
       1.94180       0.00000      10.00000
       1.94398       0.00000      10.00000
       1.94616       0.00000      10.00000
       1.94834       0.00000      10.00000
       1.95051       0.00000      10.00000
       1.95269       0.00000      10.00000
       1.95487       0.00000      10.00000
       1.95704       0.00000      10.00000
       1.95922       0.00000      10.00000
       1.96140       0.00000      10.00000
       1.96357       0.00000      10.00000
       1.96575       0.00000      10.00000
       1.96793       0.00000      10.00000
       1.97010       0.00000      10.00000
       1.97228       0.00000      10.00000
       1.97446       0.00000      10.00000
       1.97664       0.00000      10.00000
       1.97881       0.00000      10.00000
       1.98099       0.00000      10.00000
       1.98317       0.00000      10.00000
       1.98534       0.00000      10.00000
       1.98752       0.00000      10.00000
       1.98970       0.00000      10.00000
       1.99187       0.00000      10.00000
       1.99405       0.00000      10.00000
       1.99623       0.00000      10.00000
       1.99840       0.00000      10.00000
       2.00058       0.00000      10.00000
       2.00276       0.00000      10.00000
       2.00493       0.00000      10.00000
       2.00711       0.00000      10.00000
       2.00929       0.00000      10.00000
       2.01147       0.00000      10.00000
       2.01364       0.00000      10.00000
       2.01582       0.00000      10.00000
       2.01800       0.00000      10.00000
       2.02017       0.00000      10.00000
       2.02235       0.00000      10.00000
       2.02453       0.00000      10.00000
       2.02670       0.00000      10.00000
       2.02888       0.00000      10.00000
       2.03106       0.00000      10.00000
       2.03323       0.00000      10.00000
       2.03541       0.00000      10.00000
       2.03759       0.00000      10.00000
       2.03977       0.00000      10.00000
       2.04194       0.00000      10.00000
       2.04412       0.00000      10.00000
       2.04630       0.00000      10.00000
       2.04847       0.00000      10.00000
       2.05065       0.00000      10.00000
       2.05283       0.00000      10.00000
       2.05500       0.00000      10.00000
       2.05718       0.00000      10.00000
       2.05936       0.00000      10.00000
       2.06153       0.00000      10.00000
       2.06371       0.00000      10.00000
       2.06589       0.00000      10.00000
       2.06807       0.00000      10.00000
       2.07024       0.00000      10.00000
       2.07242       0.00000      10.00000
       2.07460       0.00000      10.00000
       2.07677       0.00000      10.00000
       2.07895       0.00000      10.00000
       2.08113       0.00000      10.00000
       2.08330       0.00000      10.00000
       2.08548       0.00000      10.00000
       2.08766       0.00000      10.00000
       2.08983       0.00000      10.00000
       2.09201       0.00000      10.00000
       2.09419       0.00000      10.00000
       2.09637       0.00000      10.00000
       2.09854       0.00000      10.00000
       2.10072       0.00000      10.00000
       2.10290       0.00000      10.00000
       2.10507       0.00000      10.00000
       2.10725       0.00000      10.00000
       2.10943       0.00000      10.00000
       2.11160       0.00000      10.00000
       2.11378       0.00000      10.00000
       2.11596       0.00000      10.00000
       2.11813       0.00000      10.00000
       2.12031       0.00000      10.00000
       2.12249       0.00000      10.00000
       2.12467       0.00000      10.00000
       2.12684       0.00000      10.00000
       2.12902       0.00000      10.00000
       2.13120       0.00000      10.00000
       2.13337       0.00000      10.00000
       2.13555       0.00000      10.00000
       2.13773       0.00000      10.00000
       2.13990       0.00000      10.00000
       2.14208       0.00000      10.00000
       2.14426       0.00000      10.00000
       2.14643       0.00000      10.00000
       2.14861       0.00000      10.00000
       2.15079       0.00000      10.00000
       2.15296       0.00000      10.00000
       2.15514       0.00000      10.00000
       2.15732       0.00000      10.00000
       2.15950       0.00000      10.00000
       2.16167       0.00000      10.00000
       2.16385       0.00000      10.00000
       2.16603       0.00000      10.00000
       2.16820       0.00000      10.00000
       2.17038       0.00000      10.00000
       2.17256       0.00000      10.00000
       2.17473       0.00000      10.00000
       2.17691       0.00000      10.00000
       2.17909       0.00000      10.00000
       2.18126       0.00000      10.00000
       2.18344       0.00000      10.00000
       2.18562       0.00000      10.00000
       2.18780       0.00000      10.00000
       2.18997       0.00000      10.00000
       2.19215       0.00000      10.00000
       2.19433       0.00000      10.00000
       2.19650       0.00000      10.00000
       2.19868       0.00000      10.00000
       2.20086       0.00000      10.00000
       2.20303       0.00000      10.00000
       2.20521       0.00000      10.00000
       2.20739       0.00000      10.00000
       2.20956       0.00000      10.00000
       2.21174       0.00000      10.00000
       2.21392       0.00000      10.00000
       2.21610       0.00000      10.00000
       2.21827       0.00000      10.00000
       2.22045       0.00000      10.00000
       2.22263       0.00000      10.00000
       2.22480       0.00000      10.00000
       2.22698       0.00000      10.00000
       2.22916       0.00000      10.00000
       2.23133       0.00000      10.00000
       2.23351       0.00000      10.00000
       2.23569       0.00000      10.00000
       2.23786       0.00000      10.00000
       2.24004       0.00000      10.00000
       2.24222       0.00000      10.00000
       2.24440       0.00000      10.00000
       2.24657       0.00000      10.00000
       2.24875       0.00000      10.00000
       2.25093       0.00000      10.00000
       2.25310       0.00000      10.00000
       2.25528       0.00000      10.00000
       2.25746       0.00000      10.00000
       2.25963       0.00000      10.00000
       2.26181       0.00000      10.00000
       2.26399       0.00000      10.00000
       2.26616       0.00000      10.00000
       2.26834       0.00000      10.00000
       2.27052       0.00000      10.00000
       2.27269       0.00000      10.00000
       2.27487       0.00000      10.00000
       2.27705       0.00000      10.00000
       2.27923       0.00000      10.00000
       2.28140       0.00000      10.00000
       2.28358       0.00000      10.00000
       2.28576       0.00000      10.00000
       2.28793       0.00000      10.00000
       2.29011       0.00000      10.00000
       2.29229       0.00000      10.00000
       2.29446       0.00000      10.00000
       2.29664       0.00000      10.00000
       2.29882       0.00000      10.00000
       2.30099       0.00000      10.00000
       2.30317       0.00000      10.00000
       2.30535       0.00000      10.00000
       2.30753       0.00000      10.00000
       2.30970       0.00000      10.00000
       2.31188       0.00000      10.00000
       2.31406       0.00000      10.00000
       2.31623       0.00000      10.00000
       2.31841       0.00000      10.00000
       2.32059       0.00000      10.00000
       2.32276       0.00000      10.00000
       2.32494       0.00000      10.00000
       2.32712       0.00000      10.00000
       2.32929       0.00000      10.00000
       2.33147       0.00000      10.00000
       2.33365       0.00000      10.00000
       2.33583       0.00000      10.00000
       2.33800       0.00000      10.00000
       2.34018       0.00000      10.00000
       2.34236       0.00000      10.00000
       2.34453       0.00000      10.00000
       2.34671       0.00000      10.00000
       2.34889       0.00000      10.00000
       2.35106       0.00000      10.00000
       2.35324       0.00000      10.00000
       2.35542       0.00000      10.00000
       2.35759       0.00000      10.00000
       2.35977       0.00000      10.00000
       2.36195       0.00000      10.00000
       2.36413       0.00000      10.00000
       2.36630       0.00000      10.00000
       2.36848       0.00000      10.00000
       2.37066       0.00000      10.00000
       2.37283       0.00000      10.00000
       2.37501       0.00000      10.00000
       2.37719       0.00000      10.00000
       2.37936       0.00000      10.00000
       2.38154       0.00000      10.00000
       2.38372       0.00000      10.00000
       2.38589       0.00000      10.00000
       2.38807       0.00000      10.00000
       2.39025       0.00000      10.00000
       2.39243       0.00000      10.00000
       2.39460       0.00000      10.00000
       2.39678       0.00000      10.00000
       2.39896       0.00000      10.00000
       2.40113       0.00000      10.00000
       2.40331       0.00000      10.00000
       2.40549       0.00000      10.00000
       2.40766       0.00000      10.00000
       2.40984       0.00000      10.00000
       2.41202       0.00000      10.00000
       2.41419       0.00000      10.00000
       2.41637       0.00000      10.00000
       2.41855       0.00000      10.00000
       2.42072       0.00000      10.00000
       2.42290       0.00000      10.00000
       2.42508       0.00000      10.00000
       2.42726       0.00000      10.00000
       2.42943       0.00000      10.00000
       2.43161       0.00000      10.00000
       2.43379       0.00000      10.00000
       2.43596       0.00000      10.00000
       2.43814       0.00000      10.00000
       2.44032       0.00000      10.00000
       2.44249       0.00000      10.00000
       2.44467       0.00000      10.00000
       2.44685       0.00000      10.00000
       2.44902       0.00000      10.00000
       2.45120       0.00000      10.00000
       2.45338       0.00000      10.00000
       2.45556       0.00000      10.00000
       2.45773       0.00000      10.00000
       2.45991       0.00000      10.00000
       2.46209       0.00000      10.00000
       2.46426       0.00000      10.00000
       2.46644       0.00000      10.00000
       2.46862       0.00000      10.00000
       2.47079       0.00000      10.00000
       2.47297       0.00000      10.00000
       2.47515       0.00000      10.00000
       2.47732       0.00000      10.00000
       2.47950       0.00000      10.00000
       2.48168       0.00000      10.00000
       2.48386       0.00000      10.00000
       2.48603       0.00000      10.00000
       2.48821       0.00000      10.00000
       2.49039       0.00000      10.00000
       2.49256       0.00000      10.00000
       2.49474       0.00000      10.00000
       2.49692       0.00000      10.00000
       2.49909       0.00000      10.00000
       2.50127       0.00000      10.00000
       2.50345       0.00000      10.00000
       2.50562       0.00000      10.00000
       2.50780       0.00000      10.00000
       2.50998       0.00000      10.00000
       2.51216       0.00000      10.00000
       2.51433       0.00000      10.00000
       2.51651       0.00000      10.00000
       2.51869       0.00000      10.00000
       2.52086       0.00000      10.00000
       2.52304       0.00000      10.00000
       2.52522       0.00000      10.00000
       2.52739       0.00000      10.00000
       2.52957       0.00000      10.00000
       2.53175       0.00000      10.00000
       2.53392       0.00000      10.00000
       2.53610       0.00000      10.00000
       2.53828       0.00000      10.00000
       2.54045       0.00000      10.00000
       2.54263       0.00000      10.00000
       2.54481       0.00000      10.00000
       2.54699       0.00000      10.00000
       2.54916       0.00000      10.00000
       2.55134       0.00000      10.00000
       2.55352       0.00000      10.00000
       2.55569       0.00000      10.00000
       2.55787       0.00000      10.00000
       2.56005       0.00000      10.00000
       2.56222       0.00000      10.00000
       2.56440       0.00000      10.00000
       2.56658       0.00000      10.00000
       2.56875       0.00000      10.00000
       2.57093       0.00000      10.00000
       2.57311       0.00000      10.00000
       2.57529       0.00000      10.00000
       2.57746       0.00000      10.00000
       2.57964       0.00000      10.00000
       2.58182       0.00000      10.00000
       2.58399       0.00000      10.00000
       2.58617       0.00000      10.00000
       2.58835       0.00000      10.00000
       2.59052       0.00000      10.00000
       2.59270       0.00000      10.00000
       2.59488       0.00000      10.00000
       2.59705       0.00000      10.00000
       2.59923       0.00000      10.00000
       2.60141       0.00000      10.00000
       2.60359       0.00000      10.00000
       2.60576       0.00000      10.00000
       2.60794       0.00000      10.00000
       2.61012       0.00000      10.00000
       2.61229       0.00000      10.00000
       2.61447       0.00000      10.00000
       2.61665       0.00000      10.00000
       2.61882       0.00000      10.00000
       2.62100       0.00000      10.00000
       2.62318       0.00000      10.00000
       2.62535       0.00000      10.00000
       2.62753       0.00000      10.00000
       2.62971       0.00000      10.00000
       2.63189       0.00000      10.00000
       2.63406       0.00000      10.00000
       2.63624       0.00000      10.00000
       2.63842       0.00000      10.00000
       2.64059       0.00000      10.00000
       2.64277       0.00000      10.00000
       2.64495       0.00000      10.00000
       2.64712       0.00000      10.00000
       2.64930       0.00000      10.00000
       2.65148       0.00000      10.00000
       2.65365       0.00000      10.00000
       2.65583       0.00000      10.00000
       2.65801       0.00000      10.00000
       2.66019       0.00000      10.00000
       2.66236       0.00000      10.00000
       2.66454       0.00000      10.00000
       2.66672       0.00000      10.00000
       2.66889       0.00000      10.00000
       2.67107       0.00000      10.00000
       2.67325       0.00000      10.00000
       2.67542       0.00000      10.00000
       2.67760       0.00000      10.00000
       2.67978       0.00000      10.00000
       2.68195       0.00000      10.00000
       2.68413       0.00000      10.00000
       2.68631       0.00000      10.00000
       2.68848       0.00000      10.00000
       2.69066       0.00000      10.00000
       2.69284       0.00000      10.00000
       2.69502       0.00000      10.00000
       2.69719       0.00000      10.00000
       2.69937       0.00000      10.00000
       2.70155       0.00000      10.00000
       2.70372       0.00000      10.00000
       2.70590       0.00000      10.00000
       2.70808       0.00000      10.00000
       2.71025       0.00000      10.00000
       2.71243       0.00000      10.00000
       2.71461       0.00000      10.00000
       2.71678       0.00000      10.00000
       2.71896       0.00000      10.00000
       2.72114       0.00000      10.00000
       2.72332       0.00000      10.00000
       2.72549       0.00000      10.00000
       2.72767       0.00000      10.00000
       2.72985       0.00000      10.00000
       2.73202       0.00000      10.00000
       2.73420       0.00000      10.00000
       2.73638       0.00000      10.00000
       2.73855       0.00000      10.00000
       2.74073       0.00000      10.00000
       2.74291       0.00000      10.00000
       2.74508       0.00000      10.00000
       2.74726       0.00000      10.00000
       2.74944       0.00000      10.00000
       2.75162       0.00000      10.00000
       2.75379       0.00000      10.00000
       2.75597       0.00000      10.00000
       2.75815       0.00000      10.00000
       2.76032       0.00000      10.00000
       2.76250       0.00000      10.00000
       2.76468       0.00000      10.00000
       2.76685       0.00000      10.00000
       2.76903       0.00000      10.00000
       2.77121       0.00000      10.00000
       2.77338       0.00000      10.00000
       2.77556       0.00000      10.00000
       2.77774       0.00000      10.00000
       2.77992       0.00000      10.00000
       2.78209       0.00000      10.00000
       2.78427       0.00000      10.00000
       2.78645       0.00000      10.00000
       2.78862       0.00000      10.00000
       2.79080       0.00000      10.00000
       2.79298       0.00001      10.00000
       2.79515       0.00001      10.00000
       2.79733       0.00002      10.00000
       2.79951       0.00003      10.00000
       2.80168       0.00004      10.00000
       2.80386       0.00006      10.00000
       2.80604       0.00009      10.00000
       2.80822       0.00014      10.00000
       2.81039       0.00021      10.00000
       2.81257       0.00030      10.00000
       2.81475       0.00045      10.00000
       2.81692       0.00065      10.00000
       2.81910       0.00093      10.00001
       2.82128       0.00134      10.00001
       2.82345       0.00191      10.00001
       2.82563       0.00271      10.00002
       2.82781       0.00381      10.00003
       2.82998       0.00533      10.00004
       2.83216       0.00740      10.00006
       2.83434       0.01021      10.00008
       2.83651       0.01401      10.00011
       2.83869       0.01910      10.00015
       2.84087       0.02586      10.00021
       2.84305       0.03480      10.00028
       2.84522       0.04653      10.00038
       2.84740       0.06181      10.00052
       2.84958       0.08159      10.00070
       2.85175       0.10701      10.00093
       2.85393       0.13946      10.00123
       2.85611       0.18059      10.00162
       2.85828       0.23236      10.00213
       2.86046       0.29706      10.00278
       2.86264       0.37735      10.00360
       2.86481       0.47628      10.00464
       2.86699       0.59733      10.00594
       2.86917       0.74435      10.00756
       2.87135       0.92164      10.00956
       2.87352       1.13388      10.01203
       2.87570       1.38609      10.01505
       2.87788       1.68360      10.01871
       2.88005       2.03191      10.02314
       2.88223       2.43664      10.02844
       2.88441       2.90335      10.03476
       2.88658       3.43739      10.04224
       2.88876       4.04369      10.05105
       2.89094       4.72658      10.06134
       2.89311       5.48955      10.07329
       2.89529       6.33501      10.08708
       2.89747       7.26405      10.10289
       2.89965       8.27619      10.12091
       2.90182       9.36920      10.14130
       2.90400      10.53889      10.16425
       2.90618      11.77899      10.18989
       2.90835      13.08102      10.21836
       2.91053      14.43431      10.24979
       2.91271      15.82598      10.28424
       2.91488      17.24113      10.32177
       2.91706      18.66300      10.36240
       2.91924      20.07325      10.40610
       2.92141      21.45233      10.45279
       2.92359      22.77989      10.50238
       2.92577      24.03529      10.55471
       2.92795      25.19809      10.60956
       2.93012      26.24862      10.66670
       2.93230      27.16851      10.72585
       2.93448      27.94124      10.78667
       2.93665      28.55262      10.84883
       2.93883      28.99124      10.91194
       2.94101      29.24881      10.97561
       2.94318      29.32041      11.03944
       2.94536      29.20468      11.10302
       2.94754      28.90383      11.16594
       2.94971      28.42358      11.22781
       2.95189      27.77300      11.28827
       2.95407      26.96418      11.34697
       2.95624      26.01191      11.40360
       2.95842      24.93318      11.45787
       2.96060      23.74672      11.50957
       2.96278      22.47244      11.55849
       2.96495      21.13086      11.60449
       2.96713      19.74262      11.64747
       2.96931      18.32791      11.68736
       2.97148      16.90602      11.72417
       2.97366      15.49496      11.75790
       2.97584      14.11108      11.78862
       2.97801      12.76881      11.81641
       2.98019      11.48050      11.84140
       2.98237      10.25633      11.86373
       2.98454       9.10424      11.88355
       2.98672       8.03001      11.90103
       2.98890       7.03734      11.91635
       2.99108       6.12804      11.92969
       2.99325       5.30219      11.94123
       2.99543       4.55837      11.95116
       2.99761       3.89390      11.95963
       2.99978       3.30506      11.96683
       3.00196       2.78738      11.97290
       3.00414       2.33578      11.97798
       3.00631       1.94486      11.98222
       3.00849       1.60904      11.98572
       3.01067       1.32271      11.98860
       3.01284       1.08039      11.99095
       3.01502       0.87684      11.99286
       3.01720       0.70710      11.99440
       3.01938       0.56658      11.99563
       3.02155       0.45109      11.99661
       3.02373       0.35685      11.99739
       3.02591       0.28049      11.99800
       3.02808       0.21907      11.99848
       3.03026       0.17001      11.99885
       3.03244       0.13109      11.99913
       3.03461       0.10044      11.99935
       3.03679       0.07646      11.99952
       3.03897       0.05784      11.99964
       3.04114       0.04347      11.99974
       3.04332       0.03246      11.99981
       3.04550       0.02409      11.99986
       3.04768       0.01776      11.99990
       3.04985       0.01301      11.99993
       3.05203       0.00947      11.99995
       3.05421       0.00685      11.99996
       3.05638       0.00492      11.99997
       3.05856       0.00352      11.99998
       3.06074       0.00249      11.99999
       3.06291       0.00176      11.99999
       3.06509       0.00123      11.99999
       3.06727       0.00086      12.00000
       3.06944       0.00059      12.00000
       3.07162       0.00041      12.00000
       3.07380       0.00028      12.00000
       3.07598       0.00019      12.00000
       3.07815       0.00013      12.00000
       3.08033       0.00009      12.00000
       3.08251       0.00006      12.00000
       3.08468       0.00004      12.00000
       3.08686       0.00002      12.00000
       3.08904       0.00002      12.00000
       3.09121       0.00001      12.00000
       3.09339       0.00001      12.00000
       3.09557       0.00000      12.00000
       3.09774       0.00000      12.00000
       3.09992       0.00000      12.00000
       3.10210       0.00000      12.00000
       3.10427       0.00000      12.00000
       3.10645       0.00000      12.00000
       3.10863       0.00000      12.00000
       3.11081       0.00000      12.00000
       3.11298       0.00000      12.00000
       3.11516       0.00000      12.00000
       3.11734       0.00000      12.00000
       3.11951       0.00000      12.00000
       3.12169       0.00000      12.00000
       3.12387       0.00000      12.00000
       3.12604       0.00000      12.00000
       3.12822       0.00000      12.00000
       3.13040       0.00000      12.00000
       3.13257       0.00000      12.00000
       3.13475       0.00000      12.00000
       3.13693       0.00000      12.00000
       3.13911       0.00000      12.00000
       3.14128       0.00000      12.00000
       3.14346       0.00000      12.00000
       3.14564       0.00000      12.00000
       3.14781       0.00000      12.00000
       3.14999       0.00000      12.00000
       3.15217       0.00000      12.00000
       3.15434       0.00000      12.00000
       3.15652       0.00000      12.00000
       3.15870       0.00000      12.00000
       3.16087       0.00000      12.00000
       3.16305       0.00000      12.00000
       3.16523       0.00000      12.00000
       3.16741       0.00000      12.00000
       3.16958       0.00000      12.00000
       3.17176       0.00000      12.00000
       3.17394       0.00000      12.00000
       3.17611       0.00000      12.00000
       3.17829       0.00000      12.00000
       3.18047       0.00000      12.00000
       3.18264       0.00000      12.00000
       3.18482       0.00000      12.00000
       3.18700       0.00000      12.00000
       3.18917       0.00000      12.00000
       3.19135       0.00000      12.00000
       3.19353       0.00000      12.00000
       3.19571       0.00000      12.00000
       3.19788       0.00000      12.00000
       3.20006       0.00000      12.00000
       3.20224       0.00000      12.00000
       3.20441       0.00000      12.00000
       3.20659       0.00000      12.00000
       3.20877       0.00000      12.00000
       3.21094       0.00000      12.00000
       3.21312       0.00000      12.00000
       3.21530       0.00000      12.00000
       3.21747       0.00000      12.00000
       3.21965       0.00000      12.00000
       3.22183       0.00000      12.00000
       3.22401       0.00000      12.00000
       3.22618       0.00000      12.00000
       3.22836       0.00000      12.00000
       3.23054       0.00000      12.00000
       3.23271       0.00000      12.00000
       3.23489       0.00000      12.00000
       3.23707       0.00000      12.00000
       3.23924       0.00000      12.00000
       3.24142       0.00000      12.00000
       3.24360       0.00000      12.00000
       3.24577       0.00000      12.00000
       3.24795       0.00000      12.00000
       3.25013       0.00000      12.00000
       3.25230       0.00000      12.00000
       3.25448       0.00000      12.00000
       3.25666       0.00000      12.00000
       3.25884       0.00000      12.00000
       3.26101       0.00000      12.00000
       3.26319       0.00000      12.00000
       3.26537       0.00000      12.00000
       3.26754       0.00000      12.00000
       3.26972       0.00000      12.00000
       3.27190       0.00000      12.00000
       3.27407       0.00000      12.00000
       3.27625       0.00000      12.00000
       3.27843       0.00000      12.00000
       3.28060       0.00000      12.00000
       3.28278       0.00000      12.00000
       3.28496       0.00000      12.00000
       3.28714       0.00000      12.00000
       3.28931       0.00000      12.00000
       3.29149       0.00000      12.00000
       3.29367       0.00000      12.00000
       3.29584       0.00000      12.00000
       3.29802       0.00000      12.00000
       3.30020       0.00000      12.00000
       3.30237       0.00000      12.00000
       3.30455       0.00000      12.00000
       3.30673       0.00000      12.00000
       3.30890       0.00000      12.00000
       3.31108       0.00000      12.00000
       3.31326       0.00000      12.00000
       3.31544       0.00000      12.00000
       3.31761       0.00000      12.00000
       3.31979       0.00000      12.00000
       3.32197       0.00000      12.00000
       3.32414       0.00000      12.00000
       3.32632       0.00000      12.00000
       3.32850       0.00000      12.00000
       3.33067       0.00000      12.00000
       3.33285       0.00000      12.00000
       3.33503       0.00000      12.00000
       3.33720       0.00000      12.00000
       3.33938       0.00000      12.00000
       3.34156       0.00000      12.00000
       3.34374       0.00000      12.00000
       3.34591       0.00000      12.00000
       3.34809       0.00000      12.00000
       3.35027       0.00000      12.00000
       3.35244       0.00000      12.00000
       3.35462       0.00000      12.00000
       3.35680       0.00000      12.00000
       3.35897       0.00000      12.00000
       3.36115       0.00000      12.00000
       3.36333       0.00000      12.00000
       3.36550       0.00000      12.00000
       3.36768       0.00000      12.00000
       3.36986       0.00000      12.00000
       3.37203       0.00000      12.00000
       3.37421       0.00000      12.00000
       3.37639       0.00000      12.00000
       3.37857       0.00000      12.00000
       3.38074       0.00000      12.00000
       3.38292       0.00000      12.00000
       3.38510       0.00000      12.00000
       3.38727       0.00000      12.00000
       3.38945       0.00000      12.00000
       3.39163       0.00000      12.00000
       3.39380       0.00000      12.00000
       3.39598       0.00000      12.00000
       3.39816       0.00000      12.00000
       3.40033       0.00000      12.00000
       3.40251       0.00000      12.00000
       3.40469       0.00000      12.00000
       3.40687       0.00000      12.00000
       3.40904       0.00000      12.00000
       3.41122       0.00000      12.00000
       3.41340       0.00000      12.00000
       3.41557       0.00000      12.00000
       3.41775       0.00000      12.00000
       3.41993       0.00000      12.00000
       3.42210       0.00000      12.00000
       3.42428       0.00000      12.00000
       3.42646       0.00000      12.00000
       3.42863       0.00000      12.00000
       3.43081       0.00000      12.00000
       3.43299       0.00000      12.00000
       3.43517       0.00000      12.00000
       3.43734       0.00000      12.00000
       3.43952       0.00000      12.00000
       3.44170       0.00000      12.00000
       3.44387       0.00000      12.00000
       3.44605       0.00000      12.00000
       3.44823       0.00000      12.00000
       3.45040       0.00000      12.00000
       3.45258       0.00000      12.00000
       3.45476       0.00000      12.00000
       3.45693       0.00000      12.00000
       3.45911       0.00000      12.00000
       3.46129       0.00000      12.00000
       3.46347       0.00000      12.00000
       3.46564       0.00000      12.00000
       3.46782       0.00000      12.00000
       3.47000       0.00000      12.00000
       3.47217       0.00000      12.00000
       3.47435       0.00000      12.00000
       3.47653       0.00000      12.00000
       3.47870       0.00000      12.00000
       3.48088       0.00000      12.00000
       3.48306       0.00000      12.00000
       3.48523       0.00000      12.00000
       3.48741       0.00000      12.00000
       3.48959       0.00000      12.00000
       3.49177       0.00000      12.00000
       3.49394       0.00000      12.00000
       3.49612       0.00000      12.00000
       3.49830       0.00000      12.00000
       3.50047       0.00000      12.00000
       3.50265       0.00000      12.00000
       3.50483       0.00000      12.00000
       3.50700       0.00000      12.00000
       3.50918       0.00000      12.00000
       3.51136       0.00000      12.00000
       3.51353       0.00000      12.00000
       3.51571       0.00000      12.00000
       3.51789       0.00000      12.00000
       3.52006       0.00000      12.00000
       3.52224       0.00000      12.00000
       3.52442       0.00000      12.00000
       3.52660       0.00000      12.00000
       3.52877       0.00000      12.00000
       3.53095       0.00000      12.00000
       3.53313       0.00000      12.00000
       3.53530       0.00000      12.00000
       3.53748       0.00000      12.00000
       3.53966       0.00000      12.00000
       3.54183       0.00000      12.00000
       3.54401       0.00000      12.00000
       3.54619       0.00000      12.00000
       3.54836       0.00000      12.00000
       3.55054       0.00000      12.00000
       3.55272       0.00000      12.00000
       3.55490       0.00000      12.00000
       3.55707       0.00000      12.00000
       3.55925       0.00000      12.00000
       3.56143       0.00000      12.00000
       3.56360       0.00000      12.00000
       3.56578       0.00000      12.00000
       3.56796       0.00000      12.00000
       3.57013       0.00000      12.00000
       3.57231       0.00000      12.00000
       3.57449       0.00000      12.00000
       3.57666       0.00000      12.00000
       3.57884       0.00000      12.00000
       3.58102       0.00000      12.00000
       3.58320       0.00000      12.00000
       3.58537       0.00000      12.00000
       3.58755       0.00000      12.00000
       3.58973       0.00000      12.00000
       3.59190       0.00000      12.00000
       3.59408       0.00000      12.00000
       3.59626       0.00000      12.00000
       3.59843       0.00000      12.00000
       3.60061       0.00000      12.00000
       3.60279       0.00000      12.00000
       3.60496       0.00000      12.00000
       3.60714       0.00000      12.00000
       3.60932       0.00000      12.00000
       3.61150       0.00000      12.00000
       3.61367       0.00000      12.00000
       3.61585       0.00000      12.00000
       3.61803       0.00000      12.00000
       3.62020       0.00000      12.00000
       3.62238       0.00000      12.00000
       3.62456       0.00000      12.00000
       3.62673       0.00000      12.00000
       3.62891       0.00000      12.00000
       3.63109       0.00000      12.00000
       3.63326       0.00000      12.00000
       3.63544       0.00000      12.00000
       3.63762       0.00000      12.00000
       3.63979       0.00000      12.00000
       3.64197       0.00000      12.00000
       3.64415       0.00000      12.00000
       3.64633       0.00000      12.00000
       3.64850       0.00000      12.00000
       3.65068       0.00000      12.00000
       3.65286       0.00000      12.00000
       3.65503       0.00000      12.00000
       3.65721       0.00000      12.00000
       3.65939       0.00000      12.00000
       3.66156       0.00000      12.00000
       3.66374       0.00000      12.00000
       3.66592       0.00000      12.00000
       3.66809       0.00000      12.00000
       3.67027       0.00000      12.00000
       3.67245       0.00000      12.00000
       3.67463       0.00000      12.00000
       3.67680       0.00000      12.00000
       3.67898       0.00000      12.00000
       3.68116       0.00000      12.00000
       3.68333       0.00000      12.00000
       3.68551       0.00000      12.00000
       3.68769       0.00000      12.00000
       3.68986       0.00000      12.00000
       3.69204       0.00000      12.00000
       3.69422       0.00000      12.00000
       3.69639       0.00000      12.00000
       3.69857       0.00000      12.00000
       3.70075       0.00000      12.00000
       3.70293       0.00000      12.00000
       3.70510       0.00000      12.00000
       3.70728       0.00000      12.00000
       3.70946       0.00000      12.00000
       3.71163       0.00000      12.00000
       3.71381       0.00000      12.00000
       3.71599       0.00000      12.00000
       3.71816       0.00000      12.00000
       3.72034       0.00000      12.00000
       3.72252       0.00000      12.00000
       3.72469       0.00000      12.00000
       3.72687       0.00000      12.00000
       3.72905       0.00000      12.00000
       3.73123       0.00000      12.00000
       3.73340       0.00000      12.00000
       3.73558       0.00000      12.00000
       3.73776       0.00000      12.00000
       3.73993       0.00000      12.00000
       3.74211       0.00000      12.00000
       3.74429       0.00000      12.00000
       3.74646       0.00000      12.00000
       3.74864       0.00000      12.00000
       3.75082       0.00000      12.00000
       3.75299       0.00000      12.00000
       3.75517       0.00000      12.00000
       3.75735       0.00000      12.00000
       3.75953       0.00000      12.00000
       3.76170       0.00000      12.00000
       3.76388       0.00000      12.00000
       3.76606       0.00000      12.00000
       3.76823       0.00000      12.00000
       3.77041       0.00000      12.00000
       3.77259       0.00000      12.00000
       3.77476       0.00000      12.00000
       3.77694       0.00000      12.00000
       3.77912       0.00000      12.00000
       3.78129       0.00000      12.00000
       3.78347       0.00000      12.00000
       3.78565       0.00000      12.00000
       3.78782       0.00000      12.00000
       3.79000       0.00000      12.00000
       3.79218       0.00000      12.00000
       3.79436       0.00000      12.00000
       3.79653       0.00000      12.00000
       3.79871       0.00000      12.00000
       3.80089       0.00000      12.00000
       3.80306       0.00000      12.00000
       3.80524       0.00000      12.00000
       3.80742       0.00000      12.00000
       3.80959       0.00000      12.00000
       3.81177       0.00000      12.00000
       3.81395       0.00000      12.00000
       3.81612       0.00000      12.00000
       3.81830       0.00000      12.00000
       3.82048       0.00000      12.00000
       3.82266       0.00000      12.00000
       3.82483       0.00000      12.00000
       3.82701       0.00000      12.00000
       3.82919       0.00000      12.00000
       3.83136       0.00000      12.00000
       3.83354       0.00000      12.00000
       3.83572       0.00000      12.00000
       3.83789       0.00000      12.00000
       3.84007       0.00000      12.00000
       3.84225       0.00000      12.00000
       3.84442       0.00000      12.00000
       3.84660       0.00000      12.00000
       3.84878       0.00000      12.00000
       3.85096       0.00000      12.00000
       3.85313       0.00000      12.00000
       3.85531       0.00000      12.00000
       3.85749       0.00000      12.00000
       3.85966       0.00000      12.00000
       3.86184       0.00000      12.00000
       3.86402       0.00000      12.00000
       3.86619       0.00000      12.00000
       3.86837       0.00000      12.00000
       3.87055       0.00000      12.00000
       3.87272       0.00000      12.00000
       3.87490       0.00000      12.00000
       3.87708       0.00000      12.00000
       3.87926       0.00000      12.00000
       3.88143       0.00000      12.00000
       3.88361       0.00000      12.00000
       3.88579       0.00000      12.00000
       3.88796       0.00000      12.00000
       3.89014       0.00000      12.00000
       3.89232       0.00000      12.00000
       3.89449       0.00000      12.00000
       3.89667       0.00000      12.00000
       3.89885       0.00000      12.00000
       3.90102       0.00000      12.00000
       3.90320       0.00000      12.00000
       3.90538       0.00000      12.00000
       3.90756       0.00000      12.00000
       3.90973       0.00000      12.00000
       3.91191       0.00000      12.00000
       3.91409       0.00000      12.00000
       3.91626       0.00000      12.00000
       3.91844       0.00000      12.00000
       3.92062       0.00000      12.00000
       3.92279       0.00000      12.00000
       3.92497       0.00000      12.00000
       3.92715       0.00000      12.00000
       3.92932       0.00000      12.00000
       3.93150       0.00000      12.00000
       3.93368       0.00000      12.00000
       3.93585       0.00000      12.00000
       3.93803       0.00000      12.00000
       3.94021       0.00000      12.00000
       3.94239       0.00000      12.00000
       3.94456       0.00000      12.00000
       3.94674       0.00000      12.00000
       3.94892       0.00000      12.00000
       3.95109       0.00000      12.00000
       3.95327       0.00000      12.00000
       3.95545       0.00000      12.00000
       3.95762       0.00000      12.00000
       3.95980       0.00000      12.00000
       3.96198       0.00000      12.00000
       3.96415       0.00000      12.00000
       3.96633       0.00000      12.00000
       3.96851       0.00000      12.00000
       3.97069       0.00000      12.00000
       3.97286       0.00000      12.00000
       3.97504       0.00000      12.00000
       3.97722       0.00000      12.00000
       3.97939       0.00000      12.00000
       3.98157       0.00000      12.00000
       3.98375       0.00000      12.00000
       3.98592       0.00000      12.00000
       3.98810       0.00000      12.00000
       3.99028       0.00000      12.00000
       3.99245       0.00000      12.00000
       3.99463       0.00000      12.00000
       3.99681       0.00000      12.00000
       3.99899       0.00000      12.00000
       4.00116       0.00000      12.00000
       4.00334       0.00000      12.00000
       4.00552       0.00000      12.00000
       4.00769       0.00000      12.00000
       4.00987       0.00000      12.00000
       4.01205       0.00000      12.00000
       4.01422       0.00000      12.00000
       4.01640       0.00000      12.00000
       4.01858       0.00000      12.00000
       4.02075       0.00000      12.00000
       4.02293       0.00000      12.00000
       4.02511       0.00000      12.00000
       4.02729       0.00000      12.00000
       4.02946       0.00000      12.00000
       4.03164       0.00000      12.00000
       4.03382       0.00000      12.00000
       4.03599       0.00000      12.00000
       4.03817       0.00000      12.00000
       4.04035       0.00000      12.00000
       4.04252       0.00000      12.00000
       4.04470       0.00000      12.00000
       4.04688       0.00000      12.00000
       4.04905       0.00000      12.00000
       4.05123       0.00000      12.00000
       4.05341       0.00000      12.00000
       4.05558       0.00000      12.00000
       4.05776       0.00000      12.00000
       4.05994       0.00000      12.00000
       4.06212       0.00000      12.00000
       4.06429       0.00000      12.00000
       4.06647       0.00000      12.00000
       4.06865       0.00000      12.00000
       4.07082       0.00000      12.00000
       4.07300       0.00000      12.00000
       4.07518       0.00000      12.00000
       4.07735       0.00000      12.00000
       4.07953       0.00000      12.00000
       4.08171       0.00000      12.00000
       4.08388       0.00000      12.00000
       4.08606       0.00000      12.00000
       4.08824       0.00000      12.00000
       4.09042       0.00000      12.00000
       4.09259       0.00000      12.00000
       4.09477       0.00000      12.00000
       4.09695       0.00000      12.00000
       4.09912       0.00000      12.00000
       4.10130       0.00000      12.00000
       4.10348       0.00000      12.00000
       4.10565       0.00000      12.00000
       4.10783       0.00000      12.00000
       4.11001       0.00000      12.00000
       4.11218       0.00000      12.00000
       4.11436       0.00000      12.00000
       4.11654       0.00000      12.00000
       4.11872       0.00000      12.00000
       4.12089       0.00000      12.00000
       4.12307       0.00000      12.00000
       4.12525       0.00000      12.00000
       4.12742       0.00000      12.00000
       4.12960       0.00000      12.00000
       4.13178       0.00000      12.00000
       4.13395       0.00000      12.00000
       4.13613       0.00000      12.00000
       4.13831       0.00000      12.00000
       4.14048       0.00000      12.00000
       4.14266       0.00000      12.00000
       4.14484       0.00000      12.00000
       4.14702       0.00000      12.00000
       4.14919       0.00000      12.00000
       4.15137       0.00000      12.00000
       4.15355       0.00000      12.00000
       4.15572       0.00000      12.00000
       4.15790       0.00000      12.00000
       4.16008       0.00000      12.00000
       4.16225       0.00000      12.00000
       4.16443       0.00000      12.00000
       4.16661       0.00000      12.00000
       4.16878       0.00000      12.00000
       4.17096       0.00000      12.00000
       4.17314       0.00000      12.00000
       4.17532       0.00000      12.00000
       4.17749       0.00000      12.00000
       4.17967       0.00000      12.00000
       4.18185       0.00000      12.00000
       4.18402       0.00000      12.00000
       4.18620       0.00000      12.00000
       4.18838       0.00000      12.00000
       4.19055       0.00000      12.00000
       4.19273       0.00000      12.00000
       4.19491       0.00000      12.00000
       4.19708       0.00000      12.00000
       4.19926       0.00000      12.00000
       4.20144       0.00000      12.00000
       4.20361       0.00000      12.00000
       4.20579       0.00000      12.00000
       4.20797       0.00000      12.00000
       4.21015       0.00000      12.00000
       4.21232       0.00000      12.00000
       4.21450       0.00000      12.00000
       4.21668       0.00000      12.00000
       4.21885       0.00000      12.00000
       4.22103       0.00000      12.00000
       4.22321       0.00000      12.00000
       4.22538       0.00000      12.00000
       4.22756       0.00000      12.00000
       4.22974       0.00000      12.00000
       4.23191       0.00000      12.00000
       4.23409       0.00000      12.00000
       4.23627       0.00000      12.00000
       4.23845       0.00000      12.00000
       4.24062       0.00000      12.00000
       4.24280       0.00000      12.00000
       4.24498       0.00000      12.00000
       4.24715       0.00000      12.00000
       4.24933       0.00000      12.00000
       4.25151       0.00000      12.00000
       4.25368       0.00000      12.00000
       4.25586       0.00000      12.00000
       4.25804       0.00000      12.00000
       4.26021       0.00000      12.00000
       4.26239       0.00000      12.00000
       4.26457       0.00000      12.00000
       4.26675       0.00000      12.00000
       4.26892       0.00000      12.00000
       4.27110       0.00000      12.00000
       4.27328       0.00000      12.00000
       4.27545       0.00000      12.00000
       4.27763       0.00000      12.00000
       4.27981       0.00000      12.00000
       4.28198       0.00000      12.00000
       4.28416       0.00000      12.00000
       4.28634       0.00000      12.00000
       4.28851       0.00000      12.00000
       4.29069       0.00000      12.00000
       4.29287       0.00000      12.00000
       4.29505       0.00000      12.00000
       4.29722       0.00000      12.00000
       4.29940       0.00000      12.00000
       4.30158       0.00000      12.00000
       4.30375       0.00000      12.00000
       4.30593       0.00000      12.00000
       4.30811       0.00000      12.00000
       4.31028       0.00000      12.00000
       4.31246       0.00000      12.00000
       4.31464       0.00000      12.00000
       4.31681       0.00000      12.00000
       4.31899       0.00000      12.00000
       4.32117       0.00000      12.00000
       4.32335       0.00000      12.00000
       4.32552       0.00000      12.00000
       4.32770       0.00000      12.00000
       4.32988       0.00000      12.00000
       4.33205       0.00000      12.00000
       4.33423       0.00000      12.00000
       4.33641       0.00000      12.00000
       4.33858       0.00000      12.00000
       4.34076       0.00000      12.00000
       4.34294       0.00000      12.00000
       4.34511       0.00000      12.00000
       4.34729       0.00000      12.00000
       4.34947       0.00000      12.00000
       4.35164       0.00000      12.00000
       4.35382       0.00000      12.00000
       4.35600       0.00000      12.00000
       4.35818       0.00000      12.00000
       4.36035       0.00000      12.00000
       4.36253       0.00000      12.00000
       4.36471       0.00000      12.00000
       4.36688       0.00000      12.00000
       4.36906       0.00000      12.00000
       4.37124       0.00000      12.00000
       4.37341       0.00000      12.00000
       4.37559       0.00000      12.00000
       4.37777       0.00000      12.00000
       4.37994       0.00000      12.00000
       4.38212       0.00000      12.00000
       4.38430       0.00000      12.00000
       4.38648       0.00000      12.00000
       4.38865       0.00000      12.00000
       4.39083       0.00000      12.00000
       4.39301       0.00000      12.00000
       4.39518       0.00000      12.00000
       4.39736       0.00000      12.00000
       4.39954       0.00000      12.00000
       4.40171       0.00000      12.00000
       4.40389       0.00000      12.00000
       4.40607       0.00000      12.00000
       4.40824       0.00000      12.00000
       4.41042       0.00000      12.00000
       4.41260       0.00000      12.00000
       4.41478       0.00000      12.00000
       4.41695       0.00000      12.00000
       4.41913       0.00000      12.00000
       4.42131       0.00000      12.00000
       4.42348       0.00000      12.00000
       4.42566       0.00000      12.00000
       4.42784       0.00000      12.00000
       4.43001       0.00000      12.00000
       4.43219       0.00000      12.00000
       4.43437       0.00000      12.00000
       4.43654       0.00000      12.00000
       4.43872       0.00000      12.00000
       4.44090       0.00000      12.00000
       4.44308       0.00000      12.00000
       4.44525       0.00000      12.00000
       4.44743       0.00000      12.00000
       4.44961       0.00000      12.00000
       4.45178       0.00000      12.00000
       4.45396       0.00000      12.00000
       4.45614       0.00000      12.00000
       4.45831       0.00000      12.00000
       4.46049       0.00000      12.00000
       4.46267       0.00000      12.00000
       4.46484       0.00000      12.00000
       4.46702       0.00000      12.00000
       4.46920       0.00000      12.00000
       4.47137       0.00000      12.00000
       4.47355       0.00000      12.00000
       4.47573       0.00000      12.00000
       4.47791       0.00000      12.00000
       4.48008       0.00000      12.00000
       4.48226       0.00000      12.00000
       4.48444       0.00000      12.00000
       4.48661       0.00000      12.00000
       4.48879       0.00000      12.00000
       4.49097       0.00000      12.00000
       4.49314       0.00000      12.00000
       4.49532       0.00000      12.00000
       4.49750       0.00000      12.00000
       4.49967       0.00000      12.00000
       4.50185       0.00000      12.00000
       4.50403       0.00000      12.00000
       4.50621       0.00000      12.00000
       4.50838       0.00000      12.00000
       4.51056       0.00000      12.00000
       4.51274       0.00000      12.00000
       4.51491       0.00000      12.00000
       4.51709       0.00000      12.00000
       4.51927       0.00000      12.00000
       4.52144       0.00000      12.00000
       4.52362       0.00000      12.00000
       4.52580       0.00000      12.00000
       4.52797       0.00000      12.00000
       4.53015       0.00000      12.00000
       4.53233       0.00000      12.00000
       4.53451       0.00000      12.00000
       4.53668       0.00000      12.00000
       4.53886       0.00000      12.00000
       4.54104       0.00000      12.00000
       4.54321       0.00000      12.00000
       4.54539       0.00000      12.00000
       4.54757       0.00000      12.00000
       4.54974       0.00000      12.00000
       4.55192       0.00000      12.00000
       4.55410       0.00000      12.00000
       4.55627       0.00000      12.00000
       4.55845       0.00000      12.00000
       4.56063       0.00000      12.00000
       4.56281       0.00000      12.00000
       4.56498       0.00000      12.00000
       4.56716       0.00000      12.00000
       4.56934       0.00000      12.00000
       4.57151       0.00000      12.00000
       4.57369       0.00000      12.00000
       4.57587       0.00000      12.00000
       4.57804       0.00000      12.00000
       4.58022       0.00000      12.00000
       4.58240       0.00000      12.00000
       4.58457       0.00000      12.00000
       4.58675       0.00000      12.00000
       4.58893       0.00000      12.00000
       4.59111       0.00000      12.00000
       4.59328       0.00000      12.00000
       4.59546       0.00000      12.00000
       4.59764       0.00000      12.00000
       4.59981       0.00000      12.00000
       4.60199       0.00000      12.00000
       4.60417       0.00000      12.00000
       4.60634       0.00000      12.00000
       4.60852       0.00000      12.00000
       4.61070       0.00000      12.00000
       4.61287       0.00000      12.00000
       4.61505       0.00000      12.00000
       4.61723       0.00000      12.00000
       4.61940       0.00000      12.00000
       4.62158       0.00000      12.00000
       4.62376       0.00000      12.00000
       4.62594       0.00000      12.00000
       4.62811       0.00000      12.00000
       4.63029       0.00000      12.00000
       4.63247       0.00000      12.00000
       4.63464       0.00000      12.00000
       4.63682       0.00000      12.00000
       4.63900       0.00000      12.00000
       4.64117       0.00000      12.00000
       4.64335       0.00000      12.00000
       4.64553       0.00000      12.00000
       4.64770       0.00000      12.00000
       4.64988       0.00000      12.00000
       4.65206       0.00000      12.00000
       4.65424       0.00000      12.00000
       4.65641       0.00000      12.00000
       4.65859       0.00000      12.00000
       4.66077       0.00000      12.00000
       4.66294       0.00000      12.00000
       4.66512       0.00000      12.00000
       4.66730       0.00000      12.00000
       4.66947       0.00000      12.00000
       4.67165       0.00000      12.00000
       4.67383       0.00000      12.00000
       4.67600       0.00000      12.00000
       4.67818       0.00000      12.00000
       4.68036       0.00000      12.00000
       4.68254       0.00000      12.00000
       4.68471       0.00000      12.00000
       4.68689       0.00000      12.00000
       4.68907       0.00000      12.00000
       4.69124       0.00000      12.00000
       4.69342       0.00000      12.00000
       4.69560       0.00000      12.00000
       4.69777       0.00000      12.00000
       4.69995       0.00000      12.00000
       4.70213       0.00000      12.00000
       4.70430       0.00000      12.00000
       4.70648       0.00000      12.00000
       4.70866       0.00000      12.00000
       4.71084       0.00000      12.00000
       4.71301       0.00000      12.00000
       4.71519       0.00000      12.00000
       4.71737       0.00000      12.00000
       4.71954       0.00000      12.00000
       4.72172       0.00000      12.00000
       4.72390       0.00000      12.00000
       4.72607       0.00000      12.00000
       4.72825       0.00000      12.00000
       4.73043       0.00000      12.00000
       4.73260       0.00000      12.00000
       4.73478       0.00000      12.00000
       4.73696       0.00000      12.00000
       4.73913       0.00000      12.00000
       4.74131       0.00000      12.00000
       4.74349       0.00000      12.00000
       4.74567       0.00000      12.00000
       4.74784       0.00000      12.00000
       4.75002       0.00000      12.00000
       4.75220       0.00000      12.00000
       4.75437       0.00000      12.00000
       4.75655       0.00000      12.00000
       4.75873       0.00000      12.00000
       4.76090       0.00000      12.00000
       4.76308       0.00000      12.00000
       4.76526       0.00000      12.00000
       4.76743       0.00000      12.00000
       4.76961       0.00000      12.00000
       4.77179       0.00000      12.00000
       4.77397       0.00000      12.00000
       4.77614       0.00000      12.00000
       4.77832       0.00000      12.00000
       4.78050       0.00000      12.00000
       4.78267       0.00000      12.00000
       4.78485       0.00000      12.00000
       4.78703       0.00000      12.00000
       4.78920       0.00000      12.00000
       4.79138       0.00000      12.00000
       4.79356       0.00000      12.00000
       4.79573       0.00000      12.00000
       4.79791       0.00000      12.00000
       4.80009       0.00000      12.00000
       4.80227       0.00000      12.00000
       4.80444       0.00000      12.00000
       4.80662       0.00000      12.00000
       4.80880       0.00000      12.00000
       4.81097       0.00000      12.00000
       4.81315       0.00000      12.00000
       4.81533       0.00000      12.00000
       4.81750       0.00000      12.00000
       4.81968       0.00000      12.00000
       4.82186       0.00000      12.00000
       4.82403       0.00000      12.00000
       4.82621       0.00000      12.00000
       4.82839       0.00000      12.00000
       4.83057       0.00000      12.00000
       4.83274       0.00000      12.00000
       4.83492       0.00000      12.00000
       4.83710       0.00000      12.00000
       4.83927       0.00000      12.00000
       4.84145       0.00000      12.00000
       4.84363       0.00000      12.00000
       4.84580       0.00000      12.00000
       4.84798       0.00000      12.00000
       4.85016       0.00000      12.00000
       4.85233       0.00000      12.00000
       4.85451       0.00000      12.00000
       4.85669       0.00000      12.00000
       4.85887       0.00000      12.00000
       4.86104       0.00000      12.00000
       4.86322       0.00000      12.00000
       4.86540       0.00000      12.00000
       4.86757       0.00000      12.00000
       4.86975       0.00000      12.00000
       4.87193       0.00000      12.00000
       4.87410       0.00000      12.00000
       4.87628       0.00000      12.00000
       4.87846       0.00000      12.00000
       4.88063       0.00000      12.00000
       4.88281       0.00000      12.00000
       4.88499       0.00000      12.00000
       4.88716       0.00000      12.00000
       4.88934       0.00000      12.00000
       4.89152       0.00000      12.00000
       4.89370       0.00000      12.00000
       4.89587       0.00000      12.00000
       4.89805       0.00000      12.00000
       4.90023       0.00000      12.00000
       4.90240       0.00000      12.00000
       4.90458       0.00000      12.00000
       4.90676       0.00000      12.00000
       4.90893       0.00000      12.00000
       4.91111       0.00000      12.00000
       4.91329       0.00000      12.00000
       4.91546       0.00000      12.00000
       4.91764       0.00000      12.00000
       4.91982       0.00000      12.00000
       4.92200       0.00000      12.00000
       4.92417       0.00000      12.00000
       4.92635       0.00000      12.00000
       4.92853       0.00000      12.00000
       4.93070       0.00000      12.00000
       4.93288       0.00000      12.00000
       4.93506       0.00000      12.00000
       4.93723       0.00000      12.00000
       4.93941       0.00000      12.00000
       4.94159       0.00000      12.00000
       4.94376       0.00000      12.00000
       4.94594       0.00000      12.00000
       4.94812       0.00000      12.00000
       4.95030       0.00000      12.00000
       4.95247       0.00000      12.00000
       4.95465       0.00000      12.00000
       4.95683       0.00000      12.00000
       4.95900       0.00000      12.00000
       4.96118       0.00000      12.00000
       4.96336       0.00000      12.00000
       4.96553       0.00000      12.00000
       4.96771       0.00000      12.00000
       4.96989       0.00000      12.00000
       4.97206       0.00000      12.00000
       4.97424       0.00000      12.00000
       4.97642       0.00000      12.00000
       4.97860       0.00000      12.00000
       4.98077       0.00000      12.00000
       4.98295       0.00000      12.00000
       4.98513       0.00000      12.00000
       4.98730       0.00000      12.00000
       4.98948       0.00000      12.00000
       4.99166       0.00000      12.00000
       4.99383       0.00000      12.00000
       4.99601       0.00000      12.00000
       4.99819       0.00000      12.00000
       5.00036       0.00000      12.00000
       5.00254       0.00000      12.00000
       5.00472       0.00000      12.00000
       5.00690       0.00000      12.00000
       5.00907       0.00000      12.00000
       5.01125       0.00000      12.00000
       5.01343       0.00000      12.00000
       5.01560       0.00000      12.00000
       5.01778       0.00000      12.00000
       5.01996       0.00000      12.00000
       5.02213       0.00000      12.00000
       5.02431       0.00000      12.00000
       5.02649       0.00000      12.00000
       5.02866       0.00000      12.00000
       5.03084       0.00000      12.00000
       5.03302       0.00000      12.00000
       5.03519       0.00000      12.00000
       5.03737       0.00000      12.00000
       5.03955       0.00000      12.00000
       5.04173       0.00000      12.00000
       5.04390       0.00000      12.00000
       5.04608       0.00000      12.00000
       5.04826       0.00000      12.00000
       5.05043       0.00000      12.00000
       5.05261       0.00000      12.00000
       5.05479       0.00000      12.00000
       5.05696       0.00000      12.00000
       5.05914       0.00000      12.00000
       5.06132       0.00000      12.00000
       5.06349       0.00000      12.00000
       5.06567       0.00000      12.00000
       5.06785       0.00000      12.00000
       5.07003       0.00000      12.00000
       5.07220       0.00000      12.00000
       5.07438       0.00000      12.00000
       5.07656       0.00000      12.00000
       5.07873       0.00000      12.00000
       5.08091       0.00000      12.00000
       5.08309       0.00000      12.00000
       5.08526       0.00000      12.00000
       5.08744       0.00000      12.00000
       5.08962       0.00000      12.00000
       5.09179       0.00000      12.00000
       5.09397       0.00000      12.00000
       5.09615       0.00000      12.00000
       5.09833       0.00000      12.00000
       5.10050       0.00000      12.00000
       5.10268       0.00000      12.00000
       5.10486       0.00000      12.00000
       5.10703       0.00000      12.00000
       5.10921       0.00000      12.00000
       5.11139       0.00000      12.00000
       5.11356       0.00000      12.00000
       5.11574       0.00000      12.00000
       5.11792       0.00000      12.00000
       5.12009       0.00000      12.00000
       5.12227       0.00000      12.00000
       5.12445       0.00000      12.00000
       5.12663       0.00000      12.00000
       5.12880       0.00000      12.00000
       5.13098       0.00000      12.00000
       5.13316       0.00000      12.00000
       5.13533       0.00000      12.00000
       5.13751       0.00000      12.00000
       5.13969       0.00000      12.00000
       5.14186       0.00000      12.00000
       5.14404       0.00000      12.00000
       5.14622       0.00000      12.00000
       5.14839       0.00000      12.00000
       5.15057       0.00000      12.00000
       5.15275       0.00000      12.00000
       5.15492       0.00000      12.00000
       5.15710       0.00000      12.00000
       5.15928       0.00000      12.00000
       5.16146       0.00000      12.00000
       5.16363       0.00000      12.00000
       5.16581       0.00000      12.00000
       5.16799       0.00000      12.00000
       5.17016       0.00000      12.00000
       5.17234       0.00000      12.00000
       5.17452       0.00000      12.00000
       5.17669       0.00000      12.00000
       5.17887       0.00000      12.00000
       5.18105       0.00000      12.00000
       5.18322       0.00000      12.00000
       5.18540       0.00000      12.00000
       5.18758       0.00000      12.00000
       5.18976       0.00000      12.00000
       5.19193       0.00000      12.00000
       5.19411       0.00000      12.00000
       5.19629       0.00000      12.00000
       5.19846       0.00000      12.00000
       5.20064       0.00000      12.00000
       5.20282       0.00000      12.00000
       5.20499       0.00000      12.00000
       5.20717       0.00000      12.00000
       5.20935       0.00000      12.00000
       5.21152       0.00000      12.00000
       5.21370       0.00000      12.00000
       5.21588       0.00000      12.00000
       5.21806       0.00000      12.00000
       5.22023       0.00000      12.00000
       5.22241       0.00000      12.00000
       5.22459       0.00000      12.00000
       5.22676       0.00000      12.00000
       5.22894       0.00000      12.00000
       5.23112       0.00000      12.00000
       5.23329       0.00000      12.00000
       5.23547       0.00000      12.00000
       5.23765       0.00000      12.00000
       5.23982       0.00000      12.00000
       5.24200       0.00000      12.00000
       5.24418       0.00000      12.00000
       5.24636       0.00000      12.00000
       5.24853       0.00000      12.00000
       5.25071       0.00000      12.00000
       5.25289       0.00000      12.00000
       5.25506       0.00000      12.00000
       5.25724       0.00000      12.00000
       5.25942       0.00000      12.00000
       5.26159       0.00000      12.00000
       5.26377       0.00000      12.00000
       5.26595       0.00000      12.00000
       5.26812       0.00000      12.00000
       5.27030       0.00000      12.00000
       5.27248       0.00000      12.00000
       5.27466       0.00000      12.00000
       5.27683       0.00000      12.00000
       5.27901       0.00000      12.00000
       5.28119       0.00000      12.00000
       5.28336       0.00000      12.00000
       5.28554       0.00000      12.00000
       5.28772       0.00000      12.00000
       5.28989       0.00001      12.00000
       5.29207       0.00001      12.00000
       5.29425       0.00001      12.00000
       5.29642       0.00002      12.00000
       5.29860       0.00003      12.00000
       5.30078       0.00004      12.00000
       5.30295       0.00007      12.00000
       5.30513       0.00010      12.00000
       5.30731       0.00015      12.00000
       5.30949       0.00022      12.00000
       5.31166       0.00032      12.00000
       5.31384       0.00047      12.00000
       5.31602       0.00068      12.00000
       5.31819       0.00098      12.00001
       5.32037       0.00141      12.00001
       5.32255       0.00201      12.00001
       5.32472       0.00284      12.00002
       5.32690       0.00399      12.00003
       5.32908       0.00557      12.00004
       5.33125       0.00774      12.00006
       5.33343       0.01067      12.00008
       5.33561       0.01463      12.00011
       5.33779       0.01992      12.00016
       5.33996       0.02695      12.00022
       5.34214       0.03624      12.00029
       5.34432       0.04841      12.00040
       5.34649       0.06425      12.00054
       5.34867       0.08473      12.00072
       5.35085       0.11104      12.00097
       5.35302       0.14458      12.00128
       5.35520       0.18706      12.00169
       5.35738       0.24046      12.00221
       5.35955       0.30715      12.00288
       5.36173       0.38982      12.00373
       5.36391       0.49160      12.00480
       5.36609       0.61598      12.00614
       5.36826       0.76692      12.00781
       5.37044       0.94875      12.00987
       5.37262       1.16620      12.01241
       5.37479       1.42434      12.01551
       5.37697       1.72853      12.01928
       5.37915       2.08430      12.02381
       5.38132       2.49726      12.02925
       5.38350       2.97296      12.03572
       5.38568       3.51668      12.04338
       5.38785       4.13332      12.05238
       5.39003       4.82708      12.06288
       5.39221       5.60133      12.07508
       5.39439       6.45829      12.08914
       5.39656       7.39886      12.10524
       5.39874       8.42234      12.12358
       5.40092       9.52623      12.14432
       5.40309      10.70607      12.16762
       5.40527      11.95527      12.19365
       5.40745      13.26507      12.22252
       5.40962      14.62446      12.25436
       5.41180      16.02031      12.28923
       5.41398      17.43742      12.32719
       5.41615      18.85881      12.36825
       5.41833      20.26594      12.41237
       5.42051      21.63913      12.45947
       5.42269      22.95796      12.50945
       5.42486      24.20179      12.56213
       5.42704      25.35023      12.61732
       5.42922      26.38378      12.67475
       5.43139      27.28429      12.73415
       5.43357      28.03553      12.79518
       5.43575      28.62367      12.85749
       5.43792      29.03772      12.92070
       5.44010      29.26983      12.98442
       5.44228      29.31557      13.04824
       5.44445      29.17407      13.11175
       5.44663      28.84803      13.17455
       5.44881      28.34366      13.23625
       5.45098      27.67044      13.29649
       5.45316      26.84089      13.35492
       5.45534      25.87010      13.41123
       5.45752      24.77536      13.46517
       5.45969      23.57557      13.51649
       5.46187      22.29077      13.56501
       5.46405      20.94153      13.61060
       5.46622      19.54844      13.65316
       5.46840      18.13162      13.69263
       5.47058      16.71019      13.72901
       5.47275      15.30195      13.76232
       5.47493      13.92299      13.79263
       5.47711      12.58749      13.82003
       5.47928      11.30748      13.84464
       5.48146      10.09284      13.86661
       5.48364       8.95120      13.88610
       5.48582       7.88805      13.90327
       5.48799       6.90683      13.91831
       5.49017       6.00909      13.93139
       5.49235       5.19467      13.94270
       5.49452       4.46199      13.95241
       5.49670       3.80820      13.96070
       5.49888       3.22947      13.96773
       5.50105       2.72122      13.97365
       5.50323       2.27833      13.97861
       5.50541       1.89535      13.98274
       5.50758       1.56669      13.98615
       5.50976       1.28676      13.98895
       5.51194       1.05010      13.99124
       5.51412       0.85150      13.99309
       5.51629       0.68606      13.99458
       5.51847       0.54924      13.99578
       5.52065       0.43689      13.99673
       5.52282       0.34531      13.99748
       5.52500       0.27119      13.99807
       5.52718       0.21162      13.99853
       5.52935       0.16408      13.99889
       5.53153       0.12641      13.99917
       5.53371       0.09676      13.99938
       5.53588       0.07360      13.99954
       5.53806       0.05562      13.99966
       5.54024       0.04177      13.99975
       5.54242       0.03117      13.99982
       5.54459       0.02311      13.99987
       5.54677       0.01702      13.99990
       5.54895       0.01246      13.99993
       5.55112       0.00906      13.99995
       5.55330       0.00655      13.99997
       5.55548       0.00470      13.99998
       5.55765       0.00335      13.99998
       5.55983       0.00238      13.99999
       5.56201       0.00167      13.99999
       5.56418       0.00117      13.99999
       5.56636       0.00082      14.00000
       5.56854       0.00056      14.00000
       5.57071       0.00039      14.00000
       5.57289       0.00026      14.00000
       5.57507       0.00018      14.00000
       5.57725       0.00012      14.00000
       5.57942       0.00008      14.00000
       5.58160       0.00005      14.00000
       5.58378       0.00004      14.00000
       5.58595       0.00002      14.00000
       5.58813       0.00002      14.00000
       5.59031       0.00001      14.00000
       5.59248       0.00001      14.00000
       5.59466       0.00000      14.00000
       5.59684       0.00000      14.00000
       5.59901       0.00000      14.00000
       5.60119       0.00000      14.00000
       5.60337       0.00000      14.00000
       5.60555       0.00000      14.00000
       5.60772       0.00000      14.00000
       5.60990       0.00000      14.00000
       5.61208       0.00000      14.00000
       5.61425       0.00000      14.00000
       5.61643       0.00000      14.00000
       5.61861       0.00000      14.00000
       5.62078       0.00000      14.00000
       5.62296       0.00000      14.00000
       5.62514       0.00000      14.00000
       5.62731       0.00000      14.00000
       5.62949       0.00000      14.00000
       5.63167       0.00000      14.00000
       5.63385       0.00000      14.00000
       5.63602       0.00000      14.00000
       5.63820       0.00000      14.00000
       5.64038       0.00000      14.00000
       5.64255       0.00000      14.00000
       5.64473       0.00000      14.00000
       5.64691       0.00000      14.00000
       5.64908       0.00000      14.00000
       5.65126       0.00000      14.00000
       5.65344       0.00000      14.00000
       5.65561       0.00000      14.00000
       5.65779       0.00000      14.00000
       5.65997       0.00000      14.00000
       5.66215       0.00000      14.00000
       5.66432       0.00000      14.00000
       5.66650       0.00000      14.00000
       5.66868       0.00000      14.00000
       5.67085       0.00000      14.00000
       5.67303       0.00000      14.00000
       5.67521       0.00000      14.00000
       5.67738       0.00000      14.00000
       5.67956       0.00000      14.00000
       5.68174       0.00000      14.00000
       5.68391       0.00000      14.00000
       5.68609       0.00000      14.00000
       5.68827       0.00000      14.00000
       5.69045       0.00000      14.00000
       5.69262       0.00000      14.00000
       5.69480       0.00000      14.00000
       5.69698       0.00000      14.00000
       5.69915       0.00000      14.00000
       5.70133       0.00000      14.00000
       5.70351       0.00000      14.00000
       5.70568       0.00000      14.00000
       5.70786       0.00000      14.00000
       5.71004       0.00000      14.00000
       5.71221       0.00000      14.00000
       5.71439       0.00000      14.00000
       5.71657       0.00000      14.00000
       5.71874       0.00000      14.00000
       5.72092       0.00000      14.00000
       5.72310       0.00000      14.00000
       5.72528       0.00000      14.00000
       5.72745       0.00000      14.00000
       5.72963       0.00000      14.00000
       5.73181       0.00000      14.00000
       5.73398       0.00000      14.00000
       5.73616       0.00000      14.00000
       5.73834       0.00000      14.00000
       5.74051       0.00000      14.00000
       5.74269       0.00000      14.00000
       5.74487       0.00000      14.00000
       5.74704       0.00000      14.00000
       5.74922       0.00000      14.00000
       5.75140       0.00000      14.00000
       5.75358       0.00000      14.00000
       5.75575       0.00000      14.00000
       5.75793       0.00000      14.00000
       5.76011       0.00000      14.00000
       5.76228       0.00000      14.00000
       5.76446       0.00000      14.00000
       5.76664       0.00000      14.00000
       5.76881       0.00000      14.00000
       5.77099       0.00000      14.00000
       5.77317       0.00000      14.00000
       5.77534       0.00001      14.00000
       5.77752       0.00001      14.00000
       5.77970       0.00001      14.00000
       5.78188       0.00002      14.00000
       5.78405       0.00003      14.00000
       5.78623       0.00005      14.00000
       5.78841       0.00007      14.00000
       5.79058       0.00011      14.00000
       5.79276       0.00016      14.00000
       5.79494       0.00024      14.00000
       5.79711       0.00035      14.00000
       5.79929       0.00050      14.00000
       5.80147       0.00073      14.00000
       5.80364       0.00105      14.00001
       5.80582       0.00151      14.00001
       5.80800       0.00215      14.00002
       5.81018       0.00303      14.00002
       5.81235       0.00426      14.00003
       5.81453       0.00595      14.00004
       5.81671       0.00824      14.00006
       5.81888       0.01135      14.00009
       5.82106       0.01554      14.00012
       5.82324       0.02114      14.00017
       5.82541       0.02856      14.00023
       5.82759       0.03836      14.00031
       5.82977       0.05117      14.00042
       5.83194       0.06784      14.00057
       5.83412       0.08936      14.00077
       5.83630       0.11695      14.00102
       5.83847       0.15209      14.00135
       5.84065       0.19653      14.00178
       5.84283       0.25232      14.00233
       5.84501       0.32189      14.00303
       5.84718       0.40803      14.00392
       5.84936       0.51391      14.00504
       5.85154       0.64315      14.00644
       5.85371       0.79974      14.00818
       5.85589       0.98812      14.01033
       5.85807       1.21308      14.01297
       5.86024       1.47976      14.01619
       5.86242       1.79355      14.02009
       5.86460       2.16001      14.02480
       5.86677       2.58475      14.03042
       5.86895       3.07328      14.03711
       5.87113       3.63083      14.04502
       5.87331       4.26217      14.05430
       5.87548       4.97136      14.06512
       5.87766       5.76157      14.07766
       5.87984       6.63478      14.09210
       5.88201       7.59160      14.10863
       5.88419       8.63098      14.12742
       5.88637       9.75007      14.14864
       5.88854      10.94399      14.17247
       5.89072      12.20574      14.19904
       5.89290      13.52611      14.22848
       5.89507      14.89370      14.26091
       5.89725      16.29493      14.29638
       5.89943      17.71426      14.33494
       5.90161      19.13437      14.37660
       5.90378      20.53647      14.42130
       5.90596      21.90069      14.46898
       5.90814      23.20655      14.51950
       5.91031      24.43338      14.57269
       5.91249      25.56097      14.62833
       5.91467      26.56999      14.68617
       5.91684      27.44265      14.74591
       5.91902      28.16315      14.80722
       5.92120      28.71819      14.86974
       5.92337      29.09733      14.93308
       5.92555      29.29341      14.99685
       5.92773      29.30267      15.06064
       5.92991      29.12494      15.12404
       5.93208      28.76360      15.18665
       5.93426      28.22553      15.24810
       5.93644      27.52082      15.30801
       5.93861      26.66252      15.36605
       5.94079      25.66620      15.42192
       5.94297      24.54948      15.47537
       5.94514      23.33156      15.52616
       5.94732      22.03259      15.57412
       5.94950      20.67322      15.61912
       5.95167      19.27396      15.66108
       5.95385      17.85478      15.69995
       5.95603      16.43457      15.73573
       5.95821      15.03083      15.76845
       5.96038      13.65928      15.79818
       5.96256      12.33370      15.82503
       5.96474      11.06571      15.84912
       5.96691       9.86474      15.87060
       5.96909       8.73802      15.88962
       5.97127       7.69060      15.90636
       5.97344       6.72556      15.92100
       5.97562       5.84409      15.93372
       5.97780       5.04576      15.94471
       5.97997       4.32868      15.95413
       5.98215       3.68983      15.96216
       5.98433       3.12519      15.96897
       5.98650       2.63007      15.97469
       5.98868       2.19927      15.97948
       5.99086       1.82731      15.98346
       5.99304       1.50857      15.98674
       5.99521       1.23748      15.98943
       5.99739       1.00863      15.99163
       5.99957       0.81686      15.99341
       6.00174       0.65733      15.99484
       6.00392       0.52558      15.99598
       6.00610       0.41755      15.99689
       6.00827       0.32962      15.99761
       6.01045       0.25854      15.99817
       6.01263       0.20149      15.99861
       6.01480       0.15603      15.99895
       6.01698       0.12006      15.99921
       6.01916       0.09179      15.99941
       6.02134       0.06973      15.99956
       6.02351       0.05263      15.99968
       6.02569       0.03947      15.99976
       6.02787       0.02942      15.99983
       6.03004       0.02178      15.99988
       6.03222       0.01603      15.99991
       6.03440       0.01172      15.99994
       6.03657       0.00851      15.99995
       6.03875       0.00614      15.99997
       6.04093       0.00440      15.99998
       6.04310       0.00314      15.99998
       6.04528       0.00222      15.99999
       6.04746       0.00156      15.99999
       6.04964       0.00109      15.99999
       6.05181       0.00076      16.00000
       6.05399       0.00052      16.00000
       6.05617       0.00036      16.00000
       6.05834       0.00024      16.00000
       6.06052       0.00017      16.00000
       6.06270       0.00011      16.00000
       6.06487       0.00008      16.00000
       6.06705       0.00005      16.00000
       6.06923       0.00003      16.00000
       6.07140       0.00002      16.00000
       6.07358       0.00002      16.00000
       6.07576       0.00002      16.00000
       6.07794       0.00002      16.00000
       6.08011       0.00002      16.00000
       6.08229       0.00003      16.00000
       6.08447       0.00005      16.00000
       6.08664       0.00007      16.00000
       6.08882       0.00011      16.00000
       6.09100       0.00016      16.00000
       6.09317       0.00024      16.00000
       6.09535       0.00035      16.00000
       6.09753       0.00051      16.00000
       6.09970       0.00073      16.00000
       6.10188       0.00106      16.00001
       6.10406       0.00151      16.00001
       6.10624       0.00215      16.00002
       6.10841       0.00304      16.00002
       6.11059       0.00428      16.00003
       6.11277       0.00596      16.00004
       6.11494       0.00827      16.00006
       6.11712       0.01139      16.00009
       6.11930       0.01559      16.00012
       6.12147       0.02120      16.00017
       6.12365       0.02865      16.00023
       6.12583       0.03847      16.00031
       6.12800       0.05132      16.00042
       6.13018       0.06803      16.00057
       6.13236       0.08960      16.00077
       6.13453       0.11726      16.00102
       6.13671       0.15248      16.00136
       6.13889       0.19702      16.00178
       6.14107       0.25294      16.00233
       6.14324       0.32266      16.00304
       6.14542       0.40898      16.00393
       6.14760       0.51507      16.00505
       6.14977       0.64456      16.00645
       6.15195       0.80144      16.00820
       6.15413       0.99016      16.01035
       6.15630       1.21551      16.01300
       6.15848       1.48263      16.01623
       6.16066       1.79691      16.02014
       6.16283       2.16392      16.02485
       6.16501       2.58927      16.03048
       6.16719       3.07845      16.03719
       6.16937       3.63671      16.04510
       6.17154       4.26880      16.05440
       6.17372       4.97878      16.06523
       6.17590       5.76981      16.07779
       6.17807       6.64385      16.09226
       6.18025       7.60149      16.10881
       6.18243       8.64167      16.12762
       6.18460       9.76153      16.14887
       6.18678      10.95616      16.17272
       6.18896      12.21854      16.19932
       6.19113      13.53944      16.22879
       6.19331      14.90743      16.26124
       6.19549      16.30892      16.29675
       6.19767      17.72835      16.33534
       6.19984      19.14837      16.37702
       6.20202      20.55019      16.42176
       6.20420      21.91394      16.46946
       6.20637      23.21911      16.52001
       6.20855      24.44507      16.57322
       6.21073      25.57157      16.62889
       6.21290      26.57933      16.68675
       6.21508      27.45056      16.74651
       6.21726      28.16948      16.80783
       6.21943      28.72282      16.87036
       6.22161      29.10018      16.93371
       6.22379      29.29442      16.99748
       6.22597      29.30182      17.06127
       6.22814      29.12225      17.12466
       6.23032      28.75913      17.18727
       6.23250      28.21935      17.24870
       6.23467      27.51305      17.30859
       6.23685      26.65330      17.36662
       6.23903      25.65570      17.42247
       6.24120      24.53789      17.47588
       6.24338      23.31906      17.52665
       6.24556      22.01940      17.57458
       6.24773      20.65953      17.61955
       6.24991      19.25998      17.66148
       6.25209      17.84069      17.70032
       6.25426      16.42057      17.73607
       6.25644      15.01706      17.76876
       6.25862      13.64591      17.79846
       6.26080      12.32084      17.82528
       6.26297      11.05348      17.84935
       6.26515       9.85322      17.87080
       6.26733       8.72725      17.88979
       6.26950       7.68064      17.90651
       6.27168       6.71642      17.92114
       6.27386       5.83578      17.93384
       6.27603       5.03826      17.94481
       6.27821       4.32198      17.95422
       6.28039       3.68388      17.96223
       6.28256       3.11996      17.96903
       6.28474       2.62550      17.97474
       6.28692       2.19531      17.97952
       6.28910       1.82390      17.98349
       6.29127       1.50566      17.98677
       6.29345       1.23501      17.98946
       6.29563       1.00656      17.99165
       6.29780       0.81513      17.99342
       6.29998       0.65589      17.99485
       6.30216       0.52440      17.99599
       6.30433       0.41659      17.99690
       6.30651       0.32883      17.99762
       6.30869       0.25791      17.99818
       6.31086       0.20099      17.99861
       6.31304       0.15563      17.99895
       6.31522       0.11975      17.99921
       6.31740       0.09154      17.99941
       6.31957       0.06954      17.99956
       6.32175       0.05248      17.99968
       6.32393       0.03936      17.99976
       6.32610       0.02933      17.99983
       6.32828       0.02172      17.99988
       6.33046       0.01598      17.99991
       6.33263       0.01168      17.99994
       6.33481       0.00848      17.99995
       6.33699       0.00612      17.99997
       6.33916       0.00439      17.99998
       6.34134       0.00313      17.99998
       6.34352       0.00221      17.99999
       6.34570       0.00156      17.99999
       6.34787       0.00109      17.99999
       6.35005       0.00076      18.00000
       6.35223       0.00052      18.00000
       6.35440       0.00036      18.00000
       6.35658       0.00024      18.00000
       6.35876       0.00017      18.00000
       6.36093       0.00011      18.00000
       6.36311       0.00007      18.00000
       6.36529       0.00005      18.00000
       6.36746       0.00003      18.00000
       6.36964       0.00002      18.00000
       6.37182       0.00001      18.00000
       6.37400       0.00001      18.00000
       6.37617       0.00001      18.00000
       6.37835       0.00000      18.00000
       6.38053       0.00000      18.00000
       6.38270       0.00000      18.00000
       6.38488       0.00000      18.00000
       6.38706       0.00000      18.00000
       6.38923       0.00000      18.00000
       6.39141       0.00000      18.00000
       6.39359       0.00000      18.00000
       6.39576       0.00000      18.00000
       6.39794       0.00000      18.00000
       6.40012       0.00000      18.00000
       6.40229       0.00000      18.00000
       6.40447       0.00000      18.00000
       6.40665       0.00000      18.00000
       6.40883       0.00000      18.00000
       6.41100       0.00000      18.00000
       6.41318       0.00000      18.00000
       6.41536       0.00000      18.00000
       6.41753       0.00000      18.00000
       6.41971       0.00000      18.00000
       6.42189       0.00000      18.00000
       6.42406       0.00000      18.00000
       6.42624       0.00000      18.00000
       6.42842       0.00000      18.00000
       6.43059       0.00000      18.00000
       6.43277       0.00000      18.00000
       6.43495       0.00000      18.00000
       6.43713       0.00000      18.00000
       6.43930       0.00000      18.00000
       6.44148       0.00000      18.00000
       6.44366       0.00000      18.00000
       6.44583       0.00000      18.00000
       6.44801       0.00000      18.00000
       6.45019       0.00000      18.00000
       6.45236       0.00000      18.00000
       6.45454       0.00000      18.00000
       6.45672       0.00000      18.00000
       6.45889       0.00000      18.00000
       6.46107       0.00000      18.00000
       6.46325       0.00000      18.00000
       6.46543       0.00000      18.00000
       6.46760       0.00000      18.00000
       6.46978       0.00000      18.00000
       6.47196       0.00000      18.00000
       6.47413       0.00000      18.00000
       6.47631       0.00000      18.00000
       6.47849       0.00000      18.00000
       6.48066       0.00000      18.00000
       6.48284       0.00000      18.00000
       6.48502       0.00000      18.00000
       6.48719       0.00000      18.00000
       6.48937       0.00000      18.00000
       6.49155       0.00000      18.00000
       6.49373       0.00000      18.00000
       6.49590       0.00000      18.00000
       6.49808       0.00000      18.00000
       6.50026       0.00000      18.00000
       6.50243       0.00000      18.00000
       6.50461       0.00000      18.00000
       6.50679       0.00000      18.00000
       6.50896       0.00000      18.00000
       6.51114       0.00000      18.00000
       6.51332       0.00000      18.00000
       6.51549       0.00000      18.00000
       6.51767       0.00000      18.00000
       6.51985       0.00000      18.00000
       6.52203       0.00000      18.00000
       6.52420       0.00000      18.00000
       6.52638       0.00000      18.00000
       6.52856       0.00000      18.00000
       6.53073       0.00000      18.00000
       6.53291       0.00000      18.00000
       6.53509       0.00000      18.00000
       6.53726       0.00000      18.00000
       6.53944       0.00000      18.00000
       6.54162       0.00000      18.00000
       6.54379       0.00000      18.00000
       6.54597       0.00000      18.00000
       6.54815       0.00000      18.00000
       6.55032       0.00000      18.00000
       6.55250       0.00000      18.00000
       6.55468       0.00000      18.00000
       6.55686       0.00000      18.00000
       6.55903       0.00000      18.00000
       6.56121       0.00000      18.00000
       6.56339       0.00000      18.00000
       6.56556       0.00000      18.00000
       6.56774       0.00000      18.00000
       6.56992       0.00000      18.00000
       6.57209       0.00000      18.00000
       6.57427       0.00000      18.00000
       6.57645       0.00000      18.00000
       6.57862       0.00000      18.00000
       6.58080       0.00000      18.00000
       6.58298       0.00000      18.00000
       6.58516       0.00000      18.00000
       6.58733       0.00000      18.00000
       6.58951       0.00000      18.00000
       6.59169       0.00000      18.00000
       6.59386       0.00000      18.00000
       6.59604       0.00000      18.00000
       6.59822       0.00000      18.00000
       6.60039       0.00000      18.00000
       6.60257       0.00000      18.00000
       6.60475       0.00000      18.00000
       6.60692       0.00000      18.00000
       6.60910       0.00000      18.00000
       6.61128       0.00000      18.00000
       6.61346       0.00000      18.00000
       6.61563       0.00000      18.00000
       6.61781       0.00000      18.00000
       6.61999       0.00000      18.00000
       6.62216       0.00000      18.00000
       6.62434       0.00000      18.00000
       6.62652       0.00000      18.00000
       6.62869       0.00000      18.00000
       6.63087       0.00000      18.00000
       6.63305       0.00000      18.00000
       6.63522       0.00000      18.00000
       6.63740       0.00000      18.00000
       6.63958       0.00000      18.00000
       6.64176       0.00000      18.00000
       6.64393       0.00000      18.00000
       6.64611       0.00000      18.00000
       6.64829       0.00000      18.00000
       6.65046       0.00000      18.00000
       6.65264       0.00000      18.00000
       6.65482       0.00000      18.00000
       6.65699       0.00000      18.00000
       6.65917       0.00000      18.00000
       6.66135       0.00000      18.00000
       6.66352       0.00000      18.00000
       6.66570       0.00000      18.00000
       6.66788       0.00000      18.00000
       6.67005       0.00000      18.00000
       6.67223       0.00000      18.00000
       6.67441       0.00000      18.00000
       6.67659       0.00000      18.00000
       6.67876       0.00000      18.00000
       6.68094       0.00000      18.00000
       6.68312       0.00000      18.00000
       6.68529       0.00000      18.00000
       6.68747       0.00000      18.00000
       6.68965       0.00000      18.00000
       6.69182       0.00000      18.00000
       6.69400       0.00000      18.00000
       6.69618       0.00000      18.00000
       6.69835       0.00000      18.00000
       6.70053       0.00000      18.00000
       6.70271       0.00000      18.00000
       6.70489       0.00000      18.00000
       6.70706       0.00000      18.00000
       6.70924       0.00000      18.00000
       6.71142       0.00000      18.00000
       6.71359       0.00000      18.00000
       6.71577       0.00000      18.00000
       6.71795       0.00000      18.00000
       6.72012       0.00000      18.00000
       6.72230       0.00000      18.00000
       6.72448       0.00000      18.00000
       6.72665       0.00000      18.00000
       6.72883       0.00000      18.00000
       6.73101       0.00000      18.00000
       6.73319       0.00000      18.00000
       6.73536       0.00000      18.00000
       6.73754       0.00000      18.00000
       6.73972       0.00000      18.00000
       6.74189       0.00000      18.00000
       6.74407       0.00000      18.00000
       6.74625       0.00000      18.00000
       6.74842       0.00000      18.00000
       6.75060       0.00000      18.00000
       6.75278       0.00000      18.00000
       6.75495       0.00000      18.00000
       6.75713       0.00000      18.00000
       6.75931       0.00000      18.00000
       6.76149       0.00000      18.00000
       6.76366       0.00000      18.00000
       6.76584       0.00000      18.00000
       6.76802       0.00000      18.00000
       6.77019       0.00000      18.00000
       6.77237       0.00000      18.00000
       6.77455       0.00000      18.00000
       6.77672       0.00000      18.00000
       6.77890       0.00000      18.00000
       6.78108       0.00000      18.00000
       6.78325       0.00000      18.00000
       6.78543       0.00000      18.00000
       6.78761       0.00000      18.00000
       6.78979       0.00000      18.00000
       6.79196       0.00000      18.00000
       6.79414       0.00000      18.00000
       6.79632       0.00000      18.00000
       6.79849       0.00000      18.00000
       6.80067       0.00000      18.00000
       6.80285       0.00000      18.00000
       6.80502       0.00000      18.00000
       6.80720       0.00000      18.00000
       6.80938       0.00000      18.00000
       6.81155       0.00000      18.00000
       6.81373       0.00000      18.00000
       6.81591       0.00000      18.00000
       6.81808       0.00000      18.00000
       6.82026       0.00000      18.00000
       6.82244       0.00000      18.00000
       6.82462       0.00000      18.00000
       6.82679       0.00000      18.00000
       6.82897       0.00000      18.00000
       6.83115       0.00000      18.00000
       6.83332       0.00000      18.00000
       6.83550       0.00000      18.00000
       6.83768       0.00000      18.00000
       6.83985       0.00000      18.00000
       6.84203       0.00000      18.00000
       6.84421       0.00000      18.00000
       6.84638       0.00000      18.00000
       6.84856       0.00000      18.00000
       6.85074       0.00000      18.00000
       6.85292       0.00000      18.00000
       6.85509       0.00000      18.00000
       6.85727       0.00000      18.00000
       6.85945       0.00000      18.00000
       6.86162       0.00000      18.00000
       6.86380       0.00000      18.00000
       6.86598       0.00000      18.00000
       6.86815       0.00000      18.00000
       6.87033       0.00000      18.00000
       6.87251       0.00000      18.00000
       6.87468       0.00000      18.00000
       6.87686       0.00000      18.00000
       6.87904       0.00000      18.00000
       6.88122       0.00000      18.00000
       6.88339       0.00000      18.00000
       6.88557       0.00000      18.00000
       6.88775       0.00000      18.00000
       6.88992       0.00000      18.00000
       6.89210       0.00000      18.00000
       6.89428       0.00000      18.00000
       6.89645       0.00000      18.00000
       6.89863       0.00000      18.00000
       6.90081       0.00000      18.00000
       6.90298       0.00000      18.00000
       6.90516       0.00000      18.00000
       6.90734       0.00000      18.00000
       6.90952       0.00000      18.00000
       6.91169       0.00000      18.00000
       6.91387       0.00000      18.00000
       6.91605       0.00000      18.00000
       6.91822       0.00000      18.00000
       6.92040       0.00000      18.00000
       6.92258       0.00000      18.00000
       6.92475       0.00000      18.00000
       6.92693       0.00000      18.00000
       6.92911       0.00000      18.00000
       6.93128       0.00000      18.00000
       6.93346       0.00000      18.00000
       6.93564       0.00000      18.00000
       6.93781       0.00000      18.00000
       6.93999       0.00000      18.00000
       6.94217       0.00000      18.00000
       6.94435       0.00000      18.00000
       6.94652       0.00000      18.00000
       6.94870       0.00000      18.00000
       6.95088       0.00000      18.00000
       6.95305       0.00000      18.00000
       6.95523       0.00000      18.00000
       6.95741       0.00000      18.00000
       6.95958       0.00000      18.00000
       6.96176       0.00000      18.00000
       6.96394       0.00000      18.00000
       6.96611       0.00000      18.00000
       6.96829       0.00000      18.00000
       6.97047       0.00000      18.00000
       6.97265       0.00000      18.00000
       6.97482       0.00000      18.00000
       6.97700       0.00000      18.00000
       6.97918       0.00000      18.00000
       6.98135       0.00000      18.00000
       6.98353       0.00000      18.00000
       6.98571       0.00000      18.00000
       6.98788       0.00000      18.00000
       6.99006       0.00000      18.00000
       6.99224       0.00000      18.00000
       6.99441       0.00000      18.00000
       6.99659       0.00000      18.00000
       6.99877       0.00000      18.00000
       7.00095       0.00000      18.00000
       7.00312       0.00000      18.00000
       7.00530       0.00000      18.00000
       7.00748       0.00000      18.00000
       7.00965       0.00000      18.00000
       7.01183       0.00000      18.00000
       7.01401       0.00000      18.00000
       7.01618       0.00000      18.00000
       7.01836       0.00000      18.00000
       7.02054       0.00000      18.00000
       7.02271       0.00000      18.00000
       7.02489       0.00000      18.00000
       7.02707       0.00000      18.00000
       7.02925       0.00000      18.00000
       7.03142       0.00000      18.00000
       7.03360       0.00000      18.00000
       7.03578       0.00000      18.00000
       7.03795       0.00000      18.00000
       7.04013       0.00000      18.00000
       7.04231       0.00000      18.00000
       7.04448       0.00000      18.00000
       7.04666       0.00000      18.00000
       7.04884       0.00000      18.00000
       7.05101       0.00000      18.00000
       7.05319       0.00000      18.00000
       7.05537       0.00000      18.00000
       7.05755       0.00000      18.00000
       7.05972       0.00000      18.00000
       7.06190       0.00000      18.00000
       7.06408       0.00000      18.00000
       7.06625       0.00000      18.00000
       7.06843       0.00000      18.00000
       7.07061       0.00000      18.00000
       7.07278       0.00000      18.00000
       7.07496       0.00000      18.00000
       7.07714       0.00000      18.00000
       7.07931       0.00000      18.00000
       7.08149       0.00000      18.00000
       7.08367       0.00000      18.00000
       7.08584       0.00000      18.00000
       7.08802       0.00000      18.00000
       7.09020       0.00000      18.00000
       7.09238       0.00000      18.00000
       7.09455       0.00000      18.00000
       7.09673       0.00000      18.00000
       7.09891       0.00000      18.00000
       7.10108       0.00000      18.00000
       7.10326       0.00000      18.00000
       7.10544       0.00000      18.00000
       7.10761       0.00000      18.00000
       7.10979       0.00000      18.00000
       7.11197       0.00000      18.00000
       7.11414       0.00000      18.00000
       7.11632       0.00000      18.00000
       7.11850       0.00000      18.00000
       7.12068       0.00000      18.00000
       7.12285       0.00000      18.00000
       7.12503       0.00000      18.00000
       7.12721       0.00000      18.00000
       7.12938       0.00000      18.00000
       7.13156       0.00000      18.00000
       7.13374       0.00000      18.00000
       7.13591       0.00000      18.00000
       7.13809       0.00000      18.00000
       7.14027       0.00000      18.00000
       7.14244       0.00000      18.00000
       7.14462       0.00000      18.00000
       7.14680       0.00000      18.00000
       7.14898       0.00000      18.00000
       7.15115       0.00000      18.00000
       7.15333       0.00000      18.00000
       7.15551       0.00000      18.00000
       7.15768       0.00000      18.00000
       7.15986       0.00000      18.00000
       7.16204       0.00000      18.00000
       7.16421       0.00000      18.00000
       7.16639       0.00000      18.00000
       7.16857       0.00000      18.00000
       7.17074       0.00000      18.00000
       7.17292       0.00000      18.00000
       7.17510       0.00000      18.00000
       7.17728       0.00000      18.00000
       7.17945       0.00000      18.00000
       7.18163       0.00000      18.00000
       7.18381       0.00000      18.00000
       7.18598       0.00000      18.00000
       7.18816       0.00000      18.00000
       7.19034       0.00000      18.00000
       7.19251       0.00000      18.00000
       7.19469       0.00000      18.00000
       7.19687       0.00000      18.00000
       7.19904       0.00000      18.00000
       7.20122       0.00000      18.00000
       7.20340       0.00000      18.00000
       7.20558       0.00000      18.00000
       7.20775       0.00000      18.00000
       7.20993       0.00000      18.00000
       7.21211       0.00000      18.00000
       7.21428       0.00000      18.00000
       7.21646       0.00000      18.00000
       7.21864       0.00000      18.00000
       7.22081       0.00000      18.00000
       7.22299       0.00000      18.00000
       7.22517       0.00000      18.00000
       7.22734       0.00000      18.00000
       7.22952       0.00000      18.00000
       7.23170       0.00000      18.00000
       7.23387       0.00000      18.00000
       7.23605       0.00000      18.00000
       7.23823       0.00000      18.00000
       7.24041       0.00000      18.00000
       7.24258       0.00000      18.00000
       7.24476       0.00000      18.00000
       7.24694       0.00000      18.00000
       7.24911       0.00000      18.00000
       7.25129       0.00000      18.00000
       7.25347       0.00000      18.00000
       7.25564       0.00000      18.00000
       7.25782       0.00000      18.00000
       7.26000       0.00000      18.00000
       7.26217       0.00000      18.00000
       7.26435       0.00000      18.00000
       7.26653       0.00000      18.00000
       7.26871       0.00000      18.00000
       7.27088       0.00000      18.00000
       7.27306       0.00000      18.00000
       7.27524       0.00000      18.00000
       7.27741       0.00000      18.00000
       7.27959       0.00000      18.00000
       7.28177       0.00000      18.00000
       7.28394       0.00000      18.00000
       7.28612       0.00000      18.00000
       7.28830       0.00000      18.00000
       7.29047       0.00000      18.00000
       7.29265       0.00000      18.00000
       7.29483       0.00000      18.00000
       7.29701       0.00000      18.00000
       7.29918       0.00000      18.00000
       7.30136       0.00000      18.00000
       7.30354       0.00000      18.00000
       7.30571       0.00000      18.00000
       7.30789       0.00000      18.00000
       7.31007       0.00000      18.00000
       7.31224       0.00000      18.00000
       7.31442       0.00000      18.00000
       7.31660       0.00000      18.00000
       7.31877       0.00000      18.00000
       7.32095       0.00000      18.00000
       7.32313       0.00000      18.00000
       7.32531       0.00000      18.00000
       7.32748       0.00000      18.00000
       7.32966       0.00000      18.00000
       7.33184       0.00000      18.00000
       7.33401       0.00000      18.00000
       7.33619       0.00000      18.00000
       7.33837       0.00000      18.00000
       7.34054       0.00000      18.00000
       7.34272       0.00000      18.00000
       7.34490       0.00000      18.00000
       7.34707       0.00000      18.00000
       7.34925       0.00000      18.00000
       7.35143       0.00000      18.00000
       7.35360       0.00000      18.00000
       7.35578       0.00000      18.00000
       7.35796       0.00000      18.00000
       7.36014       0.00000      18.00000
       7.36231       0.00000      18.00000
       7.36449       0.00000      18.00000
       7.36667       0.00000      18.00000
       7.36884       0.00000      18.00000
       7.37102       0.00000      18.00000
       7.37320       0.00000      18.00000
       7.37537       0.00000      18.00000
       7.37755       0.00000      18.00000
       7.37973       0.00000      18.00000
       7.38190       0.00000      18.00000
       7.38408       0.00000      18.00000
       7.38626       0.00000      18.00000
       7.38844       0.00000      18.00000
       7.39061       0.00000      18.00000
       7.39279       0.00000      18.00000
       7.39497       0.00000      18.00000
       7.39714       0.00000      18.00000
       7.39932       0.00000      18.00000
       7.40150       0.00000      18.00000
       7.40367       0.00000      18.00000
       7.40585       0.00000      18.00000
       7.40803       0.00000      18.00000
       7.41020       0.00000      18.00000
       7.41238       0.00000      18.00000
       7.41456       0.00000      18.00000
       7.41674       0.00000      18.00000
       7.41891       0.00000      18.00000
       7.42109       0.00000      18.00000
       7.42327       0.00000      18.00000
       7.42544       0.00000      18.00000
       7.42762       0.00000      18.00000
       7.42980       0.00000      18.00000
       7.43197       0.00000      18.00000
       7.43415       0.00000      18.00000
       7.43633       0.00000      18.00000
       7.43850       0.00000      18.00000
       7.44068       0.00000      18.00000
       7.44286       0.00000      18.00000
       7.44504       0.00000      18.00000
       7.44721       0.00000      18.00000
       7.44939       0.00000      18.00000
       7.45157       0.00000      18.00000
       7.45374       0.00000      18.00000
       7.45592       0.00000      18.00000
       7.45810       0.00000      18.00000
       7.46027       0.00000      18.00000
       7.46245       0.00000      18.00000
       7.46463       0.00000      18.00000
       7.46680       0.00000      18.00000
       7.46898       0.00000      18.00000
       7.47116       0.00000      18.00000
       7.47334       0.00000      18.00000
       7.47551       0.00000      18.00000
       7.47769       0.00000      18.00000
       7.47987       0.00000      18.00000
       7.48204       0.00000      18.00000
       7.48422       0.00000      18.00000
       7.48640       0.00000      18.00000
       7.48857       0.00000      18.00000
       7.49075       0.00000      18.00000
       7.49293       0.00000      18.00000
       7.49510       0.00000      18.00000
       7.49728       0.00000      18.00000
       7.49946       0.00000      18.00000
       7.50163       0.00000      18.00000
       7.50381       0.00000      18.00000
       7.50599       0.00000      18.00000
       7.50817       0.00000      18.00000
       7.51034       0.00000      18.00000
       7.51252       0.00000      18.00000
       7.51470       0.00000      18.00000
       7.51687       0.00000      18.00000
       7.51905       0.00000      18.00000
       7.52123       0.00000      18.00000
       7.52340       0.00000      18.00000
       7.52558       0.00000      18.00000
       7.52776       0.00000      18.00000
       7.52993       0.00000      18.00000
       7.53211       0.00000      18.00000
       7.53429       0.00000      18.00000
       7.53647       0.00000      18.00000
       7.53864       0.00000      18.00000
       7.54082       0.00000      18.00000
       7.54300       0.00000      18.00000
       7.54517       0.00000      18.00000
       7.54735       0.00000      18.00000
       7.54953       0.00000      18.00000
       7.55170       0.00000      18.00000
       7.55388       0.00000      18.00000
       7.55606       0.00000      18.00000
       7.55823       0.00000      18.00000
       7.56041       0.00000      18.00000
       7.56259       0.00000      18.00000
       7.56477       0.00000      18.00000
       7.56694       0.00000      18.00000
       7.56912       0.00000      18.00000
       7.57130       0.00000      18.00000
       7.57347       0.00000      18.00000
       7.57565       0.00000      18.00000
       7.57783       0.00000      18.00000
       7.58000       0.00000      18.00000
       7.58218       0.00000      18.00000
       7.58436       0.00000      18.00000
       7.58653       0.00000      18.00000
       7.58871       0.00000      18.00000
       7.59089       0.00000      18.00000
       7.59307       0.00000      18.00000
       7.59524       0.00000      18.00000
       7.59742       0.00000      18.00000
       7.59960       0.00000      18.00000
       7.60177       0.00000      18.00000
       7.60395       0.00000      18.00000
       7.60613       0.00000      18.00000
       7.60830       0.00000      18.00000
       7.61048       0.00000      18.00000
       7.61266       0.00000      18.00000
       7.61483       0.00000      18.00000
       7.61701       0.00000      18.00000
       7.61919       0.00000      18.00000
       7.62136       0.00000      18.00000
       7.62354       0.00000      18.00000
       7.62572       0.00000      18.00000
       7.62790       0.00000      18.00000
       7.63007       0.00000      18.00000
       7.63225       0.00000      18.00000
       7.63443       0.00000      18.00000
       7.63660       0.00000      18.00000
       7.63878       0.00000      18.00000
       7.64096       0.00000      18.00000
       7.64313       0.00000      18.00000
       7.64531       0.00000      18.00000
       7.64749       0.00000      18.00000
       7.64966       0.00000      18.00000
       7.65184       0.00000      18.00000
       7.65402       0.00000      18.00000
       7.65620       0.00000      18.00000
       7.65837       0.00000      18.00000
       7.66055       0.00000      18.00000
       7.66273       0.00000      18.00000
       7.66490       0.00000      18.00000
       7.66708       0.00000      18.00000
       7.66926       0.00000      18.00000
       7.67143       0.00000      18.00000
       7.67361       0.00000      18.00000
       7.67579       0.00000      18.00000
       7.67796       0.00000      18.00000
       7.68014       0.00000      18.00000
       7.68232       0.00000      18.00000
       7.68450       0.00000      18.00000
       7.68667       0.00000      18.00000
       7.68885       0.00000      18.00000
       7.69103       0.00000      18.00000
       7.69320       0.00000      18.00000
       7.69538       0.00000      18.00000
       7.69756       0.00000      18.00000
       7.69973       0.00000      18.00000
       7.70191       0.00000      18.00000
       7.70409       0.00000      18.00000
       7.70626       0.00000      18.00000
       7.70844       0.00000      18.00000
       7.71062       0.00000      18.00000
       7.71280       0.00000      18.00000
       7.71497       0.00000      18.00000
       7.71715       0.00000      18.00000
       7.71933       0.00000      18.00000
       7.72150       0.00000      18.00000
       7.72368       0.00000      18.00000
       7.72586       0.00000      18.00000
       7.72803       0.00000      18.00000
       7.73021       0.00000      18.00000
       7.73239       0.00000      18.00000
       7.73456       0.00000      18.00000
       7.73674       0.00000      18.00000
       7.73892       0.00000      18.00000
       7.74110       0.00000      18.00000
       7.74327       0.00000      18.00000
       7.74545       0.00000      18.00000
       7.74763       0.00000      18.00000
       7.74980       0.00000      18.00000
       7.75198       0.00000      18.00000
       7.75416       0.00000      18.00000
       7.75633       0.00000      18.00000
       7.75851       0.00000      18.00000
       7.76069       0.00000      18.00000
       7.76286       0.00000      18.00000
       7.76504       0.00000      18.00000
       7.76722       0.00000      18.00000
       7.76939       0.00000      18.00000
       7.77157       0.00000      18.00000
       7.77375       0.00000      18.00000
       7.77593       0.00000      18.00000
       7.77810       0.00000      18.00000
       7.78028       0.00000      18.00000
       7.78246       0.00000      18.00000
       7.78463       0.00000      18.00000
       7.78681       0.00000      18.00000
       7.78899       0.00000      18.00000
       7.79116       0.00000      18.00000
       7.79334       0.00000      18.00000
       7.79552       0.00000      18.00000
       7.79769       0.00000      18.00000
       7.79987       0.00000      18.00000
       7.80205       0.00000      18.00000
       7.80423       0.00000      18.00000
       7.80640       0.00000      18.00000
       7.80858       0.00000      18.00000
       7.81076       0.00000      18.00000
       7.81293       0.00000      18.00000
       7.81511       0.00000      18.00000
       7.81729       0.00000      18.00000
       7.81946       0.00000      18.00000
       7.82164       0.00000      18.00000
       7.82382       0.00000      18.00000
       7.82599       0.00000      18.00000
       7.82817       0.00000      18.00000
       7.83035       0.00000      18.00000
       7.83253       0.00000      18.00000
       7.83470       0.00000      18.00000
       7.83688       0.00000      18.00000
       7.83906       0.00000      18.00000
       7.84123       0.00000      18.00000
       7.84341       0.00000      18.00000
       7.84559       0.00000      18.00000
       7.84776       0.00000      18.00000
       7.84994       0.00000      18.00000
       7.85212       0.00000      18.00000
       7.85429       0.00000      18.00000
       7.85647       0.00000      18.00000
       7.85865       0.00000      18.00000
       7.86083       0.00000      18.00000
       7.86300       0.00000      18.00000
       7.86518       0.00000      18.00000
       7.86736       0.00000      18.00000
       7.86953       0.00000      18.00000
       7.87171       0.00000      18.00000
       7.87389       0.00000      18.00000
       7.87606       0.00000      18.00000
       7.87824       0.00000      18.00000
       7.88042       0.00000      18.00000
       7.88259       0.00000      18.00000
       7.88477       0.00000      18.00000
       7.88695       0.00000      18.00000
       7.88913       0.00000      18.00000
       7.89130       0.00000      18.00000
       7.89348       0.00000      18.00000
       7.89566       0.00000      18.00000
       7.89783       0.00000      18.00000
       7.90001       0.00000      18.00000
       7.90219       0.00000      18.00000
       7.90436       0.00000      18.00000
       7.90654       0.00000      18.00000
       7.90872       0.00000      18.00000
       7.91089       0.00000      18.00000
       7.91307       0.00000      18.00000
       7.91525       0.00000      18.00000
       7.91742       0.00000      18.00000
       7.91960       0.00000      18.00000
       7.92178       0.00000      18.00000
       7.92396       0.00000      18.00000
       7.92613       0.00000      18.00000
       7.92831       0.00000      18.00000
       7.93049       0.00000      18.00000
       7.93266       0.00000      18.00000
       7.93484       0.00000      18.00000
       7.93702       0.00000      18.00000
       7.93919       0.00000      18.00000
       7.94137       0.00000      18.00000
       7.94355       0.00000      18.00000
       7.94572       0.00000      18.00000
       7.94790       0.00000      18.00000
       7.95008       0.00000      18.00000
       7.95226       0.00000      18.00000
       7.95443       0.00000      18.00000
       7.95661       0.00000      18.00000
       7.95879       0.00000      18.00000
       7.96096       0.00000      18.00000
       7.96314       0.00000      18.00000
       7.96532       0.00000      18.00000
       7.96749       0.00000      18.00000
       7.96967       0.00000      18.00000
       7.97185       0.00000      18.00000
       7.97402       0.00000      18.00000
       7.97620       0.00000      18.00000
       7.97838       0.00000      18.00000
       7.98056       0.00000      18.00000
       7.98273       0.00000      18.00000
       7.98491       0.00000      18.00000
       7.98709       0.00000      18.00000
       7.98926       0.00000      18.00000
       7.99144       0.00000      18.00000
       7.99362       0.00000      18.00000
       7.99579       0.00000      18.00000
       7.99797       0.00000      18.00000
       8.00015       0.00000      18.00000
       8.00232       0.00000      18.00000
       8.00450       0.00000      18.00000
       8.00668       0.00000      18.00000
       8.00886       0.00000      18.00000
       8.01103       0.00000      18.00000
       8.01321       0.00000      18.00000
       8.01539       0.00000      18.00000
       8.01756       0.00000      18.00000
       8.01974       0.00000      18.00000
       8.02192       0.00000      18.00000
       8.02409       0.00000      18.00000
       8.02627       0.00000      18.00000
       8.02845       0.00000      18.00000
       8.03062       0.00000      18.00000
       8.03280       0.00000      18.00000
       8.03498       0.00000      18.00000
       8.03715       0.00000      18.00000
       8.03933       0.00000      18.00000
       8.04151       0.00000      18.00000
       8.04369       0.00000      18.00000
       8.04586       0.00000      18.00000
       8.04804       0.00000      18.00000
       8.05022       0.00000      18.00000
       8.05239       0.00000      18.00000
       8.05457       0.00000      18.00000
       8.05675       0.00000      18.00000
       8.05892       0.00000      18.00000
       8.06110       0.00000      18.00000
       8.06328       0.00000      18.00000
       8.06545       0.00000      18.00000
       8.06763       0.00000      18.00000
       8.06981       0.00000      18.00000
       8.07199       0.00000      18.00000
       8.07416       0.00000      18.00000
       8.07634       0.00000      18.00000
       8.07852       0.00000      18.00000
       8.08069       0.00000      18.00000
       8.08287       0.00000      18.00000
       8.08505       0.00000      18.00000
       8.08722       0.00000      18.00000
       8.08940       0.00000      18.00000
       8.09158       0.00000      18.00000
       8.09375       0.00000      18.00000
       8.09593       0.00000      18.00000
       8.09811       0.00000      18.00000
       8.10029       0.00000      18.00000
       8.10246       0.00000      18.00000
       8.10464       0.00000      18.00000
       8.10682       0.00000      18.00000
       8.10899       0.00000      18.00000
       8.11117       0.00000      18.00000
       8.11335       0.00000      18.00000
       8.11552       0.00000      18.00000
       8.11770       0.00000      18.00000
       8.11988       0.00000      18.00000
       8.12205       0.00000      18.00000
       8.12423       0.00000      18.00000
       8.12641       0.00000      18.00000
       8.12859       0.00000      18.00000
       8.13076       0.00000      18.00000
       8.13294       0.00000      18.00000
       8.13512       0.00000      18.00000
       8.13729       0.00000      18.00000
       8.13947       0.00000      18.00000
       8.14165       0.00000      18.00000
       8.14382       0.00000      18.00000
       8.14600       0.00000      18.00000
       8.14818       0.00000      18.00000
       8.15035       0.00000      18.00000
       8.15253       0.00000      18.00000
       8.15471       0.00000      18.00000
       8.15689       0.00000      18.00000
       8.15906       0.00000      18.00000
       8.16124       0.00000      18.00000
       8.16342       0.00000      18.00000
       8.16559       0.00000      18.00000
       8.16777       0.00000      18.00000
       8.16995       0.00000      18.00000
       8.17212       0.00000      18.00000
       8.17430       0.00000      18.00000
       8.17648       0.00000      18.00000
       8.17865       0.00000      18.00000
       8.18083       0.00000      18.00000
       8.18301       0.00000      18.00000
       8.18518       0.00000      18.00000
       8.18736       0.00000      18.00000
       8.18954       0.00000      18.00000
       8.19172       0.00000      18.00000
       8.19389       0.00000      18.00000
       8.19607       0.00000      18.00000
       8.19825       0.00000      18.00000
       8.20042       0.00000      18.00000
       8.20260       0.00000      18.00000
       8.20478       0.00000      18.00000
       8.20695       0.00000      18.00000
       8.20913       0.00000      18.00000
       8.21131       0.00000      18.00000
       8.21348       0.00000      18.00000
       8.21566       0.00000      18.00000
       8.21784       0.00000      18.00000
       8.22002       0.00000      18.00000
       8.22219       0.00000      18.00000
       8.22437       0.00000      18.00000
       8.22655       0.00000      18.00000
       8.22872       0.00000      18.00000
       8.23090       0.00000      18.00000
       8.23308       0.00000      18.00000
       8.23525       0.00000      18.00000
       8.23743       0.00000      18.00000
       8.23961       0.00000      18.00000
       8.24178       0.00000      18.00000
       8.24396       0.00000      18.00000
       8.24614       0.00000      18.00000
       8.24832       0.00000      18.00000
       8.25049       0.00000      18.00000
       8.25267       0.00000      18.00000
       8.25485       0.00000      18.00000
       8.25702       0.00000      18.00000
       8.25920       0.00000      18.00000
       8.26138       0.00000      18.00000
       8.26355       0.00000      18.00000
       8.26573       0.00000      18.00000
       8.26791       0.00000      18.00000
       8.27008       0.00000      18.00000
       8.27226       0.00000      18.00000
       8.27444       0.00000      18.00000
       8.27662       0.00000      18.00000
       8.27879       0.00000      18.00000
       8.28097       0.00000      18.00000
       8.28315       0.00000      18.00000
       8.28532       0.00000      18.00000
       8.28750       0.00000      18.00000
       8.28968       0.00000      18.00000
       8.29185       0.00000      18.00000
       8.29403       0.00000      18.00000
       8.29621       0.00000      18.00000
       8.29838       0.00000      18.00000
       8.30056       0.00000      18.00000
       8.30274       0.00000      18.00000
       8.30492       0.00000      18.00000
       8.30709       0.00000      18.00000
       8.30927       0.00000      18.00000
       8.31145       0.00000      18.00000
       8.31362       0.00000      18.00000
       8.31580       0.00000      18.00000
       8.31798       0.00000      18.00000
       8.32015       0.00000      18.00000
       8.32233       0.00000      18.00000
       8.32451       0.00000      18.00000
       8.32668       0.00000      18.00000
       8.32886       0.00000      18.00000
       8.33104       0.00000      18.00000
       8.33321       0.00000      18.00000
       8.33539       0.00000      18.00000
       8.33757       0.00000      18.00000
       8.33975       0.00000      18.00000
       8.34192       0.00000      18.00000
       8.34410       0.00000      18.00000
       8.34628       0.00000      18.00000
       8.34845       0.00000      18.00000
       8.35063       0.00000      18.00000
       8.35281       0.00000      18.00000
       8.35498       0.00000      18.00000
       8.35716       0.00000      18.00000
       8.35934       0.00000      18.00000
       8.36151       0.00000      18.00000
       8.36369       0.00000      18.00000
       8.36587       0.00000      18.00000
       8.36805       0.00000      18.00000
       8.37022       0.00000      18.00000
       8.37240       0.00000      18.00000
       8.37458       0.00000      18.00000
       8.37675       0.00000      18.00000
       8.37893       0.00000      18.00000
       8.38111       0.00000      18.00000
       8.38328       0.00000      18.00000
       8.38546       0.00000      18.00000
       8.38764       0.00000      18.00000
       8.38981       0.00000      18.00000
       8.39199       0.00000      18.00000
       8.39417       0.00000      18.00000
       8.39635       0.00000      18.00000
       8.39852       0.00000      18.00000
       8.40070       0.00000      18.00000
       8.40288       0.00000      18.00000
       8.40505       0.00000      18.00000
       8.40723       0.00000      18.00000
       8.40941       0.00000      18.00000
       8.41158       0.00000      18.00000
       8.41376       0.00000      18.00000
       8.41594       0.00000      18.00000
       8.41811       0.00000      18.00000
       8.42029       0.00000      18.00000
       8.42247       0.00000      18.00000
       8.42465       0.00000      18.00000
       8.42682       0.00000      18.00000
       8.42900       0.00000      18.00000
       8.43118       0.00000      18.00000
       8.43335       0.00000      18.00000
       8.43553       0.00000      18.00000
       8.43771       0.00000      18.00000
       8.43988       0.00000      18.00000
       8.44206       0.00000      18.00000
       8.44424       0.00000      18.00000
       8.44641       0.00000      18.00000
       8.44859       0.00000      18.00000
       8.45077       0.00000      18.00000
       8.45294       0.00000      18.00000
       8.45512       0.00000      18.00000
       8.45730       0.00000      18.00000
       8.45948       0.00000      18.00000
       8.46165       0.00000      18.00000
       8.46383       0.00000      18.00000
       8.46601       0.00000      18.00000
       8.46818       0.00000      18.00000
       8.47036       0.00000      18.00000
       8.47254       0.00000      18.00000
       8.47471       0.00000      18.00000
       8.47689       0.00000      18.00000
       8.47907       0.00000      18.00000
       8.48124       0.00000      18.00000
       8.48342       0.00000      18.00000
       8.48560       0.00000      18.00000
       8.48778       0.00000      18.00000
       8.48995       0.00001      18.00000
       8.49213       0.00001      18.00000
       8.49431       0.00001      18.00000
       8.49648       0.00002      18.00000
       8.49866       0.00003      18.00000
       8.50084       0.00005      18.00000
       8.50301       0.00007      18.00000
       8.50519       0.00010      18.00000
       8.50737       0.00015      18.00000
       8.50954       0.00023      18.00000
       8.51172       0.00034      18.00000
       8.51390       0.00049      18.00000
       8.51608       0.00071      18.00000
       8.51825       0.00103      18.00001
       8.52043       0.00147      18.00001
       8.52261       0.00209      18.00001
       8.52478       0.00295      18.00002
       8.52696       0.00415      18.00003
       8.52914       0.00579      18.00004
       8.53131       0.00804      18.00006
       8.53349       0.01108      18.00008
       8.53567       0.01517      18.00012
       8.53784       0.02064      18.00016
       8.54002       0.02791      18.00022
       8.54220       0.03749      18.00030
       8.54438       0.05005      18.00041
       8.54655       0.06638      18.00056
       8.54873       0.08748      18.00075
       8.55091       0.11455      18.00100
       8.55308       0.14904      18.00132
       8.55526       0.19268      18.00174
       8.55744       0.24751      18.00228
       8.55961       0.31591      18.00297
       8.56179       0.40064      18.00384
       8.56397       0.50486      18.00494
       8.56614       0.63213      18.00632
       8.56832       0.78644      18.00803
       8.57050       0.97217      18.01014
       8.57268       1.19410      18.01274
       8.57485       1.45733      18.01592
       8.57703       1.76725      18.01976
       8.57921       2.12939      18.02440
       8.58138       2.54939      18.02995
       8.58356       3.03275      18.03655
       8.58574       3.58473      18.04435
       8.58791       4.21015      18.05352
       8.59009       4.91315      18.06421
       8.59227       5.69694      18.07662
       8.59444       6.56364      18.09090
       8.59662       7.51395      18.10726
       8.59880       8.54696      18.12587
       8.60097       9.65998      18.14690
       8.60315      10.84828      18.17051
       8.60533      12.10504      18.19686
       8.60751      13.42123      18.22608
       8.60968      14.78559      18.25827
       8.61186      16.18473      18.29350
       8.61404      17.60326      18.33182
       8.61621      19.02396      18.37323
       8.61839      20.42817      18.41771
       8.62057      21.79608      18.46515
       8.62274      23.10723      18.51546
       8.62492      24.34097      18.56844
       8.62710      25.47701      18.62391
       8.62927      26.49595      18.68158
       8.63145      27.37984      18.74119
       8.63363      28.11273      18.80239
       8.63581      28.68109      18.86482
       8.63798      29.07426      18.92812
       8.64016      29.28481      18.99187
       8.64234      29.30869      19.05567
       8.64451      29.14547      19.11911
       8.64669      28.79826      19.18181
       8.64887      28.27365      19.24336
       8.65104      27.58152      19.30340
       8.65322      26.73467      19.36160
       8.65540      25.74851      19.41765
       8.65757      24.64052      19.47129
       8.65975      23.42977      19.52229
       8.66193      22.13639      19.57048
       8.66411      20.78098      19.61572
       8.66628      19.38411      19.65792
       8.66846      17.96578      19.69703
       8.67064      16.54501      19.73305
       8.67281      15.13939      19.76600
       8.67499      13.76481      19.79597
       8.67717      12.43519      19.82304
       8.67934      11.16235      19.84734
       8.68152       9.95586      19.86901
       8.68370       8.82313      19.88822
       8.68587       7.76940      19.90513
       8.68805       6.79786      19.91993
       8.69023       5.90987      19.93279
       8.69241       5.10509      19.94391
       8.69458       4.38178      19.95345
       8.69676       3.73695      19.96158
       8.69894       3.16668      19.96847
       8.70111       2.66632      19.97428
       8.70329       2.23070      19.97914
       8.70547       1.85434      19.98317
       8.70764       1.53165      19.98651
       8.70982       1.25704      19.98924
       8.71200       1.02509      19.99147
       8.71417       0.83060      19.99328
       8.71635       0.66872      19.99474
       8.71853       0.53495      19.99590
       8.72070       0.42521      19.99683
       8.72288       0.33583      19.99756
       8.72506       0.26355      19.99813
       8.72724       0.20550      19.99858
       8.72941       0.15922      19.99893
       8.73159       0.12257      19.99919
       8.73377       0.09376      19.99940
       8.73594       0.07126      19.99955
       8.73812       0.05381      19.99967
       8.74030       0.04038      19.99976
       8.74247       0.03011      19.99982
       8.74465       0.02230      19.99987
       8.74683       0.01642      19.99991
       8.74900       0.01201      19.99993
       8.75118       0.00873      19.99995
       8.75336       0.00630      19.99997
       8.75554       0.00452      19.99998
       8.75771       0.00322      19.99998
       8.75989       0.00228      19.99999
       8.76207       0.00161      19.99999
       8.76424       0.00112      19.99999
       8.76642       0.00078      20.00000
       8.76860       0.00054      20.00000
       8.77077       0.00037      20.00000
       8.77295       0.00025      20.00000
       8.77513       0.00017      20.00000
       8.77730       0.00011      20.00000
       8.77948       0.00008      20.00000
       8.78166       0.00005      20.00000
       8.78384       0.00003      20.00000
       8.78601       0.00002      20.00000
       8.78819       0.00001      20.00000
       8.79037       0.00001      20.00000
       8.79254       0.00001      20.00000
       8.79472       0.00000      20.00000
       8.79690       0.00000      20.00000
       8.79907       0.00000      20.00000
       8.80125       0.00000      20.00000
       8.80343       0.00000      20.00000
       8.80560       0.00000      20.00000
       8.80778       0.00000      20.00000
       8.80996       0.00000      20.00000
       8.81214       0.00000      20.00000
       8.81431       0.00000      20.00000
       8.81649       0.00000      20.00000
       8.81867       0.00000      20.00000
       8.82084       0.00000      20.00000
       8.82302       0.00000      20.00000
       8.82520       0.00000      20.00000
       8.82737       0.00000      20.00000
       8.82955       0.00000      20.00000
       8.83173       0.00000      20.00000
       8.83390       0.00000      20.00000
       8.83608       0.00000      20.00000
       8.83826       0.00000      20.00000
       8.84044       0.00000      20.00000
       8.84261       0.00000      20.00000
       8.84479       0.00000      20.00000
       8.84697       0.00000      20.00000
       8.84914       0.00000      20.00000
       8.85132       0.00000      20.00000
       8.85350       0.00000      20.00000
       8.85567       0.00000      20.00000
       8.85785       0.00000      20.00000
       8.86003       0.00000      20.00000
       8.86220       0.00000      20.00000
       8.86438       0.00000      20.00000
       8.86656       0.00000      20.00000
       8.86873       0.00000      20.00000
       8.87091       0.00000      20.00000
       8.87309       0.00000      20.00000
       8.87527       0.00000      20.00000
       8.87744       0.00000      20.00000
       8.87962       0.00000      20.00000
       8.88180       0.00000      20.00000
       8.88397       0.00000      20.00000
       8.88615       0.00000      20.00000
       8.88833       0.00000      20.00000
       8.89050       0.00000      20.00000
       8.89268       0.00000      20.00000
       8.89486       0.00000      20.00000
       8.89703       0.00000      20.00000
       8.89921       0.00000      20.00000
       8.90139       0.00000      20.00000
       8.90357       0.00000      20.00000
       8.90574       0.00000      20.00000
       8.90792       0.00000      20.00000
       8.91010       0.00000      20.00000
       8.91227       0.00000      20.00000
       8.91445       0.00000      20.00000
       8.91663       0.00000      20.00000
       8.91880       0.00000      20.00000
       8.92098       0.00000      20.00000
       8.92316       0.00000      20.00000
       8.92533       0.00000      20.00000
       8.92751       0.00000      20.00000
       8.92969       0.00000      20.00000
       8.93187       0.00000      20.00000
       8.93404       0.00000      20.00000
       8.93622       0.00000      20.00000
       8.93840       0.00000      20.00000
       8.94057       0.00000      20.00000
       8.94275       0.00000      20.00000
       8.94493       0.00000      20.00000
       8.94710       0.00000      20.00000
       8.94928       0.00000      20.00000
       8.95146       0.00000      20.00000
       8.95363       0.00000      20.00000
       8.95581       0.00000      20.00000
       8.95799       0.00000      20.00000
       8.96017       0.00000      20.00000
       8.96234       0.00000      20.00000
       8.96452       0.00000      20.00000
       8.96670       0.00000      20.00000
       8.96887       0.00000      20.00000
       8.97105       0.00000      20.00000
       8.97323       0.00000      20.00000
       8.97540       0.00000      20.00000
       8.97758       0.00000      20.00000
       8.97976       0.00000      20.00000
       8.98193       0.00000      20.00000
       8.98411       0.00000      20.00000
       8.98629       0.00000      20.00000
       8.98847       0.00000      20.00000
       8.99064       0.00000      20.00000
       8.99282       0.00000      20.00000
       8.99500       0.00000      20.00000
       8.99717       0.00000      20.00000
       8.99935       0.00000      20.00000
       9.00153       0.00000      20.00000
       9.00370       0.00000      20.00000
       9.00588       0.00000      20.00000
       9.00806       0.00000      20.00000
       9.01023       0.00000      20.00000
       9.01241       0.00000      20.00000
       9.01459       0.00000      20.00000
       9.01676       0.00000      20.00000
       9.01894       0.00000      20.00000
       9.02112       0.00000      20.00000
       9.02330       0.00000      20.00000
       9.02547       0.00000      20.00000
       9.02765       0.00000      20.00000
       9.02983       0.00000      20.00000
       9.03200       0.00000      20.00000
       9.03418       0.00000      20.00000
       9.03636       0.00000      20.00000
       9.03853       0.00000      20.00000
       9.04071       0.00000      20.00000
       9.04289       0.00000      20.00000
       9.04506       0.00000      20.00000
       9.04724       0.00000      20.00000
       9.04942       0.00000      20.00000
       9.05160       0.00000      20.00000
       9.05377       0.00000      20.00000
       9.05595       0.00000      20.00000
       9.05813       0.00000      20.00000
       9.06030       0.00000      20.00000
       9.06248       0.00000      20.00000
       9.06466       0.00000      20.00000
       9.06683       0.00000      20.00000
       9.06901       0.00000      20.00000
       9.07119       0.00000      20.00000
       9.07336       0.00000      20.00000
       9.07554       0.00000      20.00000
       9.07772       0.00000      20.00000
       9.07990       0.00000      20.00000
       9.08207       0.00000      20.00000
       9.08425       0.00000      20.00000
       9.08643       0.00000      20.00000
       9.08860       0.00000      20.00000
       9.09078       0.00000      20.00000
       9.09296       0.00000      20.00000
       9.09513       0.00000      20.00000
       9.09731       0.00000      20.00000
       9.09949       0.00000      20.00000
       9.10166       0.00000      20.00000
       9.10384       0.00000      20.00000
       9.10602       0.00000      20.00000
       9.10820       0.00000      20.00000
       9.11037       0.00000      20.00000
       9.11255       0.00000      20.00000
       9.11473       0.00000      20.00000
       9.11690       0.00000      20.00000
       9.11908       0.00000      20.00000
       9.12126       0.00000      20.00000
       9.12343       0.00000      20.00000
       9.12561       0.00000      20.00000
       9.12779       0.00000      20.00000
       9.12996       0.00000      20.00000
       9.13214       0.00000      20.00000
       9.13432       0.00000      20.00000
       9.13649       0.00000      20.00000
       9.13867       0.00000      20.00000
       9.14085       0.00000      20.00000
       9.14303       0.00000      20.00000
       9.14520       0.00000      20.00000
       9.14738       0.00000      20.00000
       9.14956       0.00000      20.00000
       9.15173       0.00000      20.00000
       9.15391       0.00000      20.00000
       9.15609       0.00000      20.00000
       9.15826       0.00000      20.00000
       9.16044       0.00000      20.00000
       9.16262       0.00000      20.00000
       9.16479       0.00000      20.00000
       9.16697       0.00000      20.00000
       9.16915       0.00000      20.00000
       9.17133       0.00000      20.00000
       9.17350       0.00000      20.00000
       9.17568       0.00000      20.00000
       9.17786       0.00000      20.00000
       9.18003       0.00000      20.00000
       9.18221       0.00000      20.00000
       9.18439       0.00000      20.00000
       9.18656       0.00000      20.00000
       9.18874       0.00000      20.00000
       9.19092       0.00000      20.00000
       9.19309       0.00000      20.00000
       9.19527       0.00000      20.00000
       9.19745       0.00000      20.00000
       9.19963       0.00000      20.00000
       9.20180       0.00000      20.00000
       9.20398       0.00000      20.00000
       9.20616       0.00000      20.00000
       9.20833       0.00000      20.00000
       9.21051       0.00000      20.00000
       9.21269       0.00000      20.00000
       9.21486       0.00000      20.00000
       9.21704       0.00000      20.00000
       9.21922       0.00000      20.00000
       9.22139       0.00000      20.00000
       9.22357       0.00000      20.00000
       9.22575       0.00000      20.00000
       9.22793       0.00000      20.00000
       9.23010       0.00000      20.00000
       9.23228       0.00000      20.00000
       9.23446       0.00000      20.00000
       9.23663       0.00000      20.00000
       9.23881       0.00000      20.00000
       9.24099       0.00000      20.00000
       9.24316       0.00000      20.00000
       9.24534       0.00000      20.00000
       9.24752       0.00000      20.00000
       9.24969       0.00000      20.00000
       9.25187       0.00000      20.00000
       9.25405       0.00000      20.00000
       9.25623       0.00000      20.00000
       9.25840       0.00000      20.00000
       9.26058       0.00000      20.00000
       9.26276       0.00000      20.00000
       9.26493       0.00000      20.00000
       9.26711       0.00000      20.00000
       9.26929       0.00000      20.00000
       9.27146       0.00000      20.00000
       9.27364       0.00000      20.00000
       9.27582       0.00000      20.00000
       9.27799       0.00000      20.00000
       9.28017       0.00000      20.00000
       9.28235       0.00000      20.00000
       9.28452       0.00000      20.00000
       9.28670       0.00000      20.00000
       9.28888       0.00000      20.00000
       9.29106       0.00000      20.00000
       9.29323       0.00000      20.00000
       9.29541       0.00000      20.00000
       9.29759       0.00000      20.00000
       9.29976       0.00000      20.00000
       9.30194       0.00000      20.00000
       9.30412       0.00000      20.00000
       9.30629       0.00000      20.00000
       9.30847       0.00000      20.00000
       9.31065       0.00000      20.00000
       9.31282       0.00000      20.00000
       9.31500       0.00000      20.00000
       9.31718       0.00000      20.00000
       9.31936       0.00000      20.00000
       9.32153       0.00000      20.00000
       9.32371       0.00000      20.00000
       9.32589       0.00000      20.00000
       9.32806       0.00000      20.00000
       9.33024       0.00000      20.00000
       9.33242       0.00000      20.00000
       9.33459       0.00000      20.00000
       9.33677       0.00000      20.00000
       9.33895       0.00000      20.00000
       9.34112       0.00000      20.00000
       9.34330       0.00000      20.00000
       9.34548       0.00000      20.00000
       9.34766       0.00000      20.00000
       9.34983       0.00000      20.00000
       9.35201       0.00000      20.00000
       9.35419       0.00000      20.00000
       9.35636       0.00000      20.00000
       9.35854       0.00000      20.00000
       9.36072       0.00000      20.00000
       9.36289       0.00000      20.00000
       9.36507       0.00000      20.00000
       9.36725       0.00000      20.00000
       9.36942       0.00000      20.00000
       9.37160       0.00000      20.00000
       9.37378       0.00000      20.00000
       9.37596       0.00000      20.00000
       9.37813       0.00000      20.00000
       9.38031       0.00000      20.00000
       9.38249       0.00000      20.00000
       9.38466       0.00000      20.00000
       9.38684       0.00000      20.00000
       9.38902       0.00000      20.00000
       9.39119       0.00000      20.00000
       9.39337       0.00000      20.00000
       9.39555       0.00000      20.00000
       9.39772       0.00000      20.00000
       9.39990       0.00000      20.00000
       9.40208       0.00000      20.00000
       9.40426       0.00000      20.00000
       9.40643       0.00000      20.00000
       9.40861       0.00000      20.00000
       9.41079       0.00000      20.00000
       9.41296       0.00000      20.00000
       9.41514       0.00000      20.00000
       9.41732       0.00000      20.00000
       9.41949       0.00000      20.00000
       9.42167       0.00000      20.00000
       9.42385       0.00000      20.00000
       9.42602       0.00000      20.00000
       9.42820       0.00000      20.00000
       9.43038       0.00000      20.00000
       9.43255       0.00000      20.00000
       9.43473       0.00000      20.00000
       9.43691       0.00000      20.00000
       9.43909       0.00000      20.00000
       9.44126       0.00000      20.00000
       9.44344       0.00000      20.00000
       9.44562       0.00000      20.00000
       9.44779       0.00000      20.00000
       9.44997       0.00000      20.00000
       9.45215       0.00000      20.00000
       9.45432       0.00000      20.00000
       9.45650       0.00000      20.00000
       9.45868       0.00000      20.00000
       9.46085       0.00000      20.00000
       9.46303       0.00000      20.00000
       9.46521       0.00000      20.00000
       9.46739       0.00000      20.00000
       9.46956       0.00000      20.00000
       9.47174       0.00000      20.00000
       9.47392       0.00000      20.00000
       9.47609       0.00000      20.00000
       9.47827       0.00000      20.00000
       9.48045       0.00000      20.00000
       9.48262       0.00000      20.00000
       9.48480       0.00000      20.00000
       9.48698       0.00000      20.00000
       9.48915       0.00000      20.00000
       9.49133       0.00000      20.00000
       9.49351       0.00000      20.00000
       9.49569       0.00000      20.00000
       9.49786       0.00000      20.00000
       9.50004       0.00000      20.00000
       9.50222       0.00000      20.00000
       9.50439       0.00000      20.00000
       9.50657       0.00000      20.00000
       9.50875       0.00000      20.00000
       9.51092       0.00000      20.00000
       9.51310       0.00000      20.00000
       9.51528       0.00000      20.00000
       9.51745       0.00000      20.00000
       9.51963       0.00000      20.00000
       9.52181       0.00000      20.00000
       9.52399       0.00000      20.00000
       9.52616       0.00000      20.00000
       9.52834       0.00000      20.00000
       9.53052       0.00000      20.00000
       9.53269       0.00000      20.00000
       9.53487       0.00000      20.00000
       9.53705       0.00000      20.00000
       9.53922       0.00000      20.00000
       9.54140       0.00000      20.00000
       9.54358       0.00000      20.00000
       9.54575       0.00000      20.00000
       9.54793       0.00000      20.00000
       9.55011       0.00000      20.00000
       9.55228       0.00000      20.00000
       9.55446       0.00000      20.00000
       9.55664       0.00000      20.00000
       9.55882       0.00000      20.00000
       9.56099       0.00000      20.00000
       9.56317       0.00000      20.00000
       9.56535       0.00000      20.00000
       9.56752       0.00000      20.00000
       9.56970       0.00000      20.00000
       9.57188       0.00000      20.00000
       9.57405       0.00000      20.00000
       9.57623       0.00000      20.00000
       9.57841       0.00000      20.00000
       9.58058       0.00000      20.00000
       9.58276       0.00000      20.00000
       9.58494       0.00000      20.00000
       9.58712       0.00000      20.00000
       9.58929       0.00000      20.00000
       9.59147       0.00000      20.00000
       9.59365       0.00000      20.00000
       9.59582       0.00000      20.00000
       9.59800       0.00000      20.00000
       9.60018       0.00000      20.00000
       9.60235       0.00000      20.00000
       9.60453       0.00000      20.00000
       9.60671       0.00000      20.00000
       9.60888       0.00000      20.00000
       9.61106       0.00000      20.00000
       9.61324       0.00000      20.00000
       9.61542       0.00000      20.00000
       9.61759       0.00000      20.00000
       9.61977       0.00000      20.00000
       9.62195       0.00000      20.00000
       9.62412       0.00000      20.00000
       9.62630       0.00000      20.00000
       9.62848       0.00000      20.00000
       9.63065       0.00000      20.00000
       9.63283       0.00000      20.00000
       9.63501       0.00000      20.00000
       9.63718       0.00000      20.00000
       9.63936       0.00000      20.00000
       9.64154       0.00000      20.00000
       9.64372       0.00000      20.00000
       9.64589       0.00000      20.00000
       9.64807       0.00000      20.00000
       9.65025       0.00000      20.00000
       9.65242       0.00000      20.00000
       9.65460       0.00000      20.00000
       9.65678       0.00000      20.00000
       9.65895       0.00000      20.00000
       9.66113       0.00000      20.00000
       9.66331       0.00000      20.00000
       9.66548       0.00000      20.00000
       9.66766       0.00000      20.00000
       9.66984       0.00000      20.00000
       9.67202       0.00000      20.00000
       9.67419       0.00000      20.00000
       9.67637       0.00000      20.00000
       9.67855       0.00000      20.00000
       9.68072       0.00000      20.00000
       9.68290       0.00000      20.00000
       9.68508       0.00000      20.00000
       9.68725       0.00000      20.00000
       9.68943       0.00000      20.00000
       9.69161       0.00000      20.00000
       9.69378       0.00000      20.00000
       9.69596       0.00000      20.00000
       9.69814       0.00000      20.00000
       9.70031       0.00000      20.00000
       9.70249       0.00000      20.00000
       9.70467       0.00000      20.00000
       9.70685       0.00000      20.00000
       9.70902       0.00000      20.00000
       9.71120       0.00000      20.00000
       9.71338       0.00000      20.00000
       9.71555       0.00000      20.00000
       9.71773       0.00001      20.00000
       9.71991       0.00001      20.00000
       9.72208       0.00002      20.00000
       9.72426       0.00002      20.00000
       9.72644       0.00004      20.00000
       9.72861       0.00006      20.00000
       9.73079       0.00009      20.00000
       9.73297       0.00013      20.00000
       9.73515       0.00019      20.00000
       9.73732       0.00028      20.00000
       9.73950       0.00041      20.00000
       9.74168       0.00059      20.00000
       9.74385       0.00086      20.00001
       9.74603       0.00123      20.00001
       9.74821       0.00176      20.00001
       9.75038       0.00250      20.00002
       9.75256       0.00352      20.00003
       9.75474       0.00493      20.00004
       9.75691       0.00686      20.00005
       9.75909       0.00949      20.00007
       9.76127       0.01303      20.00010
       9.76345       0.01779      20.00014
       9.76562       0.02413      20.00019
       9.76780       0.03251      20.00026
       9.76998       0.04354      20.00036
       9.77215       0.05792      20.00048
       9.77433       0.07657      20.00065
       9.77651       0.10058      20.00087
       9.77868       0.13127      20.00115
       9.78086       0.17024      20.00153
       9.78304       0.21936      20.00200
       9.78521       0.28085      20.00261
       9.78739       0.35729      20.00339
       9.78957       0.45163      20.00437
       9.79175       0.56725      20.00561
       9.79392       0.70791      20.00715
       9.79610       0.87782      20.00906
       9.79828       1.08156      20.01142
       9.80045       1.32409      20.01430
       9.80263       1.61066      20.01780
       9.80481       1.94676      20.02204
       9.80698       2.33798      20.02713
       9.80916       2.78991      20.03321
       9.81134       3.30796      20.04041
       9.81351       3.89718      20.04889
       9.81569       4.56206      20.05882
       9.81787       5.30630      20.07037
       9.82004       6.13259      20.08372
       9.82222       7.04232      20.09905
       9.82440       8.03542      20.11655
       9.82658       9.11007      20.13638
       9.82875      10.26256      20.15872
       9.83093      11.48709      20.18373
       9.83311      12.77570      20.21154
       9.83528      14.11822      20.24227
       9.83746      15.50229      20.27602
       9.83964      16.91345      20.31284
       9.84181      18.33535      20.35275
       9.84399      19.74997      20.39575
       9.84617      21.13802      20.44176
       9.84834      22.47930      20.49070
       9.85052      23.75318      20.54240
       9.85270      24.93912      20.59670
       9.85488      26.01724      20.65333
       9.85705      26.96880      20.71204
       9.85923      27.77683      20.77251
       9.86141      28.42655      20.83439
       9.86358      28.90588      20.89732
       9.86576      29.20577      20.96089
       9.86794      29.32052      21.02472
       9.87011      29.24794      21.08839
       9.87229      28.98941      21.15150
       9.87447      28.54986      21.21365
       9.87664      27.93760      21.27447
       9.87882      27.16406      21.33360
       9.88100      26.24345      21.39073
       9.88318      25.19228      21.44557
       9.88535      24.02895      21.49788
       9.88753      22.77311      21.54746
       9.88971      21.44523      21.59414
       9.89188      20.06593      21.63782
       9.89406      18.65557      21.67843
       9.89624      17.23369      21.71595
       9.89841      15.81862      21.75039
       9.90059      14.42711      21.78179
       9.90277      13.07407      21.81025
       9.90494      11.77233      21.83588
       9.90712      10.53258      21.85881
       9.90930       9.36327      21.87919
       9.91148       8.27068      21.89720
       9.91365       7.25897      21.91300
       9.91583       6.33037      21.92678
       9.91801       5.48535      21.93872
       9.92018       4.72280      21.94900
       9.92236       4.04032      21.95780
       9.92454       3.43441      21.96527
       9.92671       2.90074      21.97159
       9.92889       2.43437      21.97689
       9.93107       2.02995      21.98131
       9.93324       1.68191      21.98497
       9.93542       1.38466      21.98798
       9.93760       1.13267      21.99045
       9.93978       0.92062      21.99245
       9.94195       0.74350      21.99407
       9.94413       0.59663      21.99537
       9.94631       0.47571      21.99641
       9.94848       0.37688      21.99723
       9.95066       0.29668      21.99787
       9.95284       0.23206      21.99838
       9.95501       0.18035      21.99877
       9.95719       0.13927      21.99907
       9.95937       0.10686      21.99931
       9.96154       0.08147      21.99948
       9.96372       0.06172      21.99962
       9.96590       0.04646      21.99972
       9.96807       0.03474      21.99979
       9.97025       0.02582      21.99985
       9.97243       0.01907      21.99989
       9.97461       0.01399      21.99992
       9.97678       0.01020      21.99994
       9.97896       0.00739      21.99996
       9.98114       0.00532      21.99997
       9.98331       0.00380      21.99998
       9.98549       0.00270      21.99999
       9.98767       0.00191      21.99999
       9.98984       0.00134      21.99999
       9.99202       0.00093      22.00000
       9.99420       0.00065      22.00000
       9.99637       0.00044      22.00000
       9.99855       0.00030      22.00000
      10.00073       0.00021      22.00000
      10.00291       0.00014      22.00000
      10.00508       0.00009      22.00000
      10.00726       0.00006      22.00000
      10.00944       0.00004      22.00000
      10.01161       0.00003      22.00000
      10.01379       0.00002      22.00000
      10.01597       0.00001      22.00000
      10.01814       0.00001      22.00000
      10.02032       0.00000      22.00000
      10.02250       0.00000      22.00000
      10.02467       0.00000      22.00000
      10.02685       0.00000      22.00000
      10.02903       0.00000      22.00000
      10.03121       0.00000      22.00000
      10.03338       0.00000      22.00000
      10.03556       0.00000      22.00000
      10.03774       0.00000      22.00000
      10.03991       0.00000      22.00000
      10.04209       0.00000      22.00000
      10.04427       0.00000      22.00000
      10.04644       0.00000      22.00000
      10.04862       0.00000      22.00000
      10.05080       0.00000      22.00000
      10.05297       0.00000      22.00000
      10.05515       0.00000      22.00000
      10.05733       0.00000      22.00000
      10.05951       0.00000      22.00000
      10.06168       0.00000      22.00000
      10.06386       0.00000      22.00000
      10.06604       0.00000      22.00000
      10.06821       0.00000      22.00000
      10.07039       0.00000      22.00000
      10.07257       0.00000      22.00000
      10.07474       0.00000      22.00000
      10.07692       0.00000      22.00000
      10.07910       0.00000      22.00000
      10.08127       0.00000      22.00000
      10.08345       0.00000      22.00000
      10.08563       0.00000      22.00000
      10.08781       0.00000      22.00000
      10.08998       0.00000      22.00000
      10.09216       0.00000      22.00000
      10.09434       0.00000      22.00000
      10.09651       0.00000      22.00000
      10.09869       0.00000      22.00000
      10.10087       0.00000      22.00000
      10.10304       0.00000      22.00000
      10.10522       0.00000      22.00000
      10.10740       0.00000      22.00000
      10.10957       0.00000      22.00000
      10.11175       0.00000      22.00000
      10.11393       0.00000      22.00000
      10.11610       0.00000      22.00000
      10.11828       0.00000      22.00000
      10.12046       0.00000      22.00000
      10.12264       0.00000      22.00000
      10.12481       0.00000      22.00000
      10.12699       0.00000      22.00000
      10.12917       0.00000      22.00000
      10.13134       0.00000      22.00000
      10.13352       0.00000      22.00000
      10.13570       0.00000      22.00000
      10.13787       0.00000      22.00000
      10.14005       0.00000      22.00000
      10.14223       0.00000      22.00000
      10.14440       0.00000      22.00000
      10.14658       0.00000      22.00000
      10.14876       0.00000      22.00000
      10.15094       0.00000      22.00000
      10.15311       0.00000      22.00000
      10.15529       0.00000      22.00000
      10.15747       0.00000      22.00000
      10.15964       0.00000      22.00000
      10.16182       0.00000      22.00000
      10.16400       0.00000      22.00000
      10.16617       0.00000      22.00000
      10.16835       0.00000      22.00000
      10.17053       0.00000      22.00000
      10.17270       0.00000      22.00000
      10.17488       0.00000      22.00000
      10.17706       0.00000      22.00000
      10.17924       0.00000      22.00000
      10.18141       0.00000      22.00000
      10.18359       0.00000      22.00000
      10.18577       0.00000      22.00000
      10.18794       0.00000      22.00000
      10.19012       0.00000      22.00000
      10.19230       0.00000      22.00000
      10.19447       0.00000      22.00000
      10.19665       0.00000      22.00000
      10.19883       0.00000      22.00000
      10.20100       0.00000      22.00000
      10.20318       0.00000      22.00000
      10.20536       0.00000      22.00000
      10.20754       0.00000      22.00000
      10.20971       0.00000      22.00000
      10.21189       0.00000      22.00000
      10.21407       0.00000      22.00000
      10.21624       0.00000      22.00000
      10.21842       0.00000      22.00000
      10.22060       0.00000      22.00000
      10.22277       0.00000      22.00000
      10.22495       0.00000      22.00000
      10.22713       0.00000      22.00000
      10.22930       0.00000      22.00000
      10.23148       0.00000      22.00000
      10.23366       0.00000      22.00000
      10.23583       0.00000      22.00000
      10.23801       0.00000      22.00000
      10.24019       0.00000      22.00000
      10.24237       0.00000      22.00000
      10.24454       0.00000      22.00000
      10.24672       0.00000      22.00000
      10.24890       0.00000      22.00000
      10.25107       0.00000      22.00000
      10.25325       0.00000      22.00000
      10.25543       0.00000      22.00000
      10.25760       0.00000      22.00000
      10.25978       0.00000      22.00000
      10.26196       0.00000      22.00000
      10.26413       0.00000      22.00000
      10.26631       0.00000      22.00000
      10.26849       0.00000      22.00000
      10.27067       0.00000      22.00000
      10.27284       0.00000      22.00000
      10.27502       0.00000      22.00000
      10.27720       0.00000      22.00000
      10.27937       0.00000      22.00000
      10.28155       0.00000      22.00000
      10.28373       0.00000      22.00000
      10.28590       0.00000      22.00000
      10.28808       0.00000      22.00000
      10.29026       0.00000      22.00000
      10.29243       0.00000      22.00000
      10.29461       0.00000      22.00000
      10.29679       0.00000      22.00000
      10.29897       0.00000      22.00000
      10.30114       0.00000      22.00000
      10.30332       0.00000      22.00000
      10.30550       0.00000      22.00000
      10.30767       0.00000      22.00000
      10.30985       0.00000      22.00000
      10.31203       0.00000      22.00000
      10.31420       0.00000      22.00000
      10.31638       0.00000      22.00000
      10.31856       0.00000      22.00000
      10.32073       0.00000      22.00000
      10.32291       0.00000      22.00000
      10.32509       0.00000      22.00000
      10.32727       0.00000      22.00000
      10.32944       0.00000      22.00000
      10.33162       0.00000      22.00000
      10.33380       0.00000      22.00000
      10.33597       0.00000      22.00000
      10.33815       0.00000      22.00000
      10.34033       0.00000      22.00000
      10.34250       0.00000      22.00000
      10.34468       0.00000      22.00000
      10.34686       0.00000      22.00000
      10.34903       0.00000      22.00000
      10.35121       0.00000      22.00000
      10.35339       0.00000      22.00000
      10.35557       0.00000      22.00000
      10.35774       0.00000      22.00000
      10.35992       0.00000      22.00000
      10.36210       0.00000      22.00000
      10.36427       0.00000      22.00000
      10.36645       0.00000      22.00000
      10.36863       0.00000      22.00000
      10.37080       0.00000      22.00000
      10.37298       0.00000      22.00000
      10.37516       0.00000      22.00000
      10.37733       0.00000      22.00000
      10.37951       0.00000      22.00000
      10.38169       0.00000      22.00000
      10.38386       0.00000      22.00000
      10.38604       0.00000      22.00000
      10.38822       0.00000      22.00000
      10.39040       0.00000      22.00000
      10.39257       0.00000      22.00000
      10.39475       0.00000      22.00000
      10.39693       0.00000      22.00000
      10.39910       0.00000      22.00000
      10.40128       0.00000      22.00000
      10.40346       0.00000      22.00000
      10.40563       0.00000      22.00000
      10.40781       0.00000      22.00000
      10.40999       0.00000      22.00000
      10.41216       0.00000      22.00000
      10.41434       0.00000      22.00000
      10.41652       0.00000      22.00000
      10.41870       0.00000      22.00000
      10.42087       0.00000      22.00000
      10.42305       0.00000      22.00000
      10.42523       0.00000      22.00000
      10.42740       0.00000      22.00000
      10.42958       0.00000      22.00000
      10.43176       0.00000      22.00000
      10.43393       0.00000      22.00000
      10.43611       0.00000      22.00000
      10.43829       0.00000      22.00000
      10.44046       0.00000      22.00000
      10.44264       0.00000      22.00000
      10.44482       0.00000      22.00000
      10.44700       0.00000      22.00000
      10.44917       0.00000      22.00000
      10.45135       0.00000      22.00000
      10.45353       0.00000      22.00000
      10.45570       0.00000      22.00000
      10.45788       0.00000      22.00000
      10.46006       0.00000      22.00000
      10.46223       0.00000      22.00000
      10.46441       0.00000      22.00000
      10.46659       0.00000      22.00000
      10.46876       0.00000      22.00000
      10.47094       0.00000      22.00000
      10.47312       0.00000      22.00000
      10.47530       0.00000      22.00000
      10.47747       0.00000      22.00000
      10.47965       0.00000      22.00000
      10.48183       0.00000      22.00000
      10.48400       0.00000      22.00000
      10.48618       0.00000      22.00000
      10.48836       0.00000      22.00000
      10.49053       0.00000      22.00000
      10.49271       0.00000      22.00000
      10.49489       0.00000      22.00000
      10.49706       0.00000      22.00000
      10.49924       0.00000      22.00000
      10.50142       0.00000      22.00000
      10.50360       0.00000      22.00000
      10.50577       0.00000      22.00000
      10.50795       0.00000      22.00000
      10.51013       0.00000      22.00000
      10.51230       0.00000      22.00000
      10.51448       0.00000      22.00000
      10.51666       0.00000      22.00000
      10.51883       0.00000      22.00000
      10.52101       0.00000      22.00000
      10.52319       0.00000      22.00000
      10.52536       0.00000      22.00000
      10.52754       0.00000      22.00000
      10.52972       0.00000      22.00000
      10.53189       0.00000      22.00000
      10.53407       0.00000      22.00000
      10.53625       0.00000      22.00000
      10.53843       0.00000      22.00000
      10.54060       0.00000      22.00000
      10.54278       0.00000      22.00000
      10.54496       0.00000      22.00000
      10.54713       0.00000      22.00000
      10.54931       0.00000      22.00000
      10.55149       0.00000      22.00000
      10.55366       0.00000      22.00000
      10.55584       0.00000      22.00000
      10.55802       0.00000      22.00000
      10.56019       0.00000      22.00000
      10.56237       0.00000      22.00000
      10.56455       0.00000      22.00000
      10.56673       0.00000      22.00000
      10.56890       0.00000      22.00000
      10.57108       0.00000      22.00000
      10.57326       0.00000      22.00000
      10.57543       0.00000      22.00000
      10.57761       0.00000      22.00000
      10.57979       0.00000      22.00000
      10.58196       0.00000      22.00000
      10.58414       0.00000      22.00000
      10.58632       0.00000      22.00000
      10.58849       0.00000      22.00000
      10.59067       0.00000      22.00000
      10.59285       0.00000      22.00000
      10.59503       0.00000      22.00000
      10.59720       0.00000      22.00000
      10.59938       0.00000      22.00000
      10.60156       0.00000      22.00000
      10.60373       0.00000      22.00000
      10.60591       0.00000      22.00000
      10.60809       0.00000      22.00000
      10.61026       0.00000      22.00000
      10.61244       0.00000      22.00000
      10.61462       0.00000      22.00000
      10.61679       0.00000      22.00000
      10.61897       0.00000      22.00000
      10.62115       0.00000      22.00000
      10.62333       0.00000      22.00000
      10.62550       0.00000      22.00000
      10.62768       0.00000      22.00000
      10.62986       0.00000      22.00000
      10.63203       0.00000      22.00000
      10.63421       0.00000      22.00000
      10.63639       0.00000      22.00000
      10.63856       0.00000      22.00000
      10.64074       0.00000      22.00000
      10.64292       0.00000      22.00000
      10.64509       0.00000      22.00000
      10.64727       0.00000      22.00000
      10.64945       0.00000      22.00000
      10.65162       0.00000      22.00000
      10.65380       0.00000      22.00000
      10.65598       0.00000      22.00000
      10.65816       0.00000      22.00000
      10.66033       0.00000      22.00000
      10.66251       0.00000      22.00000
      10.66469       0.00000      22.00000
      10.66686       0.00000      22.00000
      10.66904       0.00000      22.00000
      10.67122       0.00000      22.00000
      10.67339       0.00000      22.00000
      10.67557       0.00000      22.00000
      10.67775       0.00000      22.00000
      10.67992       0.00000      22.00000
      10.68210       0.00000      22.00000
      10.68428       0.00000      22.00000
      10.68646       0.00000      22.00000
      10.68863       0.00000      22.00000
      10.69081       0.00000      22.00000
      10.69299       0.00000      22.00000
      10.69516       0.00000      22.00000
      10.69734       0.00000      22.00000
      10.69952       0.00000      22.00000
      10.70169       0.00000      22.00000
      10.70387       0.00000      22.00000
      10.70605       0.00000      22.00000
      10.70822       0.00000      22.00000
      10.71040       0.00000      22.00000
      10.71258       0.00000      22.00000
      10.71476       0.00000      22.00000
      10.71693       0.00000      22.00000
      10.71911       0.00000      22.00000
      10.72129       0.00000      22.00000
      10.72346       0.00000      22.00000
      10.72564       0.00000      22.00000
      10.72782       0.00000      22.00000
      10.72999       0.00000      22.00000
      10.73217       0.00000      22.00000
      10.73435       0.00000      22.00000
      10.73652       0.00000      22.00000
      10.73870       0.00000      22.00000
      10.74088       0.00000      22.00000
      10.74306       0.00000      22.00000
      10.74523       0.00000      22.00000
      10.74741       0.00000      22.00000
      10.74959       0.00000      22.00000
      10.75176       0.00000      22.00000
      10.75394       0.00000      22.00000
      10.75612       0.00000      22.00000
      10.75829       0.00000      22.00000
      10.76047       0.00000      22.00000
      10.76265       0.00000      22.00000
      10.76482       0.00000      22.00000
      10.76700       0.00000      22.00000
      10.76918       0.00000      22.00000
      10.77136       0.00000      22.00000
      10.77353       0.00000      22.00000
      10.77571       0.00000      22.00000
      10.77789       0.00000      22.00000
      10.78006       0.00000      22.00000
      10.78224       0.00000      22.00000
      10.78442       0.00000      22.00000
      10.78659       0.00000      22.00000
      10.78877       0.00000      22.00000
      10.79095       0.00000      22.00000
      10.79312       0.00000      22.00000
      10.79530       0.00000      22.00000
      10.79748       0.00000      22.00000
      10.79965       0.00000      22.00000
      10.80183       0.00000      22.00000
      10.80401       0.00000      22.00000
      10.80619       0.00000      22.00000
      10.80836       0.00000      22.00000
      10.81054       0.00000      22.00000
      10.81272       0.00000      22.00000
      10.81489       0.00000      22.00000
      10.81707       0.00000      22.00000
      10.81925       0.00000      22.00000
      10.82142       0.00000      22.00000
      10.82360       0.00000      22.00000
      10.82578       0.00000      22.00000
      10.82795       0.00000      22.00000
      10.83013       0.00000      22.00000
      10.83231       0.00000      22.00000
      10.83449       0.00000      22.00000
      10.83666       0.00000      22.00000
      10.83884       0.00000      22.00000
      10.84102       0.00000      22.00000
      10.84319       0.00000      22.00000
      10.84537       0.00000      22.00000
      10.84755       0.00000      22.00000
      10.84972       0.00000      22.00000
      10.85190       0.00000      22.00000
      10.85408       0.00000      22.00000
      10.85625       0.00000      22.00000
      10.85843       0.00000      22.00000
      10.86061       0.00000      22.00000
      10.86279       0.00000      22.00000
      10.86496       0.00000      22.00000
      10.86714       0.00000      22.00000
      10.86932       0.00000      22.00000
      10.87149       0.00000      22.00000
      10.87367       0.00000      22.00000
      10.87585       0.00000      22.00000
      10.87802       0.00000      22.00000
      10.88020       0.00000      22.00000
      10.88238       0.00000      22.00000
      10.88455       0.00000      22.00000
&
