# Spin 1
# Original Fermi-level:     -3.45938 eV
# DOS shifted relative to Fermi-level
#  Energy (eV)     DOS (/eV)    Local iDOS
     -15.58330       0.00000       0.00000
     -15.57145       0.00001       0.00000
     -15.55960       0.00006       0.00000
     -15.54774       0.00048       0.00001
     -15.53589       0.00340       0.00005
     -15.52403       0.01974       0.00028
     -15.51218       0.09490       0.00141
     -15.50033       0.37731       0.00588
     -15.48847       1.24084       0.02059
     -15.47662       3.37534       0.06060
     -15.46476       7.59455       0.15063
     -15.45291      14.13415       0.31817
     -15.44106      21.75805       0.57609
     -15.42920      27.70470       0.90451
     -15.41735      29.17895       1.25040
     -15.40549      25.41961       1.55172
     -15.39364      18.31687       1.76885
     -15.38179      10.91733       1.89826
     -15.36993       5.38226       1.96207
     -15.35808       2.19480       1.98808
     -15.34622       0.74030       1.99686
     -15.33437       0.20654       1.99931
     -15.32251       0.04766       1.99987
     -15.31066       0.00910       1.99998
     -15.29881       0.00144       2.00000
     -15.28695       0.00019       2.00000
     -15.27510       0.00002       2.00000
     -15.26324       0.00000       2.00000
     -15.25139       0.00000       2.00000
     -15.23954       0.00000       2.00000
     -15.22768       0.00000       2.00000
     -15.21583       0.00000       2.00000
     -15.20397       0.00000       2.00000
     -15.19212       0.00000       2.00000
     -15.18027       0.00000       2.00000
     -15.16841       0.00000       2.00000
     -15.15656       0.00000       2.00000
     -15.14470       0.00000       2.00000
     -15.13285       0.00000       2.00000
     -15.12100       0.00000       2.00000
     -15.10914       0.00000       2.00000
     -15.09729       0.00000       2.00000
     -15.08543       0.00000       2.00000
     -15.07358       0.00000       2.00000
     -15.06173       0.00000       2.00000
     -15.04987       0.00000       2.00000
     -15.03802       0.00000       2.00000
     -15.02616       0.00000       2.00000
     -15.01431       0.00000       2.00000
     -15.00246       0.00000       2.00000
     -14.99060       0.00000       2.00000
     -14.97875       0.00000       2.00000
     -14.96689       0.00000       2.00000
     -14.95504       0.00000       2.00000
     -14.94319       0.00000       2.00000
     -14.93133       0.00000       2.00000
     -14.91948       0.00000       2.00000
     -14.90762       0.00000       2.00000
     -14.89577       0.00000       2.00000
     -14.88391       0.00000       2.00000
     -14.87206       0.00000       2.00000
     -14.86021       0.00000       2.00000
     -14.84835       0.00000       2.00000
     -14.83650       0.00000       2.00000
     -14.82464       0.00000       2.00000
     -14.81279       0.00000       2.00000
     -14.80094       0.00000       2.00000
     -14.78908       0.00000       2.00000
     -14.77723       0.00000       2.00000
     -14.76537       0.00000       2.00000
     -14.75352       0.00000       2.00000
     -14.74167       0.00000       2.00000
     -14.72981       0.00000       2.00000
     -14.71796       0.00000       2.00000
     -14.70610       0.00000       2.00000
     -14.69425       0.00000       2.00000
     -14.68240       0.00000       2.00000
     -14.67054       0.00000       2.00000
     -14.65869       0.00000       2.00000
     -14.64683       0.00000       2.00000
     -14.63498       0.00000       2.00000
     -14.62313       0.00000       2.00000
     -14.61127       0.00000       2.00000
     -14.59942       0.00000       2.00000
     -14.58756       0.00000       2.00000
     -14.57571       0.00000       2.00000
     -14.56386       0.00000       2.00000
     -14.55200       0.00000       2.00000
     -14.54015       0.00000       2.00000
     -14.52829       0.00000       2.00000
     -14.51644       0.00000       2.00000
     -14.50458       0.00000       2.00000
     -14.49273       0.00000       2.00000
     -14.48088       0.00000       2.00000
     -14.46902       0.00000       2.00000
     -14.45717       0.00000       2.00000
     -14.44531       0.00000       2.00000
     -14.43346       0.00000       2.00000
     -14.42161       0.00000       2.00000
     -14.40975       0.00000       2.00000
     -14.39790       0.00000       2.00000
     -14.38604       0.00000       2.00000
     -14.37419       0.00000       2.00000
     -14.36234       0.00000       2.00000
     -14.35048       0.00000       2.00000
     -14.33863       0.00000       2.00000
     -14.32677       0.00000       2.00000
     -14.31492       0.00000       2.00000
     -14.30307       0.00000       2.00000
     -14.29121       0.00000       2.00000
     -14.27936       0.00000       2.00000
     -14.26750       0.00000       2.00000
     -14.25565       0.00000       2.00000
     -14.24380       0.00000       2.00000
     -14.23194       0.00000       2.00000
     -14.22009       0.00000       2.00000
     -14.20823       0.00000       2.00000
     -14.19638       0.00000       2.00000
     -14.18453       0.00000       2.00000
     -14.17267       0.00000       2.00000
     -14.16082       0.00000       2.00000
     -14.14896       0.00000       2.00000
     -14.13711       0.00000       2.00000
     -14.12525       0.00000       2.00000
     -14.11340       0.00000       2.00000
     -14.10155       0.00000       2.00000
     -14.08969       0.00000       2.00000
     -14.07784       0.00000       2.00000
     -14.06598       0.00000       2.00000
     -14.05413       0.00000       2.00000
     -14.04228       0.00000       2.00000
     -14.03042       0.00000       2.00000
     -14.01857       0.00000       2.00000
     -14.00671       0.00000       2.00000
     -13.99486       0.00000       2.00000
     -13.98301       0.00000       2.00000
     -13.97115       0.00000       2.00000
     -13.95930       0.00000       2.00000
     -13.94744       0.00000       2.00000
     -13.93559       0.00000       2.00000
     -13.92374       0.00000       2.00000
     -13.91188       0.00000       2.00000
     -13.90003       0.00000       2.00000
     -13.88817       0.00000       2.00000
     -13.87632       0.00000       2.00000
     -13.86447       0.00000       2.00000
     -13.85261       0.00000       2.00000
     -13.84076       0.00000       2.00000
     -13.82890       0.00000       2.00000
     -13.81705       0.00000       2.00000
     -13.80520       0.00000       2.00000
     -13.79334       0.00000       2.00000
     -13.78149       0.00000       2.00000
     -13.76963       0.00000       2.00000
     -13.75778       0.00000       2.00000
     -13.74593       0.00000       2.00000
     -13.73407       0.00000       2.00000
     -13.72222       0.00000       2.00000
     -13.71036       0.00000       2.00000
     -13.69851       0.00000       2.00000
     -13.68665       0.00000       2.00000
     -13.67480       0.00000       2.00000
     -13.66295       0.00000       2.00000
     -13.65109       0.00000       2.00000
     -13.63924       0.00000       2.00000
     -13.62738       0.00000       2.00000
     -13.61553       0.00000       2.00000
     -13.60368       0.00000       2.00000
     -13.59182       0.00000       2.00000
     -13.57997       0.00000       2.00000
     -13.56811       0.00000       2.00000
     -13.55626       0.00000       2.00000
     -13.54441       0.00000       2.00000
     -13.53255       0.00000       2.00000
     -13.52070       0.00000       2.00000
     -13.50884       0.00000       2.00000
     -13.49699       0.00000       2.00000
     -13.48514       0.00000       2.00000
     -13.47328       0.00000       2.00000
     -13.46143       0.00000       2.00000
     -13.44957       0.00000       2.00000
     -13.43772       0.00000       2.00000
     -13.42587       0.00000       2.00000
     -13.41401       0.00000       2.00000
     -13.40216       0.00000       2.00000
     -13.39030       0.00000       2.00000
     -13.37845       0.00000       2.00000
     -13.36660       0.00000       2.00000
     -13.35474       0.00000       2.00000
     -13.34289       0.00000       2.00000
     -13.33103       0.00000       2.00000
     -13.31918       0.00000       2.00000
     -13.30732       0.00000       2.00000
     -13.29547       0.00000       2.00000
     -13.28362       0.00000       2.00000
     -13.27176       0.00000       2.00000
     -13.25991       0.00000       2.00000
     -13.24805       0.00000       2.00000
     -13.23620       0.00000       2.00000
     -13.22435       0.00000       2.00000
     -13.21249       0.00000       2.00000
     -13.20064       0.00000       2.00000
     -13.18878       0.00000       2.00000
     -13.17693       0.00000       2.00000
     -13.16508       0.00000       2.00000
     -13.15322       0.00000       2.00000
     -13.14137       0.00000       2.00000
     -13.12951       0.00000       2.00000
     -13.11766       0.00000       2.00000
     -13.10581       0.00000       2.00000
     -13.09395       0.00000       2.00000
     -13.08210       0.00000       2.00000
     -13.07024       0.00000       2.00000
     -13.05839       0.00000       2.00000
     -13.04654       0.00000       2.00000
     -13.03468       0.00000       2.00000
     -13.02283       0.00000       2.00000
     -13.01097       0.00000       2.00000
     -12.99912       0.00000       2.00000
     -12.98727       0.00000       2.00000
     -12.97541       0.00000       2.00000
     -12.96356       0.00000       2.00000
     -12.95170       0.00000       2.00000
     -12.93985       0.00000       2.00000
     -12.92800       0.00000       2.00000
     -12.91614       0.00000       2.00000
     -12.90429       0.00000       2.00000
     -12.89243       0.00000       2.00000
     -12.88058       0.00000       2.00000
     -12.86872       0.00000       2.00000
     -12.85687       0.00000       2.00000
     -12.84502       0.00000       2.00000
     -12.83316       0.00000       2.00000
     -12.82131       0.00000       2.00000
     -12.80945       0.00000       2.00000
     -12.79760       0.00000       2.00000
     -12.78575       0.00000       2.00000
     -12.77389       0.00000       2.00000
     -12.76204       0.00000       2.00000
     -12.75018       0.00000       2.00000
     -12.73833       0.00000       2.00000
     -12.72648       0.00000       2.00000
     -12.71462       0.00000       2.00000
     -12.70277       0.00000       2.00000
     -12.69091       0.00000       2.00000
     -12.67906       0.00000       2.00000
     -12.66721       0.00000       2.00000
     -12.65535       0.00000       2.00000
     -12.64350       0.00000       2.00000
     -12.63164       0.00000       2.00000
     -12.61979       0.00000       2.00000
     -12.60794       0.00000       2.00000
     -12.59608       0.00000       2.00000
     -12.58423       0.00000       2.00000
     -12.57237       0.00000       2.00000
     -12.56052       0.00000       2.00000
     -12.54867       0.00000       2.00000
     -12.53681       0.00000       2.00000
     -12.52496       0.00000       2.00000
     -12.51310       0.00000       2.00000
     -12.50125       0.00000       2.00000
     -12.48939       0.00000       2.00000
     -12.47754       0.00000       2.00000
     -12.46569       0.00000       2.00000
     -12.45383       0.00000       2.00000
     -12.44198       0.00000       2.00000
     -12.43012       0.00000       2.00000
     -12.41827       0.00000       2.00000
     -12.40642       0.00000       2.00000
     -12.39456       0.00000       2.00000
     -12.38271       0.00000       2.00000
     -12.37085       0.00000       2.00000
     -12.35900       0.00000       2.00000
     -12.34715       0.00000       2.00000
     -12.33529       0.00000       2.00000
     -12.32344       0.00000       2.00000
     -12.31158       0.00000       2.00000
     -12.29973       0.00000       2.00000
     -12.28788       0.00000       2.00000
     -12.27602       0.00000       2.00000
     -12.26417       0.00000       2.00000
     -12.25231       0.00000       2.00000
     -12.24046       0.00000       2.00000
     -12.22861       0.00000       2.00000
     -12.21675       0.00000       2.00000
     -12.20490       0.00000       2.00000
     -12.19304       0.00000       2.00000
     -12.18119       0.00000       2.00000
     -12.16934       0.00000       2.00000
     -12.15748       0.00000       2.00000
     -12.14563       0.00000       2.00000
     -12.13377       0.00000       2.00000
     -12.12192       0.00000       2.00000
     -12.11007       0.00000       2.00000
     -12.09821       0.00000       2.00000
     -12.08636       0.00000       2.00000
     -12.07450       0.00000       2.00000
     -12.06265       0.00000       2.00000
     -12.05079       0.00000       2.00000
     -12.03894       0.00000       2.00000
     -12.02709       0.00000       2.00000
     -12.01523       0.00000       2.00000
     -12.00338       0.00000       2.00000
     -11.99152       0.00000       2.00000
     -11.97967       0.00000       2.00000
     -11.96782       0.00000       2.00000
     -11.95596       0.00000       2.00000
     -11.94411       0.00000       2.00000
     -11.93225       0.00000       2.00000
     -11.92040       0.00000       2.00000
     -11.90855       0.00000       2.00000
     -11.89669       0.00000       2.00000
     -11.88484       0.00000       2.00000
     -11.87298       0.00000       2.00000
     -11.86113       0.00000       2.00000
     -11.84928       0.00000       2.00000
     -11.83742       0.00000       2.00000
     -11.82557       0.00000       2.00000
     -11.81371       0.00000       2.00000
     -11.80186       0.00000       2.00000
     -11.79001       0.00000       2.00000
     -11.77815       0.00000       2.00000
     -11.76630       0.00000       2.00000
     -11.75444       0.00000       2.00000
     -11.74259       0.00000       2.00000
     -11.73074       0.00000       2.00000
     -11.71888       0.00000       2.00000
     -11.70703       0.00000       2.00000
     -11.69517       0.00000       2.00000
     -11.68332       0.00000       2.00000
     -11.67146       0.00000       2.00000
     -11.65961       0.00000       2.00000
     -11.64776       0.00000       2.00000
     -11.63590       0.00000       2.00000
     -11.62405       0.00000       2.00000
     -11.61219       0.00000       2.00000
     -11.60034       0.00000       2.00000
     -11.58849       0.00000       2.00000
     -11.57663       0.00000       2.00000
     -11.56478       0.00000       2.00000
     -11.55292       0.00000       2.00000
     -11.54107       0.00000       2.00000
     -11.52922       0.00000       2.00000
     -11.51736       0.00000       2.00000
     -11.50551       0.00000       2.00000
     -11.49365       0.00000       2.00000
     -11.48180       0.00000       2.00000
     -11.46995       0.00000       2.00000
     -11.45809       0.00000       2.00000
     -11.44624       0.00000       2.00000
     -11.43438       0.00000       2.00000
     -11.42253       0.00000       2.00000
     -11.41068       0.00000       2.00000
     -11.39882       0.00000       2.00000
     -11.38697       0.00000       2.00000
     -11.37511       0.00000       2.00000
     -11.36326       0.00000       2.00000
     -11.35141       0.00000       2.00000
     -11.33955       0.00000       2.00000
     -11.32770       0.00000       2.00000
     -11.31584       0.00000       2.00000
     -11.30399       0.00000       2.00000
     -11.29213       0.00000       2.00000
     -11.28028       0.00000       2.00000
     -11.26843       0.00000       2.00000
     -11.25657       0.00000       2.00000
     -11.24472       0.00000       2.00000
     -11.23286       0.00000       2.00000
     -11.22101       0.00000       2.00000
     -11.20916       0.00000       2.00000
     -11.19730       0.00000       2.00000
     -11.18545       0.00000       2.00000
     -11.17359       0.00000       2.00000
     -11.16174       0.00000       2.00000
     -11.14989       0.00000       2.00000
     -11.13803       0.00000       2.00000
     -11.12618       0.00000       2.00000
     -11.11432       0.00000       2.00000
     -11.10247       0.00000       2.00000
     -11.09062       0.00000       2.00000
     -11.07876       0.00000       2.00000
     -11.06691       0.00000       2.00000
     -11.05505       0.00000       2.00000
     -11.04320       0.00000       2.00000
     -11.03135       0.00000       2.00000
     -11.01949       0.00000       2.00000
     -11.00764       0.00000       2.00000
     -10.99578       0.00000       2.00000
     -10.98393       0.00000       2.00000
     -10.97208       0.00000       2.00000
     -10.96022       0.00000       2.00000
     -10.94837       0.00000       2.00000
     -10.93651       0.00000       2.00000
     -10.92466       0.00000       2.00000
     -10.91281       0.00000       2.00000
     -10.90095       0.00001       2.00000
     -10.88910       0.00011       2.00000
     -10.87724       0.00086       2.00001
     -10.86539       0.00575       2.00008
     -10.85353       0.03163       2.00045
     -10.84168       0.14394       2.00216
     -10.82983       0.54187       2.00858
     -10.81797       1.68734       2.02859
     -10.80612       4.34601       2.08010
     -10.79426       9.25897       2.18986
     -10.78241      16.31616       2.38327
     -10.77056      23.78241       2.66519
     -10.75870      28.67323       3.00509
     -10.74685      28.59437       3.34404
     -10.73499      23.58670       3.62364
     -10.72314      16.09300       3.81441
     -10.71129       9.08217       3.92207
     -10.69943       4.23960       3.97233
     -10.68758       1.63698       3.99173
     -10.67572       0.52281       3.99793
     -10.66387       0.13811       3.99957
     -10.65202       0.03018       3.99992
     -10.64016       0.00545       3.99999
     -10.62831       0.00082       4.00000
     -10.61645       0.00010       4.00000
     -10.60460       0.00001       4.00000
     -10.59275       0.00000       4.00000
     -10.58089       0.00000       4.00000
     -10.56904       0.00000       4.00000
     -10.55718       0.00000       4.00000
     -10.54533       0.00000       4.00000
     -10.53348       0.00000       4.00000
     -10.52162       0.00000       4.00000
     -10.50977       0.00000       4.00000
     -10.49791       0.00000       4.00000
     -10.48606       0.00000       4.00000
     -10.47420       0.00000       4.00000
     -10.46235       0.00000       4.00000
     -10.45050       0.00000       4.00000
     -10.43864       0.00000       4.00000
     -10.42679       0.00000       4.00000
     -10.41493       0.00000       4.00000
     -10.40308       0.00000       4.00000
     -10.39123       0.00000       4.00000
     -10.37937       0.00000       4.00000
     -10.36752       0.00000       4.00000
     -10.35566       0.00000       4.00000
     -10.34381       0.00000       4.00000
     -10.33196       0.00000       4.00000
     -10.32010       0.00000       4.00000
     -10.30825       0.00000       4.00000
     -10.29639       0.00000       4.00000
     -10.28454       0.00000       4.00000
     -10.27269       0.00000       4.00000
     -10.26083       0.00000       4.00000
     -10.24898       0.00000       4.00000
     -10.23712       0.00000       4.00000
     -10.22527       0.00000       4.00000
     -10.21342       0.00000       4.00000
     -10.20156       0.00000       4.00000
     -10.18971       0.00000       4.00000
     -10.17785       0.00000       4.00000
     -10.16600       0.00000       4.00000
     -10.15415       0.00000       4.00000
     -10.14229       0.00000       4.00000
     -10.13044       0.00000       4.00000
     -10.11858       0.00000       4.00000
     -10.10673       0.00000       4.00000
     -10.09488       0.00000       4.00000
     -10.08302       0.00000       4.00000
     -10.07117       0.00000       4.00000
     -10.05931       0.00000       4.00000
     -10.04746       0.00000       4.00000
     -10.03560       0.00000       4.00000
     -10.02375       0.00000       4.00000
     -10.01190       0.00000       4.00000
     -10.00004       0.00000       4.00000
      -9.98819       0.00000       4.00000
      -9.97633       0.00000       4.00000
      -9.96448       0.00000       4.00000
      -9.95263       0.00000       4.00000
      -9.94077       0.00000       4.00000
      -9.92892       0.00000       4.00000
      -9.91706       0.00000       4.00000
      -9.90521       0.00000       4.00000
      -9.89336       0.00000       4.00000
      -9.88150       0.00000       4.00000
      -9.86965       0.00000       4.00000
      -9.85779       0.00000       4.00000
      -9.84594       0.00000       4.00000
      -9.83409       0.00000       4.00000
      -9.82223       0.00000       4.00000
      -9.81038       0.00000       4.00000
      -9.79852       0.00000       4.00000
      -9.78667       0.00000       4.00000
      -9.77482       0.00000       4.00000
      -9.76296       0.00000       4.00000
      -9.75111       0.00000       4.00000
      -9.73925       0.00000       4.00000
      -9.72740       0.00000       4.00000
      -9.71555       0.00000       4.00000
      -9.70369       0.00000       4.00000
      -9.69184       0.00000       4.00000
      -9.67998       0.00000       4.00000
      -9.66813       0.00000       4.00000
      -9.65627       0.00000       4.00000
      -9.64442       0.00000       4.00000
      -9.63257       0.00000       4.00000
      -9.62071       0.00000       4.00000
      -9.60886       0.00000       4.00000
      -9.59700       0.00000       4.00000
      -9.58515       0.00000       4.00000
      -9.57330       0.00000       4.00000
      -9.56144       0.00000       4.00000
      -9.54959       0.00000       4.00000
      -9.53773       0.00000       4.00000
      -9.52588       0.00000       4.00000
      -9.51403       0.00000       4.00000
      -9.50217       0.00000       4.00000
      -9.49032       0.00000       4.00000
      -9.47846       0.00000       4.00000
      -9.46661       0.00000       4.00000
      -9.45476       0.00000       4.00000
      -9.44290       0.00000       4.00000
      -9.43105       0.00000       4.00000
      -9.41919       0.00000       4.00000
      -9.40734       0.00000       4.00000
      -9.39549       0.00000       4.00000
      -9.38363       0.00000       4.00000
      -9.37178       0.00000       4.00000
      -9.35992       0.00000       4.00000
      -9.34807       0.00000       4.00000
      -9.33622       0.00000       4.00000
      -9.32436       0.00000       4.00000
      -9.31251       0.00000       4.00000
      -9.30065       0.00000       4.00000
      -9.28880       0.00000       4.00000
      -9.27695       0.00000       4.00000
      -9.26509       0.00000       4.00000
      -9.25324       0.00000       4.00000
      -9.24138       0.00000       4.00000
      -9.22953       0.00000       4.00000
      -9.21767       0.00000       4.00000
      -9.20582       0.00000       4.00000
      -9.19397       0.00000       4.00000
      -9.18211       0.00000       4.00000
      -9.17026       0.00000       4.00000
      -9.15840       0.00000       4.00000
      -9.14655       0.00000       4.00000
      -9.13470       0.00000       4.00000
      -9.12284       0.00000       4.00000
      -9.11099       0.00000       4.00000
      -9.09913       0.00000       4.00000
      -9.08728       0.00000       4.00000
      -9.07543       0.00000       4.00000
      -9.06357       0.00000       4.00000
      -9.05172       0.00000       4.00000
      -9.03986       0.00000       4.00000
      -9.02801       0.00000       4.00000
      -9.01616       0.00000       4.00000
      -9.00430       0.00000       4.00000
      -8.99245       0.00000       4.00000
      -8.98059       0.00000       4.00000
      -8.96874       0.00000       4.00000
      -8.95689       0.00000       4.00000
      -8.94503       0.00000       4.00000
      -8.93318       0.00000       4.00000
      -8.92132       0.00000       4.00000
      -8.90947       0.00000       4.00000
      -8.89762       0.00000       4.00000
      -8.88576       0.00000       4.00000
      -8.87391       0.00000       4.00000
      -8.86205       0.00000       4.00000
      -8.85020       0.00000       4.00000
      -8.83834       0.00000       4.00000
      -8.82649       0.00000       4.00000
      -8.81464       0.00000       4.00000
      -8.80278       0.00000       4.00000
      -8.79093       0.00000       4.00000
      -8.77907       0.00000       4.00000
      -8.76722       0.00000       4.00000
      -8.75537       0.00000       4.00000
      -8.74351       0.00000       4.00000
      -8.73166       0.00000       4.00000
      -8.71980       0.00000       4.00000
      -8.70795       0.00000       4.00000
      -8.69610       0.00000       4.00000
      -8.68424       0.00000       4.00000
      -8.67239       0.00000       4.00000
      -8.66053       0.00000       4.00000
      -8.64868       0.00000       4.00000
      -8.63683       0.00000       4.00000
      -8.62497       0.00000       4.00000
      -8.61312       0.00000       4.00000
      -8.60126       0.00000       4.00000
      -8.58941       0.00000       4.00000
      -8.57756       0.00000       4.00000
      -8.56570       0.00000       4.00000
      -8.55385       0.00000       4.00000
      -8.54199       0.00000       4.00000
      -8.53014       0.00000       4.00000
      -8.51829       0.00000       4.00000
      -8.50643       0.00000       4.00000
      -8.49458       0.00000       4.00000
      -8.48272       0.00000       4.00000
      -8.47087       0.00000       4.00000
      -8.45901       0.00000       4.00000
      -8.44716       0.00000       4.00000
      -8.43531       0.00000       4.00000
      -8.42345       0.00000       4.00000
      -8.41160       0.00000       4.00000
      -8.39974       0.00000       4.00000
      -8.38789       0.00000       4.00000
      -8.37604       0.00000       4.00000
      -8.36418       0.00000       4.00000
      -8.35233       0.00000       4.00000
      -8.34047       0.00000       4.00000
      -8.32862       0.00000       4.00000
      -8.31677       0.00000       4.00000
      -8.30491       0.00000       4.00000
      -8.29306       0.00000       4.00000
      -8.28120       0.00000       4.00000
      -8.26935       0.00000       4.00000
      -8.25750       0.00000       4.00000
      -8.24564       0.00000       4.00000
      -8.23379       0.00000       4.00000
      -8.22193       0.00000       4.00000
      -8.21008       0.00000       4.00000
      -8.19823       0.00000       4.00000
      -8.18637       0.00000       4.00000
      -8.17452       0.00001       4.00000
      -8.16266       0.00008       4.00000
      -8.15081       0.00068       4.00001
      -8.13896       0.00466       4.00006
      -8.12710       0.02620       4.00037
      -8.11525       0.12190       4.00182
      -8.10339       0.46913       4.00738
      -8.09154       1.49337       4.02508
      -8.07969       3.93210       4.07169
      -8.06783       8.56373       4.17321
      -8.05598      15.42712       4.35608
      -8.04412      22.98737       4.62858
      -8.03227      28.33198       4.96443
      -8.02041      28.88334       5.30681
      -8.00856      24.35572       5.59553
      -7.99671      16.98781       5.79690
      -7.98485       9.80069       5.91308
      -7.97300       4.67691       5.96852
      -7.96114       1.84605       5.99040
      -7.94929       0.60272       5.99755
      -7.93744       0.16277       5.99948
      -7.92558       0.03636       5.99991
      -7.91373       0.00672       5.99999
      -7.90187       0.00103       6.00000
      -7.89002       0.00013       6.00000
      -7.87817       0.00001       6.00000
      -7.86631       0.00000       6.00000
      -7.85446       0.00000       6.00000
      -7.84260       0.00000       6.00000
      -7.83075       0.00000       6.00000
      -7.81890       0.00000       6.00000
      -7.80704       0.00000       6.00000
      -7.79519       0.00000       6.00000
      -7.78333       0.00000       6.00000
      -7.77148       0.00000       6.00000
      -7.75963       0.00000       6.00000
      -7.74777       0.00000       6.00000
      -7.73592       0.00000       6.00000
      -7.72406       0.00000       6.00000
      -7.71221       0.00000       6.00000
      -7.70036       0.00000       6.00000
      -7.68850       0.00000       6.00000
      -7.67665       0.00000       6.00000
      -7.66479       0.00000       6.00000
      -7.65294       0.00000       6.00000
      -7.64108       0.00000       6.00000
      -7.62923       0.00000       6.00000
      -7.61738       0.00000       6.00000
      -7.60552       0.00000       6.00000
      -7.59367       0.00000       6.00000
      -7.58181       0.00000       6.00000
      -7.56996       0.00000       6.00000
      -7.55811       0.00000       6.00000
      -7.54625       0.00000       6.00000
      -7.53440       0.00000       6.00000
      -7.52254       0.00000       6.00000
      -7.51069       0.00000       6.00000
      -7.49884       0.00000       6.00000
      -7.48698       0.00000       6.00000
      -7.47513       0.00000       6.00000
      -7.46327       0.00000       6.00000
      -7.45142       0.00000       6.00000
      -7.43957       0.00000       6.00000
      -7.42771       0.00000       6.00000
      -7.41586       0.00000       6.00000
      -7.40400       0.00000       6.00000
      -7.39215       0.00000       6.00000
      -7.38030       0.00000       6.00000
      -7.36844       0.00000       6.00000
      -7.35659       0.00000       6.00000
      -7.34473       0.00000       6.00000
      -7.33288       0.00000       6.00000
      -7.32103       0.00000       6.00000
      -7.30917       0.00000       6.00000
      -7.29732       0.00000       6.00000
      -7.28546       0.00000       6.00000
      -7.27361       0.00000       6.00000
      -7.26176       0.00000       6.00000
      -7.24990       0.00000       6.00000
      -7.23805       0.00000       6.00000
      -7.22619       0.00000       6.00000
      -7.21434       0.00000       6.00000
      -7.20248       0.00000       6.00000
      -7.19063       0.00000       6.00000
      -7.17878       0.00000       6.00000
      -7.16692       0.00000       6.00000
      -7.15507       0.00000       6.00000
      -7.14321       0.00000       6.00000
      -7.13136       0.00000       6.00000
      -7.11951       0.00000       6.00000
      -7.10765       0.00000       6.00000
      -7.09580       0.00000       6.00000
      -7.08394       0.00000       6.00000
      -7.07209       0.00000       6.00000
      -7.06024       0.00000       6.00000
      -7.04838       0.00000       6.00000
      -7.03653       0.00000       6.00000
      -7.02467       0.00000       6.00000
      -7.01282       0.00000       6.00000
      -7.00097       0.00002       6.00000
      -6.98911       0.00020       6.00000
      -6.97726       0.00153       6.00002
      -6.96540       0.00966       6.00014
      -6.95355       0.05026       6.00073
      -6.94170       0.21639       6.00330
      -6.92984       0.77060       6.01243
      -6.91799       2.26991       6.03934
      -6.90613       5.53061       6.10490
      -6.89428      11.14603       6.23702
      -6.88243      18.58018       6.45727
      -6.87057      25.61902       6.76096
      -6.85872      29.21852       7.10732
      -6.84686      27.56365       7.43406
      -6.83501      21.50791       7.68902
      -6.82315      13.88170       7.85357
      -6.81130       7.41088       7.94142
      -6.79945       3.27251       7.98022
      -6.78759       1.19529       7.99438
      -6.77574       0.36112       7.99867
      -6.76388       0.09024       7.99973
      -6.75203       0.01865       7.99996
      -6.74018       0.00319       7.99999
      -6.72832       0.00045       8.00000
      -6.71647       0.00005       8.00000
      -6.70461       0.00001       8.00000
      -6.69276       0.00000       8.00000
      -6.68091       0.00000       8.00000
      -6.66905       0.00000       8.00000
      -6.65720       0.00000       8.00000
      -6.64534       0.00000       8.00000
      -6.63349       0.00000       8.00000
      -6.62164       0.00000       8.00000
      -6.60978       0.00000       8.00000
      -6.59793       0.00000       8.00000
      -6.58607       0.00000       8.00000
      -6.57422       0.00000       8.00000
      -6.56237       0.00000       8.00000
      -6.55051       0.00000       8.00000
      -6.53866       0.00000       8.00000
      -6.52680       0.00000       8.00000
      -6.51495       0.00000       8.00000
      -6.50310       0.00000       8.00000
      -6.49124       0.00000       8.00000
      -6.47939       0.00000       8.00000
      -6.46753       0.00000       8.00000
      -6.45568       0.00000       8.00000
      -6.44383       0.00000       8.00000
      -6.43197       0.00000       8.00000
      -6.42012       0.00000       8.00000
      -6.40826       0.00000       8.00000
      -6.39641       0.00000       8.00000
      -6.38455       0.00000       8.00000
      -6.37270       0.00000       8.00000
      -6.36085       0.00000       8.00000
      -6.34899       0.00000       8.00000
      -6.33714       0.00000       8.00000
      -6.32528       0.00000       8.00000
      -6.31343       0.00000       8.00000
      -6.30158       0.00000       8.00000
      -6.28972       0.00000       8.00000
      -6.27787       0.00000       8.00000
      -6.26601       0.00000       8.00000
      -6.25416       0.00000       8.00000
      -6.24231       0.00000       8.00000
      -6.23045       0.00000       8.00000
      -6.21860       0.00000       8.00000
      -6.20674       0.00000       8.00000
      -6.19489       0.00000       8.00000
      -6.18304       0.00000       8.00000
      -6.17118       0.00000       8.00000
      -6.15933       0.00000       8.00000
      -6.14747       0.00000       8.00000
      -6.13562       0.00000       8.00000
      -6.12377       0.00000       8.00000
      -6.11191       0.00000       8.00000
      -6.10006       0.00000       8.00000
      -6.08820       0.00000       8.00000
      -6.07635       0.00000       8.00000
      -6.06450       0.00000       8.00000
      -6.05264       0.00000       8.00000
      -6.04079       0.00000       8.00000
      -6.02893       0.00000       8.00000
      -6.01708       0.00000       8.00000
      -6.00522       0.00000       8.00000
      -5.99337       0.00000       8.00000
      -5.98152       0.00000       8.00000
      -5.96966       0.00000       8.00000
      -5.95781       0.00000       8.00000
      -5.94595       0.00000       8.00000
      -5.93410       0.00000       8.00000
      -5.92225       0.00000       8.00000
      -5.91039       0.00000       8.00000
      -5.89854       0.00000       8.00000
      -5.88668       0.00000       8.00000
      -5.87483       0.00000       8.00000
      -5.86298       0.00000       8.00000
      -5.85112       0.00000       8.00000
      -5.83927       0.00000       8.00000
      -5.82741       0.00000       8.00000
      -5.81556       0.00000       8.00000
      -5.80371       0.00000       8.00000
      -5.79185       0.00000       8.00000
      -5.78000       0.00000       8.00000
      -5.76814       0.00000       8.00000
      -5.75629       0.00000       8.00000
      -5.74444       0.00000       8.00000
      -5.73258       0.00000       8.00000
      -5.72073       0.00000       8.00000
      -5.70887       0.00000       8.00000
      -5.69702       0.00000       8.00000
      -5.68517       0.00000       8.00000
      -5.67331       0.00000       8.00000
      -5.66146       0.00000       8.00000
      -5.64960       0.00000       8.00000
      -5.63775       0.00000       8.00000
      -5.62589       0.00000       8.00000
      -5.61404       0.00000       8.00000
      -5.60219       0.00000       8.00000
      -5.59033       0.00000       8.00000
      -5.57848       0.00000       8.00000
      -5.56662       0.00000       8.00000
      -5.55477       0.00000       8.00000
      -5.54292       0.00000       8.00000
      -5.53106       0.00000       8.00000
      -5.51921       0.00000       8.00000
      -5.50735       0.00000       8.00000
      -5.49550       0.00000       8.00000
      -5.48365       0.00000       8.00000
      -5.47179       0.00000       8.00000
      -5.45994       0.00000       8.00000
      -5.44808       0.00000       8.00000
      -5.43623       0.00000       8.00000
      -5.42438       0.00000       8.00000
      -5.41252       0.00000       8.00000
      -5.40067       0.00000       8.00000
      -5.38881       0.00000       8.00000
      -5.37696       0.00000       8.00000
      -5.36511       0.00000       8.00000
      -5.35325       0.00000       8.00000
      -5.34140       0.00000       8.00000
      -5.32954       0.00000       8.00000
      -5.31769       0.00000       8.00000
      -5.30584       0.00000       8.00000
      -5.29398       0.00000       8.00000
      -5.28213       0.00000       8.00000
      -5.27027       0.00000       8.00000
      -5.25842       0.00000       8.00000
      -5.24657       0.00000       8.00000
      -5.23471       0.00000       8.00000
      -5.22286       0.00000       8.00000
      -5.21100       0.00000       8.00000
      -5.19915       0.00003       8.00000
      -5.18729       0.00026       8.00000
      -5.17544       0.00193       8.00003
      -5.16359       0.01186       8.00017
      -5.15173       0.06035       8.00088
      -5.13988       0.25406       8.00389
      -5.12802       0.88463       8.01438
      -5.11617       2.54784       8.04458
      -5.10432       6.06965       8.11653
      -5.09246      11.96022       8.25831
      -5.08061      19.49383       8.48939
      -5.06875      26.28079       8.80092
      -5.05690      29.30640       9.14832
      -5.04505      27.03146       9.46876
      -5.03319      20.62336       9.71323
      -5.02134      13.01465       9.86750
      -5.00948       6.79342       9.94803
      -4.99763       2.93310       9.98280
      -4.98578       1.04749       9.99522
      -4.97392       0.30942       9.99889
      -4.96207       0.07560       9.99978
      -4.95021       0.01528       9.99996
      -4.93836       0.00255      10.00000
      -4.92651       0.00035      10.00000
      -4.91465       0.00004      10.00000
      -4.90280       0.00000      10.00000
      -4.89094       0.00000      10.00000
      -4.87909       0.00000      10.00000
      -4.86724       0.00000      10.00000
      -4.85538       0.00000      10.00000
      -4.84353       0.00000      10.00000
      -4.83167       0.00000      10.00000
      -4.81982       0.00000      10.00000
      -4.80796       0.00000      10.00000
      -4.79611       0.00000      10.00000
      -4.78426       0.00000      10.00000
      -4.77240       0.00000      10.00000
      -4.76055       0.00000      10.00000
      -4.74869       0.00000      10.00000
      -4.73684       0.00000      10.00000
      -4.72499       0.00000      10.00000
      -4.71313       0.00000      10.00000
      -4.70128       0.00000      10.00000
      -4.68942       0.00000      10.00000
      -4.67757       0.00000      10.00000
      -4.66572       0.00000      10.00000
      -4.65386       0.00000      10.00000
      -4.64201       0.00000      10.00000
      -4.63015       0.00000      10.00000
      -4.61830       0.00000      10.00000
      -4.60645       0.00000      10.00000
      -4.59459       0.00000      10.00000
      -4.58274       0.00000      10.00000
      -4.57088       0.00000      10.00000
      -4.55903       0.00000      10.00000
      -4.54718       0.00000      10.00000
      -4.53532       0.00000      10.00000
      -4.52347       0.00000      10.00000
      -4.51161       0.00000      10.00000
      -4.49976       0.00000      10.00000
      -4.48791       0.00000      10.00000
      -4.47605       0.00000      10.00000
      -4.46420       0.00000      10.00000
      -4.45234       0.00000      10.00000
      -4.44049       0.00000      10.00000
      -4.42864       0.00000      10.00000
      -4.41678       0.00000      10.00000
      -4.40493       0.00000      10.00000
      -4.39307       0.00000      10.00000
      -4.38122       0.00000      10.00000
      -4.36936       0.00000      10.00000
      -4.35751       0.00000      10.00000
      -4.34566       0.00000      10.00000
      -4.33380       0.00000      10.00000
      -4.32195       0.00000      10.00000
      -4.31009       0.00000      10.00000
      -4.29824       0.00000      10.00000
      -4.28639       0.00000      10.00000
      -4.27453       0.00000      10.00000
      -4.26268       0.00000      10.00000
      -4.25082       0.00000      10.00000
      -4.23897       0.00000      10.00000
      -4.22712       0.00000      10.00000
      -4.21526       0.00000      10.00000
      -4.20341       0.00000      10.00000
      -4.19155       0.00000      10.00000
      -4.17970       0.00000      10.00000
      -4.16785       0.00000      10.00000
      -4.15599       0.00000      10.00000
      -4.14414       0.00000      10.00000
      -4.13228       0.00000      10.00000
      -4.12043       0.00000      10.00000
      -4.10858       0.00000      10.00000
      -4.09672       0.00000      10.00000
      -4.08487       0.00000      10.00000
      -4.07301       0.00000      10.00000
      -4.06116       0.00000      10.00000
      -4.04931       0.00000      10.00000
      -4.03745       0.00000      10.00000
      -4.02560       0.00000      10.00000
      -4.01374       0.00000      10.00000
      -4.00189       0.00000      10.00000
      -3.99003       0.00000      10.00000
      -3.97818       0.00000      10.00000
      -3.96633       0.00000      10.00000
      -3.95447       0.00000      10.00000
      -3.94262       0.00000      10.00000
      -3.93076       0.00000      10.00000
      -3.91891       0.00000      10.00000
      -3.90706       0.00000      10.00000
      -3.89520       0.00000      10.00000
      -3.88335       0.00000      10.00000
      -3.87149       0.00000      10.00000
      -3.85964       0.00000      10.00000
      -3.84779       0.00000      10.00000
      -3.83593       0.00000      10.00000
      -3.82408       0.00000      10.00000
      -3.81222       0.00000      10.00000
      -3.80037       0.00000      10.00000
      -3.78852       0.00000      10.00000
      -3.77666       0.00000      10.00000
      -3.76481       0.00000      10.00000
      -3.75295       0.00000      10.00000
      -3.74110       0.00000      10.00000
      -3.72925       0.00000      10.00000
      -3.71739       0.00000      10.00000
      -3.70554       0.00000      10.00000
      -3.69368       0.00000      10.00000
      -3.68183       0.00000      10.00000
      -3.66998       0.00000      10.00000
      -3.65812       0.00000      10.00000
      -3.64627       0.00000      10.00000
      -3.63441       0.00000      10.00000
      -3.62256       0.00000      10.00000
      -3.61071       0.00000      10.00000
      -3.59885       0.00000      10.00000
      -3.58700       0.00000      10.00000
      -3.57514       0.00000      10.00000
      -3.56329       0.00000      10.00000
      -3.55143       0.00001      10.00000
      -3.53958       0.00007      10.00000
      -3.52773       0.00062      10.00001
      -3.51587       0.00423      10.00006
      -3.50402       0.02401      10.00034
      -3.49216       0.11285      10.00168
      -3.48031       0.43871      10.00688
      -3.46846       1.41074      10.02360
      -3.45660       3.75227      10.06808
      -3.44475       8.25516      10.16594
      -3.43289      15.02242      10.34402
      -3.42104      22.61191      10.61206
      -3.40919      28.15253      10.94578
      -3.39733      28.99216      11.28946
      -3.38548      24.69601      11.58220
      -3.37362      17.40026      11.78847
      -3.36177      10.14070      11.90868
      -3.34992       4.88835      11.96662
      -3.33806       1.94913      11.98973
      -3.32621       0.64284      11.99735
      -3.31435       0.17537      11.99943
      -3.30250       0.03957      11.99990
      -3.29065       0.00739      11.99998
      -3.27879       0.00114      12.00000
      -3.26694       0.00015      12.00000
      -3.25508       0.00002      12.00000
      -3.24323       0.00000      12.00000
      -3.23138       0.00000      12.00000
      -3.21952       0.00000      12.00000
      -3.20767       0.00000      12.00000
      -3.19581       0.00000      12.00000
      -3.18396       0.00000      12.00000
      -3.17210       0.00000      12.00000
      -3.16025       0.00000      12.00000
      -3.14840       0.00000      12.00000
      -3.13654       0.00000      12.00000
      -3.12469       0.00000      12.00000
      -3.11283       0.00000      12.00000
      -3.10098       0.00000      12.00000
      -3.08913       0.00000      12.00000
      -3.07727       0.00000      12.00000
      -3.06542       0.00000      12.00000
      -3.05356       0.00000      12.00000
      -3.04171       0.00000      12.00000
      -3.02986       0.00000      12.00000
      -3.01800       0.00000      12.00000
      -3.00615       0.00000      12.00000
      -2.99429       0.00000      12.00000
      -2.98244       0.00000      12.00000
      -2.97059       0.00000      12.00000
      -2.95873       0.00000      12.00000
      -2.94688       0.00000      12.00000
      -2.93502       0.00000      12.00000
      -2.92317       0.00000      12.00000
      -2.91132       0.00000      12.00000
      -2.89946       0.00000      12.00000
      -2.88761       0.00000      12.00000
      -2.87575       0.00000      12.00000
      -2.86390       0.00000      12.00000
      -2.85205       0.00000      12.00000
      -2.84019       0.00000      12.00000
      -2.82834       0.00000      12.00000
      -2.81648       0.00000      12.00000
      -2.80463       0.00000      12.00000
      -2.79277       0.00000      12.00000
      -2.78092       0.00000      12.00000
      -2.76907       0.00000      12.00000
      -2.75721       0.00000      12.00000
      -2.74536       0.00000      12.00000
      -2.73350       0.00000      12.00000
      -2.72165       0.00000      12.00000
      -2.70980       0.00000      12.00000
      -2.69794       0.00000      12.00000
      -2.68609       0.00000      12.00000
      -2.67423       0.00000      12.00000
      -2.66238       0.00000      12.00000
      -2.65053       0.00000      12.00000
      -2.63867       0.00000      12.00000
      -2.62682       0.00000      12.00000
      -2.61496       0.00000      12.00000
      -2.60311       0.00000      12.00000
      -2.59126       0.00000      12.00000
      -2.57940       0.00000      12.00000
      -2.56755       0.00000      12.00000
      -2.55569       0.00000      12.00000
      -2.54384       0.00000      12.00000
      -2.53199       0.00000      12.00000
      -2.52013       0.00000      12.00000
      -2.50828       0.00000      12.00000
      -2.49642       0.00000      12.00000
      -2.48457       0.00000      12.00000
      -2.47272       0.00000      12.00000
      -2.46086       0.00000      12.00000
      -2.44901       0.00000      12.00000
      -2.43715       0.00000      12.00000
      -2.42530       0.00000      12.00000
      -2.41345       0.00000      12.00000
      -2.40159       0.00000      12.00000
      -2.38974       0.00000      12.00000
      -2.37788       0.00000      12.00000
      -2.36603       0.00000      12.00000
      -2.35417       0.00000      12.00000
      -2.34232       0.00000      12.00000
      -2.33047       0.00000      12.00000
      -2.31861       0.00000      12.00000
      -2.30676       0.00000      12.00000
      -2.29490       0.00000      12.00000
      -2.28305       0.00000      12.00000
      -2.27120       0.00000      12.00000
      -2.25934       0.00000      12.00000
      -2.24749       0.00000      12.00000
      -2.23563       0.00000      12.00000
      -2.22378       0.00000      12.00000
      -2.21193       0.00000      12.00000
      -2.20007       0.00000      12.00000
      -2.18822       0.00000      12.00000
      -2.17636       0.00000      12.00000
      -2.16451       0.00000      12.00000
      -2.15266       0.00000      12.00000
      -2.14080       0.00000      12.00000
      -2.12895       0.00000      12.00000
      -2.11709       0.00000      12.00000
      -2.10524       0.00000      12.00000
      -2.09339       0.00000      12.00000
      -2.08153       0.00000      12.00000
      -2.06968       0.00000      12.00000
      -2.05782       0.00000      12.00000
      -2.04597       0.00000      12.00000
      -2.03412       0.00000      12.00000
      -2.02226       0.00000      12.00000
      -2.01041       0.00000      12.00000
      -1.99855       0.00000      12.00000
      -1.98670       0.00000      12.00000
      -1.97484       0.00000      12.00000
      -1.96299       0.00000      12.00000
      -1.95114       0.00000      12.00000
      -1.93928       0.00000      12.00000
      -1.92743       0.00000      12.00000
      -1.91557       0.00000      12.00000
      -1.90372       0.00000      12.00000
      -1.89187       0.00000      12.00000
      -1.88001       0.00000      12.00000
      -1.86816       0.00000      12.00000
      -1.85630       0.00000      12.00000
      -1.84445       0.00000      12.00000
      -1.83260       0.00000      12.00000
      -1.82074       0.00000      12.00000
      -1.80889       0.00000      12.00000
      -1.79703       0.00000      12.00000
      -1.78518       0.00000      12.00000
      -1.77333       0.00000      12.00000
      -1.76147       0.00000      12.00000
      -1.74962       0.00000      12.00000
      -1.73776       0.00000      12.00000
      -1.72591       0.00000      12.00000
      -1.71406       0.00000      12.00000
      -1.70220       0.00000      12.00000
      -1.69035       0.00000      12.00000
      -1.67849       0.00000      12.00000
      -1.66664       0.00000      12.00000
      -1.65479       0.00000      12.00000
      -1.64293       0.00000      12.00000
      -1.63108       0.00000      12.00000
      -1.61922       0.00000      12.00000
      -1.60737       0.00000      12.00000
      -1.59552       0.00000      12.00000
      -1.58366       0.00000      12.00000
      -1.57181       0.00000      12.00000
      -1.55995       0.00000      12.00000
      -1.54810       0.00000      12.00000
      -1.53624       0.00000      12.00000
      -1.52439       0.00000      12.00000
      -1.51254       0.00000      12.00000
      -1.50068       0.00000      12.00000
      -1.48883       0.00000      12.00000
      -1.47697       0.00000      12.00000
      -1.46512       0.00000      12.00000
      -1.45327       0.00000      12.00000
      -1.44141       0.00000      12.00000
      -1.42956       0.00000      12.00000
      -1.41770       0.00000      12.00000
      -1.40585       0.00000      12.00000
      -1.39400       0.00000      12.00000
      -1.38214       0.00000      12.00000
      -1.37029       0.00000      12.00000
      -1.35843       0.00000      12.00000
      -1.34658       0.00000      12.00000
      -1.33473       0.00000      12.00000
      -1.32287       0.00000      12.00000
      -1.31102       0.00000      12.00000
      -1.29916       0.00000      12.00000
      -1.28731       0.00000      12.00000
      -1.27546       0.00000      12.00000
      -1.26360       0.00000      12.00000
      -1.25175       0.00000      12.00000
      -1.23989       0.00000      12.00000
      -1.22804       0.00000      12.00000
      -1.21619       0.00000      12.00000
      -1.20433       0.00000      12.00000
      -1.19248       0.00000      12.00000
      -1.18062       0.00000      12.00000
      -1.16877       0.00000      12.00000
      -1.15691       0.00000      12.00000
      -1.14506       0.00000      12.00000
      -1.13321       0.00000      12.00000
      -1.12135       0.00000      12.00000
      -1.10950       0.00000      12.00000
      -1.09764       0.00000      12.00000
      -1.08579       0.00000      12.00000
      -1.07394       0.00000      12.00000
      -1.06208       0.00000      12.00000
      -1.05023       0.00000      12.00000
      -1.03837       0.00000      12.00000
      -1.02652       0.00000      12.00000
      -1.01467       0.00000      12.00000
      -1.00281       0.00000      12.00000
      -0.99096       0.00000      12.00000
      -0.97910       0.00000      12.00000
      -0.96725       0.00000      12.00000
      -0.95540       0.00000      12.00000
      -0.94354       0.00000      12.00000
      -0.93169       0.00000      12.00000
      -0.91983       0.00000      12.00000
      -0.90798       0.00000      12.00000
      -0.89613       0.00000      12.00000
      -0.88427       0.00000      12.00000
      -0.87242       0.00000      12.00000
      -0.86056       0.00000      12.00000
      -0.84871       0.00000      12.00000
      -0.83686       0.00000      12.00000
      -0.82500       0.00000      12.00000
      -0.81315       0.00000      12.00000
      -0.80129       0.00000      12.00000
      -0.78944       0.00000      12.00000
      -0.77759       0.00000      12.00000
      -0.76573       0.00000      12.00000
      -0.75388       0.00000      12.00000
      -0.74202       0.00000      12.00000
      -0.73017       0.00000      12.00000
      -0.71831       0.00000      12.00000
      -0.70646       0.00000      12.00000
      -0.69461       0.00000      12.00000
      -0.68275       0.00000      12.00000
      -0.67090       0.00000      12.00000
      -0.65904       0.00000      12.00000
      -0.64719       0.00000      12.00000
      -0.63534       0.00000      12.00000
      -0.62348       0.00000      12.00000
      -0.61163       0.00000      12.00000
      -0.59977       0.00000      12.00000
      -0.58792       0.00000      12.00000
      -0.57607       0.00000      12.00000
      -0.56421       0.00000      12.00000
      -0.55236       0.00000      12.00000
      -0.54050       0.00000      12.00000
      -0.52865       0.00000      12.00000
      -0.51680       0.00000      12.00000
      -0.50494       0.00000      12.00000
      -0.49309       0.00000      12.00000
      -0.48123       0.00000      12.00000
      -0.46938       0.00000      12.00000
      -0.45753       0.00000      12.00000
      -0.44567       0.00000      12.00000
      -0.43382       0.00000      12.00000
      -0.42196       0.00000      12.00000
      -0.41011       0.00000      12.00000
      -0.39826       0.00000      12.00000
      -0.38640       0.00000      12.00000
      -0.37455       0.00000      12.00000
      -0.36269       0.00000      12.00000
      -0.35084       0.00000      12.00000
      -0.33898       0.00000      12.00000
      -0.32713       0.00000      12.00000
      -0.31528       0.00000      12.00000
      -0.30342       0.00000      12.00000
      -0.29157       0.00000      12.00000
      -0.27971       0.00000      12.00000
      -0.26786       0.00000      12.00000
      -0.25601       0.00000      12.00000
      -0.24415       0.00000      12.00000
      -0.23230       0.00000      12.00000
      -0.22044       0.00000      12.00000
      -0.20859       0.00000      12.00000
      -0.19674       0.00000      12.00000
      -0.18488       0.00000      12.00000
      -0.17303       0.00000      12.00000
      -0.16117       0.00000      12.00000
      -0.14932       0.00000      12.00000
      -0.13747       0.00000      12.00000
      -0.12561       0.00000      12.00000
      -0.11376       0.00000      12.00000
      -0.10190       0.00000      12.00000
      -0.09005       0.00000      12.00000
      -0.07820       0.00000      12.00000
      -0.06634       0.00000      12.00000
      -0.05449       0.00000      12.00000
      -0.04263       0.00000      12.00000
      -0.03078       0.00000      12.00000
      -0.01893       0.00000      12.00000
      -0.00707       0.00000      12.00000
       0.00478       0.00000      12.00000
       0.01664       0.00000      12.00000
       0.02849       0.00000      12.00000
       0.04035       0.00000      12.00000
       0.05220       0.00000      12.00000
       0.06405       0.00000      12.00000
       0.07591       0.00000      12.00000
       0.08776       0.00000      12.00000
       0.09962       0.00000      12.00000
       0.11147       0.00000      12.00000
       0.12332       0.00000      12.00000
       0.13518       0.00000      12.00000
       0.14703       0.00000      12.00000
       0.15889       0.00000      12.00000
       0.17074       0.00000      12.00000
       0.18259       0.00000      12.00000
       0.19445       0.00000      12.00000
       0.20630       0.00000      12.00000
       0.21816       0.00000      12.00000
       0.23001       0.00000      12.00000
       0.24186       0.00000      12.00000
       0.25372       0.00000      12.00000
       0.26557       0.00000      12.00000
       0.27743       0.00000      12.00000
       0.28928       0.00000      12.00000
       0.30113       0.00000      12.00000
       0.31299       0.00000      12.00000
       0.32484       0.00000      12.00000
       0.33670       0.00000      12.00000
       0.34855       0.00000      12.00000
       0.36040       0.00000      12.00000
       0.37226       0.00000      12.00000
       0.38411       0.00000      12.00000
       0.39597       0.00000      12.00000
       0.40782       0.00000      12.00000
       0.41967       0.00000      12.00000
       0.43153       0.00000      12.00000
       0.44338       0.00000      12.00000
       0.45524       0.00000      12.00000
       0.46709       0.00000      12.00000
       0.47895       0.00000      12.00000
       0.49080       0.00000      12.00000
       0.50265       0.00000      12.00000
       0.51451       0.00000      12.00000
       0.52636       0.00000      12.00000
       0.53822       0.00000      12.00000
       0.55007       0.00000      12.00000
       0.56192       0.00000      12.00000
       0.57378       0.00000      12.00000
       0.58563       0.00000      12.00000
       0.59749       0.00000      12.00000
       0.60934       0.00000      12.00000
       0.62119       0.00000      12.00000
       0.63305       0.00000      12.00000
       0.64490       0.00000      12.00000
       0.65676       0.00000      12.00000
       0.66861       0.00000      12.00000
       0.68046       0.00000      12.00000
       0.69232       0.00000      12.00000
       0.70417       0.00000      12.00000
       0.71603       0.00000      12.00000
       0.72788       0.00000      12.00000
       0.73973       0.00000      12.00000
       0.75159       0.00000      12.00000
       0.76344       0.00000      12.00000
       0.77530       0.00000      12.00000
       0.78715       0.00000      12.00000
       0.79900       0.00000      12.00000
       0.81086       0.00000      12.00000
       0.82271       0.00000      12.00000
       0.83457       0.00000      12.00000
       0.84642       0.00000      12.00000
       0.85828       0.00000      12.00000
       0.87013       0.00000      12.00000
       0.88198       0.00000      12.00000
       0.89384       0.00000      12.00000
       0.90569       0.00000      12.00000
       0.91755       0.00000      12.00000
       0.92940       0.00000      12.00000
       0.94125       0.00000      12.00000
       0.95311       0.00000      12.00000
       0.96496       0.00000      12.00000
       0.97682       0.00000      12.00000
       0.98867       0.00000      12.00000
       1.00052       0.00000      12.00000
       1.01238       0.00000      12.00000
       1.02423       0.00000      12.00000
       1.03609       0.00000      12.00000
       1.04794       0.00000      12.00000
       1.05979       0.00000      12.00000
       1.07165       0.00000      12.00000
       1.08350       0.00000      12.00000
       1.09536       0.00000      12.00000
       1.10721       0.00000      12.00000
       1.11906       0.00000      12.00000
       1.13092       0.00000      12.00000
       1.14277       0.00000      12.00000
       1.15463       0.00000      12.00000
       1.16648       0.00000      12.00000
       1.17833       0.00000      12.00000
       1.19019       0.00000      12.00000
       1.20204       0.00000      12.00000
       1.21390       0.00000      12.00000
       1.22575       0.00000      12.00000
       1.23760       0.00000      12.00000
       1.24946       0.00000      12.00000
       1.26131       0.00000      12.00000
       1.27317       0.00000      12.00000
       1.28502       0.00000      12.00000
       1.29688       0.00000      12.00000
       1.30873       0.00000      12.00000
       1.32058       0.00000      12.00000
       1.33244       0.00000      12.00000
       1.34429       0.00000      12.00000
       1.35615       0.00000      12.00000
       1.36800       0.00000      12.00000
       1.37985       0.00000      12.00000
       1.39171       0.00000      12.00000
       1.40356       0.00000      12.00000
       1.41542       0.00000      12.00000
       1.42727       0.00000      12.00000
       1.43912       0.00000      12.00000
       1.45098       0.00000      12.00000
       1.46283       0.00000      12.00000
       1.47469       0.00000      12.00000
       1.48654       0.00000      12.00000
       1.49839       0.00000      12.00000
       1.51025       0.00000      12.00000
       1.52210       0.00000      12.00000
       1.53396       0.00000      12.00000
       1.54581       0.00000      12.00000
       1.55766       0.00000      12.00000
       1.56952       0.00000      12.00000
       1.58137       0.00000      12.00000
       1.59323       0.00000      12.00000
       1.60508       0.00000      12.00000
       1.61693       0.00000      12.00000
       1.62879       0.00000      12.00000
       1.64064       0.00000      12.00000
       1.65250       0.00000      12.00000
       1.66435       0.00000      12.00000
       1.67621       0.00000      12.00000
       1.68806       0.00000      12.00000
       1.69991       0.00000      12.00000
       1.71177       0.00000      12.00000
       1.72362       0.00000      12.00000
       1.73548       0.00000      12.00000
       1.74733       0.00000      12.00000
       1.75918       0.00000      12.00000
       1.77104       0.00000      12.00000
       1.78289       0.00000      12.00000
       1.79475       0.00000      12.00000
       1.80660       0.00000      12.00000
       1.81845       0.00000      12.00000
       1.83031       0.00000      12.00000
       1.84216       0.00000      12.00000
       1.85402       0.00000      12.00000
       1.86587       0.00000      12.00000
       1.87772       0.00000      12.00000
       1.88958       0.00000      12.00000
       1.90143       0.00000      12.00000
       1.91329       0.00000      12.00000
       1.92514       0.00000      12.00000
       1.93699       0.00000      12.00000
       1.94885       0.00000      12.00000
       1.96070       0.00000      12.00000
       1.97256       0.00000      12.00000
       1.98441       0.00000      12.00000
       1.99626       0.00000      12.00000
       2.00812       0.00000      12.00000
       2.01997       0.00000      12.00000
       2.03183       0.00000      12.00000
       2.04368       0.00000      12.00000
       2.05553       0.00000      12.00000
       2.06739       0.00000      12.00000
       2.07924       0.00000      12.00000
       2.09110       0.00000      12.00000
       2.10295       0.00000      12.00000
       2.11481       0.00000      12.00000
       2.12666       0.00000      12.00000
       2.13851       0.00000      12.00000
       2.15037       0.00000      12.00000
       2.16222       0.00000      12.00000
       2.17408       0.00000      12.00000
       2.18593       0.00000      12.00000
       2.19778       0.00000      12.00000
       2.20964       0.00000      12.00000
       2.22149       0.00000      12.00000
       2.23335       0.00000      12.00000
       2.24520       0.00000      12.00000
       2.25705       0.00000      12.00000
       2.26891       0.00000      12.00000
       2.28076       0.00000      12.00000
       2.29262       0.00000      12.00000
       2.30447       0.00000      12.00000
       2.31632       0.00000      12.00000
       2.32818       0.00000      12.00000
       2.34003       0.00002      12.00000
       2.35189       0.00021      12.00000
       2.36374       0.00157      12.00002
       2.37559       0.00985      12.00014
       2.38745       0.05116      12.00074
       2.39930       0.21980      12.00335
       2.41116       0.78104      12.01261
       2.42301       2.29568      12.03982
       2.43486       5.58123      12.10598
       2.44672      11.22360      12.23903
       2.45857      18.66881      12.46033
       2.47043      25.68528      12.76480
       2.48228      29.23041      13.11130
       2.49414      27.51493      13.43747
       2.50599      21.42323      13.69142
       2.51784      13.79699      13.85497
       2.52970       7.34965      13.94209
       2.54155       3.23841      13.98048
       2.55341       1.18027      13.99447
       2.56526       0.35580      13.99869
       2.57711       0.08872      13.99974
       2.58897       0.01830      13.99996
       2.60082       0.00312      13.99999
       2.61268       0.00044      14.00000
       2.62453       0.00005      14.00000
       2.63638       0.00000      14.00000
       2.64824       0.00000      14.00000
       2.66009       0.00000      14.00000
       2.67195       0.00000      14.00000
       2.68380       0.00000      14.00000
       2.69565       0.00000      14.00000
       2.70751       0.00000      14.00000
       2.71936       0.00000      14.00000
       2.73122       0.00000      14.00000
       2.74307       0.00000      14.00000
       2.75492       0.00000      14.00000
       2.76678       0.00000      14.00000
       2.77863       0.00000      14.00000
       2.79049       0.00000      14.00000
       2.80234       0.00000      14.00000
       2.81419       0.00000      14.00000
       2.82605       0.00000      14.00000
       2.83790       0.00000      14.00000
       2.84976       0.00000      14.00000
       2.86161       0.00000      14.00000
       2.87347       0.00000      14.00000
       2.88532       0.00000      14.00000
       2.89717       0.00000      14.00000
       2.90903       0.00000      14.00000
       2.92088       0.00000      14.00000
       2.93274       0.00000      14.00000
       2.94459       0.00000      14.00000
       2.95644       0.00000      14.00000
       2.96830       0.00000      14.00000
       2.98015       0.00000      14.00000
       2.99201       0.00000      14.00000
       3.00386       0.00000      14.00000
       3.01571       0.00000      14.00000
       3.02757       0.00000      14.00000
       3.03942       0.00000      14.00000
       3.05128       0.00000      14.00000
       3.06313       0.00000      14.00000
       3.07498       0.00000      14.00000
       3.08684       0.00000      14.00000
       3.09869       0.00000      14.00000
       3.11055       0.00000      14.00000
       3.12240       0.00000      14.00000
       3.13425       0.00000      14.00000
       3.14611       0.00000      14.00000
       3.15796       0.00000      14.00000
       3.16982       0.00000      14.00000
       3.18167       0.00000      14.00000
       3.19352       0.00000      14.00000
       3.20538       0.00000      14.00000
       3.21723       0.00000      14.00000
       3.22909       0.00000      14.00000
       3.24094       0.00000      14.00000
       3.25279       0.00000      14.00000
       3.26465       0.00000      14.00000
       3.27650       0.00000      14.00000
       3.28836       0.00000      14.00000
       3.30021       0.00000      14.00000
       3.31207       0.00000      14.00000
       3.32392       0.00000      14.00000
       3.33577       0.00000      14.00000
       3.34763       0.00000      14.00000
       3.35948       0.00000      14.00000
       3.37134       0.00000      14.00000
       3.38319       0.00000      14.00000
       3.39504       0.00000      14.00000
       3.40690       0.00000      14.00000
       3.41875       0.00000      14.00000
       3.43061       0.00000      14.00000
       3.44246       0.00000      14.00000
       3.45431       0.00000      14.00000
       3.46617       0.00000      14.00000
       3.47802       0.00000      14.00000
       3.48988       0.00000      14.00000
       3.50173       0.00000      14.00000
       3.51358       0.00000      14.00000
       3.52544       0.00000      14.00000
       3.53729       0.00000      14.00000
       3.54915       0.00000      14.00000
       3.56100       0.00000      14.00000
       3.57285       0.00000      14.00000
       3.58471       0.00000      14.00000
       3.59656       0.00000      14.00000
       3.60842       0.00000      14.00000
       3.62027       0.00000      14.00000
       3.63212       0.00000      14.00000
       3.64398       0.00000      14.00000
       3.65583       0.00000      14.00000
       3.66769       0.00000      14.00000
       3.67954       0.00000      14.00000
       3.69140       0.00000      14.00000
       3.70325       0.00000      14.00000
       3.71510       0.00000      14.00000
       3.72696       0.00000      14.00000
       3.73881       0.00000      14.00000
       3.75067       0.00000      14.00000
       3.76252       0.00000      14.00000
       3.77437       0.00000      14.00000
       3.78623       0.00000      14.00000
       3.79808       0.00000      14.00000
       3.80994       0.00000      14.00000
       3.82179       0.00000      14.00000
       3.83364       0.00000      14.00000
       3.84550       0.00000      14.00000
       3.85735       0.00000      14.00000
       3.86921       0.00000      14.00000
       3.88106       0.00000      14.00000
       3.89291       0.00000      14.00000
       3.90477       0.00000      14.00000
       3.91662       0.00000      14.00000
       3.92848       0.00000      14.00000
       3.94033       0.00000      14.00000
       3.95218       0.00000      14.00000
       3.96404       0.00000      14.00000
       3.97589       0.00000      14.00000
       3.98775       0.00000      14.00000
       3.99960       0.00000      14.00000
       4.01145       0.00000      14.00000
       4.02331       0.00000      14.00000
       4.03516       0.00000      14.00000
       4.04702       0.00000      14.00000
       4.05887       0.00000      14.00000
       4.07072       0.00000      14.00000
       4.08258       0.00000      14.00000
       4.09443       0.00000      14.00000
       4.10629       0.00000      14.00000
       4.11814       0.00000      14.00000
       4.13000       0.00000      14.00000
       4.14185       0.00000      14.00000
       4.15370       0.00000      14.00000
       4.16556       0.00000      14.00000
       4.17741       0.00000      14.00000
       4.18927       0.00000      14.00000
       4.20112       0.00000      14.00000
       4.21297       0.00000      14.00000
       4.22483       0.00000      14.00000
       4.23668       0.00000      14.00000
       4.24854       0.00000      14.00000
       4.26039       0.00000      14.00000
       4.27224       0.00000      14.00000
       4.28410       0.00000      14.00000
       4.29595       0.00000      14.00000
       4.30781       0.00000      14.00000
       4.31966       0.00000      14.00000
       4.33151       0.00000      14.00000
       4.34337       0.00000      14.00000
       4.35522       0.00000      14.00000
       4.36708       0.00000      14.00000
       4.37893       0.00000      14.00000
       4.39078       0.00000      14.00000
       4.40264       0.00000      14.00000
       4.41449       0.00000      14.00000
       4.42635       0.00000      14.00000
       4.43820       0.00000      14.00000
       4.45005       0.00000      14.00000
       4.46191       0.00000      14.00000
       4.47376       0.00000      14.00000
       4.48562       0.00000      14.00000
       4.49747       0.00000      14.00000
       4.50933       0.00000      14.00000
       4.52118       0.00000      14.00000
       4.53303       0.00000      14.00000
       4.54489       0.00000      14.00000
       4.55674       0.00000      14.00000
       4.56860       0.00000      14.00000
       4.58045       0.00000      14.00000
       4.59230       0.00000      14.00000
       4.60416       0.00000      14.00000
       4.61601       0.00000      14.00000
       4.62787       0.00000      14.00000
       4.63972       0.00000      14.00000
       4.65157       0.00000      14.00000
       4.66343       0.00000      14.00000
       4.67528       0.00000      14.00000
       4.68714       0.00000      14.00000
       4.69899       0.00000      14.00000
       4.71084       0.00000      14.00000
       4.72270       0.00000      14.00000
       4.73455       0.00000      14.00000
       4.74641       0.00000      14.00000
       4.75826       0.00000      14.00000
       4.77011       0.00000      14.00000
       4.78197       0.00000      14.00000
       4.79382       0.00000      14.00000
       4.80568       0.00000      14.00000
       4.81753       0.00000      14.00000
       4.82938       0.00000      14.00000
       4.84124       0.00004      14.00000
       4.85309       0.00032      14.00000
       4.86495       0.00232      14.00003
       4.87680       0.01399      14.00020
       4.88865       0.06991      14.00103
       4.90051       0.28894      14.00445
       4.91236       0.98782      14.01616
       4.92422       2.79342      14.04927
       4.93607       6.53396      14.12673
       4.94793      12.64155      14.27658
       4.95978      20.23052      14.51640
       4.97163      26.77913      14.83384
       4.98349      29.32034      15.18140
       4.99534      26.55366      15.49617
       5.00720      19.89128      15.73196
       5.01905      12.32492      15.87806
       5.03090       6.31667      15.95294
       5.04276       2.67778      15.98468
       5.05461       0.93896      15.99581
       5.06647       0.27233      15.99904
       5.07832       0.06533      15.99982
       5.09017       0.01296      15.99997
       5.10203       0.00213      16.00000
       5.11388       0.00029      16.00000
       5.12574       0.00003      16.00000
       5.13759       0.00000      16.00000
       5.14944       0.00000      16.00000
       5.16130       0.00000      16.00000
       5.17315       0.00000      16.00000
       5.18501       0.00000      16.00000
       5.19686       0.00000      16.00000
       5.20871       0.00000      16.00000
       5.22057       0.00000      16.00000
       5.23242       0.00000      16.00000
       5.24428       0.00000      16.00000
       5.25613       0.00000      16.00000
       5.26798       0.00000      16.00000
       5.27984       0.00000      16.00000
       5.29169       0.00000      16.00000
       5.30355       0.00000      16.00000
       5.31540       0.00000      16.00000
       5.32726       0.00004      16.00000
       5.33911       0.00038      16.00000
       5.35096       0.00271      16.00004
       5.36282       0.01612      16.00023
       5.37467       0.07926      16.00117
       5.38653       0.32247      16.00499
       5.39838       1.08516      16.01785
       5.41023       3.02047      16.05366
       5.42209       6.95407      16.13609
       5.43394      13.24303      16.29308
       5.44580      20.86019      16.54035
       5.45765      27.17892      16.86253
       5.46950      29.29065      17.20975
       5.48136      26.11011      17.51926
       5.49321      19.25180      17.74747
       5.50507      11.74132      17.88665
       5.51692       5.92305      17.95687
       5.52877       2.47148      17.98616
       5.54063       0.85301      17.99627
       5.55248       0.24352      17.99916
       5.56434       0.05750      17.99984
       5.57619       0.01123      17.99998
       5.58804       0.00181      18.00000
       5.59990       0.00024      18.00000
       5.61175       0.00003      18.00000
       5.62361       0.00003      18.00000
       5.63546       0.00027      18.00000
       5.64731       0.00201      18.00003
       5.65917       0.01233      18.00017
       5.67102       0.06248      18.00091
       5.68288       0.26190      18.00402
       5.69473       0.90802      18.01478
       5.70659       2.60396      18.04565
       5.71844       6.17672      18.11887
       5.73029      12.11892      18.26253
       5.74215      19.66767      18.49567
       5.75400      26.40128      18.80863
       5.76586      29.31433      19.15613
       5.77771      26.92266      19.47527
       5.78956      20.45214      19.71771
       5.80142      12.85117      19.87005
       5.81327       6.67928      19.94922
       5.82513       2.87144      19.98326
       5.83698       1.02106      19.99537
       5.84883       0.30032      19.99893
       5.86069       0.07306      19.99979
       5.87254       0.01470      19.99997
       5.88440       0.00245      20.00000
       5.89625       0.00034      20.00000
       5.90810       0.00004      20.00000
       5.91996       0.00000      20.00000
       5.93181       0.00000      20.00000
       5.94367       0.00000      20.00000
       5.95552       0.00000      20.00000
       5.96737       0.00000      20.00000
       5.97923       0.00000      20.00000
       5.99108       0.00000      20.00000
       6.00294       0.00000      20.00000
       6.01479       0.00000      20.00000
       6.02664       0.00000      20.00000
       6.03850       0.00000      20.00000
       6.05035       0.00000      20.00000
       6.06221       0.00000      20.00000
       6.07406       0.00000      20.00000
       6.08591       0.00000      20.00000
       6.09777       0.00000      20.00000
       6.10962       0.00000      20.00000
       6.12148       0.00000      20.00000
       6.13333       0.00000      20.00000
       6.14519       0.00000      20.00000
       6.15704       0.00000      20.00000
       6.16889       0.00000      20.00000
       6.18075       0.00000      20.00000
       6.19260       0.00000      20.00000
       6.20446       0.00000      20.00000
       6.21631       0.00000      20.00000
       6.22816       0.00000      20.00000
       6.24002       0.00000      20.00000
       6.25187       0.00000      20.00000
       6.26373       0.00000      20.00000
       6.27558       0.00000      20.00000
       6.28743       0.00000      20.00000
       6.29929       0.00000      20.00000
       6.31114       0.00000      20.00000
       6.32300       0.00000      20.00000
       6.33485       0.00000      20.00000
       6.34670       0.00000      20.00000
       6.35856       0.00000      20.00000
       6.37041       0.00000      20.00000
       6.38227       0.00000      20.00000
       6.39412       0.00000      20.00000
       6.40597       0.00000      20.00000
       6.41783       0.00000      20.00000
       6.42968       0.00000      20.00000
       6.44154       0.00000      20.00000
       6.45339       0.00000      20.00000
       6.46524       0.00000      20.00000
       6.47710       0.00000      20.00000
       6.48895       0.00000      20.00000
       6.50081       0.00000      20.00000
       6.51266       0.00000      20.00000
       6.52452       0.00000      20.00000
       6.53637       0.00000      20.00000
       6.54822       0.00000      20.00000
       6.56008       0.00000      20.00000
       6.57193       0.00000      20.00000
       6.58379       0.00000      20.00000
       6.59564       0.00000      20.00000
       6.60749       0.00000      20.00000
       6.61935       0.00000      20.00000
       6.63120       0.00000      20.00000
       6.64306       0.00000      20.00000
       6.65491       0.00000      20.00000
       6.66676       0.00000      20.00000
       6.67862       0.00000      20.00000
       6.69047       0.00000      20.00000
       6.70233       0.00000      20.00000
       6.71418       0.00000      20.00000
       6.72603       0.00000      20.00000
       6.73789       0.00000      20.00000
       6.74974       0.00000      20.00000
       6.76160       0.00000      20.00000
       6.77345       0.00000      20.00000
       6.78530       0.00000      20.00000
       6.79716       0.00000      20.00000
       6.80901       0.00000      20.00000
       6.82087       0.00000      20.00000
       6.83272       0.00000      20.00000
       6.84457       0.00000      20.00000
       6.85643       0.00000      20.00000
       6.86828       0.00000      20.00000
       6.88014       0.00000      20.00000
       6.89199       0.00000      20.00000
       6.90384       0.00000      20.00000
       6.91570       0.00000      20.00000
       6.92755       0.00000      20.00000
       6.93941       0.00000      20.00000
       6.95126       0.00000      20.00000
       6.96312       0.00000      20.00000
       6.97497       0.00000      20.00000
       6.98682       0.00000      20.00000
       6.99868       0.00000      20.00000
       7.01053       0.00000      20.00000
       7.02239       0.00000      20.00000
       7.03424       0.00000      20.00000
       7.04609       0.00000      20.00000
       7.05795       0.00000      20.00000
       7.06980       0.00000      20.00000
       7.08166       0.00000      20.00000
       7.09351       0.00000      20.00000
       7.10536       0.00000      20.00000
       7.11722       0.00000      20.00000
       7.12907       0.00000      20.00000
       7.14093       0.00000      20.00000
       7.15278       0.00000      20.00000
       7.16463       0.00000      20.00000
       7.17649       0.00000      20.00000
       7.18834       0.00000      20.00000
       7.20020       0.00000      20.00000
       7.21205       0.00000      20.00000
       7.22390       0.00000      20.00000
       7.23576       0.00000      20.00000
       7.24761       0.00000      20.00000
       7.25947       0.00000      20.00000
       7.27132       0.00000      20.00000
       7.28317       0.00000      20.00000
       7.29503       0.00000      20.00000
       7.30688       0.00000      20.00000
       7.31874       0.00000      20.00000
       7.33059       0.00000      20.00000
       7.34245       0.00000      20.00000
       7.35430       0.00000      20.00000
       7.36615       0.00000      20.00000
       7.37801       0.00000      20.00000
       7.38986       0.00000      20.00000
       7.40172       0.00000      20.00000
       7.41357       0.00000      20.00000
       7.42542       0.00000      20.00000
       7.43728       0.00000      20.00000
       7.44913       0.00000      20.00000
       7.46099       0.00000      20.00000
       7.47284       0.00000      20.00000
       7.48469       0.00000      20.00000
       7.49655       0.00000      20.00000
       7.50840       0.00000      20.00000
       7.52026       0.00000      20.00000
       7.53211       0.00000      20.00000
       7.54396       0.00000      20.00000
       7.55582       0.00000      20.00000
       7.56767       0.00000      20.00000
       7.57953       0.00000      20.00000
       7.59138       0.00000      20.00000
       7.60323       0.00000      20.00000
       7.61509       0.00000      20.00000
       7.62694       0.00000      20.00000
       7.63880       0.00000      20.00000
       7.65065       0.00000      20.00000
       7.66250       0.00000      20.00000
       7.67436       0.00000      20.00000
       7.68621       0.00000      20.00000
       7.69807       0.00000      20.00000
       7.70992       0.00000      20.00000
       7.72177       0.00000      20.00000
       7.73363       0.00000      20.00000
       7.74548       0.00000      20.00000
       7.75734       0.00000      20.00000
       7.76919       0.00000      20.00000
       7.78105       0.00000      20.00000
       7.79290       0.00000      20.00000
       7.80475       0.00000      20.00000
       7.81661       0.00000      20.00000
       7.82846       0.00000      20.00000
       7.84032       0.00000      20.00000
       7.85217       0.00000      20.00000
       7.86402       0.00000      20.00000
       7.87588       0.00000      20.00000
       7.88773       0.00000      20.00000
       7.89959       0.00000      20.00000
       7.91144       0.00000      20.00000
       7.92329       0.00000      20.00000
       7.93515       0.00000      20.00000
       7.94700       0.00000      20.00000
       7.95886       0.00000      20.00000
       7.97071       0.00000      20.00000
       7.98256       0.00000      20.00000
       7.99442       0.00000      20.00000
       8.00627       0.00000      20.00000
       8.01813       0.00000      20.00000
       8.02998       0.00000      20.00000
       8.04183       0.00004      20.00000
       8.05369       0.00036      20.00000
       8.06554       0.00263      20.00004
       8.07740       0.01567      20.00022
       8.08925       0.07730      20.00114
       8.10110       0.31548      20.00488
       8.11296       1.06501      20.01750
       8.12481       2.97382      20.05275
       8.13667       6.86844      20.13417
       8.14852      13.12155      20.28972
       8.16038      20.73456      20.53551
       8.17223      27.10114      20.85676
       8.18408      29.29970      21.20408
       8.19594      26.20123      21.51468
       8.20779      19.38042      21.74441
       8.21965      11.85735      21.88497
       8.23150       6.00061      21.95610
       8.24335       2.51180      21.98588
       8.25521       0.86968      21.99619
       8.26706       0.24907      21.99914
       8.27892       0.05900      21.99984
       8.29077       0.01156      21.99997
       8.30262       0.00187      22.00000
       8.31448       0.00025      22.00000
       8.32633       0.00003      22.00000
       8.33819       0.00000      22.00000
       8.35004       0.00000      22.00000
       8.36189       0.00000      22.00000
       8.37375       0.00000      22.00000
       8.38560       0.00000      22.00000
       8.39746       0.00000      22.00000
       8.40931       0.00000      22.00000
       8.42116       0.00000      22.00000
       8.43302       0.00000      22.00000
       8.44487       0.00000      22.00000
       8.45673       0.00000      22.00000
       8.46858       0.00000      22.00000
       8.48043       0.00000      22.00000
       8.49229       0.00000      22.00000
       8.50414       0.00000      22.00000
       8.51600       0.00000      22.00000
       8.52785       0.00000      22.00000
       8.53971       0.00000      22.00000
       8.55156       0.00000      22.00000
       8.56341       0.00000      22.00000
       8.57527       0.00000      22.00000
       8.58712       0.00000      22.00000
       8.59898       0.00000      22.00000
       8.61083       0.00000      22.00000
       8.62268       0.00000      22.00000
       8.63454       0.00000      22.00000
       8.64639       0.00000      22.00000
       8.65825       0.00000      22.00000
       8.67010       0.00000      22.00000
       8.68195       0.00000      22.00000
       8.69381       0.00000      22.00000
       8.70566       0.00000      22.00000
       8.71752       0.00000      22.00000
       8.72937       0.00000      22.00000
       8.74122       0.00000      22.00000
       8.75308       0.00000      22.00000
       8.76493       0.00000      22.00000
       8.77679       0.00000      22.00000
       8.78864       0.00000      22.00000
       8.80049       0.00000      22.00000
       8.81235       0.00000      22.00000
       8.82420       0.00000      22.00000
       8.83606       0.00000      22.00000
       8.84791       0.00000      22.00000
       8.85976       0.00000      22.00000
       8.87162       0.00000      22.00000
       8.88347       0.00000      22.00000
       8.89533       0.00000      22.00000
       8.90718       0.00000      22.00000
       8.91903       0.00000      22.00000
       8.93089       0.00000      22.00000
       8.94274       0.00000      22.00000
       8.95460       0.00000      22.00000
       8.96645       0.00000      22.00000
       8.97831       0.00000      22.00000
       8.99016       0.00000      22.00000
       9.00201       0.00000      22.00000
       9.01387       0.00000      22.00000
       9.02572       0.00000      22.00000
       9.03758       0.00000      22.00000
       9.04943       0.00000      22.00000
       9.06128       0.00000      22.00000
       9.07314       0.00000      22.00000
       9.08499       0.00000      22.00000
       9.09685       0.00000      22.00000
       9.10870       0.00000      22.00000
       9.12055       0.00000      22.00000
       9.13241       0.00000      22.00000
       9.14426       0.00000      22.00000
       9.15612       0.00000      22.00000
       9.16797       0.00000      22.00000
       9.17982       0.00000      22.00000
       9.19168       0.00000      22.00000
       9.20353       0.00000      22.00000
       9.21539       0.00000      22.00000
       9.22724       0.00000      22.00000
       9.23909       0.00000      22.00000
       9.25095       0.00000      22.00000
       9.26280       0.00001      22.00000
       9.27466       0.00013      22.00000
       9.28651       0.00104      22.00001
       9.29836       0.00681      22.00009
       9.31022       0.03679      22.00053
       9.32207       0.16448      22.00248
       9.33393       0.60820      22.00969
       9.34578       1.86022      22.03174
       9.35764       4.70612      22.08753
       9.36949       9.84794      22.20427
       9.38134      17.04555      22.40632
       9.39320      24.40390      22.69561
       9.40505      28.89950      23.03819
       9.41691      28.30769      23.37375
       9.42876      22.93515      23.64562
       9.44061      15.37027      23.82782
       9.45247       8.52010      23.92882
       9.46432       3.90652      23.97513
       9.47618       1.48156      23.99269
       9.48803       0.46476      23.99820
       9.49988       0.12059      23.99963
       9.51174       0.02588      23.99994
       9.52359       0.00459      23.99999
       9.53545       0.00067      24.00000
       9.54730       0.00008      24.00000
       9.55915       0.00001      24.00000
       9.57101       0.00000      24.00000
       9.58286       0.00000      24.00000
       9.59472       0.00000      24.00000
       9.60657       0.00000      24.00000
       9.61842       0.00000      24.00000
       9.63028       0.00000      24.00000
       9.64213       0.00000      24.00000
       9.65399       0.00000      24.00000
       9.66584       0.00000      24.00000
       9.67769       0.00000      24.00000
       9.68955       0.00000      24.00000
       9.70140       0.00000      24.00000
       9.71326       0.00000      24.00000
       9.72511       0.00000      24.00000
       9.73696       0.00000      24.00000
       9.74882       0.00000      24.00000
       9.76067       0.00000      24.00000
       9.77253       0.00000      24.00000
       9.78438       0.00000      24.00000
       9.79624       0.00000      24.00000
       9.80809       0.00000      24.00000
       9.81994       0.00000      24.00000
       9.83180       0.00000      24.00000
       9.84365       0.00000      24.00000
       9.85551       0.00000      24.00000
       9.86736       0.00000      24.00000
       9.87921       0.00000      24.00000
       9.89107       0.00000      24.00000
       9.90292       0.00000      24.00000
       9.91478       0.00000      24.00000
       9.92663       0.00000      24.00000
       9.93848       0.00000      24.00000
       9.95034       0.00000      24.00000
       9.96219       0.00000      24.00000
       9.97405       0.00000      24.00000
       9.98590       0.00000      24.00000
       9.99775       0.00000      24.00000
      10.00961       0.00000      24.00000
      10.02146       0.00000      24.00000
      10.03332       0.00000      24.00000
      10.04517       0.00000      24.00000
      10.05702       0.00000      24.00000
      10.06888       0.00000      24.00000
      10.08073       0.00000      24.00000
      10.09259       0.00000      24.00000
      10.10444       0.00000      24.00000
      10.11629       0.00000      24.00000
      10.12815       0.00000      24.00000
      10.14000       0.00000      24.00000
      10.15186       0.00000      24.00000
      10.16371       0.00000      24.00000
      10.17557       0.00000      24.00000
      10.18742       0.00000      24.00000
      10.19927       0.00000      24.00000
      10.21113       0.00000      24.00000
      10.22298       0.00000      24.00000
      10.23484       0.00000      24.00000
      10.24669       0.00000      24.00000
      10.25854       0.00000      24.00000
      10.27040       0.00000      24.00000
      10.28225       0.00000      24.00000
      10.29411       0.00000      24.00000
      10.30596       0.00000      24.00000
      10.31781       0.00000      24.00000
      10.32967       0.00000      24.00000
      10.34152       0.00000      24.00000
      10.35338       0.00000      24.00000
      10.36523       0.00000      24.00000
      10.37708       0.00000      24.00000
      10.38894       0.00000      24.00000
      10.40079       0.00000      24.00000
      10.41265       0.00000      24.00000
      10.42450       0.00000      24.00000
      10.43635       0.00000      24.00000
      10.44821       0.00000      24.00000
      10.46006       0.00000      24.00000
      10.47192       0.00000      24.00000
      10.48377       0.00000      24.00000
      10.49562       0.00000      24.00000
      10.50748       0.00000      24.00000
      10.51933       0.00000      24.00000
      10.53119       0.00000      24.00000
      10.54304       0.00005      24.00000
      10.55489       0.00040      24.00001
      10.56675       0.00288      24.00004
      10.57860       0.01701      24.00024
      10.59046       0.08314      24.00123
      10.60231       0.33618      24.00521
      10.61417       1.12447      24.01854
      10.62602       3.11100      24.05542
      10.63787       7.11928      24.13981
      10.64973      13.47582      24.29955
      10.66158      21.09878      24.54966
      10.67344      27.32408      24.87356
      10.68529      29.27102      25.22054
      10.69714      25.94532      25.52810
      10.70900      19.06671      25.75412
      10.72085      11.77678      25.89372
      10.73271       6.66733      25.97276
      10.74456       4.96931      26.03166
      10.75641       6.99912      26.11463
      10.76827      12.59554      26.26394
      10.78012      20.83467      26.51091
      10.79198      29.74422      26.86350
      10.80383      37.02164      27.30236
      10.81568      41.31731      27.79214
      10.82754      42.52407      28.29622
      10.83939      40.79149      28.77977
      10.85125      35.93367      29.20572
      10.86310      28.21840      29.54023
      10.87495      19.19456      29.76776
      10.88681      11.08185      29.89913
      10.89866       5.36485      29.96272
      10.91052       2.16336      29.98837
      10.92237       0.72414      29.99695
      10.93422       0.20085      29.99933
      10.94608       0.04612      29.99988
      10.95793       0.00876      29.99998
      10.96979       0.00138      30.00000
      10.98164       0.00018      30.00000
      10.99350       0.00002      30.00000
      11.00535       0.00000      30.00000
      11.01720       0.00000      30.00000
      11.02906       0.00000      30.00000
      11.04091       0.00000      30.00000
      11.05277       0.00000      30.00000
      11.06462       0.00000      30.00000
      11.07647       0.00000      30.00000
      11.08833       0.00000      30.00000
      11.10018       0.00000      30.00000
      11.11204       0.00000      30.00000
      11.12389       0.00000      30.00000
      11.13574       0.00000      30.00000
      11.14760       0.00000      30.00000
      11.15945       0.00000      30.00000
      11.17131       0.00000      30.00000
      11.18316       0.00000      30.00000
      11.19501       0.00000      30.00000
      11.20687       0.00000      30.00000
      11.21872       0.00000      30.00000
      11.23058       0.00000      30.00000
      11.24243       0.00000      30.00000
      11.25428       0.00000      30.00000
      11.26614       0.00000      30.00000
      11.27799       0.00000      30.00000
      11.28985       0.00000      30.00000
      11.30170       0.00000      30.00000
      11.31355       0.00000      30.00000
      11.32541       0.00000      30.00000
      11.33726       0.00000      30.00000
      11.34912       0.00000      30.00000
      11.36097       0.00000      30.00000
      11.37283       0.00000      30.00000
      11.38468       0.00000      30.00000
      11.39653       0.00000      30.00000
      11.40839       0.00000      30.00000
      11.42024       0.00000      30.00000
      11.43210       0.00000      30.00000
      11.44395       0.00000      30.00000
      11.45580       0.00000      30.00000
      11.46766       0.00000      30.00000
      11.47951       0.00000      30.00000
      11.49137       0.00004      30.00000
      11.50322       0.00039      30.00000
      11.51507       0.00278      30.00004
      11.52693       0.01648      30.00023
      11.53878       0.08087      30.00119
      11.55064       0.32818      30.00508
      11.56249       1.10156      30.01814
      11.57434       3.05832      30.05439
      11.58620       7.02330      30.13765
      11.59805      13.34082      30.29579
      11.60991      20.96076      30.54426
      11.62176      27.24045      30.86717
      11.63361      29.28226      31.21428
      11.64547      26.03621      31.52292
      11.65732      19.14846      31.74991
      11.66918      11.64858      31.88799
      11.68103       5.86131      31.95747
      11.69288       2.43949      31.98639
      11.70474       0.83982      31.99634
      11.71659       0.23914      31.99918
      11.72845       0.05633      31.99985
      11.74030       0.01097      31.99998
      11.75215       0.00177      32.00000
      11.76401       0.00024      32.00000
      11.77586       0.00003      32.00000
      11.78772       0.00000      32.00000
      11.79957       0.00000      32.00000
      11.81143       0.00000      32.00000
      11.82328       0.00000      32.00000
      11.83513       0.00000      32.00000
      11.84699       0.00000      32.00000
      11.85884       0.00000      32.00000
      11.87070       0.00000      32.00000
      11.88255       0.00000      32.00000
      11.89440       0.00000      32.00000
      11.90626       0.00000      32.00000
      11.91811       0.00000      32.00000
      11.92997       0.00000      32.00000
      11.94182       0.00002      32.00000
      11.95367       0.00021      32.00000
      11.96553       0.00157      32.00002
      11.97738       0.00987      32.00014
      11.98924       0.05123      32.00075
      12.00109       0.22005      32.00335
      12.01294       0.78182      32.01262
      12.02480       2.29760      32.03986
      12.03665       5.58501      32.10606
      12.04851      11.22937      32.23918
      12.06036      18.67539      32.46056
      12.07221      25.69018      32.76509
      12.08407      29.23126      33.11160
      12.09592      27.51129      33.43772
      12.10778      21.41693      33.69160
      12.11963      13.79071      33.85507
      12.13148       7.34512      33.94214
      12.14334       3.23589      33.98050
      12.15519       1.17916      33.99448
      12.16705       0.35541      33.99869
      12.17890       0.08861      33.99974
      12.19076       0.01827      33.99996
      12.20261       0.00312      33.99999
      12.21446       0.00044      34.00000
      12.22632       0.00005      34.00000
      12.23817       0.00000      34.00000
      12.25003       0.00000      34.00000
      12.26188       0.00000      34.00000
      12.27373       0.00000      34.00000
      12.28559       0.00000      34.00000
      12.29744       0.00000      34.00000
      12.30930       0.00000      34.00000
      12.32115       0.00000      34.00000
      12.33300       0.00000      34.00000
      12.34486       0.00000      34.00000
      12.35671       0.00000      34.00000
      12.36857       0.00000      34.00000
      12.38042       0.00000      34.00000
      12.39227       0.00000      34.00000
      12.40413       0.00000      34.00000
      12.41598       0.00000      34.00000
      12.42784       0.00000      34.00000
      12.43969       0.00000      34.00000
      12.45154       0.00000      34.00000
      12.46340       0.00000      34.00000
      12.47525       0.00000      34.00000
      12.48711       0.00000      34.00000
      12.49896       0.00000      34.00000
      12.51081       0.00000      34.00000
      12.52267       0.00000      34.00000
      12.53452       0.00000      34.00000
      12.54638       0.00000      34.00000
      12.55823       0.00000      34.00000
      12.57008       0.00000      34.00000
      12.58194       0.00000      34.00000
      12.59379       0.00000      34.00000
      12.60565       0.00000      34.00000
      12.61750       0.00000      34.00000
      12.62936       0.00000      34.00000
      12.64121       0.00000      34.00000
      12.65306       0.00000      34.00000
      12.66492       0.00000      34.00000
      12.67677       0.00000      34.00000
      12.68863       0.00000      34.00000
      12.70048       0.00000      34.00000
      12.71233       0.00000      34.00000
      12.72419       0.00000      34.00000
      12.73604       0.00000      34.00000
      12.74790       0.00000      34.00000
      12.75975       0.00000      34.00000
      12.77160       0.00000      34.00000
      12.78346       0.00000      34.00000
      12.79531       0.00000      34.00000
      12.80717       0.00000      34.00000
      12.81902       0.00000      34.00000
      12.83087       0.00000      34.00000
      12.84273       0.00000      34.00000
      12.85458       0.00000      34.00000
      12.86644       0.00000      34.00000
      12.87829       0.00000      34.00000
      12.89014       0.00000      34.00000
      12.90200       0.00000      34.00000
      12.91385       0.00000      34.00000
      12.92571       0.00000      34.00000
      12.93756       0.00000      34.00000
      12.94941       0.00000      34.00000
      12.96127       0.00000      34.00000
      12.97312       0.00000      34.00000
      12.98498       0.00000      34.00000
      12.99683       0.00000      34.00000
      13.00869       0.00000      34.00000
      13.02054       0.00000      34.00000
      13.03239       0.00000      34.00000
      13.04425       0.00000      34.00000
      13.05610       0.00000      34.00000
      13.06796       0.00000      34.00000
      13.07981       0.00000      34.00000
      13.09166       0.00000      34.00000
      13.10352       0.00000      34.00000
      13.11537       0.00000      34.00000
      13.12723       0.00000      34.00000
      13.13908       0.00000      34.00000
      13.15093       0.00000      34.00000
      13.16279       0.00000      34.00000
      13.17464       0.00000      34.00000
      13.18650       0.00000      34.00000
      13.19835       0.00000      34.00000
      13.21020       0.00000      34.00000
      13.22206       0.00000      34.00000
      13.23391       0.00000      34.00000
      13.24577       0.00000      34.00000
      13.25762       0.00000      34.00000
      13.26947       0.00000      34.00000
      13.28133       0.00000      34.00000
      13.29318       0.00000      34.00000
      13.30504       0.00000      34.00000
      13.31689       0.00000      34.00000
      13.32874       0.00000      34.00000
      13.34060       0.00000      34.00000
      13.35245       0.00000      34.00000
      13.36431       0.00000      34.00000
      13.37616       0.00000      34.00000
      13.38801       0.00000      34.00000
      13.39987       0.00000      34.00000
      13.41172       0.00000      34.00000
      13.42358       0.00000      34.00000
      13.43543       0.00000      34.00000
      13.44729       0.00000      34.00000
      13.45914       0.00000      34.00000
      13.47099       0.00000      34.00000
      13.48285       0.00000      34.00000
      13.49470       0.00000      34.00000
      13.50656       0.00000      34.00000
      13.51841       0.00000      34.00000
      13.53026       0.00000      34.00000
      13.54212       0.00000      34.00000
      13.55397       0.00000      34.00000
      13.56583       0.00000      34.00000
      13.57768       0.00000      34.00000
      13.58953       0.00000      34.00000
      13.60139       0.00000      34.00000
      13.61324       0.00000      34.00000
      13.62510       0.00000      34.00000
      13.63695       0.00000      34.00000
      13.64880       0.00000      34.00000
      13.66066       0.00000      34.00000
      13.67251       0.00000      34.00000
      13.68437       0.00000      34.00000
      13.69622       0.00000      34.00000
      13.70807       0.00000      34.00000
      13.71993       0.00000      34.00000
      13.73178       0.00000      34.00000
      13.74364       0.00000      34.00000
      13.75549       0.00000      34.00000
      13.76734       0.00000      34.00000
      13.77920       0.00000      34.00000
      13.79105       0.00000      34.00000
      13.80291       0.00000      34.00000
      13.81476       0.00000      34.00000
      13.82662       0.00000      34.00000
      13.83847       0.00000      34.00000
      13.85032       0.00000      34.00000
      13.86218       0.00000      34.00000
      13.87403       0.00000      34.00000
      13.88589       0.00000      34.00000
      13.89774       0.00000      34.00000
      13.90959       0.00000      34.00000
      13.92145       0.00000      34.00000
      13.93330       0.00000      34.00000
      13.94516       0.00000      34.00000
      13.95701       0.00000      34.00000
      13.96886       0.00000      34.00000
      13.98072       0.00000      34.00000
      13.99257       0.00000      34.00000
      14.00443       0.00000      34.00000
      14.01628       0.00000      34.00000
      14.02813       0.00000      34.00000
      14.03999       0.00000      34.00000
      14.05184       0.00000      34.00000
      14.06370       0.00000      34.00000
      14.07555       0.00000      34.00000
      14.08740       0.00000      34.00000
      14.09926       0.00000      34.00000
      14.11111       0.00000      34.00000
      14.12297       0.00000      34.00000
      14.13482       0.00000      34.00000
      14.14667       0.00000      34.00000
      14.15853       0.00000      34.00000
      14.17038       0.00000      34.00000
      14.18224       0.00000      34.00000
      14.19409       0.00000      34.00000
      14.20595       0.00000      34.00000
      14.21780       0.00000      34.00000
      14.22965       0.00000      34.00000
      14.24151       0.00000      34.00000
      14.25336       0.00000      34.00000
      14.26522       0.00000      34.00000
      14.27707       0.00000      34.00000
      14.28892       0.00000      34.00000
      14.30078       0.00000      34.00000
      14.31263       0.00000      34.00000
      14.32449       0.00000      34.00000
      14.33634       0.00000      34.00000
      14.34819       0.00000      34.00000
      14.36005       0.00000      34.00000
      14.37190       0.00000      34.00000
      14.38376       0.00000      34.00000
      14.39561       0.00000      34.00000
      14.40746       0.00000      34.00000
      14.41932       0.00000      34.00000
      14.43117       0.00000      34.00000
      14.44303       0.00000      34.00000
      14.45488       0.00000      34.00000
      14.46673       0.00000      34.00000
      14.47859       0.00000      34.00000
      14.49044       0.00000      34.00000
      14.50230       0.00000      34.00000
      14.51415       0.00000      34.00000
      14.52600       0.00000      34.00000
      14.53786       0.00000      34.00000
      14.54971       0.00000      34.00000
      14.56157       0.00000      34.00000
      14.57342       0.00000      34.00000
      14.58527       0.00000      34.00000
      14.59713       0.00000      34.00000
      14.60898       0.00000      34.00000
      14.62084       0.00000      34.00000
      14.63269       0.00000      34.00000
      14.64455       0.00000      34.00000
      14.65640       0.00000      34.00000
      14.66825       0.00000      34.00000
      14.68011       0.00000      34.00000
      14.69196       0.00000      34.00000
      14.70382       0.00000      34.00000
      14.71567       0.00000      34.00000
      14.72752       0.00000      34.00000
      14.73938       0.00000      34.00000
      14.75123       0.00000      34.00000
      14.76309       0.00000      34.00000
      14.77494       0.00000      34.00000
      14.78679       0.00000      34.00000
      14.79865       0.00000      34.00000
      14.81050       0.00000      34.00000
      14.82236       0.00000      34.00000
      14.83421       0.00000      34.00000
      14.84606       0.00000      34.00000
      14.85792       0.00000      34.00000
      14.86977       0.00000      34.00000
      14.88163       0.00000      34.00000
      14.89348       0.00000      34.00000
      14.90533       0.00000      34.00000
      14.91719       0.00000      34.00000
      14.92904       0.00002      34.00000
      14.94090       0.00017      34.00000
      14.95275       0.00134      34.00002
      14.96460       0.00852      34.00012
      14.97646       0.04495      34.00065
      14.98831       0.19618      34.00298
      15.00017       0.70817      34.01137
      15.01202       2.11451      34.03644
      15.02388       5.22232      34.09834
      15.03573      10.66845      34.22481
      15.04758      18.02694      34.43850
      15.05944      25.19565      34.73717
      15.07129      29.12809      35.08246
      15.08315      27.85361      35.41264
      15.09500      22.03098      35.67379
      15.10685      14.41349      35.84465
      15.11871       7.79987      35.93711
      15.13056       3.49131      35.97850
      15.14242       1.29263      35.99382
      15.15427       0.39586      35.99851
      15.16612       0.10027      35.99970
      15.17798       0.02101      35.99995
      15.18983       0.00365      35.99999
      15.20169       0.00058      36.00000
      15.21354       0.00055      36.00001
      15.22539       0.00342      36.00005
      15.23725       0.01982      36.00028
      15.24910       0.09525      36.00141
      15.26096       0.37851      36.00590
      15.27281       1.24421      36.02065
      15.28466       3.38292      36.06075
      15.29652       7.60803      36.15093
      15.30837      14.15258      36.31870
      15.32023      21.77619      36.57684
      15.33208      27.71476      36.90537
      15.34393      29.17582      37.25122
      15.35579      25.40494      37.55237
      15.36764      18.29768      37.76927
      15.37950      10.90077      37.89849
      15.39135       5.37156      37.96217
      15.40320       2.18941      37.98812
      15.41506       0.73814      37.99687
      15.42691       0.20584      37.99931
      15.43877       0.04748      37.99987
      15.45062       0.00906      37.99998
      15.46248       0.00143      38.00000
      15.47433       0.00019      38.00000
      15.48618       0.00002      38.00000
      15.49804       0.00000      38.00000
      15.50989       0.00000      38.00000
      15.52175       0.00000      38.00000
      15.53360       0.00000      38.00000
      15.54545       0.00000      38.00000
      15.55731       0.00000      38.00000
      15.56916       0.00000      38.00000
      15.58102       0.00000      38.00000
      15.59287       0.00000      38.00000
      15.60472       0.00000      38.00000
      15.61658       0.00000      38.00000
      15.62843       0.00000      38.00000
      15.64029       0.00000      38.00000
      15.65214       0.00000      38.00000
      15.66399       0.00000      38.00000
      15.67585       0.00000      38.00000
      15.68770       0.00000      38.00000
      15.69956       0.00000      38.00000
      15.71141       0.00000      38.00000
      15.72326       0.00000      38.00000
      15.73512       0.00000      38.00000
      15.74697       0.00000      38.00000
      15.75883       0.00000      38.00000
      15.77068       0.00000      38.00000
      15.78253       0.00000      38.00000
      15.79439       0.00000      38.00000
      15.80624       0.00000      38.00000
      15.81810       0.00001      38.00000
      15.82995       0.00013      38.00000
      15.84181       0.00099      38.00001
      15.85366       0.00651      38.00009
      15.86551       0.03537      38.00051
      15.87737       0.15885      38.00239
      15.88922       0.59017      38.00939
      15.90108       1.81356      38.03089
      15.91293       4.60971      38.08553
      15.92478       9.69164      38.20042
      15.93664      16.85405      38.40020
      15.94849      24.24343      38.68759
      15.96035      28.84476      39.02952
      15.97220      28.38720      39.36602
      15.98405      23.10794      39.63994
      15.99591      15.55904      39.82438
      16.00776       8.66537      39.92710
      16.01962       3.99185      39.97442
      16.03147       1.52106      39.99245
      16.04332       0.47940      39.99813
      16.05518       0.12498      39.99961
      16.06703       0.02695      39.99993
      16.07889       0.00481      39.99999
      16.09074       0.00071      40.00000
      16.10259       0.00009      40.00000
      16.11445       0.00001      40.00000
      16.12630       0.00000      40.00000
      16.13816       0.00000      40.00000
      16.15001       0.00000      40.00000
      16.16186       0.00000      40.00000
      16.17372       0.00000      40.00000
      16.18557       0.00000      40.00000
      16.19743       0.00000      40.00000
      16.20928       0.00000      40.00000
      16.22113       0.00000      40.00000
      16.23299       0.00000      40.00000
      16.24484       0.00000      40.00000
      16.25670       0.00000      40.00000
      16.26855       0.00000      40.00000
      16.28041       0.00000      40.00000
      16.29226       0.00000      40.00000
      16.30411       0.00000      40.00000
      16.31597       0.00000      40.00000
      16.32782       0.00000      40.00000
      16.33968       0.00000      40.00000
      16.35153       0.00000      40.00000
      16.36338       0.00000      40.00000
      16.37524       0.00000      40.00000
      16.38709       0.00000      40.00000
      16.39895       0.00000      40.00000
      16.41080       0.00000      40.00000
      16.42265       0.00000      40.00000
      16.43451       0.00000      40.00000
      16.44636       0.00000      40.00000
      16.45822       0.00000      40.00000
      16.47007       0.00000      40.00000
      16.48192       0.00000      40.00000
      16.49378       0.00000      40.00000
      16.50563       0.00000      40.00000
      16.51749       0.00000      40.00000
      16.52934       0.00000      40.00000
      16.54119       0.00000      40.00000
      16.55305       0.00000      40.00000
      16.56490       0.00000      40.00000
      16.57676       0.00000      40.00000
      16.58861       0.00000      40.00000
      16.60046       0.00000      40.00000
      16.61232       0.00000      40.00000
      16.62417       0.00000      40.00000
      16.63603       0.00000      40.00000
      16.64788       0.00000      40.00000
      16.65974       0.00000      40.00000
      16.67159       0.00000      40.00000
      16.68344       0.00000      40.00000
      16.69530       0.00000      40.00000
      16.70715       0.00000      40.00000
      16.71901       0.00000      40.00000
      16.73086       0.00000      40.00000
      16.74271       0.00000      40.00000
      16.75457       0.00000      40.00000
      16.76642       0.00000      40.00000
      16.77828       0.00000      40.00000
      16.79013       0.00000      40.00000
      16.80198       0.00000      40.00000
      16.81384       0.00000      40.00000
      16.82569       0.00000      40.00000
      16.83755       0.00000      40.00000
      16.84940       0.00000      40.00000
      16.86125       0.00000      40.00000
      16.87311       0.00000      40.00000
      16.88496       0.00000      40.00000
      16.89682       0.00000      40.00000
      16.90867       0.00000      40.00000
      16.92052       0.00000      40.00000
      16.93238       0.00000      40.00000
      16.94423       0.00000      40.00000
      16.95609       0.00000      40.00000
      16.96794       0.00000      40.00000
      16.97979       0.00000      40.00000
      16.99165       0.00000      40.00000
      17.00350       0.00000      40.00000
      17.01536       0.00000      40.00000
      17.02721       0.00000      40.00000
      17.03907       0.00000      40.00000
      17.05092       0.00000      40.00000
      17.06277       0.00000      40.00000
      17.07463       0.00000      40.00000
      17.08648       0.00000      40.00000
      17.09834       0.00000      40.00000
      17.11019       0.00000      40.00000
      17.12204       0.00000      40.00000
      17.13390       0.00000      40.00000
      17.14575       0.00000      40.00000
      17.15761       0.00000      40.00000
      17.16946       0.00000      40.00000
      17.18131       0.00000      40.00000
      17.19317       0.00000      40.00000
      17.20502       0.00000      40.00000
      17.21688       0.00000      40.00000
      17.22873       0.00000      40.00000
      17.24058       0.00000      40.00000
      17.25244       0.00000      40.00000
      17.26429       0.00000      40.00000
      17.27615       0.00000      40.00000
      17.28800       0.00000      40.00000
      17.29985       0.00000      40.00000
      17.31171       0.00000      40.00000
      17.32356       0.00000      40.00000
      17.33542       0.00000      40.00000
      17.34727       0.00000      40.00000
      17.35912       0.00000      40.00000
      17.37098       0.00000      40.00000
      17.38283       0.00000      40.00000
      17.39469       0.00000      40.00000
      17.40654       0.00000      40.00000
      17.41839       0.00000      40.00000
      17.43025       0.00000      40.00000
      17.44210       0.00000      40.00000
      17.45396       0.00000      40.00000
      17.46581       0.00000      40.00000
      17.47767       0.00000      40.00000
      17.48952       0.00000      40.00000
      17.50137       0.00000      40.00000
      17.51323       0.00000      40.00000
      17.52508       0.00000      40.00000
      17.53694       0.00000      40.00000
      17.54879       0.00000      40.00000
      17.56064       0.00000      40.00000
      17.57250       0.00000      40.00000
      17.58435       0.00000      40.00000
      17.59621       0.00000      40.00000
      17.60806       0.00000      40.00000
      17.61991       0.00000      40.00000
      17.63177       0.00000      40.00000
      17.64362       0.00000      40.00000
      17.65548       0.00000      40.00000
      17.66733       0.00000      40.00000
      17.67918       0.00000      40.00000
      17.69104       0.00000      40.00000
      17.70289       0.00000      40.00000
      17.71475       0.00000      40.00000
      17.72660       0.00000      40.00000
      17.73845       0.00000      40.00000
      17.75031       0.00000      40.00000
      17.76216       0.00000      40.00000
      17.77402       0.00000      40.00000
      17.78587       0.00000      40.00000
      17.79772       0.00000      40.00000
      17.80958       0.00000      40.00000
      17.82143       0.00000      40.00000
      17.83329       0.00000      40.00000
      17.84514       0.00000      40.00000
      17.85700       0.00000      40.00000
      17.86885       0.00000      40.00000
      17.88070       0.00000      40.00000
      17.89256       0.00000      40.00000
      17.90441       0.00000      40.00000
      17.91627       0.00000      40.00000
      17.92812       0.00000      40.00000
      17.93997       0.00000      40.00000
      17.95183       0.00000      40.00000
      17.96368       0.00000      40.00000
      17.97554       0.00000      40.00000
      17.98739       0.00000      40.00000
      17.99924       0.00000      40.00000
      18.01110       0.00000      40.00000
      18.02295       0.00000      40.00000
      18.03481       0.00000      40.00000
      18.04666       0.00000      40.00000
      18.05851       0.00000      40.00000
      18.07037       0.00000      40.00000
      18.08222       0.00000      40.00000
      18.09408       0.00000      40.00000
      18.10593       0.00000      40.00000
      18.11778       0.00000      40.00000
      18.12964       0.00000      40.00000
      18.14149       0.00000      40.00000
      18.15335       0.00000      40.00000
      18.16520       0.00000      40.00000
      18.17705       0.00000      40.00000
      18.18891       0.00000      40.00000
      18.20076       0.00000      40.00000
      18.21262       0.00000      40.00000
      18.22447       0.00000      40.00000
      18.23632       0.00000      40.00000
      18.24818       0.00000      40.00000
      18.26003       0.00000      40.00000
      18.27189       0.00000      40.00000
      18.28374       0.00000      40.00000
      18.29560       0.00000      40.00000
      18.30745       0.00000      40.00000
      18.31930       0.00000      40.00000
      18.33116       0.00000      40.00000
      18.34301       0.00000      40.00000
      18.35487       0.00000      40.00000
      18.36672       0.00000      40.00000
      18.37857       0.00000      40.00000
      18.39043       0.00000      40.00000
      18.40228       0.00000      40.00000
      18.41414       0.00000      40.00000
      18.42599       0.00000      40.00000
      18.43784       0.00000      40.00000
      18.44970       0.00000      40.00000
      18.46155       0.00000      40.00000
      18.47341       0.00000      40.00000
      18.48526       0.00000      40.00000
      18.49711       0.00000      40.00000
      18.50897       0.00000      40.00000
      18.52082       0.00000      40.00000
      18.53268       0.00000      40.00000
      18.54453       0.00000      40.00000
      18.55638       0.00000      40.00000
      18.56824       0.00000      40.00000
      18.58009       0.00000      40.00000
      18.59195       0.00000      40.00000
      18.60380       0.00000      40.00000
      18.61565       0.00000      40.00000
      18.62751       0.00000      40.00000
      18.63936       0.00000      40.00000
      18.65122       0.00000      40.00000
      18.66307       0.00000      40.00000
      18.67493       0.00000      40.00000
      18.68678       0.00000      40.00000
      18.69863       0.00000      40.00000
      18.71049       0.00000      40.00000
      18.72234       0.00000      40.00000
      18.73420       0.00000      40.00000
      18.74605       0.00000      40.00000
      18.75790       0.00000      40.00000
      18.76976       0.00000      40.00000
      18.78161       0.00000      40.00000
      18.79347       0.00000      40.00000
      18.80532       0.00000      40.00000
      18.81717       0.00000      40.00000
      18.82903       0.00000      40.00000
      18.84088       0.00000      40.00000
      18.85274       0.00000      40.00000
      18.86459       0.00000      40.00000
      18.87644       0.00000      40.00000
      18.88830       0.00000      40.00000
      18.90015       0.00000      40.00000
      18.91201       0.00000      40.00000
      18.92386       0.00000      40.00000
      18.93571       0.00000      40.00000
      18.94757       0.00000      40.00000
      18.95942       0.00000      40.00000
      18.97128       0.00000      40.00000
      18.98313       0.00000      40.00000
      18.99498       0.00000      40.00000
      19.00684       0.00000      40.00000
      19.01869       0.00000      40.00000
      19.03055       0.00000      40.00000
      19.04240       0.00001      40.00000
      19.05425       0.00010      40.00000
      19.06611       0.00082      40.00001
      19.07796       0.00548      40.00008
      19.08982       0.03032      40.00044
      19.10167       0.13869      40.00208
      19.11353       0.52472      40.00830
      19.12538       1.64205      40.02776
      19.13723       4.25035      40.07815
      19.14909       9.10008      40.18602
      19.16094      16.11570      40.37706
      19.17280      23.60673      40.65689
      19.18465      28.60260      40.99595
      19.19650      28.66540      41.33575
      19.20836      23.76258      41.61743
      19.22021      16.29341      41.81058
      19.23207       9.24088      41.92012
      19.24392       4.33509      41.97151
      19.25577       1.68215      41.99145
      19.26763       0.53990      41.99785
      19.27948       0.14333      41.99955
      19.29134       0.03147      41.99992
      19.30319       0.00572      41.99999
      19.31504       0.00086      42.00000
      19.32690       0.00011      42.00000
      19.33875       0.00001      42.00000
      19.35061       0.00000      42.00000
      19.36246       0.00000      42.00000
      19.37431       0.00000      42.00000
      19.38617       0.00000      42.00000
      19.39802       0.00000      42.00000
      19.40988       0.00000      42.00000
      19.42173       0.00000      42.00000
      19.43358       0.00000      42.00000
      19.44544       0.00000      42.00000
      19.45729       0.00000      42.00000
      19.46915       0.00000      42.00000
      19.48100       0.00000      42.00000
      19.49286       0.00000      42.00000
      19.50471       0.00000      42.00000
      19.51656       0.00000      42.00000
      19.52842       0.00000      42.00000
      19.54027       0.00000      42.00000
      19.55213       0.00000      42.00000
      19.56398       0.00000      42.00000
      19.57583       0.00000      42.00000
      19.58769       0.00000      42.00000
      19.59954       0.00000      42.00000
      19.61140       0.00000      42.00000
      19.62325       0.00000      42.00000
      19.63510       0.00000      42.00000
      19.64696       0.00000      42.00000
      19.65881       0.00000      42.00000
      19.67067       0.00000      42.00000
      19.68252       0.00000      42.00000
      19.69437       0.00000      42.00000
      19.70623       0.00000      42.00000
      19.71808       0.00000      42.00000
      19.72994       0.00000      42.00000
      19.74179       0.00000      42.00000
      19.75364       0.00000      42.00000
      19.76550       0.00000      42.00000
      19.77735       0.00000      42.00000
      19.78921       0.00000      42.00000
      19.80106       0.00000      42.00000
      19.81291       0.00000      42.00000
      19.82477       0.00000      42.00000
      19.83662       0.00000      42.00000
      19.84848       0.00000      42.00000
      19.86033       0.00000      42.00000
      19.87219       0.00000      42.00000
      19.88404       0.00000      42.00000
      19.89589       0.00000      42.00000
      19.90775       0.00000      42.00000
      19.91960       0.00000      42.00000
      19.93146       0.00000      42.00000
      19.94331       0.00000      42.00000
      19.95516       0.00000      42.00000
      19.96702       0.00000      42.00000
      19.97887       0.00000      42.00000
      19.99073       0.00000      42.00000
      20.00258       0.00000      42.00000
      20.01443       0.00000      42.00000
      20.02629       0.00000      42.00000
      20.03814       0.00000      42.00000
      20.05000       0.00000      42.00000
      20.06185       0.00000      42.00000
      20.07370       0.00000      42.00000
      20.08556       0.00000      42.00000
      20.09741       0.00000      42.00000
      20.10927       0.00000      42.00000
      20.12112       0.00000      42.00000
      20.13297       0.00000      42.00000
      20.14483       0.00000      42.00000
      20.15668       0.00000      42.00000
      20.16854       0.00000      42.00000
      20.18039       0.00000      42.00000
      20.19224       0.00000      42.00000
      20.20410       0.00000      42.00000
      20.21595       0.00000      42.00000
      20.22781       0.00000      42.00000
      20.23966       0.00003      42.00000
      20.25151       0.00029      42.00000
      20.26337       0.00213      42.00003
      20.27522       0.01297      42.00018
      20.28708       0.06534      42.00096
      20.29893       0.27234      42.00419
      20.31079       0.93899      42.01532
      20.32264       2.67787      42.04706
      20.33449       6.31683      42.12194
      20.34635      12.32515      42.26804
      20.35820      19.89154      42.50384
      20.37006      26.55383      42.81861
      20.38191      29.32034      43.16617
      20.39376      26.77896      43.48361
      20.40562      20.23027      43.72342
      20.41747      12.64137      43.87328
      20.42933       6.53429      43.95073
      20.44118       2.79680      43.98389
      20.45303       1.00791      43.99583
      20.46489       0.38546      44.00040
      20.47674       0.45288      44.00577
      20.48860       1.27070      44.02084
      20.50045       3.41331      44.06130
      20.51230       7.65819      44.15208
      20.52416      14.22065      44.32065
      20.53601      21.84297      44.57958
      20.54787      27.75159      44.90855
      20.55972      29.16400      45.25426
      20.57157      25.35065      45.55477
      20.58343      18.22696      45.77083
      20.59528      10.83982      45.89933
      20.60714       5.33228      45.96254
      20.61899       2.16964      45.98825
      20.63084       0.73020      45.99691
      20.64270       0.20327      45.99932
      20.65455       0.04681      45.99987
      20.66641       0.00891      45.99998
      20.67826       0.00140      46.00000
      20.69012       0.00018      46.00000
      20.70197       0.00002      46.00000
      20.71382       0.00000      46.00000
      20.72568       0.00000      46.00000
      20.73753       0.00000      46.00000
      20.74939       0.00000      46.00000
      20.76124       0.00000      46.00000
      20.77309       0.00000      46.00000
      20.78495       0.00000      46.00000
      20.79680       0.00000      46.00000
      20.80866       0.00000      46.00000
      20.82051       0.00000      46.00000
      20.83236       0.00000      46.00000
      20.84422       0.00000      46.00000
      20.85607       0.00000      46.00000
      20.86793       0.00000      46.00000
      20.87978       0.00000      46.00000
      20.89163       0.00000      46.00000
      20.90349       0.00000      46.00000
      20.91534       0.00000      46.00000
      20.92720       0.00000      46.00000
      20.93905       0.00000      46.00000
      20.95090       0.00000      46.00000
      20.96276       0.00000      46.00000
      20.97461       0.00000      46.00000
      20.98647       0.00000      46.00000
      20.99832       0.00000      46.00000
      21.01017       0.00000      46.00000
      21.02203       0.00000      46.00000
      21.03388       0.00000      46.00000
      21.04574       0.00000      46.00000
      21.05759       0.00000      46.00000
      21.06944       0.00000      46.00000
      21.08130       0.00000      46.00000
      21.09315       0.00000      46.00000
      21.10501       0.00000      46.00000
      21.11686       0.00000      46.00000
      21.12872       0.00000      46.00000
      21.14057       0.00000      46.00000
      21.15242       0.00000      46.00000
      21.16428       0.00000      46.00000
      21.17613       0.00000      46.00000
      21.18799       0.00000      46.00000
      21.19984       0.00000      46.00000
      21.21169       0.00000      46.00000
      21.22355       0.00000      46.00000
      21.23540       0.00000      46.00000
      21.24726       0.00000      46.00000
      21.25911       0.00000      46.00000
      21.27096       0.00000      46.00000
      21.28282       0.00000      46.00000
      21.29467       0.00000      46.00000
      21.30653       0.00000      46.00000
      21.31838       0.00000      46.00000
      21.33023       0.00000      46.00000
      21.34209       0.00000      46.00000
      21.35394       0.00000      46.00000
      21.36580       0.00000      46.00000
      21.37765       0.00000      46.00000
      21.38950       0.00000      46.00000
      21.40136       0.00000      46.00000
      21.41321       0.00000      46.00000
      21.42507       0.00000      46.00000
      21.43692       0.00000      46.00000
      21.44877       0.00000      46.00000
      21.46063       0.00000      46.00000
      21.47248       0.00000      46.00000
      21.48434       0.00000      46.00000
      21.49619       0.00000      46.00000
      21.50805       0.00000      46.00000
      21.51990       0.00000      46.00000
      21.53175       0.00000      46.00000
      21.54361       0.00000      46.00000
      21.55546       0.00000      46.00000
      21.56732       0.00000      46.00000
      21.57917       0.00000      46.00000
      21.59102       0.00000      46.00000
      21.60288       0.00000      46.00000
      21.61473       0.00000      46.00000
      21.62659       0.00000      46.00000
      21.63844       0.00000      46.00000
      21.65029       0.00000      46.00000
      21.66215       0.00000      46.00000
      21.67400       0.00000      46.00000
      21.68586       0.00000      46.00000
      21.69771       0.00000      46.00000
      21.70956       0.00000      46.00000
      21.72142       0.00000      46.00000
      21.73327       0.00000      46.00000
      21.74513       0.00000      46.00000
      21.75698       0.00000      46.00000
      21.76883       0.00000      46.00000
      21.78069       0.00000      46.00000
      21.79254       0.00000      46.00000
      21.80440       0.00000      46.00000
      21.81625       0.00000      46.00000
      21.82810       0.00000      46.00000
      21.83996       0.00000      46.00000
      21.85181       0.00000      46.00000
      21.86367       0.00000      46.00000
      21.87552       0.00000      46.00000
      21.88737       0.00000      46.00000
      21.89923       0.00000      46.00000
      21.91108       0.00000      46.00000
      21.92294       0.00000      46.00000
      21.93479       0.00000      46.00000
      21.94665       0.00000      46.00000
      21.95850       0.00000      46.00000
      21.97035       0.00000      46.00000
      21.98221       0.00000      46.00000
      21.99406       0.00000      46.00000
      22.00592       0.00000      46.00000
      22.01777       0.00001      46.00000
      22.02962       0.00008      46.00000
      22.04148       0.00066      46.00001
      22.05333       0.00450      46.00006
      22.06519       0.02541      46.00036
      22.07704       0.11863      46.00177
      22.08889       0.45818      46.00720
      22.10075       1.46374      46.02455
      22.11260       3.86786      46.07040
      22.12446       8.45397      46.17062
      22.13631      15.28389      46.35179
      22.14816      22.85546      46.62272
      22.16002      28.27021      46.95784
      22.17187      28.92351      47.30070
      22.18373      24.47687      47.59085
      22.19558      17.13341      47.79395
      22.20743       9.92007      47.91154
      22.21929       4.75082      47.96786
      22.23114       1.88194      47.99017
      22.24300       0.61663      47.99748
      22.25485       0.16712      47.99946
      22.26670       0.03746      47.99990
      22.27856       0.00695      47.99999
      22.29041       0.00107      48.00000
      22.30227       0.00014      48.00000
      22.31412       0.00001      48.00000
      22.32598       0.00000      48.00000
      22.33783       0.00000      48.00000
      22.34968       0.00000      48.00000
      22.36154       0.00000      48.00000
      22.37339       0.00000      48.00000
      22.38525       0.00000      48.00000
      22.39710       0.00000      48.00000
      22.40895       0.00000      48.00000
      22.42081       0.00000      48.00000
      22.43266       0.00000      48.00000
      22.44452       0.00000      48.00000
      22.45637       0.00000      48.00000
      22.46822       0.00000      48.00000
      22.48008       0.00000      48.00000
      22.49193       0.00000      48.00000
      22.50379       0.00000      48.00000
      22.51564       0.00000      48.00000
      22.52749       0.00000      48.00000
      22.53935       0.00000      48.00000
      22.55120       0.00000      48.00000
      22.56306       0.00000      48.00000
      22.57491       0.00000      48.00000
      22.58676       0.00000      48.00000
      22.59862       0.00000      48.00000
      22.61047       0.00000      48.00000
      22.62233       0.00000      48.00000
      22.63418       0.00000      48.00000
      22.64603       0.00000      48.00000
      22.65789       0.00000      48.00000
      22.66974       0.00000      48.00000
      22.68160       0.00000      48.00000
      22.69345       0.00000      48.00000
      22.70531       0.00000      48.00000
      22.71716       0.00000      48.00000
      22.72901       0.00000      48.00000
      22.74087       0.00000      48.00000
      22.75272       0.00000      48.00000
      22.76458       0.00000      48.00000
      22.77643       0.00000      48.00000
      22.78828       0.00000      48.00000
      22.80014       0.00000      48.00000
      22.81199       0.00000      48.00000
      22.82385       0.00000      48.00000
      22.83570       0.00000      48.00000
      22.84755       0.00000      48.00000
      22.85941       0.00000      48.00000
      22.87126       0.00000      48.00000
      22.88312       0.00000      48.00000
      22.89497       0.00000      48.00000
      22.90682       0.00000      48.00000
      22.91868       0.00000      48.00000
      22.93053       0.00000      48.00000
      22.94239       0.00000      48.00000
      22.95424       0.00000      48.00000
      22.96609       0.00000      48.00000
      22.97795       0.00000      48.00000
      22.98980       0.00000      48.00000
      23.00166       0.00000      48.00000
      23.01351       0.00000      48.00000
      23.02536       0.00000      48.00000
      23.03722       0.00002      48.00000
      23.04907       0.00019      48.00000
      23.06093       0.00148      48.00002
      23.07278       0.00937      48.00013
      23.08463       0.04892      48.00071
      23.09649       0.21130      48.00322
      23.10834       0.75499      48.01217
      23.12020       2.23128      48.03861
      23.13205       5.45444      48.10327
      23.14391      11.02886      48.23401
      23.15576      18.44565      48.45266
      23.16761      25.51762      48.75515
      23.17947      29.19909      49.10128
      23.19132      27.63640      49.42888
      23.20318      21.63597      49.68536
      23.21503      14.01052      49.85144
      23.22688       7.50439      49.94040
      23.23874       3.32475      49.97981
      23.25059       1.21839      49.99425
      23.26245       0.36931      49.99863
      23.27430       0.09260      49.99973
      23.28615       0.01920      49.99995
      23.29801       0.00329      49.99999
      23.30986       0.00047      50.00000
      23.32172       0.00005      50.00000
      23.33357       0.00001      50.00000
      23.34542       0.00000      50.00000
      23.35728       0.00000      50.00000
      23.36913       0.00000      50.00000
      23.38099       0.00000      50.00000
      23.39284       0.00000      50.00000
      23.40469       0.00000      50.00000
      23.41655       0.00000      50.00000
      23.42840       0.00000      50.00000
      23.44026       0.00000      50.00000
      23.45211       0.00000      50.00000
      23.46396       0.00000      50.00000
      23.47582       0.00000      50.00000
      23.48767       0.00000      50.00000
      23.49953       0.00000      50.00000
      23.51138       0.00000      50.00000
      23.52324       0.00000      50.00000
      23.53509       0.00000      50.00000
      23.54694       0.00000      50.00000
      23.55880       0.00000      50.00000
      23.57065       0.00000      50.00000
      23.58251       0.00000      50.00000
      23.59436       0.00000      50.00000
      23.60621       0.00000      50.00000
      23.61807       0.00000      50.00000
      23.62992       0.00000      50.00000
      23.64178       0.00000      50.00000
      23.65363       0.00000      50.00000
      23.66548       0.00000      50.00000
      23.67734       0.00000      50.00000
      23.68919       0.00000      50.00000
      23.70105       0.00000      50.00000
      23.71290       0.00000      50.00000
      23.72475       0.00000      50.00000
      23.73661       0.00000      50.00000
      23.74846       0.00000      50.00000
      23.76032       0.00000      50.00000
      23.77217       0.00000      50.00000
      23.78402       0.00000      50.00000
      23.79588       0.00000      50.00000
      23.80773       0.00000      50.00000
      23.81959       0.00000      50.00000
      23.83144       0.00000      50.00000
      23.84329       0.00000      50.00000
      23.85515       0.00001      50.00000
      23.86700       0.00006      50.00000
      23.87886       0.00052      50.00001
      23.89071       0.00361      50.00005
      23.90256       0.02084      50.00030
      23.91442       0.09954      50.00148
      23.92627       0.39332      50.00614
      23.93813       1.28558      50.02138
      23.94998       3.47558      50.06258
      23.96184       7.77213      50.15471
      23.97369      14.37592      50.32512
      23.98554      21.99451      50.58585
      23.99740      27.83402      50.91579
      24.00925      29.13536      51.26116
      24.02111      25.22597      51.56019
      24.03296      18.06584      51.77435
      24.04481      10.70167      51.90121
      24.05667       5.24358      51.96336
      24.06852       2.12514      51.98856
      24.08038       0.71241      51.99700
      24.09223       0.19754      51.99934
      24.10408       0.04531      51.99988
      24.11594       0.00860      51.99998
      24.12779       0.00135      52.00000
      24.13965       0.00018      52.00000
      24.15150       0.00002      52.00000
      24.16335       0.00000      52.00000
      24.17521       0.00000      52.00000
      24.18706       0.00000      52.00000
      24.19892       0.00000      52.00000
      24.21077       0.00000      52.00000
      24.22262       0.00000      52.00000
      24.23448       0.00000      52.00000
      24.24633       0.00000      52.00000
      24.25819       0.00000      52.00000
      24.27004       0.00000      52.00000
      24.28189       0.00000      52.00000
      24.29375       0.00000      52.00000
      24.30560       0.00000      52.00000
      24.31746       0.00000      52.00000
      24.32931       0.00000      52.00000
      24.34117       0.00000      52.00000
      24.35302       0.00000      52.00000
      24.36487       0.00000      52.00000
      24.37673       0.00000      52.00000
      24.38858       0.00000      52.00000
      24.40044       0.00000      52.00000
      24.41229       0.00000      52.00000
      24.42414       0.00000      52.00000
      24.43600       0.00000      52.00000
      24.44785       0.00000      52.00000
      24.45971       0.00000      52.00000
      24.47156       0.00000      52.00000
      24.48341       0.00000      52.00000
      24.49527       0.00000      52.00000
      24.50712       0.00000      52.00000
      24.51898       0.00000      52.00000
      24.53083       0.00000      52.00000
      24.54268       0.00000      52.00000
      24.55454       0.00000      52.00000
      24.56639       0.00000      52.00000
      24.57825       0.00000      52.00000
      24.59010       0.00000      52.00000
      24.60195       0.00000      52.00000
      24.61381       0.00000      52.00000
      24.62566       0.00000      52.00000
      24.63752       0.00000      52.00000
      24.64937       0.00000      52.00000
      24.66122       0.00000      52.00000
      24.67308       0.00000      52.00000
      24.68493       0.00000      52.00000
      24.69679       0.00000      52.00000
      24.70864       0.00000      52.00000
      24.72049       0.00000      52.00000
      24.73235       0.00000      52.00000
      24.74420       0.00000      52.00000
      24.75606       0.00000      52.00000
      24.76791       0.00000      52.00000
      24.77977       0.00000      52.00000
      24.79162       0.00000      52.00000
      24.80347       0.00000      52.00000
      24.81533       0.00000      52.00000
      24.82718       0.00000      52.00000
      24.83904       0.00000      52.00000
      24.85089       0.00000      52.00000
      24.86274       0.00000      52.00000
      24.87460       0.00000      52.00000
      24.88645       0.00000      52.00000
      24.89831       0.00000      52.00000
      24.91016       0.00000      52.00000
      24.92201       0.00000      52.00000
      24.93387       0.00000      52.00000
      24.94572       0.00000      52.00000
      24.95758       0.00000      52.00000
      24.96943       0.00000      52.00000
      24.98128       0.00000      52.00000
      24.99314       0.00000      52.00000
      25.00499       0.00000      52.00000
      25.01685       0.00000      52.00000
      25.02870       0.00000      52.00000
      25.04055       0.00000      52.00000
      25.05241       0.00000      52.00000
      25.06426       0.00000      52.00000
      25.07612       0.00000      52.00000
      25.08797       0.00000      52.00000
      25.09982       0.00000      52.00000
      25.11168       0.00000      52.00000
      25.12353       0.00000      52.00000
      25.13539       0.00000      52.00000
      25.14724       0.00000      52.00000
      25.15910       0.00000      52.00000
      25.17095       0.00000      52.00000
      25.18280       0.00000      52.00000
      25.19466       0.00000      52.00000
      25.20651       0.00000      52.00000
      25.21837       0.00000      52.00000
      25.23022       0.00000      52.00000
      25.24207       0.00000      52.00000
      25.25393       0.00000      52.00000
      25.26578       0.00000      52.00000
      25.27764       0.00000      52.00000
      25.28949       0.00000      52.00000
      25.30134       0.00000      52.00000
      25.31320       0.00000      52.00000
      25.32505       0.00000      52.00000
      25.33691       0.00000      52.00000
      25.34876       0.00000      52.00000
      25.36061       0.00000      52.00000
      25.37247       0.00000      52.00000
      25.38432       0.00000      52.00000
      25.39618       0.00000      52.00000
      25.40803       0.00000      52.00000
      25.41988       0.00000      52.00000
      25.43174       0.00000      52.00000
      25.44359       0.00000      52.00000
      25.45545       0.00000      52.00000
      25.46730       0.00000      52.00000
      25.47915       0.00000      52.00000
      25.49101       0.00000      52.00000
      25.50286       0.00000      52.00000
      25.51472       0.00000      52.00000
      25.52657       0.00000      52.00000
      25.53843       0.00000      52.00000
      25.55028       0.00000      52.00000
      25.56213       0.00000      52.00000
      25.57399       0.00000      52.00000
      25.58584       0.00000      52.00000
      25.59770       0.00000      52.00000
      25.60955       0.00000      52.00000
      25.62140       0.00000      52.00000
      25.63326       0.00000      52.00000
      25.64511       0.00000      52.00000
      25.65697       0.00000      52.00000
      25.66882       0.00000      52.00000
      25.68067       0.00000      52.00000
      25.69253       0.00000      52.00000
      25.70438       0.00000      52.00000
      25.71624       0.00000      52.00000
      25.72809       0.00000      52.00000
      25.73994       0.00000      52.00000
      25.75180       0.00000      52.00000
      25.76365       0.00000      52.00000
      25.77551       0.00000      52.00000
      25.78736       0.00000      52.00000
      25.79921       0.00000      52.00000
      25.81107       0.00000      52.00000
      25.82292       0.00000      52.00000
      25.83478       0.00000      52.00000
      25.84663       0.00000      52.00000
      25.85848       0.00000      52.00000
      25.87034       0.00000      52.00000
      25.88219       0.00000      52.00000
      25.89405       0.00000      52.00000
      25.90590       0.00000      52.00000
      25.91775       0.00000      52.00000
      25.92961       0.00000      52.00000
      25.94146       0.00000      52.00000
      25.95332       0.00000      52.00000
      25.96517       0.00000      52.00000
      25.97703       0.00000      52.00000
      25.98888       0.00000      52.00000
      26.00073       0.00000      52.00000
      26.01259       0.00000      52.00000
      26.02444       0.00000      52.00000
      26.03630       0.00000      52.00000
      26.04815       0.00000      52.00000
      26.06000       0.00000      52.00000
      26.07186       0.00000      52.00000
      26.08371       0.00000      52.00000
      26.09557       0.00000      52.00000
      26.10742       0.00000      52.00000
      26.11927       0.00000      52.00000
      26.13113       0.00000      52.00000
      26.14298       0.00000      52.00000
      26.15484       0.00000      52.00000
      26.16669       0.00000      52.00000
      26.17854       0.00000      52.00000
      26.19040       0.00000      52.00000
      26.20225       0.00000      52.00000
      26.21411       0.00000      52.00000
      26.22596       0.00000      52.00000
      26.23781       0.00000      52.00000
      26.24967       0.00000      52.00000
      26.26152       0.00000      52.00000
      26.27338       0.00000      52.00000
      26.28523       0.00000      52.00000
      26.29708       0.00000      52.00000
      26.30894       0.00000      52.00000
      26.32079       0.00000      52.00000
      26.33265       0.00000      52.00000
      26.34450       0.00000      52.00000
      26.35636       0.00000      52.00000
      26.36821       0.00000      52.00000
      26.38006       0.00000      52.00000
      26.39192       0.00000      52.00000
      26.40377       0.00000      52.00000
      26.41563       0.00000      52.00000
      26.42748       0.00000      52.00000
      26.43933       0.00000      52.00000
      26.45119       0.00000      52.00000
      26.46304       0.00000      52.00000
      26.47490       0.00000      52.00000
      26.48675       0.00000      52.00000
      26.49860       0.00000      52.00000
      26.51046       0.00000      52.00000
      26.52231       0.00000      52.00000
      26.53417       0.00000      52.00000
      26.54602       0.00001      52.00000
      26.55787       0.00011      52.00000
      26.56973       0.00087      52.00001
      26.58158       0.00581      52.00008
      26.59344       0.03192      52.00046
      26.60529       0.14513      52.00218
      26.61714       0.54576      52.00865
      26.62900       1.69757      52.02877
      26.64085       4.36754      52.08054
      26.65271       9.29459      52.19072
      26.66456      16.36087      52.38467
      26.67641      23.82131      52.66705
      26.68827      28.68849      53.00712
      26.70012      28.57806      53.34589
      26.71198      23.54728      53.62502
      26.72383      16.04840      53.81526
      26.73568       9.04702      53.92250
      26.74754       4.21854      53.97251
      26.75939       1.62709      53.99179
      26.77125       0.51937      53.99795
      26.78310       0.13920      53.99960
      26.79496       0.04342      54.00012
      26.80681       0.07324      54.00098
      26.81866       0.28227      54.00433
      26.83052       0.96599      54.01578
      26.84237       2.74167      54.04828
      26.85423       6.43699      54.12459
      26.86608      12.50072      54.27277
      26.87793      20.08030      54.51080
      26.88979      26.68014      54.82707
      26.90164      29.32170      55.17465
      26.91350      26.65465      55.49062
      26.92535      20.04195      55.72820
      26.93720      12.46493      55.87596
      26.94906       6.41243      55.95197
      26.96091       2.72859      55.98431
      26.97277       0.96037      55.99570
      26.98462       0.27959      55.99901
      26.99647       0.06733      55.99981
      27.00833       0.01341      55.99997
      27.02018       0.00221      56.00000
      27.03204       0.00030      56.00000
      27.04389       0.00003      56.00000
      27.05574       0.00000      56.00000
      27.06760       0.00000      56.00000
      27.07945       0.00000      56.00000
      27.09131       0.00000      56.00000
      27.10316       0.00000      56.00000
      27.11501       0.00000      56.00000
      27.12687       0.00000      56.00000
      27.13872       0.00000      56.00000
      27.15058       0.00000      56.00000
      27.16243       0.00000      56.00000
      27.17429       0.00000      56.00000
      27.18614       0.00000      56.00000
      27.19799       0.00000      56.00000
      27.20985       0.00000      56.00000
      27.22170       0.00000      56.00000
      27.23356       0.00000      56.00000
      27.24541       0.00000      56.00000
      27.25726       0.00000      56.00000
      27.26912       0.00000      56.00000
      27.28097       0.00000      56.00000
      27.29283       0.00000      56.00000
      27.30468       0.00000      56.00000
      27.31653       0.00000      56.00000
      27.32839       0.00000      56.00000
      27.34024       0.00000      56.00000
      27.35210       0.00000      56.00000
      27.36395       0.00000      56.00000
      27.37580       0.00000      56.00000
      27.38766       0.00000      56.00000
      27.39951       0.00000      56.00000
      27.41137       0.00000      56.00000
      27.42322       0.00000      56.00000
      27.43507       0.00000      56.00000
      27.44693       0.00000      56.00000
      27.45878       0.00000      56.00000
      27.47064       0.00000      56.00000
      27.48249       0.00000      56.00000
      27.49434       0.00000      56.00000
      27.50620       0.00000      56.00000
      27.51805       0.00000      56.00000
      27.52991       0.00000      56.00000
      27.54176       0.00000      56.00000
      27.55361       0.00000      56.00000
      27.56547       0.00000      56.00000
      27.57732       0.00000      56.00000
      27.58918       0.00000      56.00000
      27.60103       0.00000      56.00000
      27.61289       0.00000      56.00000
      27.62474       0.00000      56.00000
      27.63659       0.00000      56.00000
      27.64845       0.00000      56.00000
      27.66030       0.00000      56.00000
      27.67216       0.00000      56.00000
      27.68401       0.00000      56.00000
      27.69586       0.00000      56.00000
      27.70772       0.00000      56.00000
      27.71957       0.00000      56.00000
      27.73143       0.00000      56.00000
      27.74328       0.00000      56.00000
      27.75513       0.00000      56.00000
      27.76699       0.00000      56.00000
      27.77884       0.00000      56.00000
      27.79070       0.00000      56.00000
      27.80255       0.00000      56.00000
      27.81440       0.00000      56.00000
      27.82626       0.00000      56.00000
      27.83811       0.00000      56.00000
      27.84997       0.00000      56.00000
      27.86182       0.00001      56.00000
      27.87367       0.00011      56.00000
      27.88553       0.00085      56.00001
      27.89738       0.00564      56.00008
      27.90924       0.03111      56.00045
      27.92109       0.14185      56.00213
      27.93294       0.53505      56.00847
      27.94480       1.66936      56.02826
      27.95665       4.30811      56.07933
      27.96851       9.19615      56.18834
      27.98036      16.23708      56.38081
      27.99222      23.71336      56.66191
      28.00407      28.64581      57.00148
      28.01592      28.62279      57.34078
      28.02778      23.65625      57.62120
      28.03963      16.17196      57.81291
      28.05149       9.14455      57.92131
      28.06334       4.27706      57.97201
      28.07519       1.65467      57.99162
      28.08705       0.52949      57.99790
      28.09890       0.14015      57.99956
      28.11076       0.03068      57.99992
      28.12261       0.00556      57.99999
      28.13446       0.00083      58.00000
      28.14632       0.00010      58.00000
      28.15817       0.00001      58.00000
      28.17003       0.00000      58.00000
      28.18188       0.00000      58.00000
      28.19373       0.00000      58.00000
      28.20559       0.00000      58.00000
      28.21744       0.00000      58.00000
      28.22930       0.00000      58.00000
      28.24115       0.00000      58.00000
      28.25300       0.00000      58.00000
      28.26486       0.00000      58.00000
      28.27671       0.00000      58.00000
      28.28857       0.00000      58.00000
      28.30042       0.00000      58.00000
      28.31227       0.00000      58.00000
      28.32413       0.00000      58.00000
      28.33598       0.00000      58.00000
      28.34784       0.00000      58.00000
      28.35969       0.00000      58.00000
      28.37155       0.00000      58.00000
      28.38340       0.00000      58.00000
      28.39525       0.00000      58.00000
      28.40711       0.00000      58.00000
      28.41896       0.00000      58.00000
      28.43082       0.00000      58.00000
      28.44267       0.00000      58.00000
      28.45452       0.00000      58.00000
      28.46638       0.00000      58.00000
      28.47823       0.00000      58.00000
      28.49009       0.00000      58.00000
      28.50194       0.00000      58.00000
      28.51379       0.00000      58.00000
      28.52565       0.00000      58.00000
      28.53750       0.00000      58.00000
      28.54936       0.00000      58.00000
      28.56121       0.00000      58.00000
      28.57306       0.00000      58.00000
      28.58492       0.00000      58.00000
      28.59677       0.00000      58.00000
      28.60863       0.00000      58.00000
      28.62048       0.00000      58.00000
      28.63233       0.00000      58.00000
      28.64419       0.00000      58.00000
      28.65604       0.00000      58.00000
      28.66790       0.00000      58.00000
      28.67975       0.00000      58.00000
      28.69160       0.00000      58.00000
      28.70346       0.00000      58.00000
      28.71531       0.00000      58.00000
      28.72717       0.00000      58.00000
      28.73902       0.00000      58.00000
      28.75087       0.00000      58.00000
      28.76273       0.00000      58.00000
      28.77458       0.00000      58.00000
      28.78644       0.00000      58.00000
      28.79829       0.00000      58.00000
      28.81015       0.00000      58.00000
      28.82200       0.00000      58.00000
      28.83385       0.00000      58.00000
      28.84571       0.00000      58.00000
      28.85756       0.00000      58.00000
      28.86942       0.00000      58.00000
      28.88127       0.00000      58.00000
      28.89312       0.00000      58.00000
      28.90498       0.00000      58.00000
      28.91683       0.00000      58.00000
      28.92869       0.00000      58.00000
      28.94054       0.00000      58.00000
      28.95239       0.00000      58.00000
      28.96425       0.00000      58.00000
      28.97610       0.00000      58.00000
      28.98796       0.00000      58.00000
      28.99981       0.00000      58.00000
      29.01166       0.00000      58.00000
      29.02352       0.00000      58.00000
      29.03537       0.00000      58.00000
      29.04723       0.00000      58.00000
      29.05908       0.00000      58.00000
      29.07093       0.00000      58.00000
      29.08279       0.00000      58.00000
      29.09464       0.00000      58.00000
      29.10650       0.00000      58.00000
      29.11835       0.00000      58.00000
      29.13020       0.00000      58.00000
      29.14206       0.00000      58.00000
      29.15391       0.00000      58.00000
      29.16577       0.00000      58.00000
      29.17762       0.00000      58.00000
      29.18948       0.00000      58.00000
      29.20133       0.00000      58.00000
      29.21318       0.00000      58.00000
      29.22504       0.00000      58.00000
      29.23689       0.00000      58.00000
      29.24875       0.00000      58.00000
      29.26060       0.00000      58.00000
      29.27245       0.00000      58.00000
      29.28431       0.00000      58.00000
      29.29616       0.00000      58.00000
      29.30802       0.00000      58.00000
      29.31987       0.00000      58.00000
      29.33172       0.00000      58.00000
      29.34358       0.00000      58.00000
      29.35543       0.00000      58.00000
      29.36729       0.00000      58.00000
      29.37914       0.00000      58.00000
      29.39099       0.00000      58.00000
      29.40285       0.00000      58.00000
      29.41470       0.00000      58.00000
      29.42656       0.00000      58.00000
      29.43841       0.00000      58.00000
      29.45026       0.00000      58.00000
      29.46212       0.00000      58.00000
      29.47397       0.00000      58.00000
      29.48583       0.00000      58.00000
      29.49768       0.00000      58.00000
      29.50953       0.00000      58.00000
      29.52139       0.00000      58.00000
      29.53324       0.00000      58.00000
      29.54510       0.00000      58.00000
      29.55695       0.00000      58.00000
      29.56880       0.00000      58.00000
      29.58066       0.00000      58.00000
      29.59251       0.00000      58.00000
      29.60437       0.00000      58.00000
      29.61622       0.00000      58.00000
      29.62808       0.00000      58.00000
      29.63993       0.00000      58.00000
      29.65178       0.00000      58.00000
      29.66364       0.00000      58.00000
      29.67549       0.00000      58.00000
      29.68735       0.00000      58.00000
      29.69920       0.00000      58.00000
      29.71105       0.00000      58.00000
      29.72291       0.00000      58.00000
      29.73476       0.00000      58.00000
      29.74662       0.00000      58.00000
      29.75847       0.00000      58.00000
      29.77032       0.00000      58.00000
      29.78218       0.00000      58.00000
      29.79403       0.00000      58.00000
      29.80589       0.00000      58.00000
      29.81774       0.00000      58.00000
      29.82959       0.00000      58.00000
      29.84145       0.00000      58.00000
      29.85330       0.00000      58.00000
      29.86516       0.00000      58.00000
      29.87701       0.00000      58.00000
      29.88886       0.00000      58.00000
      29.90072       0.00000      58.00000
      29.91257       0.00000      58.00000
      29.92443       0.00000      58.00000
      29.93628       0.00000      58.00000
      29.94813       0.00000      58.00000
      29.95999       0.00000      58.00000
      29.97184       0.00000      58.00000
      29.98370       0.00000      58.00000
      29.99555       0.00000      58.00000
      30.00741       0.00000      58.00000
      30.01926       0.00000      58.00000
      30.03111       0.00000      58.00000
      30.04297       0.00000      58.00000
      30.05482       0.00000      58.00000
      30.06668       0.00000      58.00000
      30.07853       0.00000      58.00000
      30.09038       0.00000      58.00000
      30.10224       0.00000      58.00000
      30.11409       0.00000      58.00000
      30.12595       0.00000      58.00000
      30.13780       0.00000      58.00000
      30.14965       0.00000      58.00000
      30.16151       0.00000      58.00000
      30.17336       0.00000      58.00000
      30.18522       0.00000      58.00000
      30.19707       0.00000      58.00000
      30.20892       0.00000      58.00000
      30.22078       0.00000      58.00000
      30.23263       0.00000      58.00000
      30.24449       0.00000      58.00000
      30.25634       0.00000      58.00000
      30.26819       0.00000      58.00000
      30.28005       0.00000      58.00000
      30.29190       0.00000      58.00000
      30.30376       0.00000      58.00000
      30.31561       0.00000      58.00000
      30.32746       0.00000      58.00000
      30.33932       0.00000      58.00000
      30.35117       0.00000      58.00000
      30.36303       0.00000      58.00000
      30.37488       0.00000      58.00000
      30.38673       0.00000      58.00000
      30.39859       0.00000      58.00000
      30.41044       0.00000      58.00000
      30.42230       0.00000      58.00000
      30.43415       0.00000      58.00000
      30.44601       0.00000      58.00000
      30.45786       0.00000      58.00000
      30.46971       0.00000      58.00000
      30.48157       0.00000      58.00000
      30.49342       0.00000      58.00000
      30.50528       0.00000      58.00000
      30.51713       0.00000      58.00000
      30.52898       0.00000      58.00000
      30.54084       0.00000      58.00000
      30.55269       0.00000      58.00000
      30.56455       0.00000      58.00000
      30.57640       0.00000      58.00000
      30.58825       0.00000      58.00000
      30.60011       0.00000      58.00000
      30.61196       0.00000      58.00000
      30.62382       0.00000      58.00000
      30.63567       0.00000      58.00000
      30.64752       0.00000      58.00000
      30.65938       0.00000      58.00000
      30.67123       0.00000      58.00000
      30.68309       0.00000      58.00000
      30.69494       0.00000      58.00000
      30.70679       0.00000      58.00000
      30.71865       0.00000      58.00000
      30.73050       0.00000      58.00000
      30.74236       0.00000      58.00000
      30.75421       0.00000      58.00000
      30.76606       0.00000      58.00000
      30.77792       0.00000      58.00000
      30.78977       0.00000      58.00000
      30.80163       0.00000      58.00000
      30.81348       0.00000      58.00000
      30.82534       0.00000      58.00000
      30.83719       0.00000      58.00000
      30.84904       0.00000      58.00000
      30.86090       0.00000      58.00000
      30.87275       0.00000      58.00000
      30.88461       0.00000      58.00000
      30.89646       0.00000      58.00000
      30.90831       0.00000      58.00000
      30.92017       0.00000      58.00000
      30.93202       0.00000      58.00000
      30.94388       0.00000      58.00000
      30.95573       0.00000      58.00000
      30.96758       0.00000      58.00000
      30.97944       0.00000      58.00000
      30.99129       0.00000      58.00000
      31.00315       0.00000      58.00000
      31.01500       0.00000      58.00000
      31.02685       0.00004      58.00000
      31.03871       0.00036      58.00000
      31.05056       0.00257      58.00003
      31.06242       0.01539      58.00022
      31.07427       0.07608      58.00112
      31.08612       0.31111      58.00481
      31.09798       1.05238      58.01728
      31.10983       2.94447      58.05219
      31.12169       6.81440      58.13296
      31.13354      13.04459      58.28760
      31.14539      20.65457      58.53244
      31.15725      27.05109      58.85310
      31.16910      29.30465      59.20048
      31.18096      26.25857      59.51175
      31.19281      19.46205      59.74246
      31.20467      11.93133      59.88389
      31.21652       6.05024      59.95561
      31.22837       2.53769      59.98569
      31.24023       0.88042      59.99613
      31.25208       0.25265      59.99912
      31.26394       0.05997      59.99983
      31.27579       0.01177      59.99997
      31.28764       0.00191      60.00000
      31.29950       0.00026      60.00000
      31.31135       0.00003      60.00000
      31.32321       0.00000      60.00000
      31.33506       0.00000      60.00000
      31.34691       0.00000      60.00000
      31.35877       0.00000      60.00000
      31.37062       0.00000      60.00000
      31.38248       0.00000      60.00000
      31.39433       0.00000      60.00000
      31.40618       0.00000      60.00000
      31.41804       0.00000      60.00000
      31.42989       0.00000      60.00000
      31.44175       0.00000      60.00000
      31.45360       0.00000      60.00000
      31.46545       0.00000      60.00000
      31.47731       0.00000      60.00000
      31.48916       0.00000      60.00000
      31.50102       0.00000      60.00000
      31.51287       0.00000      60.00000
      31.52472       0.00000      60.00000
      31.53658       0.00000      60.00000
      31.54843       0.00000      60.00000
      31.56029       0.00000      60.00000
      31.57214       0.00000      60.00000
      31.58399       0.00000      60.00000
      31.59585       0.00000      60.00000
      31.60770       0.00000      60.00000
      31.61956       0.00000      60.00000
      31.63141       0.00000      60.00000
      31.64327       0.00000      60.00000
      31.65512       0.00000      60.00000
      31.66697       0.00000      60.00000
      31.67883       0.00000      60.00000
      31.69068       0.00000      60.00000
      31.70254       0.00000      60.00000
      31.71439       0.00000      60.00000
      31.72624       0.00000      60.00000
      31.73810       0.00000      60.00000
      31.74995       0.00000      60.00000
      31.76181       0.00000      60.00000
      31.77366       0.00000      60.00000
      31.78551       0.00000      60.00000
      31.79737       0.00001      60.00000
      31.80922       0.00006      60.00000
      31.82108       0.00051      60.00001
      31.83293       0.00358      60.00005
      31.84478       0.02071      60.00029
      31.85664       0.09902      60.00147
      31.86849       0.39155      60.00611
      31.88035       1.28062      60.02129
      31.89220       3.46452      60.06236
      31.90405       7.75260      60.15426
      31.91591      14.34944      60.32436
      31.92776      21.96876      60.58478
      31.93962      27.82013      60.91456
      31.95147      29.14040      61.25999
      31.96332      25.24730      61.55927
      31.97518      18.09328      61.77375
      31.98703      10.72513      61.90089
      31.99889       5.25861      61.96322
      32.01074       2.13266      61.98850
      32.02260       0.71541      61.99699
      32.03445       0.19851      61.99934
      32.04630       0.04556      61.99988
      32.05816       0.00868      61.99998
      32.07001       0.00165      62.00000
      32.08187       0.00230      62.00003
      32.09372       0.01296      62.00018
      32.10557       0.06524      62.00096
      32.11743       0.27200      62.00418
      32.12928       0.93796      62.01530
      32.14114       2.67542      62.04701
      32.15299       6.31221      62.12184
      32.16484      12.31838      62.26786
      32.17670      19.88422      62.50357
      32.18855      26.54889      62.81828
      32.20041      29.32022      63.16585
      32.21226      26.78372      63.48334
      32.22411      20.23754      63.72324
      32.23597      12.64816      63.87317
      32.24782       6.53853      63.95068
      32.25968       2.79586      63.98382
      32.27153       0.98886      63.99554
      32.28338       0.28929      63.99897
      32.29524       0.07000      63.99980
      32.30709       0.01401      63.99997
      32.31895       0.00232      64.00000
      32.33080       0.00032      64.00000
      32.34265       0.00004      64.00000
      32.35451       0.00000      64.00000
      32.36636       0.00000      64.00000
      32.37822       0.00000      64.00000
      32.39007       0.00000      64.00000
      32.40192       0.00000      64.00000
      32.41378       0.00000      64.00000
      32.42563       0.00000      64.00000
      32.43749       0.00000      64.00000
      32.44934       0.00000      64.00000
      32.46120       0.00000      64.00000
      32.47305       0.00000      64.00000
      32.48490       0.00000      64.00000
      32.49676       0.00000      64.00000
      32.50861       0.00000      64.00000
      32.52047       0.00000      64.00000
      32.53232       0.00000      64.00000
      32.54417       0.00000      64.00000
      32.55603       0.00000      64.00000
      32.56788       0.00000      64.00000
      32.57974       0.00000      64.00000
      32.59159       0.00000      64.00000
      32.60344       0.00000      64.00000
      32.61530       0.00000      64.00000
      32.62715       0.00000      64.00000
      32.63901       0.00000      64.00000
      32.65086       0.00000      64.00000
      32.66271       0.00000      64.00000
      32.67457       0.00000      64.00000
      32.68642       0.00000      64.00000
      32.69828       0.00000      64.00000
      32.71013       0.00000      64.00000
      32.72198       0.00000      64.00000
      32.73384       0.00000      64.00000
      32.74569       0.00000      64.00000
      32.75755       0.00000      64.00000
      32.76940       0.00000      64.00000
      32.78125       0.00000      64.00000
      32.79311       0.00000      64.00000
      32.80496       0.00000      64.00000
      32.81682       0.00000      64.00000
      32.82867       0.00000      64.00000
      32.84053       0.00000      64.00000
      32.85238       0.00000      64.00000
      32.86423       0.00000      64.00000
      32.87609       0.00000      64.00000
      32.88794       0.00000      64.00000
      32.89980       0.00000      64.00000
      32.91165       0.00000      64.00000
      32.92350       0.00000      64.00000
      32.93536       0.00000      64.00000
      32.94721       0.00000      64.00000
      32.95907       0.00000      64.00000
      32.97092       0.00000      64.00000
      32.98277       0.00000      64.00000
      32.99463       0.00000      64.00000
      33.00648       0.00000      64.00000
      33.01834       0.00000      64.00000
      33.03019       0.00000      64.00000
      33.04204       0.00000      64.00000
      33.05390       0.00000      64.00000
      33.06575       0.00000      64.00000
      33.07761       0.00000      64.00000
      33.08946       0.00000      64.00000
      33.10131       0.00000      64.00000
      33.11317       0.00000      64.00000
      33.12502       0.00000      64.00000
      33.13688       0.00000      64.00000
      33.14873       0.00000      64.00000
      33.16058       0.00000      64.00000
      33.17244       0.00000      64.00000
      33.18429       0.00000      64.00000
      33.19615       0.00000      64.00000
      33.20800       0.00000      64.00000
      33.21985       0.00000      64.00000
      33.23171       0.00000      64.00000
      33.24356       0.00000      64.00000
      33.25542       0.00000      64.00000
      33.26727       0.00000      64.00000
      33.27913       0.00000      64.00000
      33.29098       0.00000      64.00000
      33.30283       0.00000      64.00000
      33.31469       0.00000      64.00000
      33.32654       0.00000      64.00000
      33.33840       0.00000      64.00000
      33.35025       0.00000      64.00000
      33.36210       0.00000      64.00000
      33.37396       0.00000      64.00000
      33.38581       0.00000      64.00000
      33.39767       0.00000      64.00000
      33.40952       0.00000      64.00000
      33.42137       0.00000      64.00000
      33.43323       0.00000      64.00000
      33.44508       0.00000      64.00000
      33.45694       0.00000      64.00000
      33.46879       0.00000      64.00000
      33.48064       0.00000      64.00000
      33.49250       0.00000      64.00000
      33.50435       0.00000      64.00000
      33.51621       0.00000      64.00000
      33.52806       0.00000      64.00000
      33.53991       0.00000      64.00000
      33.55177       0.00000      64.00000
      33.56362       0.00000      64.00000
      33.57548       0.00000      64.00000
      33.58733       0.00000      64.00000
      33.59918       0.00000      64.00000
      33.61104       0.00000      64.00000
      33.62289       0.00000      64.00000
      33.63475       0.00000      64.00000
      33.64660       0.00000      64.00000
      33.65846       0.00002      64.00000
      33.67031       0.00016      64.00000
      33.68216       0.00125      64.00002
      33.69402       0.00801      64.00011
      33.70587       0.04256      64.00062
      33.71773       0.18699      64.00283
      33.72958       0.67945      64.01089
      33.74143       2.04217      64.03509
      33.75329       5.07702      64.09528
      33.76514      10.44020      64.21904
      33.77700      17.75790      64.42954
      33.78885      24.98374      64.72570
      33.80070      29.07409      65.07034
      33.81256      27.98580      65.40209
      33.82441      22.28190      65.66622
      33.83627      14.67404      65.84017
      33.84812       7.99337      65.93492
      33.85997       3.60158      65.97762
      33.87183       1.34227      65.99353
      33.88368       0.41378      65.99843
      33.89554       0.10551      65.99968
      33.90739       0.02225      65.99995
      33.91924       0.00388      65.99999
      33.93110       0.00056      66.00000
      33.94295       0.00007      66.00000
      33.95481       0.00001      66.00000
      33.96666       0.00000      66.00000
      33.97851       0.00000      66.00000
      33.99037       0.00000      66.00000
      34.00222       0.00000      66.00000
      34.01408       0.00000      66.00000
      34.02593       0.00000      66.00000
      34.03779       0.00000      66.00000
      34.04964       0.00000      66.00000
      34.06149       0.00000      66.00000
      34.07335       0.00000      66.00000
      34.08520       0.00000      66.00000
      34.09706       0.00000      66.00000
      34.10891       0.00000      66.00000
      34.12076       0.00000      66.00000
      34.13262       0.00000      66.00000
      34.14447       0.00000      66.00000
      34.15633       0.00000      66.00000
      34.16818       0.00000      66.00000
      34.18003       0.00000      66.00000
      34.19189       0.00000      66.00000
      34.20374       0.00000      66.00000
      34.21560       0.00000      66.00000
      34.22745       0.00000      66.00000
      34.23930       0.00000      66.00000
      34.25116       0.00000      66.00000
      34.26301       0.00000      66.00000
      34.27487       0.00000      66.00000
      34.28672       0.00000      66.00000
      34.29857       0.00000      66.00000
      34.31043       0.00000      66.00000
      34.32228       0.00000      66.00000
      34.33414       0.00000      66.00000
      34.34599       0.00000      66.00000
      34.35784       0.00000      66.00000
      34.36970       0.00000      66.00000
      34.38155       0.00000      66.00000
      34.39341       0.00000      66.00000
      34.40526       0.00000      66.00000
      34.41711       0.00000      66.00000
      34.42897       0.00000      66.00000
      34.44082       0.00005      66.00000
      34.45268       0.00040      66.00000
      34.46453       0.00286      66.00004
      34.47639       0.01690      66.00024
      34.48824       0.08266      66.00122
      34.50009       0.33450      66.00518
      34.51195       1.11966      66.01846
      34.52380       3.09997      66.05520
      34.53566       7.09921      66.13936
      34.54751      13.44765      66.29877
      34.55936      21.07004      66.54853
      34.57122      27.30658      66.87223
      34.58307      29.27198      67.21922
      34.59493      25.95494      67.52689
      34.60678      19.03578      67.75254
      34.61863      11.54794      67.88943
      34.63049       5.79457      67.95812
      34.64234       2.40503      67.98663
      34.65420       0.82566      67.99642
      34.66605       0.23446      67.99920
      34.67790       0.05507      67.99985
      34.68976       0.01070      67.99998
      34.70161       0.00172      68.00000
      34.71347       0.00023      68.00000
      34.72532       0.00003      68.00000
      34.73717       0.00000      68.00000
      34.74903       0.00000      68.00000
      34.76088       0.00000      68.00000
      34.77274       0.00000      68.00000
      34.78459       0.00000      68.00000
      34.79644       0.00000      68.00000
      34.80830       0.00000      68.00000
      34.82015       0.00000      68.00000
      34.83201       0.00000      68.00000
      34.84386       0.00000      68.00000
      34.85572       0.00000      68.00000
      34.86757       0.00000      68.00000
      34.87942       0.00000      68.00000
      34.89128       0.00000      68.00000
      34.90313       0.00000      68.00000
      34.91499       0.00000      68.00000
      34.92684       0.00000      68.00000
      34.93869       0.00000      68.00000
      34.95055       0.00000      68.00000
      34.96240       0.00000      68.00000
      34.97426       0.00000      68.00000
      34.98611       0.00000      68.00000
      34.99796       0.00000      68.00000
      35.00982       0.00000      68.00000
      35.02167       0.00000      68.00000
      35.03353       0.00000      68.00000
      35.04538       0.00000      68.00000
      35.05723       0.00000      68.00000
      35.06909       0.00000      68.00000
      35.08094       0.00000      68.00000
      35.09280       0.00000      68.00000
      35.10465       0.00000      68.00000
      35.11650       0.00000      68.00000
      35.12836       0.00000      68.00000
      35.14021       0.00000      68.00000
      35.15207       0.00000      68.00000
      35.16392       0.00000      68.00000
      35.17577       0.00000      68.00000
      35.18763       0.00000      68.00000
      35.19948       0.00000      68.00000
      35.21134       0.00000      68.00000
      35.22319       0.00000      68.00000
      35.23504       0.00000      68.00000
      35.24690       0.00000      68.00000
      35.25875       0.00000      68.00000
      35.27061       0.00000      68.00000
      35.28246       0.00000      68.00000
      35.29432       0.00000      68.00000
      35.30617       0.00000      68.00000
      35.31802       0.00000      68.00000
      35.32988       0.00000      68.00000
      35.34173       0.00000      68.00000
      35.35359       0.00000      68.00000
      35.36544       0.00000      68.00000
      35.37729       0.00000      68.00000
      35.38915       0.00000      68.00000
      35.40100       0.00000      68.00000
      35.41286       0.00000      68.00000
      35.42471       0.00000      68.00000
      35.43656       0.00000      68.00000
      35.44842       0.00000      68.00000
      35.46027       0.00000      68.00000
      35.47213       0.00000      68.00000
      35.48398       0.00000      68.00000
      35.49583       0.00000      68.00000
      35.50769       0.00000      68.00000
      35.51954       0.00000      68.00000
      35.53140       0.00000      68.00000
      35.54325       0.00000      68.00000
      35.55510       0.00000      68.00000
      35.56696       0.00000      68.00000
      35.57881       0.00000      68.00000
      35.59067       0.00000      68.00000
      35.60252       0.00000      68.00000
      35.61437       0.00000      68.00000
      35.62623       0.00000      68.00000
      35.63808       0.00000      68.00000
      35.64994       0.00000      68.00000
      35.66179       0.00000      68.00000
      35.67365       0.00000      68.00000
      35.68550       0.00000      68.00000
      35.69735       0.00000      68.00000
      35.70921       0.00000      68.00000
      35.72106       0.00000      68.00000
      35.73292       0.00000      68.00000
      35.74477       0.00000      68.00000
      35.75662       0.00000      68.00000
      35.76848       0.00000      68.00000
      35.78033       0.00000      68.00000
      35.79219       0.00000      68.00000
      35.80404       0.00000      68.00000
      35.81589       0.00000      68.00000
      35.82775       0.00000      68.00000
      35.83960       0.00000      68.00000
      35.85146       0.00000      68.00000
      35.86331       0.00000      68.00000
      35.87516       0.00000      68.00000
      35.88702       0.00000      68.00000
      35.89887       0.00000      68.00000
      35.91073       0.00000      68.00000
      35.92258       0.00000      68.00000
      35.93443       0.00000      68.00000
      35.94629       0.00000      68.00000
      35.95814       0.00000      68.00000
      35.97000       0.00000      68.00000
      35.98185       0.00000      68.00000
      35.99370       0.00000      68.00000
      36.00556       0.00000      68.00000
      36.01741       0.00000      68.00000
      36.02927       0.00000      68.00000
      36.04112       0.00000      68.00000
      36.05297       0.00000      68.00000
      36.06483       0.00000      68.00000
      36.07668       0.00000      68.00000
      36.08854       0.00000      68.00000
      36.10039       0.00000      68.00000
      36.11225       0.00000      68.00000
      36.12410       0.00000      68.00000
      36.13595       0.00000      68.00000
      36.14781       0.00000      68.00000
      36.15966       0.00000      68.00000
      36.17152       0.00000      68.00000
      36.18337       0.00000      68.00000
      36.19522       0.00000      68.00000
      36.20708       0.00000      68.00000
      36.21893       0.00000      68.00000
      36.23079       0.00000      68.00000
      36.24264       0.00000      68.00000
      36.25449       0.00000      68.00000
      36.26635       0.00000      68.00000
      36.27820       0.00000      68.00000
      36.29006       0.00000      68.00000
      36.30191       0.00000      68.00000
      36.31376       0.00000      68.00000
      36.32562       0.00000      68.00000
      36.33747       0.00000      68.00000
      36.34933       0.00000      68.00000
      36.36118       0.00000      68.00000
      36.37303       0.00000      68.00000
      36.38489       0.00000      68.00000
      36.39674       0.00000      68.00000
      36.40860       0.00000      68.00000
      36.42045       0.00000      68.00000
      36.43230       0.00000      68.00000
      36.44416       0.00000      68.00000
      36.45601       0.00000      68.00000
      36.46787       0.00000      68.00000
      36.47972       0.00000      68.00000
      36.49158       0.00000      68.00000
      36.50343       0.00000      68.00000
      36.51528       0.00000      68.00000
      36.52714       0.00000      68.00000
      36.53899       0.00000      68.00000
      36.55085       0.00000      68.00000
      36.56270       0.00000      68.00000
      36.57455       0.00000      68.00000
      36.58641       0.00000      68.00000
      36.59826       0.00000      68.00000
      36.61012       0.00000      68.00000
      36.62197       0.00000      68.00000
      36.63382       0.00000      68.00000
      36.64568       0.00000      68.00000
      36.65753       0.00000      68.00000
      36.66939       0.00000      68.00000
      36.68124       0.00000      68.00000
      36.69309       0.00000      68.00000
      36.70495       0.00000      68.00000
      36.71680       0.00000      68.00000
      36.72866       0.00000      68.00000
      36.74051       0.00000      68.00000
      36.75236       0.00000      68.00000
      36.76422       0.00000      68.00000
      36.77607       0.00000      68.00000
      36.78793       0.00000      68.00000
      36.79978       0.00000      68.00000
      36.81163       0.00000      68.00000
      36.82349       0.00000      68.00000
      36.83534       0.00000      68.00000
      36.84720       0.00000      68.00000
      36.85905       0.00000      68.00000
      36.87091       0.00000      68.00000
      36.88276       0.00000      68.00000
      36.89461       0.00000      68.00000
      36.90647       0.00000      68.00000
      36.91832       0.00000      68.00000
      36.93018       0.00000      68.00000
      36.94203       0.00000      68.00000
      36.95388       0.00000      68.00000
      36.96574       0.00000      68.00000
      36.97759       0.00000      68.00000
      36.98945       0.00000      68.00000
      37.00130       0.00000      68.00000
      37.01315       0.00000      68.00000
      37.02501       0.00000      68.00000
      37.03686       0.00000      68.00000
      37.04872       0.00000      68.00000
      37.06057       0.00000      68.00000
      37.07242       0.00000      68.00000
      37.08428       0.00000      68.00000
      37.09613       0.00000      68.00000
      37.10799       0.00000      68.00000
      37.11984       0.00000      68.00000
      37.13169       0.00000      68.00000
      37.14355       0.00000      68.00000
      37.15540       0.00000      68.00000
      37.16726       0.00000      68.00000
      37.17911       0.00000      68.00000
      37.19096       0.00000      68.00000
      37.20282       0.00000      68.00000
      37.21467       0.00000      68.00000
      37.22653       0.00000      68.00000
      37.23838       0.00000      68.00000
      37.25023       0.00000      68.00000
      37.26209       0.00000      68.00000
      37.27394       0.00000      68.00000
      37.28580       0.00000      68.00000
      37.29765       0.00000      68.00000
      37.30951       0.00000      68.00000
      37.32136       0.00000      68.00000
      37.33321       0.00000      68.00000
      37.34507       0.00000      68.00000
      37.35692       0.00000      68.00000
      37.36878       0.00000      68.00000
      37.38063       0.00000      68.00000
      37.39248       0.00000      68.00000
      37.40434       0.00000      68.00000
      37.41619       0.00000      68.00000
      37.42805       0.00000      68.00000
      37.43990       0.00000      68.00000
      37.45175       0.00000      68.00000
      37.46361       0.00000      68.00000
      37.47546       0.00000      68.00000
      37.48732       0.00000      68.00000
      37.49917       0.00000      68.00000
      37.51102       0.00000      68.00000
      37.52288       0.00000      68.00000
      37.53473       0.00000      68.00000
      37.54659       0.00000      68.00000
      37.55844       0.00000      68.00000
      37.57029       0.00000      68.00000
      37.58215       0.00000      68.00000
      37.59400       0.00000      68.00000
      37.60586       0.00000      68.00000
      37.61771       0.00000      68.00000
      37.62956       0.00000      68.00000
      37.64142       0.00000      68.00000
      37.65327       0.00000      68.00000
      37.66513       0.00000      68.00000
      37.67698       0.00000      68.00000
      37.68884       0.00000      68.00000
      37.70069       0.00000      68.00000
      37.71254       0.00000      68.00000
      37.72440       0.00000      68.00000
      37.73625       0.00000      68.00000
      37.74811       0.00000      68.00000
      37.75996       0.00000      68.00000
      37.77181       0.00000      68.00000
      37.78367       0.00000      68.00000
      37.79552       0.00000      68.00000
      37.80738       0.00000      68.00000
      37.81923       0.00000      68.00000
      37.83108       0.00000      68.00000
      37.84294       0.00000      68.00000
      37.85479       0.00000      68.00000
      37.86665       0.00000      68.00000
      37.87850       0.00000      68.00000
      37.89035       0.00000      68.00000
      37.90221       0.00000      68.00000
      37.91406       0.00000      68.00000
      37.92592       0.00000      68.00000
      37.93777       0.00000      68.00000
      37.94962       0.00000      68.00000
      37.96148       0.00000      68.00000
      37.97333       0.00000      68.00000
      37.98519       0.00000      68.00000
      37.99704       0.00000      68.00000
      38.00889       0.00000      68.00000
      38.02075       0.00000      68.00000
      38.03260       0.00000      68.00000
      38.04446       0.00000      68.00000
      38.05631       0.00000      68.00000
      38.06816       0.00000      68.00000
      38.08002       0.00000      68.00000
      38.09187       0.00000      68.00000
      38.10373       0.00000      68.00000
      38.11558       0.00000      68.00000
      38.12744       0.00000      68.00000
      38.13929       0.00000      68.00000
      38.15114       0.00000      68.00000
      38.16300       0.00000      68.00000
      38.17485       0.00000      68.00000
      38.18671       0.00000      68.00000
      38.19856       0.00000      68.00000
      38.21041       0.00000      68.00000
      38.22227       0.00000      68.00000
      38.23412       0.00000      68.00000
      38.24598       0.00000      68.00000
      38.25783       0.00000      68.00000
      38.26968       0.00000      68.00000
      38.28154       0.00000      68.00000
      38.29339       0.00000      68.00000
      38.30525       0.00000      68.00000
      38.31710       0.00000      68.00000
      38.32895       0.00000      68.00000
      38.34081       0.00000      68.00000
      38.35266       0.00000      68.00000
      38.36452       0.00000      68.00000
      38.37637       0.00000      68.00000
      38.38822       0.00000      68.00000
      38.40008       0.00000      68.00000
      38.41193       0.00000      68.00000
      38.42379       0.00000      68.00000
      38.43564       0.00000      68.00000
      38.44749       0.00000      68.00000
      38.45935       0.00000      68.00000
      38.47120       0.00000      68.00000
      38.48306       0.00000      68.00000
      38.49491       0.00000      68.00000
      38.50677       0.00000      68.00000
      38.51862       0.00000      68.00000
      38.53047       0.00000      68.00000
      38.54233       0.00000      68.00000
      38.55418       0.00000      68.00000
      38.56604       0.00000      68.00000
      38.57789       0.00000      68.00000
      38.58974       0.00000      68.00000
      38.60160       0.00000      68.00000
      38.61345       0.00000      68.00000
      38.62531       0.00000      68.00000
      38.63716       0.00000      68.00000
      38.64901       0.00000      68.00000
      38.66087       0.00000      68.00000
      38.67272       0.00000      68.00000
      38.68458       0.00000      68.00000
      38.69643       0.00000      68.00000
      38.70828       0.00000      68.00000
      38.72014       0.00000      68.00000
      38.73199       0.00000      68.00000
      38.74385       0.00000      68.00000
      38.75570       0.00000      68.00000
      38.76755       0.00000      68.00000
      38.77941       0.00000      68.00000
      38.79126       0.00000      68.00000
      38.80312       0.00000      68.00000
      38.81497       0.00000      68.00000
      38.82682       0.00000      68.00000
      38.83868       0.00000      68.00000
      38.85053       0.00000      68.00000
      38.86239       0.00000      68.00000
      38.87424       0.00000      68.00000
      38.88609       0.00000      68.00000
      38.89795       0.00000      68.00000
      38.90980       0.00000      68.00000
      38.92166       0.00000      68.00000
      38.93351       0.00000      68.00000
      38.94537       0.00000      68.00000
      38.95722       0.00000      68.00000
      38.96907       0.00000      68.00000
      38.98093       0.00000      68.00000
      38.99278       0.00000      68.00000
      39.00464       0.00000      68.00000
      39.01649       0.00000      68.00000
      39.02834       0.00000      68.00000
      39.04020       0.00002      68.00000
      39.05205       0.00018      68.00000
      39.06391       0.00139      68.00002
      39.07576       0.00883      68.00012
      39.08761       0.04639      68.00067
      39.09947       0.20170      68.00306
      39.11132       0.72532      68.01166
      39.12318       2.15743      68.03724
      39.13503       5.30800      68.10016
      39.14688      10.80208      68.22821
      39.15874      18.18305      68.44375
      39.17059      25.31682      68.74386
      39.18245      29.15643      69.08948
      39.19430      27.77426      69.41872
      39.20615      21.88434      69.67813
      39.21801      14.26289      69.84721
      39.22986       7.68891      69.93835
      39.24172       3.42850      69.97899
      39.25357       1.26452      69.99398
      39.26542       0.38577      69.99856
      39.27728       0.09735      69.99971
      39.28913       0.02032      69.99995
      39.30099       0.00351      69.99999
      39.31284       0.00050      70.00000
      39.32470       0.00006      70.00000
      39.33655       0.00001      70.00000
      39.34840       0.00000      70.00000
      39.36026       0.00000      70.00000
      39.37211       0.00000      70.00000
      39.38397       0.00000      70.00000
      39.39582       0.00000      70.00000
      39.40767       0.00000      70.00000
      39.41953       0.00000      70.00000
      39.43138       0.00000      70.00000
      39.44324       0.00000      70.00000
      39.45509       0.00000      70.00000
      39.46694       0.00000      70.00000
      39.47880       0.00000      70.00000
      39.49065       0.00000      70.00000
      39.50251       0.00000      70.00000
      39.51436       0.00000      70.00000
      39.52621       0.00000      70.00000
      39.53807       0.00000      70.00000
      39.54992       0.00000      70.00000
      39.56178       0.00000      70.00000
      39.57363       0.00000      70.00000
      39.58548       0.00000      70.00000
      39.59734       0.00000      70.00000
      39.60919       0.00000      70.00000
      39.62105       0.00000      70.00000
      39.63290       0.00000      70.00000
      39.64475       0.00000      70.00000
      39.65661       0.00000      70.00000
      39.66846       0.00000      70.00000
      39.68032       0.00000      70.00000
      39.69217       0.00000      70.00000
      39.70403       0.00000      70.00000
      39.71588       0.00000      70.00000
      39.72773       0.00000      70.00000
      39.73959       0.00000      70.00000
      39.75144       0.00000      70.00000
      39.76330       0.00000      70.00000
      39.77515       0.00000      70.00000
      39.78700       0.00000      70.00000
      39.79886       0.00000      70.00000
      39.81071       0.00000      70.00000
      39.82257       0.00000      70.00000
      39.83442       0.00000      70.00000
      39.84627       0.00000      70.00000
      39.85813       0.00000      70.00000
      39.86998       0.00000      70.00000
      39.88184       0.00000      70.00000
      39.89369       0.00000      70.00000
      39.90554       0.00000      70.00000
      39.91740       0.00000      70.00000
      39.92925       0.00000      70.00000
      39.94111       0.00000      70.00000
      39.95296       0.00000      70.00000
      39.96481       0.00000      70.00000
      39.97667       0.00000      70.00000
      39.98852       0.00000      70.00000
      40.00038       0.00000      70.00000
      40.01223       0.00000      70.00000
      40.02408       0.00000      70.00000
      40.03594       0.00000      70.00000
      40.04779       0.00000      70.00000
      40.05965       0.00000      70.00000
      40.07150       0.00000      70.00000
      40.08335       0.00000      70.00000
      40.09521       0.00000      70.00000
      40.10706       0.00000      70.00000
      40.11892       0.00000      70.00000
      40.13077       0.00000      70.00000
      40.14263       0.00000      70.00000
      40.15448       0.00000      70.00000
      40.16633       0.00000      70.00000
      40.17819       0.00000      70.00000
      40.19004       0.00000      70.00000
      40.20190       0.00000      70.00000
      40.21375       0.00000      70.00000
      40.22560       0.00000      70.00000
      40.23746       0.00000      70.00000
      40.24931       0.00000      70.00000
      40.26117       0.00000      70.00000
      40.27302       0.00000      70.00000
      40.28487       0.00000      70.00000
      40.29673       0.00000      70.00000
      40.30858       0.00000      70.00000
      40.32044       0.00000      70.00000
      40.33229       0.00000      70.00000
      40.34414       0.00000      70.00000
      40.35600       0.00000      70.00000
      40.36785       0.00000      70.00000
      40.37971       0.00000      70.00000
      40.39156       0.00000      70.00000
      40.40341       0.00000      70.00000
      40.41527       0.00000      70.00000
      40.42712       0.00000      70.00000
      40.43898       0.00000      70.00000
      40.45083       0.00000      70.00000
      40.46268       0.00000      70.00000
      40.47454       0.00000      70.00000
      40.48639       0.00000      70.00000
      40.49825       0.00000      70.00000
      40.51010       0.00000      70.00000
      40.52196       0.00000      70.00000
      40.53381       0.00000      70.00000
      40.54566       0.00000      70.00000
      40.55752       0.00000      70.00000
      40.56937       0.00000      70.00000
      40.58123       0.00000      70.00000
      40.59308       0.00000      70.00000
      40.60493       0.00000      70.00000
      40.61679       0.00000      70.00000
      40.62864       0.00000      70.00000
      40.64050       0.00000      70.00000
      40.65235       0.00000      70.00000
      40.66420       0.00000      70.00000
      40.67606       0.00000      70.00000
      40.68791       0.00000      70.00000
      40.69977       0.00000      70.00000
      40.71162       0.00000      70.00000
      40.72347       0.00000      70.00000
      40.73533       0.00000      70.00000
      40.74718       0.00000      70.00000
      40.75904       0.00000      70.00000
      40.77089       0.00000      70.00000
      40.78274       0.00000      70.00000
      40.79460       0.00000      70.00000
      40.80645       0.00000      70.00000
      40.81831       0.00000      70.00000
      40.83016       0.00000      70.00000
      40.84201       0.00000      70.00000
      40.85387       0.00000      70.00000
      40.86572       0.00000      70.00000
      40.87758       0.00000      70.00000
      40.88943       0.00000      70.00000
      40.90128       0.00000      70.00000
      40.91314       0.00000      70.00000
      40.92499       0.00000      70.00000
      40.93685       0.00000      70.00000
      40.94870       0.00000      70.00000
      40.96056       0.00000      70.00000
      40.97241       0.00000      70.00000
      40.98426       0.00000      70.00000
      40.99612       0.00000      70.00000
      41.00797       0.00000      70.00000
      41.01983       0.00000      70.00000
      41.03168       0.00000      70.00000
      41.04353       0.00000      70.00000
      41.05539       0.00000      70.00000
      41.06724       0.00000      70.00000
      41.07910       0.00000      70.00000
      41.09095       0.00000      70.00000
      41.10280       0.00000      70.00000
      41.11466       0.00000      70.00000
      41.12651       0.00000      70.00000
      41.13837       0.00000      70.00000
      41.15022       0.00000      70.00000
      41.16207       0.00000      70.00000
      41.17393       0.00000      70.00000
      41.18578       0.00000      70.00000
      41.19764       0.00000      70.00000
      41.20949       0.00000      70.00000
      41.22134       0.00000      70.00000
      41.23320       0.00000      70.00000
      41.24505       0.00000      70.00000
      41.25691       0.00000      70.00000
      41.26876       0.00000      70.00000
      41.28061       0.00000      70.00000
      41.29247       0.00000      70.00000
      41.30432       0.00000      70.00000
      41.31618       0.00000      70.00000
      41.32803       0.00000      70.00000
      41.33989       0.00000      70.00000
      41.35174       0.00000      70.00000
      41.36359       0.00000      70.00000
      41.37545       0.00000      70.00000
      41.38730       0.00000      70.00000
      41.39916       0.00000      70.00000
      41.41101       0.00000      70.00000
      41.42286       0.00000      70.00000
      41.43472       0.00000      70.00000
      41.44657       0.00000      70.00000
      41.45843       0.00000      70.00000
      41.47028       0.00000      70.00000
      41.48213       0.00000      70.00000
      41.49399       0.00000      70.00000
      41.50584       0.00000      70.00000
      41.51770       0.00000      70.00000
      41.52955       0.00000      70.00000
      41.54140       0.00000      70.00000
      41.55326       0.00000      70.00000
      41.56511       0.00000      70.00000
      41.57697       0.00000      70.00000
      41.58882       0.00000      70.00000
      41.60067       0.00000      70.00000
      41.61253       0.00000      70.00000
      41.62438       0.00000      70.00000
      41.63624       0.00000      70.00000
      41.64809       0.00000      70.00000
      41.65994       0.00000      70.00000
      41.67180       0.00000      70.00000
      41.68365       0.00000      70.00000
      41.69551       0.00000      70.00000
      41.70736       0.00000      70.00000
      41.71921       0.00000      70.00000
      41.73107       0.00000      70.00000
      41.74292       0.00000      70.00000
      41.75478       0.00000      70.00000
      41.76663       0.00000      70.00000
      41.77849       0.00000      70.00000
      41.79034       0.00000      70.00000
      41.80219       0.00000      70.00000
      41.81405       0.00000      70.00000
      41.82590       0.00000      70.00000
      41.83776       0.00000      70.00000
      41.84961       0.00000      70.00000
      41.86146       0.00000      70.00000
      41.87332       0.00000      70.00000
      41.88517       0.00000      70.00000
      41.89703       0.00000      70.00000
      41.90888       0.00000      70.00000
      41.92073       0.00000      70.00000
      41.93259       0.00000      70.00000
      41.94444       0.00000      70.00000
      41.95630       0.00000      70.00000
      41.96815       0.00000      70.00000
      41.98000       0.00000      70.00000
      41.99186       0.00000      70.00000
      42.00371       0.00000      70.00000
      42.01557       0.00000      70.00000
      42.02742       0.00000      70.00000
      42.03927       0.00000      70.00000
      42.05113       0.00000      70.00000
      42.06298       0.00000      70.00000
      42.07484       0.00000      70.00000
      42.08669       0.00000      70.00000
      42.09854       0.00000      70.00000
      42.11040       0.00000      70.00000
      42.12225       0.00001      70.00000
      42.13411       0.00007      70.00000
      42.14596       0.00060      70.00001
      42.15782       0.00414      70.00006
      42.16967       0.02359      70.00034
      42.18152       0.11109      70.00165
      42.19338       0.43275      70.00678
      42.20523       1.39442      70.02331
      42.21709       3.71651      70.06737
      42.22894       8.19331      70.16449
      42.24079      14.94054      70.34160
      42.25265      22.53491      70.60873
      42.26450      28.11436      70.94200
      42.27636      29.01240      71.28591
      42.28821      24.76408      71.57947
      42.30006      17.48411      71.78672
      42.31192      10.21052      71.90776
      42.32377       4.93213      71.96623
      42.33563       1.97063      71.98959
      42.34748       0.65127      71.99731
      42.35933       0.17803      71.99942
      42.37119       0.04025      71.99989
      42.38304       0.00753      71.99998
      42.39490       0.00116      72.00000
      42.40675       0.00015      72.00000
      42.41860       0.00002      72.00000
      42.43046       0.00000      72.00000
      42.44231       0.00000      72.00000
      42.45417       0.00000      72.00000
      42.46602       0.00000      72.00000
      42.47787       0.00000      72.00000
      42.48973       0.00000      72.00000
      42.50158       0.00000      72.00000
      42.51344       0.00000      72.00000
      42.52529       0.00000      72.00000
      42.53715       0.00000      72.00000
      42.54900       0.00000      72.00000
      42.56085       0.00000      72.00000
      42.57271       0.00000      72.00000
      42.58456       0.00000      72.00000
      42.59642       0.00000      72.00000
      42.60827       0.00000      72.00000
      42.62012       0.00000      72.00000
      42.63198       0.00000      72.00000
      42.64383       0.00000      72.00000
      42.65569       0.00000      72.00000
      42.66754       0.00000      72.00000
      42.67939       0.00000      72.00000
      42.69125       0.00000      72.00000
      42.70310       0.00000      72.00000
      42.71496       0.00000      72.00000
      42.72681       0.00000      72.00000
      42.73866       0.00000      72.00000
      42.75052       0.00000      72.00000
      42.76237       0.00000      72.00000
      42.77423       0.00000      72.00000
      42.78608       0.00000      72.00000
      42.79793       0.00000      72.00000
      42.80979       0.00000      72.00000
      42.82164       0.00000      72.00000
      42.83350       0.00000      72.00000
      42.84535       0.00000      72.00000
      42.85720       0.00000      72.00000
      42.86906       0.00000      72.00000
      42.88091       0.00000      72.00000
      42.89277       0.00000      72.00000
      42.90462       0.00000      72.00000
      42.91647       0.00000      72.00000
      42.92833       0.00000      72.00000
      42.94018       0.00000      72.00000
      42.95204       0.00000      72.00000
      42.96389       0.00000      72.00000
      42.97575       0.00000      72.00000
      42.98760       0.00000      72.00000
      42.99945       0.00000      72.00000
      43.01131       0.00000      72.00000
      43.02316       0.00000      72.00000
      43.03502       0.00000      72.00000
      43.04687       0.00000      72.00000
      43.05872       0.00000      72.00000
      43.07058       0.00000      72.00000
      43.08243       0.00000      72.00000
      43.09429       0.00000      72.00000
      43.10614       0.00000      72.00000
      43.11799       0.00000      72.00000
      43.12985       0.00000      72.00000
      43.14170       0.00000      72.00000
      43.15356       0.00000      72.00000
      43.16541       0.00000      72.00000
      43.17726       0.00000      72.00000
      43.18912       0.00000      72.00000
      43.20097       0.00000      72.00000
      43.21283       0.00000      72.00000
      43.22468       0.00000      72.00000
      43.23653       0.00000      72.00000
      43.24839       0.00000      72.00000
      43.26024       0.00000      72.00000
      43.27210       0.00000      72.00000
      43.28395       0.00000      72.00000
      43.29580       0.00000      72.00000
      43.30766       0.00000      72.00000
      43.31951       0.00000      72.00000
      43.33137       0.00000      72.00000
      43.34322       0.00000      72.00000
      43.35508       0.00000      72.00000
      43.36693       0.00000      72.00000
      43.37878       0.00000      72.00000
      43.39064       0.00000      72.00000
      43.40249       0.00000      72.00000
      43.41435       0.00000      72.00000
      43.42620       0.00000      72.00000
      43.43805       0.00000      72.00000
      43.44991       0.00000      72.00000
      43.46176       0.00000      72.00000
      43.47362       0.00000      72.00000
      43.48547       0.00000      72.00000
      43.49732       0.00000      72.00000
      43.50918       0.00000      72.00000
      43.52103       0.00000      72.00000
      43.53289       0.00000      72.00000
      43.54474       0.00000      72.00000
      43.55659       0.00000      72.00000
      43.56845       0.00000      72.00000
      43.58030       0.00000      72.00000
      43.59216       0.00000      72.00000
      43.60401       0.00000      72.00000
      43.61586       0.00000      72.00000
      43.62772       0.00000      72.00000
      43.63957       0.00000      72.00000
      43.65143       0.00000      72.00000
      43.66328       0.00000      72.00000
      43.67513       0.00000      72.00000
      43.68699       0.00000      72.00000
      43.69884       0.00000      72.00000
      43.71070       0.00000      72.00000
      43.72255       0.00000      72.00000
      43.73440       0.00000      72.00000
      43.74626       0.00000      72.00000
      43.75811       0.00000      72.00000
      43.76997       0.00000      72.00000
      43.78182       0.00000      72.00000
      43.79368       0.00000      72.00000
      43.80553       0.00000      72.00000
      43.81738       0.00000      72.00000
      43.82924       0.00000      72.00000
      43.84109       0.00000      72.00000
      43.85295       0.00000      72.00000
      43.86480       0.00000      72.00000
      43.87665       0.00000      72.00000
      43.88851       0.00000      72.00000
      43.90036       0.00000      72.00000
      43.91222       0.00000      72.00000
      43.92407       0.00000      72.00000
      43.93592       0.00000      72.00000
      43.94778       0.00000      72.00000
      43.95963       0.00000      72.00000
      43.97149       0.00000      72.00000
      43.98334       0.00000      72.00000
      43.99519       0.00000      72.00000
      44.00705       0.00000      72.00000
      44.01890       0.00000      72.00000
      44.03076       0.00000      72.00000
      44.04261       0.00000      72.00000
      44.05446       0.00000      72.00000
      44.06632       0.00000      72.00000
      44.07817       0.00000      72.00000
      44.09003       0.00000      72.00000
      44.10188       0.00000      72.00000
      44.11373       0.00000      72.00000
      44.12559       0.00000      72.00000
      44.13744       0.00000      72.00000
      44.14930       0.00000      72.00000
      44.16115       0.00000      72.00000
      44.17301       0.00000      72.00000
      44.18486       0.00000      72.00000
      44.19671       0.00000      72.00000
      44.20857       0.00000      72.00000
      44.22042       0.00000      72.00000
      44.23228       0.00000      72.00000
      44.24413       0.00000      72.00000
      44.25598       0.00000      72.00000
      44.26784       0.00000      72.00000
      44.27969       0.00000      72.00000
      44.29155       0.00000      72.00000
      44.30340       0.00000      72.00000
      44.31525       0.00000      72.00000
      44.32711       0.00000      72.00000
      44.33896       0.00000      72.00000
      44.35082       0.00000      72.00000
      44.36267       0.00000      72.00000
      44.37452       0.00000      72.00000
      44.38638       0.00000      72.00000
      44.39823       0.00000      72.00000
      44.41009       0.00000      72.00000
      44.42194       0.00000      72.00000
      44.43379       0.00000      72.00000
      44.44565       0.00000      72.00000
      44.45750       0.00000      72.00000
      44.46936       0.00000      72.00000
      44.48121       0.00000      72.00000
      44.49306       0.00000      72.00000
      44.50492       0.00000      72.00000
      44.51677       0.00000      72.00000
      44.52863       0.00000      72.00000
      44.54048       0.00000      72.00000
      44.55233       0.00000      72.00000
      44.56419       0.00000      72.00000
      44.57604       0.00000      72.00000
      44.58790       0.00000      72.00000
      44.59975       0.00000      72.00000
      44.61161       0.00000      72.00000
      44.62346       0.00000      72.00000
      44.63531       0.00000      72.00000
      44.64717       0.00000      72.00000
      44.65902       0.00000      72.00000
      44.67088       0.00000      72.00000
      44.68273       0.00000      72.00000
      44.69458       0.00000      72.00000
      44.70644       0.00000      72.00000
      44.71829       0.00000      72.00000
      44.73015       0.00000      72.00000
      44.74200       0.00000      72.00000
      44.75385       0.00000      72.00000
      44.76571       0.00000      72.00000
      44.77756       0.00000      72.00000
      44.78942       0.00000      72.00000
      44.80127       0.00000      72.00000
      44.81312       0.00000      72.00000
      44.82498       0.00000      72.00000
      44.83683       0.00000      72.00000
      44.84869       0.00000      72.00000
      44.86054       0.00000      72.00000
      44.87239       0.00000      72.00000
      44.88425       0.00000      72.00000
      44.89610       0.00000      72.00000
      44.90796       0.00000      72.00000
      44.91981       0.00000      72.00000
      44.93166       0.00000      72.00000
      44.94352       0.00000      72.00000
      44.95537       0.00000      72.00000
      44.96723       0.00000      72.00000
      44.97908       0.00000      72.00000
      44.99094       0.00000      72.00000
      45.00279       0.00000      72.00000
      45.01464       0.00000      72.00000
      45.02650       0.00000      72.00000
      45.03835       0.00000      72.00000
      45.05021       0.00000      72.00000
      45.06206       0.00000      72.00000
      45.07391       0.00000      72.00000
      45.08577       0.00000      72.00000
      45.09762       0.00000      72.00000
      45.10948       0.00000      72.00000
      45.12133       0.00000      72.00000
      45.13318       0.00000      72.00000
      45.14504       0.00000      72.00000
      45.15689       0.00000      72.00000
      45.16875       0.00000      72.00000
      45.18060       0.00000      72.00000
      45.19245       0.00000      72.00000
      45.20431       0.00000      72.00000
      45.21616       0.00000      72.00000
      45.22802       0.00000      72.00000
      45.23987       0.00000      72.00000
      45.25172       0.00000      72.00000
      45.26358       0.00000      72.00000
      45.27543       0.00000      72.00000
      45.28729       0.00000      72.00000
      45.29914       0.00000      72.00000
      45.31099       0.00000      72.00000
      45.32285       0.00000      72.00000
      45.33470       0.00000      72.00000
      45.34656       0.00000      72.00000
      45.35841       0.00000      72.00000
      45.37027       0.00000      72.00000
      45.38212       0.00000      72.00000
      45.39397       0.00000      72.00000
      45.40583       0.00000      72.00000
      45.41768       0.00000      72.00000
      45.42954       0.00000      72.00000
      45.44139       0.00000      72.00000
      45.45324       0.00000      72.00000
      45.46510       0.00000      72.00000
      45.47695       0.00000      72.00000
      45.48881       0.00000      72.00000
      45.50066       0.00000      72.00000
      45.51251       0.00000      72.00000
      45.52437       0.00000      72.00000
      45.53622       0.00000      72.00000
      45.54808       0.00000      72.00000
      45.55993       0.00000      72.00000
      45.57178       0.00000      72.00000
      45.58364       0.00000      72.00000
      45.59549       0.00000      72.00000
      45.60735       0.00000      72.00000
      45.61920       0.00000      72.00000
      45.63105       0.00000      72.00000
      45.64291       0.00000      72.00000
      45.65476       0.00000      72.00000
      45.66662       0.00000      72.00000
      45.67847       0.00000      72.00000
      45.69032       0.00000      72.00000
      45.70218       0.00000      72.00000
      45.71403       0.00004      72.00000
      45.72589       0.00032      72.00000
      45.73774       0.00232      72.00003
      45.74959       0.01403      72.00020
      45.76145       0.07008      72.00103
      45.77330       0.28956      72.00446
      45.78516       0.98965      72.01619
      45.79701       2.79773      72.04936
      45.80887       6.54202      72.12691
      45.82072      12.65321      72.27690
      45.83257      20.24291      72.51686
      45.84443      26.78723      72.83440
      45.85628      29.32013      73.18196
      45.86814      26.54525      73.49663
      45.87999      19.87882      73.73227
      45.89184      12.31338      73.87824
      45.90370       6.30880      73.95302
      45.91555       2.67362      73.98471
      45.92741       0.93721      73.99582
      45.93926       0.27174      73.99904
      45.95111       0.06517      73.99982
      45.96297       0.01293      73.99997
      45.97482       0.00212      74.00000
      45.98668       0.00029      74.00000
      45.99853       0.00003      74.00000
      46.01038       0.00000      74.00000
      46.02224       0.00000      74.00000
      46.03409       0.00000      74.00000
      46.04595       0.00000      74.00000
      46.05780       0.00000      74.00000
      46.06965       0.00000      74.00000
      46.08151       0.00000      74.00000
      46.09336       0.00000      74.00000
      46.10522       0.00000      74.00000
      46.11707       0.00000      74.00000
      46.12892       0.00000      74.00000
      46.14078       0.00000      74.00000
      46.15263       0.00000      74.00000
      46.16449       0.00000      74.00000
      46.17634       0.00000      74.00000
      46.18820       0.00000      74.00000
      46.20005       0.00000      74.00000
      46.21190       0.00000      74.00000
      46.22376       0.00000      74.00000
      46.23561       0.00000      74.00000
      46.24747       0.00000      74.00000
      46.25932       0.00000      74.00000
      46.27117       0.00000      74.00000
      46.28303       0.00000      74.00000
      46.29488       0.00000      74.00000
      46.30674       0.00000      74.00000
      46.31859       0.00000      74.00000
      46.33044       0.00000      74.00000
      46.34230       0.00000      74.00000
      46.35415       0.00000      74.00000
      46.36601       0.00000      74.00000
      46.37786       0.00000      74.00000
      46.38971       0.00000      74.00000
      46.40157       0.00000      74.00000
      46.41342       0.00000      74.00000
      46.42528       0.00000      74.00000
      46.43713       0.00000      74.00000
      46.44898       0.00000      74.00000
      46.46084       0.00000      74.00000
      46.47269       0.00000      74.00000
      46.48455       0.00000      74.00000
      46.49640       0.00000      74.00000
      46.50825       0.00000      74.00000
      46.52011       0.00000      74.00000
      46.53196       0.00000      74.00000
      46.54382       0.00000      74.00000
      46.55567       0.00000      74.00000
      46.56752       0.00000      74.00000
      46.57938       0.00000      74.00000
      46.59123       0.00000      74.00000
      46.60309       0.00000      74.00000
      46.61494       0.00000      74.00000
      46.62680       0.00000      74.00000
      46.63865       0.00000      74.00000
      46.65050       0.00000      74.00000
      46.66236       0.00000      74.00000
      46.67421       0.00000      74.00000
      46.68607       0.00000      74.00000
      46.69792       0.00000      74.00000
      46.70977       0.00000      74.00000
      46.72163       0.00000      74.00000
      46.73348       0.00000      74.00000
      46.74534       0.00000      74.00000
      46.75719       0.00000      74.00000
      46.76904       0.00000      74.00000
      46.78090       0.00000      74.00000
      46.79275       0.00000      74.00000
      46.80461       0.00000      74.00000
      46.81646       0.00000      74.00000
      46.82831       0.00000      74.00000
      46.84017       0.00000      74.00000
      46.85202       0.00000      74.00000
      46.86388       0.00000      74.00000
      46.87573       0.00000      74.00000
      46.88758       0.00000      74.00000
      46.89944       0.00000      74.00000
      46.91129       0.00000      74.00000
      46.92315       0.00000      74.00000
      46.93500       0.00000      74.00000
      46.94685       0.00000      74.00000
      46.95871       0.00000      74.00000
      46.97056       0.00000      74.00000
      46.98242       0.00000      74.00000
      46.99427       0.00000      74.00000
      47.00613       0.00000      74.00000
      47.01798       0.00000      74.00000
      47.02983       0.00000      74.00000
      47.04169       0.00000      74.00000
      47.05354       0.00000      74.00000
      47.06540       0.00000      74.00000
      47.07725       0.00000      74.00000
      47.08910       0.00000      74.00000
      47.10096       0.00000      74.00000
      47.11281       0.00000      74.00000
      47.12467       0.00000      74.00000
      47.13652       0.00000      74.00000
      47.14837       0.00000      74.00000
      47.16023       0.00000      74.00000
      47.17208       0.00000      74.00000
      47.18394       0.00000      74.00000
      47.19579       0.00000      74.00000
      47.20764       0.00000      74.00000
      47.21950       0.00000      74.00000
      47.23135       0.00000      74.00000
      47.24321       0.00000      74.00000
      47.25506       0.00000      74.00000
      47.26691       0.00000      74.00000
      47.27877       0.00000      74.00000
      47.29062       0.00000      74.00000
      47.30248       0.00000      74.00000
      47.31433       0.00000      74.00000
      47.32618       0.00000      74.00000
      47.33804       0.00000      74.00000
      47.34989       0.00000      74.00000
      47.36175       0.00000      74.00000
      47.37360       0.00000      74.00000
      47.38545       0.00000      74.00000
      47.39731       0.00000      74.00000
      47.40916       0.00000      74.00000
      47.42102       0.00000      74.00000
      47.43287       0.00000      74.00000
      47.44473       0.00000      74.00000
      47.45658       0.00000      74.00000
      47.46843       0.00000      74.00000
      47.48029       0.00000      74.00000
      47.49214       0.00000      74.00000
      47.50400       0.00000      74.00000
      47.51585       0.00000      74.00000
      47.52770       0.00000      74.00000
      47.53956       0.00000      74.00000
      47.55141       0.00000      74.00000
      47.56327       0.00000      74.00000
      47.57512       0.00000      74.00000
      47.58697       0.00000      74.00000
      47.59883       0.00000      74.00000
      47.61068       0.00000      74.00000
      47.62254       0.00000      74.00000
      47.63439       0.00000      74.00000
      47.64624       0.00000      74.00000
      47.65810       0.00000      74.00000
      47.66995       0.00000      74.00000
      47.68181       0.00000      74.00000
      47.69366       0.00000      74.00000
      47.70551       0.00000      74.00000
      47.71737       0.00000      74.00000
      47.72922       0.00000      74.00000
      47.74108       0.00000      74.00000
      47.75293       0.00000      74.00000
      47.76478       0.00000      74.00000
      47.77664       0.00000      74.00000
      47.78849       0.00000      74.00000
      47.80035       0.00000      74.00000
      47.81220       0.00000      74.00000
      47.82406       0.00000      74.00000
      47.83591       0.00000      74.00000
      47.84776       0.00000      74.00000
      47.85962       0.00000      74.00000
      47.87147       0.00000      74.00000
      47.88333       0.00000      74.00000
      47.89518       0.00000      74.00000
      47.90703       0.00000      74.00000
      47.91889       0.00000      74.00000
      47.93074       0.00000      74.00000
      47.94260       0.00000      74.00000
      47.95445       0.00000      74.00000
      47.96630       0.00000      74.00000
      47.97816       0.00000      74.00000
      47.99001       0.00000      74.00000
      48.00187       0.00000      74.00000
      48.01372       0.00000      74.00000
      48.02557       0.00000      74.00000
      48.03743       0.00000      74.00000
      48.04928       0.00000      74.00000
      48.06114       0.00000      74.00000
      48.07299       0.00000      74.00000
      48.08484       0.00000      74.00000
      48.09670       0.00000      74.00000
      48.10855       0.00000      74.00000
      48.12041       0.00000      74.00000
      48.13226       0.00000      74.00000
      48.14411       0.00000      74.00000
      48.15597       0.00000      74.00000
      48.16782       0.00000      74.00000
      48.17968       0.00000      74.00000
      48.19153       0.00000      74.00000
      48.20339       0.00000      74.00000
      48.21524       0.00000      74.00000
      48.22709       0.00000      74.00000
      48.23895       0.00000      74.00000
      48.25080       0.00000      74.00000
      48.26266       0.00000      74.00000
      48.27451       0.00000      74.00000
      48.28636       0.00000      74.00000
      48.29822       0.00000      74.00000
      48.31007       0.00000      74.00000
      48.32193       0.00000      74.00000
      48.33378       0.00000      74.00000
      48.34563       0.00000      74.00000
      48.35749       0.00000      74.00000
      48.36934       0.00000      74.00000
      48.38120       0.00000      74.00000
      48.39305       0.00000      74.00000
      48.40490       0.00000      74.00000
      48.41676       0.00000      74.00000
      48.42861       0.00000      74.00000
      48.44047       0.00000      74.00000
      48.45232       0.00000      74.00000
      48.46417       0.00000      74.00000
      48.47603       0.00000      74.00000
      48.48788       0.00000      74.00000
      48.49974       0.00000      74.00000
      48.51159       0.00000      74.00000
      48.52344       0.00000      74.00000
      48.53530       0.00000      74.00000
      48.54715       0.00000      74.00000
      48.55901       0.00000      74.00000
      48.57086       0.00000      74.00000
      48.58271       0.00000      74.00000
      48.59457       0.00000      74.00000
      48.60642       0.00000      74.00000
      48.61828       0.00000      74.00000
      48.63013       0.00000      74.00000
      48.64199       0.00000      74.00000
      48.65384       0.00000      74.00000
      48.66569       0.00000      74.00000
      48.67755       0.00000      74.00000
      48.68940       0.00000      74.00000
      48.70126       0.00000      74.00000
      48.71311       0.00000      74.00000
      48.72496       0.00000      74.00000
      48.73682       0.00000      74.00000
      48.74867       0.00000      74.00000
      48.76053       0.00000      74.00000
      48.77238       0.00000      74.00000
      48.78423       0.00000      74.00000
      48.79609       0.00000      74.00000
      48.80794       0.00000      74.00000
      48.81980       0.00000      74.00000
      48.83165       0.00000      74.00000
      48.84350       0.00000      74.00000
      48.85536       0.00000      74.00000
      48.86721       0.00000      74.00000
      48.87907       0.00000      74.00000
      48.89092       0.00000      74.00000
      48.90277       0.00000      74.00000
      48.91463       0.00000      74.00000
      48.92648       0.00000      74.00000
      48.93834       0.00000      74.00000
      48.95019       0.00000      74.00000
      48.96204       0.00000      74.00000
      48.97390       0.00000      74.00000
      48.98575       0.00000      74.00000
      48.99761       0.00000      74.00000
      49.00946       0.00000      74.00000
      49.02132       0.00000      74.00000
      49.03317       0.00000      74.00000
      49.04502       0.00000      74.00000
      49.05688       0.00000      74.00000
      49.06873       0.00000      74.00000
      49.08059       0.00000      74.00000
      49.09244       0.00000      74.00000
      49.10429       0.00000      74.00000
      49.11615       0.00000      74.00000
      49.12800       0.00000      74.00000
      49.13986       0.00000      74.00000
      49.15171       0.00000      74.00000
      49.16356       0.00000      74.00000
      49.17542       0.00000      74.00000
      49.18727       0.00000      74.00000
      49.19913       0.00000      74.00000
      49.21098       0.00000      74.00000
      49.22283       0.00000      74.00000
      49.23469       0.00000      74.00000
      49.24654       0.00000      74.00000
      49.25840       0.00000      74.00000
      49.27025       0.00000      74.00000
      49.28210       0.00000      74.00000
      49.29396       0.00000      74.00000
      49.30581       0.00000      74.00000
      49.31767       0.00000      74.00000
      49.32952       0.00000      74.00000
      49.34137       0.00000      74.00000
      49.35323       0.00000      74.00000
      49.36508       0.00000      74.00000
      49.37694       0.00000      74.00000
      49.38879       0.00000      74.00000
      49.40064       0.00000      74.00000
      49.41250       0.00000      74.00000
      49.42435       0.00000      74.00000
      49.43621       0.00000      74.00000
      49.44806       0.00000      74.00000
      49.45992       0.00000      74.00000
      49.47177       0.00000      74.00000
      49.48362       0.00000      74.00000
      49.49548       0.00000      74.00000
      49.50733       0.00000      74.00000
      49.51919       0.00000      74.00000
      49.53104       0.00000      74.00000
      49.54289       0.00000      74.00000
      49.55475       0.00000      74.00000
      49.56660       0.00000      74.00000
      49.57846       0.00000      74.00000
      49.59031       0.00000      74.00000
      49.60216       0.00000      74.00000
      49.61402       0.00000      74.00000
      49.62587       0.00000      74.00000
      49.63773       0.00000      74.00000
      49.64958       0.00000      74.00000
      49.66143       0.00000      74.00000
      49.67329       0.00000      74.00000
      49.68514       0.00000      74.00000
      49.69700       0.00000      74.00000
      49.70885       0.00000      74.00000
      49.72070       0.00000      74.00000
      49.73256       0.00000      74.00000
      49.74441       0.00000      74.00000
      49.75627       0.00000      74.00000
      49.76812       0.00000      74.00000
      49.77997       0.00000      74.00000
      49.79183       0.00000      74.00000
      49.80368       0.00000      74.00000
      49.81554       0.00000      74.00000
      49.82739       0.00000      74.00000
      49.83925       0.00000      74.00000
      49.85110       0.00000      74.00000
      49.86295       0.00000      74.00000
      49.87481       0.00000      74.00000
      49.88666       0.00000      74.00000
      49.89852       0.00000      74.00000
      49.91037       0.00000      74.00000
      49.92222       0.00000      74.00000
      49.93408       0.00000      74.00000
      49.94593       0.00000      74.00000
      49.95779       0.00000      74.00000
      49.96964       0.00000      74.00000
      49.98149       0.00000      74.00000
      49.99335       0.00000      74.00000
      50.00520       0.00000      74.00000
      50.01706       0.00000      74.00000
      50.02891       0.00000      74.00000
      50.04076       0.00000      74.00000
      50.05262       0.00000      74.00000
      50.06447       0.00000      74.00000
      50.07633       0.00000      74.00000
      50.08818       0.00000      74.00000
      50.10003       0.00000      74.00000
      50.11189       0.00000      74.00000
      50.12374       0.00000      74.00000
      50.13560       0.00000      74.00000
      50.14745       0.00000      74.00000
      50.15930       0.00000      74.00000
      50.17116       0.00000      74.00000
      50.18301       0.00000      74.00000
      50.19487       0.00000      74.00000
      50.20672       0.00000      74.00000
      50.21857       0.00000      74.00000
      50.23043       0.00000      74.00000
      50.24228       0.00000      74.00000
      50.25414       0.00000      74.00000
      50.26599       0.00000      74.00000
      50.27785       0.00000      74.00000
      50.28970       0.00000      74.00000
      50.30155       0.00000      74.00000
      50.31341       0.00000      74.00000
      50.32526       0.00000      74.00000
      50.33712       0.00000      74.00000
      50.34897       0.00000      74.00000
      50.36082       0.00000      74.00000
      50.37268       0.00000      74.00000
      50.38453       0.00000      74.00000
      50.39639       0.00000      74.00000
      50.40824       0.00000      74.00000
      50.42009       0.00000      74.00000
      50.43195       0.00000      74.00000
      50.44380       0.00000      74.00000
      50.45566       0.00000      74.00000
      50.46751       0.00000      74.00000
      50.47936       0.00000      74.00000
      50.49122       0.00000      74.00000
      50.50307       0.00000      74.00000
      50.51493       0.00000      74.00000
      50.52678       0.00000      74.00000
      50.53863       0.00000      74.00000
      50.55049       0.00000      74.00000
      50.56234       0.00000      74.00000
      50.57420       0.00000      74.00000
      50.58605       0.00000      74.00000
      50.59790       0.00000      74.00000
      50.60976       0.00000      74.00000
      50.62161       0.00000      74.00000
      50.63347       0.00000      74.00000
      50.64532       0.00000      74.00000
      50.65718       0.00000      74.00000
      50.66903       0.00000      74.00000
      50.68088       0.00000      74.00000
      50.69274       0.00000      74.00000
      50.70459       0.00000      74.00000
      50.71645       0.00000      74.00000
      50.72830       0.00000      74.00000
      50.74015       0.00000      74.00000
      50.75201       0.00000      74.00000
      50.76386       0.00000      74.00000
      50.77572       0.00000      74.00000
      50.78757       0.00000      74.00000
      50.79942       0.00000      74.00000
      50.81128       0.00000      74.00000
      50.82313       0.00000      74.00000
      50.83499       0.00000      74.00000
      50.84684       0.00000      74.00000
      50.85869       0.00000      74.00000
      50.87055       0.00000      74.00000
      50.88240       0.00000      74.00000
      50.89426       0.00000      74.00000
      50.90611       0.00000      74.00000
      50.91796       0.00000      74.00000
      50.92982       0.00000      74.00000
      50.94167       0.00000      74.00000
      50.95353       0.00000      74.00000
      50.96538       0.00000      74.00000
      50.97723       0.00000      74.00000
      50.98909       0.00000      74.00000
      51.00094       0.00000      74.00000
      51.01280       0.00000      74.00000
      51.02465       0.00000      74.00000
      51.03651       0.00000      74.00000
      51.04836       0.00000      74.00000
      51.06021       0.00000      74.00000
      51.07207       0.00000      74.00000
      51.08392       0.00000      74.00000
      51.09578       0.00000      74.00000
      51.10763       0.00003      74.00000
      51.11948       0.00031      74.00000
      51.13134       0.00227      74.00003
      51.14319       0.01372      74.00019
      51.15505       0.06870      74.00101
      51.16690       0.28458      74.00438
      51.17875       0.97504      74.01594
      51.19061       2.76329      74.04870
      51.20246       6.47757      74.12548
      51.21432      12.55974      74.27436
      51.22617      20.14339      74.51315
      51.23802      26.72188      74.82991
      51.24988      29.32139      75.17749
      51.26173      26.61246      75.49295
      51.27359      19.97876      75.72978
      51.28544      12.40609      75.87684
      51.29729       6.37212      75.95238
      51.30915       2.70718      75.98447
      51.32100       0.95133      75.99575
      51.33286       0.27652      75.99902
      51.34471       0.06648      75.99981
      51.35656       0.01322      75.99997
      51.36842       0.00217      76.00000
      51.38027       0.00030      76.00000
      51.39213       0.00003      76.00000
      51.40398       0.00000      76.00000
      51.41583       0.00000      76.00000
      51.42769       0.00000      76.00000
      51.43954       0.00000      76.00000
      51.45140       0.00000      76.00000
      51.46325       0.00000      76.00000
      51.47511       0.00000      76.00000
      51.48696       0.00000      76.00000
      51.49881       0.00000      76.00000
      51.51067       0.00000      76.00000
      51.52252       0.00000      76.00000
      51.53438       0.00000      76.00000
      51.54623       0.00000      76.00000
      51.55808       0.00000      76.00000
      51.56994       0.00000      76.00000
      51.58179       0.00000      76.00000
      51.59365       0.00000      76.00000
      51.60550       0.00000      76.00000
      51.61735       0.00000      76.00000
      51.62921       0.00000      76.00000
      51.64106       0.00000      76.00000
      51.65292       0.00000      76.00000
      51.66477       0.00000      76.00000
      51.67662       0.00000      76.00000
      51.68848       0.00000      76.00000
      51.70033       0.00000      76.00000
      51.71219       0.00000      76.00000
      51.72404       0.00000      76.00000
      51.73589       0.00000      76.00000
      51.74775       0.00000      76.00000
      51.75960       0.00000      76.00000
      51.77146       0.00000      76.00000
      51.78331       0.00000      76.00000
      51.79516       0.00000      76.00000
      51.80702       0.00000      76.00000
      51.81887       0.00000      76.00000
      51.83073       0.00000      76.00000
      51.84258       0.00000      76.00000
      51.85444       0.00000      76.00000
      51.86629       0.00000      76.00000
      51.87814       0.00000      76.00000
      51.89000       0.00000      76.00000
      51.90185       0.00000      76.00000
      51.91371       0.00000      76.00000
      51.92556       0.00000      76.00000
      51.93741       0.00000      76.00000
      51.94927       0.00000      76.00000
      51.96112       0.00000      76.00000
      51.97298       0.00000      76.00000
      51.98483       0.00000      76.00000
      51.99668       0.00000      76.00000
      52.00854       0.00000      76.00000
      52.02039       0.00000      76.00000
      52.03225       0.00000      76.00000
      52.04410       0.00000      76.00000
      52.05595       0.00000      76.00000
      52.06781       0.00000      76.00000
      52.07966       0.00000      76.00000
      52.09152       0.00000      76.00000
      52.10337       0.00000      76.00000
      52.11522       0.00000      76.00000
      52.12708       0.00000      76.00000
      52.13893       0.00000      76.00000
      52.15079       0.00000      76.00000
      52.16264       0.00000      76.00000
      52.17449       0.00000      76.00000
      52.18635       0.00000      76.00000
      52.19820       0.00000      76.00000
      52.21006       0.00000      76.00000
      52.22191       0.00000      76.00000
      52.23376       0.00000      76.00000
      52.24562       0.00000      76.00000
      52.25747       0.00000      76.00000
      52.26933       0.00000      76.00000
      52.28118       0.00000      76.00000
      52.29304       0.00000      76.00000
      52.30489       0.00000      76.00000
      52.31674       0.00000      76.00000
      52.32860       0.00000      76.00000
      52.34045       0.00000      76.00000
      52.35231       0.00000      76.00000
      52.36416       0.00000      76.00000
      52.37601       0.00001      76.00000
      52.38787       0.00006      76.00000
      52.39972       0.00054      76.00001
      52.41158       0.00378      76.00005
      52.42343       0.02175      76.00031
      52.43528       0.10340      76.00154
      52.44714       0.40659      76.00635
      52.45899       1.32241      76.02203
      52.47085       3.55757      76.06420
      52.48270       7.91634      76.15804
      52.49455      14.57063      76.33076
      52.50641      22.18273      76.59372
      52.51826      27.93410      76.92485
      52.53012      29.09627      77.26976
      52.54197      25.06819      77.56692
      52.55382      17.86452      77.77869
      52.56568      10.53035      77.90352
      52.57753       5.13425      77.96438
      52.58939       2.07059      77.98892
      52.60124       0.69071      77.99711
      52.61309       0.19058      77.99937
      52.62495       0.04350      77.99988
      52.63680       0.00821      77.99998
      52.64866       0.00128      78.00000
      52.66051       0.00017      78.00000
      52.67237       0.00002      78.00000
      52.68422       0.00000      78.00000
      52.69607       0.00000      78.00000
      52.70793       0.00000      78.00000
      52.71978       0.00000      78.00000
      52.73164       0.00000      78.00000
      52.74349       0.00000      78.00000
      52.75534       0.00000      78.00000
      52.76720       0.00000      78.00000
      52.77905       0.00000      78.00000
      52.79091       0.00000      78.00000
      52.80276       0.00000      78.00000
      52.81461       0.00000      78.00000
      52.82647       0.00000      78.00000
      52.83832       0.00000      78.00000
      52.85018       0.00000      78.00000
      52.86203       0.00000      78.00000
      52.87388       0.00000      78.00000
      52.88574       0.00000      78.00000
      52.89759       0.00000      78.00000
      52.90945       0.00000      78.00000
      52.92130       0.00000      78.00000
      52.93315       0.00000      78.00000
      52.94501       0.00000      78.00000
      52.95686       0.00000      78.00000
      52.96872       0.00000      78.00000
      52.98057       0.00000      78.00000
      52.99242       0.00000      78.00000
      53.00428       0.00000      78.00000
      53.01613       0.00000      78.00000
      53.02799       0.00000      78.00000
      53.03984       0.00000      78.00000
      53.05169       0.00000      78.00000
      53.06355       0.00000      78.00000
      53.07540       0.00000      78.00000
      53.08726       0.00000      78.00000
      53.09911       0.00000      78.00000
      53.11097       0.00000      78.00000
      53.12282       0.00000      78.00000
      53.13467       0.00000      78.00000
      53.14653       0.00000      78.00000
      53.15838       0.00000      78.00000
      53.17024       0.00000      78.00000
      53.18209       0.00000      78.00000
      53.19394       0.00000      78.00000
      53.20580       0.00000      78.00000
      53.21765       0.00000      78.00000
      53.22951       0.00000      78.00000
      53.24136       0.00000      78.00000
      53.25321       0.00000      78.00000
      53.26507       0.00000      78.00000
      53.27692       0.00000      78.00000
      53.28878       0.00000      78.00000
      53.30063       0.00000      78.00000
      53.31248       0.00000      78.00000
      53.32434       0.00000      78.00000
      53.33619       0.00000      78.00000
      53.34805       0.00000      78.00000
      53.35990       0.00000      78.00000
      53.37175       0.00000      78.00000
      53.38361       0.00000      78.00000
      53.39546       0.00000      78.00000
      53.40732       0.00000      78.00000
      53.41917       0.00000      78.00000
      53.43102       0.00000      78.00000
      53.44288       0.00000      78.00000
      53.45473       0.00000      78.00000
      53.46659       0.00000      78.00000
      53.47844       0.00000      78.00000
      53.49030       0.00000      78.00000
      53.50215       0.00000      78.00000
      53.51400       0.00000      78.00000
      53.52586       0.00000      78.00000
      53.53771       0.00000      78.00000
      53.54957       0.00000      78.00000
      53.56142       0.00000      78.00000
      53.57327       0.00000      78.00000
      53.58513       0.00000      78.00000
      53.59698       0.00000      78.00000
      53.60884       0.00000      78.00000
      53.62069       0.00000      78.00000
      53.63254       0.00000      78.00000
      53.64440       0.00000      78.00000
      53.65625       0.00000      78.00000
      53.66811       0.00000      78.00000
      53.67996       0.00000      78.00000
      53.69181       0.00000      78.00000
      53.70367       0.00000      78.00000
      53.71552       0.00000      78.00000
      53.72738       0.00000      78.00000
      53.73923       0.00000      78.00000
      53.75108       0.00000      78.00000
      53.76294       0.00000      78.00000
      53.77479       0.00000      78.00000
      53.78665       0.00000      78.00000
      53.79850       0.00000      78.00000
      53.81035       0.00000      78.00000
      53.82221       0.00000      78.00000
      53.83406       0.00000      78.00000
      53.84592       0.00000      78.00000
      53.85777       0.00000      78.00000
      53.86963       0.00000      78.00000
      53.88148       0.00000      78.00000
      53.89333       0.00000      78.00000
      53.90519       0.00000      78.00000
      53.91704       0.00000      78.00000
      53.92890       0.00000      78.00000
      53.94075       0.00000      78.00000
      53.95260       0.00000      78.00000
      53.96446       0.00000      78.00000
      53.97631       0.00000      78.00000
      53.98817       0.00000      78.00000
      54.00002       0.00000      78.00000
      54.01187       0.00000      78.00000
      54.02373       0.00000      78.00000
      54.03558       0.00000      78.00000
      54.04744       0.00000      78.00000
      54.05929       0.00000      78.00000
      54.07114       0.00000      78.00000
      54.08300       0.00000      78.00000
      54.09485       0.00000      78.00000
      54.10671       0.00000      78.00000
      54.11856       0.00000      78.00000
      54.13041       0.00000      78.00000
      54.14227       0.00000      78.00000
      54.15412       0.00000      78.00000
      54.16598       0.00000      78.00000
      54.17783       0.00000      78.00000
      54.18968       0.00000      78.00000
      54.20154       0.00000      78.00000
      54.21339       0.00000      78.00000
      54.22525       0.00000      78.00000
      54.23710       0.00000      78.00000
      54.24895       0.00000      78.00000
      54.26081       0.00000      78.00000
      54.27266       0.00000      78.00000
      54.28452       0.00000      78.00000
      54.29637       0.00000      78.00000
      54.30823       0.00000      78.00000
      54.32008       0.00000      78.00000
      54.33193       0.00000      78.00000
      54.34379       0.00000      78.00000
      54.35564       0.00000      78.00000
      54.36750       0.00000      78.00000
      54.37935       0.00000      78.00000
      54.39120       0.00000      78.00000
      54.40306       0.00000      78.00000
      54.41491       0.00000      78.00000
      54.42677       0.00000      78.00000
      54.43862       0.00000      78.00000
      54.45047       0.00000      78.00000
      54.46233       0.00000      78.00000
      54.47418       0.00000      78.00000
      54.48604       0.00000      78.00000
      54.49789       0.00000      78.00000
      54.50974       0.00000      78.00000
      54.52160       0.00000      78.00000
      54.53345       0.00000      78.00000
      54.54531       0.00000      78.00000
      54.55716       0.00000      78.00000
      54.56901       0.00000      78.00000
      54.58087       0.00000      78.00000
      54.59272       0.00000      78.00000
      54.60458       0.00000      78.00000
      54.61643       0.00000      78.00000
      54.62828       0.00000      78.00000
      54.64014       0.00000      78.00000
      54.65199       0.00000      78.00000
      54.66385       0.00000      78.00000
      54.67570       0.00000      78.00000
      54.68756       0.00000      78.00000
      54.69941       0.00000      78.00000
      54.71126       0.00000      78.00000
      54.72312       0.00000      78.00000
      54.73497       0.00000      78.00000
      54.74683       0.00000      78.00000
      54.75868       0.00000      78.00000
      54.77053       0.00000      78.00000
      54.78239       0.00000      78.00000
      54.79424       0.00000      78.00000
      54.80610       0.00000      78.00000
      54.81795       0.00000      78.00000
      54.82980       0.00000      78.00000
      54.84166       0.00000      78.00000
      54.85351       0.00000      78.00000
      54.86537       0.00000      78.00000
      54.87722       0.00000      78.00000
      54.88907       0.00000      78.00000
      54.90093       0.00000      78.00000
      54.91278       0.00000      78.00000
      54.92464       0.00000      78.00000
      54.93649       0.00000      78.00000
      54.94834       0.00000      78.00000
      54.96020       0.00000      78.00000
      54.97205       0.00000      78.00000
      54.98391       0.00000      78.00000
      54.99576       0.00000      78.00000
      55.00761       0.00000      78.00000
      55.01947       0.00000      78.00000
      55.03132       0.00000      78.00000
      55.04318       0.00000      78.00000
      55.05503       0.00000      78.00000
      55.06688       0.00000      78.00000
      55.07874       0.00000      78.00000
      55.09059       0.00000      78.00000
      55.10245       0.00000      78.00000
      55.11430       0.00000      78.00000
      55.12616       0.00000      78.00000
      55.13801       0.00000      78.00000
      55.14986       0.00000      78.00000
      55.16172       0.00000      78.00000
      55.17357       0.00000      78.00000
      55.18543       0.00000      78.00000
      55.19728       0.00000      78.00000
      55.20913       0.00000      78.00000
      55.22099       0.00000      78.00000
      55.23284       0.00000      78.00000
      55.24470       0.00000      78.00000
      55.25655       0.00000      78.00000
      55.26840       0.00000      78.00000
      55.28026       0.00000      78.00000
      55.29211       0.00000      78.00000
      55.30397       0.00000      78.00000
      55.31582       0.00000      78.00000
      55.32767       0.00000      78.00000
      55.33953       0.00000      78.00000
      55.35138       0.00000      78.00000
      55.36324       0.00000      78.00000
      55.37509       0.00000      78.00000
      55.38694       0.00000      78.00000
      55.39880       0.00000      78.00000
      55.41065       0.00000      78.00000
      55.42251       0.00000      78.00000
      55.43436       0.00000      78.00000
      55.44621       0.00000      78.00000
      55.45807       0.00000      78.00000
      55.46992       0.00000      78.00000
      55.48178       0.00000      78.00000
      55.49363       0.00000      78.00000
      55.50549       0.00000      78.00000
      55.51734       0.00000      78.00000
      55.52919       0.00000      78.00000
      55.54105       0.00000      78.00000
      55.55290       0.00000      78.00000
      55.56476       0.00000      78.00000
      55.57661       0.00000      78.00000
      55.58846       0.00000      78.00000
      55.60032       0.00000      78.00000
      55.61217       0.00000      78.00000
      55.62403       0.00000      78.00000
      55.63588       0.00000      78.00000
      55.64773       0.00000      78.00000
      55.65959       0.00000      78.00000
      55.67144       0.00000      78.00000
      55.68330       0.00000      78.00000
      55.69515       0.00000      78.00000
      55.70700       0.00000      78.00000
      55.71886       0.00000      78.00000
      55.73071       0.00000      78.00000
      55.74257       0.00000      78.00000
      55.75442       0.00000      78.00000
      55.76627       0.00000      78.00000
      55.77813       0.00000      78.00000
      55.78998       0.00000      78.00000
      55.80184       0.00000      78.00000
      55.81369       0.00000      78.00000
      55.82554       0.00000      78.00000
      55.83740       0.00000      78.00000
      55.84925       0.00000      78.00000
      55.86111       0.00000      78.00000
      55.87296       0.00000      78.00000
      55.88481       0.00000      78.00000
      55.89667       0.00000      78.00000
      55.90852       0.00000      78.00000
      55.92038       0.00000      78.00000
      55.93223       0.00000      78.00000
      55.94409       0.00000      78.00000
      55.95594       0.00000      78.00000
      55.96779       0.00000      78.00000
      55.97965       0.00000      78.00000
      55.99150       0.00000      78.00000
      56.00336       0.00000      78.00000
      56.01521       0.00000      78.00000
      56.02706       0.00000      78.00000
      56.03892       0.00000      78.00000
      56.05077       0.00000      78.00000
      56.06263       0.00000      78.00000
      56.07448       0.00000      78.00000
      56.08633       0.00000      78.00000
      56.09819       0.00000      78.00000
      56.11004       0.00000      78.00000
      56.12190       0.00000      78.00000
      56.13375       0.00000      78.00000
      56.14560       0.00000      78.00000
      56.15746       0.00000      78.00000
      56.16931       0.00000      78.00000
      56.18117       0.00000      78.00000
      56.19302       0.00000      78.00000
      56.20487       0.00000      78.00000
      56.21673       0.00000      78.00000
      56.22858       0.00000      78.00000
      56.24044       0.00000      78.00000
      56.25229       0.00000      78.00000
      56.26414       0.00000      78.00000
      56.27600       0.00000      78.00000
      56.28785       0.00000      78.00000
      56.29971       0.00005      78.00000
      56.31156       0.00041      78.00000
      56.32342       0.00290      78.00004
      56.33527       0.01714      78.00024
      56.34712       0.08371      78.00123
      56.35898       0.33821      78.00524
      56.37083       1.13026      78.01864
      56.38269       3.12428      78.05568
      56.39454       7.14340      78.14036
      56.40639      13.50963      78.30050
      56.41825      21.13317      78.55101
      56.43010      27.34442      78.87516
      56.44196      29.26550      79.22207
      56.45381      25.90752      79.52918
      56.46566      18.97051      79.75406
      56.47752      11.48986      79.89026
      56.48937       5.75617      79.95849
      56.50123       2.38526      79.98677
      56.51308       0.81756      79.99646
      56.52493       0.23179      79.99921
      56.53679       0.05435      79.99985
      56.54864       0.01054      79.99998
      56.56050       0.00169      80.00000
      56.57235       0.00022      80.00000
      56.58420       0.00002      80.00000
      56.59606       0.00000      80.00000
      56.60791       0.00000      80.00000
      56.61977       0.00000      80.00000
      56.63162       0.00000      80.00000
      56.64347       0.00000      80.00000
      56.65533       0.00000      80.00000
      56.66718       0.00000      80.00000
      56.67904       0.00000      80.00000
      56.69089       0.00000      80.00000
      56.70275       0.00000      80.00000
      56.71460       0.00000      80.00000
      56.72645       0.00000      80.00000
      56.73831       0.00000      80.00000
      56.75016       0.00000      80.00000
      56.76202       0.00000      80.00000
      56.77387       0.00000      80.00000
      56.78572       0.00000      80.00000
      56.79758       0.00000      80.00000
      56.80943       0.00000      80.00000
      56.82129       0.00000      80.00000
      56.83314       0.00000      80.00000
      56.84499       0.00000      80.00000
      56.85685       0.00000      80.00000
      56.86870       0.00000      80.00000
      56.88056       0.00000      80.00000
      56.89241       0.00000      80.00000
      56.90426       0.00000      80.00000
      56.91612       0.00000      80.00000
      56.92797       0.00000      80.00000
      56.93983       0.00000      80.00000
      56.95168       0.00000      80.00000
      56.96353       0.00000      80.00000
      56.97539       0.00000      80.00000
      56.98724       0.00000      80.00000
      56.99910       0.00000      80.00000
      57.01095       0.00000      80.00000
      57.02280       0.00000      80.00000
      57.03466       0.00000      80.00000
      57.04651       0.00000      80.00000
      57.05837       0.00000      80.00000
      57.07022       0.00000      80.00000
      57.08207       0.00000      80.00000
      57.09393       0.00000      80.00000
      57.10578       0.00000      80.00000
      57.11764       0.00000      80.00000
      57.12949       0.00000      80.00000
      57.14135       0.00000      80.00000
      57.15320       0.00000      80.00000
      57.16505       0.00000      80.00000
      57.17691       0.00000      80.00000
      57.18876       0.00000      80.00000
      57.20062       0.00000      80.00000
      57.21247       0.00000      80.00000
      57.22432       0.00000      80.00000
      57.23618       0.00000      80.00000
      57.24803       0.00000      80.00000
      57.25989       0.00000      80.00000
      57.27174       0.00000      80.00000
      57.28359       0.00000      80.00000
      57.29545       0.00000      80.00000
      57.30730       0.00000      80.00000
      57.31916       0.00000      80.00000
      57.33101       0.00000      80.00000
      57.34286       0.00000      80.00000
      57.35472       0.00000      80.00000
      57.36657       0.00000      80.00000
      57.37843       0.00000      80.00000
      57.39028       0.00000      80.00000
      57.40213       0.00000      80.00000
      57.41399       0.00000      80.00000
      57.42584       0.00000      80.00000
      57.43770       0.00000      80.00000
      57.44955       0.00000      80.00000
      57.46140       0.00000      80.00000
      57.47326       0.00000      80.00000
      57.48511       0.00000      80.00000
      57.49697       0.00000      80.00000
      57.50882       0.00000      80.00000
      57.52068       0.00000      80.00000
      57.53253       0.00000      80.00000
      57.54438       0.00000      80.00000
      57.55624       0.00000      80.00000
      57.56809       0.00000      80.00000
      57.57995       0.00000      80.00000
      57.59180       0.00000      80.00000
      57.60365       0.00000      80.00000
      57.61551       0.00000      80.00000
      57.62736       0.00000      80.00000
      57.63922       0.00000      80.00000
      57.65107       0.00000      80.00000
      57.66292       0.00000      80.00000
      57.67478       0.00000      80.00000
      57.68663       0.00000      80.00000
      57.69849       0.00000      80.00000
      57.71034       0.00000      80.00000
      57.72219       0.00000      80.00000
      57.73405       0.00000      80.00000
      57.74590       0.00000      80.00000
      57.75776       0.00000      80.00000
      57.76961       0.00000      80.00000
      57.78146       0.00000      80.00000
      57.79332       0.00000      80.00000
      57.80517       0.00000      80.00000
      57.81703       0.00000      80.00000
      57.82888       0.00000      80.00000
      57.84073       0.00000      80.00000
      57.85259       0.00000      80.00000
      57.86444       0.00000      80.00000
      57.87630       0.00000      80.00000
      57.88815       0.00000      80.00000
      57.90000       0.00000      80.00000
      57.91186       0.00000      80.00000
      57.92371       0.00000      80.00000
      57.93557       0.00000      80.00000
      57.94742       0.00000      80.00000
      57.95928       0.00000      80.00000
      57.97113       0.00000      80.00000
      57.98298       0.00000      80.00000
      57.99484       0.00000      80.00000
      58.00669       0.00000      80.00000
      58.01855       0.00000      80.00000
      58.03040       0.00000      80.00000
      58.04225       0.00000      80.00000
      58.05411       0.00000      80.00000
      58.06596       0.00000      80.00000
      58.07782       0.00000      80.00000
      58.08967       0.00000      80.00000
      58.10152       0.00000      80.00000
      58.11338       0.00000      80.00000
      58.12523       0.00000      80.00000
      58.13709       0.00000      80.00000
      58.14894       0.00000      80.00000
      58.16079       0.00000      80.00000
      58.17265       0.00000      80.00000
      58.18450       0.00000      80.00000
      58.19636       0.00000      80.00000
      58.20821       0.00000      80.00000
      58.22006       0.00000      80.00000
      58.23192       0.00000      80.00000
      58.24377       0.00000      80.00000
      58.25563       0.00000      80.00000
      58.26748       0.00000      80.00000
      58.27933       0.00000      80.00000
      58.29119       0.00000      80.00000
      58.30304       0.00000      80.00000
      58.31490       0.00000      80.00000
      58.32675       0.00000      80.00000
      58.33861       0.00000      80.00000
      58.35046       0.00000      80.00000
      58.36231       0.00000      80.00000
      58.37417       0.00000      80.00000
      58.38602       0.00000      80.00000
      58.39788       0.00000      80.00000
      58.40973       0.00000      80.00000
      58.42158       0.00000      80.00000
      58.43344       0.00000      80.00000
      58.44529       0.00000      80.00000
      58.45715       0.00000      80.00000
      58.46900       0.00000      80.00000
      58.48085       0.00000      80.00000
      58.49271       0.00000      80.00000
      58.50456       0.00000      80.00000
      58.51642       0.00000      80.00000
      58.52827       0.00000      80.00000
      58.54012       0.00000      80.00000
      58.55198       0.00000      80.00000
      58.56383       0.00000      80.00000
      58.57569       0.00000      80.00000
      58.58754       0.00000      80.00000
      58.59939       0.00000      80.00000
      58.61125       0.00000      80.00000
      58.62310       0.00000      80.00000
      58.63496       0.00000      80.00000
      58.64681       0.00000      80.00000
      58.65866       0.00000      80.00000
      58.67052       0.00000      80.00000
      58.68237       0.00000      80.00000
      58.69423       0.00000      80.00000
      58.70608       0.00000      80.00000
      58.71793       0.00000      80.00000
      58.72979       0.00000      80.00000
      58.74164       0.00000      80.00000
      58.75350       0.00000      80.00000
      58.76535       0.00000      80.00000
      58.77721       0.00000      80.00000
      58.78906       0.00000      80.00000
      58.80091       0.00000      80.00000
      58.81277       0.00000      80.00000
      58.82462       0.00000      80.00000
      58.83648       0.00000      80.00000
      58.84833       0.00000      80.00000
      58.86018       0.00000      80.00000
      58.87204       0.00000      80.00000
      58.88389       0.00000      80.00000
      58.89575       0.00000      80.00000
      58.90760       0.00000      80.00000
      58.91945       0.00000      80.00000
      58.93131       0.00000      80.00000
      58.94316       0.00000      80.00000
      58.95502       0.00000      80.00000
      58.96687       0.00000      80.00000
      58.97872       0.00000      80.00000
      58.99058       0.00000      80.00000
      59.00243       0.00000      80.00000
      59.01429       0.00000      80.00000
      59.02614       0.00000      80.00000
      59.03799       0.00000      80.00000
      59.04985       0.00000      80.00000
      59.06170       0.00000      80.00000
      59.07356       0.00000      80.00000
      59.08541       0.00000      80.00000
      59.09726       0.00000      80.00000
      59.10912       0.00000      80.00000
      59.12097       0.00000      80.00000
      59.13283       0.00000      80.00000
      59.14468       0.00000      80.00000
      59.15654       0.00000      80.00000
      59.16839       0.00000      80.00000
      59.18024       0.00000      80.00000
      59.19210       0.00000      80.00000
      59.20395       0.00000      80.00000
      59.21581       0.00000      80.00000
      59.22766       0.00000      80.00000
      59.23951       0.00000      80.00000
      59.25137       0.00000      80.00000
      59.26322       0.00000      80.00000
      59.27508       0.00000      80.00000
      59.28693       0.00000      80.00000
      59.29878       0.00000      80.00000
      59.31064       0.00000      80.00000
      59.32249       0.00000      80.00000
      59.33435       0.00000      80.00000
      59.34620       0.00000      80.00000
      59.35805       0.00000      80.00000
      59.36991       0.00000      80.00000
      59.38176       0.00000      80.00000
      59.39362       0.00000      80.00000
      59.40547       0.00000      80.00000
      59.41732       0.00000      80.00000
      59.42918       0.00000      80.00000
      59.44103       0.00000      80.00000
      59.45289       0.00000      80.00000
      59.46474       0.00000      80.00000
      59.47659       0.00000      80.00000
      59.48845       0.00000      80.00000
      59.50030       0.00000      80.00000
      59.51216       0.00000      80.00000
      59.52401       0.00000      80.00000
      59.53587       0.00000      80.00000
      59.54772       0.00000      80.00000
      59.55957       0.00000      80.00000
      59.57143       0.00000      80.00000
      59.58328       0.00000      80.00000
      59.59514       0.00000      80.00000
      59.60699       0.00000      80.00000
      59.61884       0.00000      80.00000
      59.63070       0.00000      80.00000
      59.64255       0.00000      80.00000
      59.65441       0.00000      80.00000
      59.66626       0.00000      80.00000
      59.67811       0.00000      80.00000
      59.68997       0.00000      80.00000
      59.70182       0.00000      80.00000
      59.71368       0.00000      80.00000
      59.72553       0.00000      80.00000
      59.73738       0.00000      80.00000
      59.74924       0.00000      80.00000
      59.76109       0.00000      80.00000
      59.77295       0.00000      80.00000
      59.78480       0.00000      80.00000
      59.79665       0.00000      80.00000
      59.80851       0.00000      80.00000
      59.82036       0.00000      80.00000
      59.83222       0.00000      80.00000
      59.84407       0.00000      80.00000
      59.85592       0.00000      80.00000
      59.86778       0.00000      80.00000
      59.87963       0.00000      80.00000
      59.89149       0.00000      80.00000
      59.90334       0.00000      80.00000
      59.91519       0.00000      80.00000
      59.92705       0.00000      80.00000
      59.93890       0.00000      80.00000
      59.95076       0.00000      80.00000
      59.96261       0.00000      80.00000
      59.97447       0.00000      80.00000
      59.98632       0.00000      80.00000
      59.99817       0.00000      80.00000
      60.01003       0.00000      80.00000
      60.02188       0.00000      80.00000
      60.03374       0.00000      80.00000
      60.04559       0.00000      80.00000
      60.05744       0.00000      80.00000
      60.06930       0.00000      80.00000
      60.08115       0.00000      80.00000
      60.09301       0.00000      80.00000
      60.10486       0.00000      80.00000
      60.11671       0.00000      80.00000
      60.12857       0.00000      80.00000
      60.14042       0.00000      80.00000
      60.15228       0.00000      80.00000
      60.16413       0.00000      80.00000
      60.17598       0.00000      80.00000
      60.18784       0.00000      80.00000
      60.19969       0.00000      80.00000
      60.21155       0.00000      80.00000
      60.22340       0.00000      80.00000
      60.23525       0.00000      80.00000
      60.24711       0.00000      80.00000
      60.25896       0.00000      80.00000
      60.27082       0.00000      80.00000
      60.28267       0.00000      80.00000
      60.29452       0.00000      80.00000
      60.30638       0.00000      80.00000
      60.31823       0.00000      80.00000
      60.33009       0.00000      80.00000
      60.34194       0.00000      80.00000
      60.35380       0.00000      80.00000
      60.36565       0.00000      80.00000
      60.37750       0.00000      80.00000
      60.38936       0.00000      80.00000
      60.40121       0.00000      80.00000
      60.41307       0.00000      80.00000
      60.42492       0.00000      80.00000
      60.43677       0.00000      80.00000
      60.44863       0.00000      80.00000
      60.46048       0.00000      80.00000
      60.47234       0.00002      80.00000
      60.48419       0.00016      80.00000
      60.49604       0.00123      80.00002
      60.50790       0.00789      80.00011
      60.51975       0.04199      80.00061
      60.53161       0.18476      80.00280
      60.54346       0.67246      80.01077
      60.55531       2.02448      80.03477
      60.56717       5.04131      80.09453
      60.57902      10.38379      80.21762
      60.59088      17.69094      80.42733
      60.60273      24.93039      80.72285
      60.61458      29.05963      81.06733
      60.62644      28.01780      81.39945
      60.63829      22.34400      81.66432
      60.65015      14.73909      81.83904
      60.66200       8.04199      81.93437
      60.67385       3.62944      81.97739
      60.68571       1.35487      81.99345
      60.69756       0.41835      81.99841
      60.70942       0.10685      81.99968
      60.72127       0.02257      81.99994
      60.73312       0.00394      81.99999
      60.74498       0.00057      82.00000
      60.75683       0.00007      82.00000
      60.76869       0.00001      82.00000
      60.78054       0.00000      82.00000
      60.79240       0.00000      82.00000
      60.80425       0.00000      82.00000
      60.81610       0.00000      82.00000
      60.82796       0.00000      82.00000
      60.83981       0.00000      82.00000
      60.85167       0.00000      82.00000
      60.86352       0.00000      82.00000
      60.87537       0.00000      82.00000
      60.88723       0.00000      82.00000
      60.89908       0.00000      82.00000
      60.91094       0.00000      82.00000
      60.92279       0.00000      82.00000
      60.93464       0.00000      82.00000
      60.94650       0.00000      82.00000
      60.95835       0.00000      82.00000
      60.97021       0.00000      82.00000
      60.98206       0.00000      82.00000
      60.99391       0.00000      82.00000
      61.00577       0.00000      82.00000
      61.01762       0.00000      82.00000
      61.02948       0.00000      82.00000
      61.04133       0.00000      82.00000
      61.05318       0.00000      82.00000
      61.06504       0.00000      82.00000
      61.07689       0.00000      82.00000
      61.08875       0.00000      82.00000
      61.10060       0.00000      82.00000
      61.11245       0.00000      82.00000
      61.12431       0.00000      82.00000
      61.13616       0.00000      82.00000
      61.14802       0.00000      82.00000
      61.15987       0.00000      82.00000
      61.17173       0.00000      82.00000
      61.18358       0.00000      82.00000
      61.19543       0.00000      82.00000
      61.20729       0.00000      82.00000
      61.21914       0.00000      82.00000
      61.23100       0.00000      82.00000
      61.24285       0.00000      82.00000
      61.25470       0.00000      82.00000
      61.26656       0.00000      82.00000
      61.27841       0.00000      82.00000
      61.29027       0.00000      82.00000
      61.30212       0.00000      82.00000
      61.31397       0.00000      82.00000
      61.32583       0.00000      82.00000
      61.33768       0.00000      82.00000
      61.34954       0.00000      82.00000
      61.36139       0.00000      82.00000
      61.37324       0.00000      82.00000
      61.38510       0.00000      82.00000
      61.39695       0.00000      82.00000
      61.40881       0.00000      82.00000
      61.42066       0.00000      82.00000
      61.43251       0.00000      82.00000
      61.44437       0.00000      82.00000
      61.45622       0.00000      82.00000
      61.46808       0.00000      82.00000
      61.47993       0.00000      82.00000
      61.49178       0.00000      82.00000
      61.50364       0.00000      82.00000
      61.51549       0.00000      82.00000
      61.52735       0.00000      82.00000
      61.53920       0.00000      82.00000
      61.55105       0.00000      82.00000
      61.56291       0.00000      82.00000
      61.57476       0.00000      82.00000
      61.58662       0.00000      82.00000
      61.59847       0.00000      82.00000
      61.61033       0.00000      82.00000
      61.62218       0.00000      82.00000
      61.63403       0.00000      82.00000
      61.64589       0.00000      82.00000
      61.65774       0.00000      82.00000
      61.66960       0.00000      82.00000
      61.68145       0.00000      82.00000
      61.69330       0.00000      82.00000
      61.70516       0.00000      82.00000
      61.71701       0.00000      82.00000
      61.72887       0.00000      82.00000
      61.74072       0.00000      82.00000
      61.75257       0.00000      82.00000
      61.76443       0.00000      82.00000
      61.77628       0.00000      82.00000
      61.78814       0.00000      82.00000
      61.79999       0.00000      82.00000
      61.81184       0.00000      82.00000
      61.82370       0.00000      82.00000
      61.83555       0.00000      82.00000
      61.84741       0.00000      82.00000
      61.85926       0.00000      82.00000
      61.87111       0.00000      82.00000
      61.88297       0.00000      82.00000
      61.89482       0.00000      82.00000
      61.90668       0.00000      82.00000
      61.91853       0.00000      82.00000
      61.93038       0.00000      82.00000
      61.94224       0.00000      82.00000
      61.95409       0.00000      82.00000
      61.96595       0.00000      82.00000
      61.97780       0.00000      82.00000
      61.98966       0.00000      82.00000
      62.00151       0.00000      82.00000
      62.01336       0.00000      82.00000
      62.02522       0.00000      82.00000
      62.03707       0.00000      82.00000
      62.04893       0.00000      82.00000
      62.06078       0.00000      82.00000
      62.07263       0.00000      82.00000
      62.08449       0.00000      82.00000
      62.09634       0.00000      82.00000
      62.10820       0.00000      82.00000
      62.12005       0.00000      82.00000
      62.13190       0.00000      82.00000
      62.14376       0.00000      82.00000
      62.15561       0.00000      82.00000
      62.16747       0.00000      82.00000
      62.17932       0.00000      82.00000
      62.19117       0.00000      82.00000
      62.20303       0.00000      82.00000
      62.21488       0.00000      82.00000
      62.22674       0.00000      82.00000
      62.23859       0.00000      82.00000
      62.25044       0.00000      82.00000
      62.26230       0.00000      82.00000
      62.27415       0.00000      82.00000
      62.28601       0.00000      82.00000
      62.29786       0.00000      82.00000
      62.30971       0.00000      82.00000
      62.32157       0.00000      82.00000
      62.33342       0.00000      82.00000
      62.34528       0.00000      82.00000
      62.35713       0.00000      82.00000
      62.36899       0.00000      82.00000
      62.38084       0.00000      82.00000
      62.39269       0.00000      82.00000
      62.40455       0.00000      82.00000
      62.41640       0.00000      82.00000
      62.42826       0.00000      82.00000
      62.44011       0.00000      82.00000
      62.45196       0.00000      82.00000
      62.46382       0.00000      82.00000
      62.47567       0.00000      82.00000
      62.48753       0.00000      82.00000
      62.49938       0.00000      82.00000
      62.51123       0.00000      82.00000
      62.52309       0.00000      82.00000
      62.53494       0.00000      82.00000
      62.54680       0.00000      82.00000
      62.55865       0.00000      82.00000
      62.57050       0.00000      82.00000
      62.58236       0.00000      82.00000
      62.59421       0.00000      82.00000
      62.60607       0.00000      82.00000
      62.61792       0.00000      82.00000
      62.62977       0.00000      82.00000
      62.64163       0.00000      82.00000
      62.65348       0.00000      82.00000
      62.66534       0.00000      82.00000
      62.67719       0.00000      82.00000
      62.68904       0.00000      82.00000
      62.70090       0.00000      82.00000
      62.71275       0.00000      82.00000
      62.72461       0.00000      82.00000
      62.73646       0.00000      82.00000
      62.74831       0.00000      82.00000
      62.76017       0.00000      82.00000
      62.77202       0.00000      82.00000
      62.78388       0.00000      82.00000
      62.79573       0.00000      82.00000
      62.80759       0.00000      82.00000
      62.81944       0.00000      82.00000
      62.83129       0.00000      82.00000
      62.84315       0.00000      82.00000
      62.85500       0.00000      82.00000
      62.86686       0.00000      82.00000
      62.87871       0.00000      82.00000
      62.89056       0.00000      82.00000
      62.90242       0.00000      82.00000
      62.91427       0.00000      82.00000
      62.92613       0.00000      82.00000
      62.93798       0.00000      82.00000
      62.94983       0.00000      82.00000
      62.96169       0.00000      82.00000
      62.97354       0.00000      82.00000
      62.98540       0.00000      82.00000
      62.99725       0.00000      82.00000
      63.00910       0.00000      82.00000
      63.02096       0.00000      82.00000
      63.03281       0.00000      82.00000
      63.04467       0.00000      82.00000
      63.05652       0.00000      82.00000
      63.06837       0.00000      82.00000
      63.08023       0.00000      82.00000
      63.09208       0.00000      82.00000
      63.10394       0.00000      82.00000
      63.11579       0.00000      82.00000
      63.12764       0.00000      82.00000
      63.13950       0.00000      82.00000
      63.15135       0.00000      82.00000
      63.16321       0.00000      82.00000
      63.17506       0.00000      82.00000
      63.18692       0.00000      82.00000
      63.19877       0.00000      82.00000
      63.21062       0.00000      82.00000
      63.22248       0.00000      82.00000
      63.23433       0.00000      82.00000
      63.24619       0.00000      82.00000
      63.25804       0.00000      82.00000
      63.26989       0.00000      82.00000
      63.28175       0.00000      82.00000
      63.29360       0.00000      82.00000
      63.30546       0.00000      82.00000
      63.31731       0.00000      82.00000
      63.32916       0.00000      82.00000
      63.34102       0.00000      82.00000
      63.35287       0.00000      82.00000
      63.36473       0.00000      82.00000
      63.37658       0.00000      82.00000
      63.38843       0.00000      82.00000
      63.40029       0.00000      82.00000
      63.41214       0.00000      82.00000
      63.42400       0.00000      82.00000
      63.43585       0.00000      82.00000
      63.44770       0.00000      82.00000
      63.45956       0.00000      82.00000
      63.47141       0.00000      82.00000
      63.48327       0.00000      82.00000
      63.49512       0.00000      82.00000
      63.50697       0.00000      82.00000
      63.51883       0.00000      82.00000
      63.53068       0.00000      82.00000
      63.54254       0.00000      82.00000
      63.55439       0.00000      82.00000
      63.56624       0.00000      82.00000
      63.57810       0.00000      82.00000
      63.58995       0.00000      82.00000
      63.60181       0.00000      82.00000
      63.61366       0.00000      82.00000
      63.62552       0.00000      82.00000
      63.63737       0.00000      82.00000
      63.64922       0.00000      82.00000
      63.66108       0.00000      82.00000
      63.67293       0.00000      82.00000
      63.68479       0.00000      82.00000
      63.69664       0.00000      82.00000
      63.70849       0.00000      82.00000
      63.72035       0.00000      82.00000
      63.73220       0.00000      82.00000
      63.74406       0.00000      82.00000
      63.75591       0.00000      82.00000
      63.76776       0.00000      82.00000
      63.77962       0.00000      82.00000
      63.79147       0.00000      82.00000
      63.80333       0.00000      82.00000
      63.81518       0.00000      82.00000
      63.82703       0.00000      82.00000
      63.83889       0.00000      82.00000
      63.85074       0.00000      82.00000
      63.86260       0.00000      82.00000
      63.87445       0.00000      82.00000
      63.88630       0.00000      82.00000
      63.89816       0.00000      82.00000
      63.91001       0.00000      82.00000
      63.92187       0.00000      82.00000
      63.93372       0.00000      82.00000
      63.94557       0.00000      82.00000
      63.95743       0.00000      82.00000
      63.96928       0.00000      82.00000
      63.98114       0.00000      82.00000
      63.99299       0.00000      82.00000
      64.00485       0.00000      82.00000
      64.01670       0.00000      82.00000
      64.02855       0.00000      82.00000
      64.04041       0.00000      82.00000
      64.05226       0.00000      82.00000
      64.06412       0.00000      82.00000
      64.07597       0.00000      82.00000
      64.08782       0.00000      82.00000
      64.09968       0.00000      82.00000
      64.11153       0.00000      82.00000
      64.12339       0.00000      82.00000
      64.13524       0.00000      82.00000
      64.14709       0.00000      82.00000
      64.15895       0.00000      82.00000
      64.17080       0.00000      82.00000
      64.18266       0.00000      82.00000
      64.19451       0.00000      82.00000
      64.20636       0.00000      82.00000
      64.21822       0.00000      82.00000
      64.23007       0.00000      82.00000
      64.24193       0.00000      82.00000
      64.25378       0.00000      82.00000
      64.26563       0.00000      82.00000
      64.27749       0.00000      82.00000
      64.28934       0.00000      82.00000
      64.30120       0.00000      82.00000
      64.31305       0.00000      82.00000
      64.32490       0.00000      82.00000
      64.33676       0.00000      82.00000
      64.34861       0.00000      82.00000
      64.36047       0.00000      82.00000
      64.37232       0.00000      82.00000
      64.38417       0.00000      82.00000
      64.39603       0.00000      82.00000
      64.40788       0.00000      82.00000
      64.41974       0.00000      82.00000
      64.43159       0.00000      82.00000
      64.44345       0.00000      82.00000
      64.45530       0.00000      82.00000
      64.46715       0.00000      82.00000
      64.47901       0.00000      82.00000
      64.49086       0.00000      82.00000
      64.50272       0.00000      82.00000
      64.51457       0.00000      82.00000
      64.52642       0.00000      82.00000
      64.53828       0.00000      82.00000
      64.55013       0.00000      82.00000
      64.56199       0.00000      82.00000
      64.57384       0.00000      82.00000
      64.58569       0.00000      82.00000
      64.59755       0.00000      82.00000
      64.60940       0.00000      82.00000
      64.62126       0.00000      82.00000
      64.63311       0.00000      82.00000
      64.64496       0.00000      82.00000
      64.65682       0.00000      82.00000
      64.66867       0.00000      82.00000
      64.68053       0.00000      82.00000
      64.69238       0.00000      82.00000
      64.70423       0.00000      82.00000
      64.71609       0.00000      82.00000
      64.72794       0.00000      82.00000
      64.73980       0.00000      82.00000
      64.75165       0.00000      82.00000
      64.76350       0.00000      82.00000
      64.77536       0.00000      82.00000
      64.78721       0.00000      82.00000
      64.79907       0.00000      82.00000
      64.81092       0.00000      82.00000
      64.82278       0.00000      82.00000
      64.83463       0.00000      82.00000
      64.84648       0.00000      82.00000
      64.85834       0.00000      82.00000
      64.87019       0.00000      82.00000
      64.88205       0.00000      82.00000
      64.89390       0.00000      82.00000
      64.90575       0.00000      82.00000
      64.91761       0.00000      82.00000
      64.92946       0.00000      82.00000
      64.94132       0.00000      82.00000
      64.95317       0.00000      82.00000
      64.96502       0.00000      82.00000
      64.97688       0.00000      82.00000
      64.98873       0.00000      82.00000
      65.00059       0.00000      82.00000
      65.01244       0.00000      82.00000
      65.02429       0.00000      82.00000
      65.03615       0.00000      82.00000
      65.04800       0.00000      82.00000
      65.05986       0.00000      82.00000
      65.07171       0.00000      82.00000
      65.08356       0.00004      82.00000
      65.09542       0.00036      82.00000
      65.10727       0.00261      82.00004
      65.11913       0.01560      82.00022
      65.13098       0.07702      82.00113
      65.14283       0.31448      82.00486
      65.15469       1.06210      82.01745
      65.16654       2.96708      82.05262
      65.17840       6.85604      82.13389
      65.19025      13.10391      82.28923
      65.20211      20.71625      82.53480
      65.21396      27.08972      82.85592
      65.22581      29.30089      83.20326
      65.23767      26.21440      83.51401
      65.24952      19.39912      83.74396
      65.26138      11.87428      83.88472
      65.27323       6.01195      83.95599
      65.28508       2.51771      83.98583
      65.29694       0.87213      83.99617
      65.30879       0.24988      83.99913
      65.32065       0.05922      83.99984
      65.33250       0.01161      83.99997
      65.34435       0.00188      84.00000
      65.35621       0.00025      84.00000
      65.36806       0.00003      84.00000
      65.37992       0.00000      84.00000
      65.39177       0.00000      84.00000
      65.40362       0.00000      84.00000
      65.41548       0.00000      84.00000
      65.42733       0.00000      84.00000
      65.43919       0.00000      84.00000
      65.45104       0.00000      84.00000
      65.46289       0.00000      84.00000
      65.47475       0.00000      84.00000
      65.48660       0.00000      84.00000
      65.49846       0.00000      84.00000
      65.51031       0.00000      84.00000
      65.52216       0.00000      84.00000
      65.53402       0.00000      84.00000
      65.54587       0.00000      84.00000
      65.55773       0.00000      84.00000
      65.56958       0.00000      84.00000
      65.58143       0.00000      84.00000
      65.59329       0.00000      84.00000
      65.60514       0.00000      84.00000
      65.61700       0.00000      84.00000
      65.62885       0.00000      84.00000
      65.64071       0.00000      84.00000
      65.65256       0.00000      84.00000
      65.66441       0.00000      84.00000
      65.67627       0.00000      84.00000
      65.68812       0.00000      84.00000
      65.69998       0.00000      84.00000
      65.71183       0.00000      84.00000
      65.72368       0.00000      84.00000
      65.73554       0.00000      84.00000
      65.74739       0.00000      84.00000
      65.75925       0.00000      84.00000
      65.77110       0.00000      84.00000
      65.78295       0.00000      84.00000
      65.79481       0.00000      84.00000
      65.80666       0.00000      84.00000
      65.81852       0.00000      84.00000
      65.83037       0.00000      84.00000
      65.84222       0.00000      84.00000
      65.85408       0.00000      84.00000
      65.86593       0.00000      84.00000
      65.87779       0.00000      84.00000
      65.88964       0.00000      84.00000
      65.90149       0.00000      84.00000
      65.91335       0.00000      84.00000
      65.92520       0.00000      84.00000
      65.93706       0.00000      84.00000
      65.94891       0.00000      84.00000
      65.96076       0.00000      84.00000
      65.97262       0.00000      84.00000
      65.98447       0.00000      84.00000
      65.99633       0.00000      84.00000
      66.00818       0.00000      84.00000
      66.02004       0.00000      84.00000
      66.03189       0.00000      84.00000
      66.04374       0.00000      84.00000
      66.05560       0.00000      84.00000
      66.06745       0.00000      84.00000
      66.07931       0.00000      84.00000
      66.09116       0.00000      84.00000
      66.10301       0.00000      84.00000
      66.11487       0.00000      84.00000
      66.12672       0.00000      84.00000
      66.13858       0.00000      84.00000
      66.15043       0.00000      84.00000
      66.16228       0.00000      84.00000
      66.17414       0.00000      84.00000
      66.18599       0.00000      84.00000
      66.19785       0.00000      84.00000
      66.20970       0.00000      84.00000
      66.22155       0.00000      84.00000
      66.23341       0.00000      84.00000
      66.24526       0.00000      84.00000
      66.25712       0.00000      84.00000
      66.26897       0.00000      84.00000
      66.28082       0.00000      84.00000
      66.29268       0.00000      84.00000
      66.30453       0.00000      84.00000
      66.31639       0.00000      84.00000
      66.32824       0.00000      84.00000
      66.34009       0.00000      84.00000
      66.35195       0.00000      84.00000
      66.36380       0.00000      84.00000
      66.37566       0.00000      84.00000
      66.38751       0.00000      84.00000
      66.39936       0.00000      84.00000
      66.41122       0.00000      84.00000
      66.42307       0.00000      84.00000
      66.43493       0.00000      84.00000
      66.44678       0.00000      84.00000
      66.45864       0.00000      84.00000
      66.47049       0.00000      84.00000
      66.48234       0.00000      84.00000
      66.49420       0.00000      84.00000
      66.50605       0.00000      84.00000
      66.51791       0.00000      84.00000
      66.52976       0.00000      84.00000
      66.54161       0.00000      84.00000
      66.55347       0.00000      84.00000
      66.56532       0.00000      84.00000
      66.57718       0.00000      84.00000
      66.58903       0.00000      84.00000
      66.60088       0.00000      84.00000
      66.61274       0.00000      84.00000
      66.62459       0.00000      84.00000
      66.63645       0.00000      84.00000
      66.64830       0.00000      84.00000
      66.66015       0.00000      84.00000
      66.67201       0.00000      84.00000
      66.68386       0.00000      84.00000
      66.69572       0.00000      84.00000
      66.70757       0.00000      84.00000
      66.71942       0.00000      84.00000
      66.73128       0.00000      84.00000
      66.74313       0.00000      84.00000
      66.75499       0.00000      84.00000
      66.76684       0.00000      84.00000
      66.77869       0.00000      84.00000
      66.79055       0.00000      84.00000
      66.80240       0.00000      84.00000
      66.81426       0.00000      84.00000
      66.82611       0.00000      84.00000
      66.83797       0.00000      84.00000
      66.84982       0.00000      84.00000
      66.86167       0.00000      84.00000
      66.87353       0.00000      84.00000
      66.88538       0.00000      84.00000
      66.89724       0.00000      84.00000
      66.90909       0.00000      84.00000
      66.92094       0.00000      84.00000
      66.93280       0.00000      84.00000
      66.94465       0.00000      84.00000
      66.95651       0.00000      84.00000
      66.96836       0.00000      84.00000
      66.98021       0.00000      84.00000
      66.99207       0.00000      84.00000
      67.00392       0.00000      84.00000
      67.01578       0.00000      84.00000
      67.02763       0.00000      84.00000
      67.03948       0.00000      84.00000
      67.05134       0.00000      84.00000
      67.06319       0.00000      84.00000
      67.07505       0.00000      84.00000
      67.08690       0.00000      84.00000
      67.09875       0.00000      84.00000
      67.11061       0.00000      84.00000
      67.12246       0.00000      84.00000
      67.13432       0.00000      84.00000
      67.14617       0.00000      84.00000
      67.15802       0.00000      84.00000
      67.16988       0.00000      84.00000
      67.18173       0.00000      84.00000
      67.19359       0.00000      84.00000
      67.20544       0.00000      84.00000
      67.21729       0.00000      84.00000
      67.22915       0.00000      84.00000
      67.24100       0.00000      84.00000
      67.25286       0.00000      84.00000
      67.26471       0.00000      84.00000
      67.27657       0.00000      84.00000
      67.28842       0.00000      84.00000
      67.30027       0.00000      84.00000
      67.31213       0.00000      84.00000
      67.32398       0.00000      84.00000
      67.33584       0.00000      84.00000
      67.34769       0.00000      84.00000
      67.35954       0.00000      84.00000
      67.37140       0.00000      84.00000
      67.38325       0.00000      84.00000
      67.39511       0.00000      84.00000
      67.40696       0.00000      84.00000
      67.41881       0.00000      84.00000
      67.43067       0.00000      84.00000
      67.44252       0.00000      84.00000
      67.45438       0.00000      84.00000
      67.46623       0.00000      84.00000
      67.47808       0.00000      84.00000
      67.48994       0.00000      84.00000
      67.50179       0.00000      84.00000
      67.51365       0.00000      84.00000
      67.52550       0.00000      84.00000
      67.53735       0.00000      84.00000
      67.54921       0.00000      84.00000
      67.56106       0.00000      84.00000
      67.57292       0.00000      84.00000
      67.58477       0.00000      84.00000
      67.59662       0.00000      84.00000
      67.60848       0.00000      84.00000
      67.62033       0.00000      84.00000
      67.63219       0.00000      84.00000
      67.64404       0.00000      84.00000
      67.65590       0.00000      84.00000
      67.66775       0.00000      84.00000
      67.67960       0.00000      84.00000
      67.69146       0.00000      84.00000
      67.70331       0.00000      84.00000
      67.71517       0.00000      84.00000
      67.72702       0.00000      84.00000
      67.73887       0.00000      84.00000
      67.75073       0.00000      84.00000
      67.76258       0.00000      84.00000
      67.77444       0.00000      84.00000
      67.78629       0.00000      84.00000
      67.79814       0.00000      84.00000
      67.81000       0.00000      84.00000
      67.82185       0.00000      84.00000
      67.83371       0.00000      84.00000
      67.84556       0.00000      84.00000
      67.85741       0.00000      84.00000
      67.86927       0.00000      84.00000
      67.88112       0.00000      84.00000
      67.89298       0.00000      84.00000
      67.90483       0.00000      84.00000
      67.91668       0.00000      84.00000
      67.92854       0.00000      84.00000
      67.94039       0.00000      84.00000
      67.95225       0.00000      84.00000
      67.96410       0.00000      84.00000
      67.97595       0.00000      84.00000
      67.98781       0.00000      84.00000
      67.99966       0.00000      84.00000
      68.01152       0.00000      84.00000
      68.02337       0.00000      84.00000
      68.03523       0.00000      84.00000
      68.04708       0.00000      84.00000
      68.05893       0.00000      84.00000
      68.07079       0.00000      84.00000
      68.08264       0.00000      84.00000
      68.09450       0.00000      84.00000
      68.10635       0.00000      84.00000
      68.11820       0.00000      84.00000
      68.13006       0.00000      84.00000
      68.14191       0.00000      84.00000
      68.15377       0.00000      84.00000
      68.16562       0.00000      84.00000
      68.17747       0.00000      84.00000
      68.18933       0.00000      84.00000
      68.20118       0.00000      84.00000
      68.21304       0.00000      84.00000
      68.22489       0.00000      84.00000
      68.23674       0.00000      84.00000
      68.24860       0.00000      84.00000
      68.26045       0.00000      84.00000
      68.27231       0.00000      84.00000
      68.28416       0.00000      84.00000
      68.29601       0.00000      84.00000
      68.30787       0.00000      84.00000
      68.31972       0.00000      84.00000
      68.33158       0.00000      84.00000
      68.34343       0.00000      84.00000
      68.35528       0.00000      84.00000
      68.36714       0.00000      84.00000
      68.37899       0.00000      84.00000
      68.39085       0.00000      84.00000
      68.40270       0.00000      84.00000
      68.41455       0.00000      84.00000
      68.42641       0.00000      84.00000
      68.43826       0.00000      84.00000
      68.45012       0.00000      84.00000
      68.46197       0.00000      84.00000
      68.47383       0.00000      84.00000
      68.48568       0.00000      84.00000
      68.49753       0.00000      84.00000
      68.50939       0.00000      84.00000
      68.52124       0.00000      84.00000
      68.53310       0.00000      84.00000
      68.54495       0.00000      84.00000
      68.55680       0.00000      84.00000
      68.56866       0.00000      84.00000
      68.58051       0.00000      84.00000
      68.59237       0.00000      84.00000
      68.60422       0.00000      84.00000
      68.61607       0.00000      84.00000
      68.62793       0.00000      84.00000
      68.63978       0.00000      84.00000
      68.65164       0.00000      84.00000
      68.66349       0.00000      84.00000
      68.67534       0.00000      84.00000
      68.68720       0.00000      84.00000
      68.69905       0.00000      84.00000
      68.71091       0.00000      84.00000
      68.72276       0.00000      84.00000
      68.73461       0.00000      84.00000
      68.74647       0.00000      84.00000
      68.75832       0.00000      84.00000
      68.77018       0.00000      84.00000
      68.78203       0.00000      84.00000
      68.79388       0.00000      84.00000
      68.80574       0.00000      84.00000
      68.81759       0.00000      84.00000
      68.82945       0.00000      84.00000
      68.84130       0.00000      84.00000
      68.85316       0.00000      84.00000
      68.86501       0.00000      84.00000
      68.87686       0.00000      84.00000
      68.88872       0.00000      84.00000
      68.90057       0.00000      84.00000
      68.91243       0.00000      84.00000
      68.92428       0.00000      84.00000
      68.93613       0.00000      84.00000
      68.94799       0.00000      84.00000
      68.95984       0.00000      84.00000
      68.97170       0.00000      84.00000
      68.98355       0.00000      84.00000
      68.99540       0.00000      84.00000
      69.00726       0.00000      84.00000
      69.01911       0.00000      84.00000
      69.03097       0.00000      84.00000
      69.04282       0.00000      84.00000
      69.05467       0.00000      84.00000
      69.06653       0.00000      84.00000
      69.07838       0.00000      84.00000
      69.09024       0.00000      84.00000
      69.10209       0.00000      84.00000
      69.11394       0.00000      84.00000
      69.12580       0.00000      84.00000
      69.13765       0.00000      84.00000
      69.14951       0.00000      84.00000
      69.16136       0.00000      84.00000
      69.17321       0.00000      84.00000
      69.18507       0.00000      84.00000
      69.19692       0.00000      84.00000
      69.20878       0.00000      84.00000
      69.22063       0.00000      84.00000
      69.23248       0.00000      84.00000
      69.24434       0.00000      84.00000
      69.25619       0.00000      84.00000
      69.26805       0.00000      84.00000
      69.27990       0.00000      84.00000
      69.29176       0.00000      84.00000
      69.30361       0.00000      84.00000
      69.31546       0.00000      84.00000
      69.32732       0.00000      84.00000
      69.33917       0.00000      84.00000
      69.35103       0.00000      84.00000
      69.36288       0.00000      84.00000
      69.37473       0.00000      84.00000
      69.38659       0.00000      84.00000
      69.39844       0.00000      84.00000
      69.41030       0.00000      84.00000
      69.42215       0.00000      84.00000
      69.43400       0.00000      84.00000
      69.44586       0.00000      84.00000
      69.45771       0.00000      84.00000
      69.46957       0.00000      84.00000
      69.48142       0.00000      84.00000
      69.49327       0.00000      84.00000
      69.50513       0.00000      84.00000
      69.51698       0.00000      84.00000
      69.52884       0.00000      84.00000
      69.54069       0.00000      84.00000
      69.55254       0.00000      84.00000
      69.56440       0.00000      84.00000
      69.57625       0.00000      84.00000
      69.58811       0.00000      84.00000
      69.59996       0.00000      84.00000
      69.61181       0.00000      84.00000
      69.62367       0.00000      84.00000
      69.63552       0.00000      84.00000
      69.64738       0.00000      84.00000
      69.65923       0.00000      84.00000
      69.67109       0.00000      84.00000
      69.68294       0.00000      84.00000
      69.69479       0.00000      84.00000
      69.70665       0.00000      84.00000
      69.71850       0.00000      84.00000
      69.73036       0.00000      84.00000
      69.74221       0.00000      84.00000
      69.75406       0.00000      84.00000
      69.76592       0.00000      84.00000
      69.77777       0.00000      84.00000
      69.78963       0.00000      84.00000
      69.80148       0.00000      84.00000
      69.81333       0.00000      84.00000
      69.82519       0.00000      84.00000
      69.83704       0.00000      84.00000
      69.84890       0.00000      84.00000
      69.86075       0.00000      84.00000
      69.87260       0.00000      84.00000
      69.88446       0.00000      84.00000
      69.89631       0.00000      84.00000
      69.90817       0.00000      84.00000
      69.92002       0.00000      84.00000
      69.93187       0.00000      84.00000
      69.94373       0.00000      84.00000
      69.95558       0.00000      84.00000
      69.96744       0.00000      84.00000
      69.97929       0.00000      84.00000
      69.99114       0.00000      84.00000
      70.00300       0.00000      84.00000
      70.01485       0.00000      84.00000
      70.02671       0.00000      84.00000
      70.03856       0.00000      84.00000
      70.05041       0.00000      84.00000
      70.06227       0.00000      84.00000
      70.07412       0.00000      84.00000
      70.08598       0.00000      84.00000
      70.09783       0.00000      84.00000
      70.10969       0.00000      84.00000
      70.12154       0.00000      84.00000
      70.13339       0.00000      84.00000
      70.14525       0.00000      84.00000
      70.15710       0.00000      84.00000
      70.16896       0.00000      84.00000
      70.18081       0.00000      84.00000
      70.19266       0.00000      84.00000
      70.20452       0.00000      84.00000
      70.21637       0.00000      84.00000
      70.22823       0.00000      84.00000
      70.24008       0.00000      84.00000
      70.25193       0.00000      84.00000
      70.26379       0.00000      84.00000
      70.27564       0.00000      84.00000
      70.28750       0.00000      84.00000
      70.29935       0.00000      84.00000
      70.31120       0.00000      84.00000
      70.32306       0.00000      84.00000
      70.33491       0.00000      84.00000
      70.34677       0.00000      84.00000
      70.35862       0.00000      84.00000
      70.37047       0.00000      84.00000
      70.38233       0.00000      84.00000
      70.39418       0.00000      84.00000
      70.40604       0.00000      84.00000
      70.41789       0.00000      84.00000
      70.42974       0.00000      84.00000
      70.44160       0.00000      84.00000
      70.45345       0.00000      84.00000
      70.46531       0.00000      84.00000
      70.47716       0.00000      84.00000
      70.48902       0.00000      84.00000
      70.50087       0.00000      84.00000
      70.51272       0.00000      84.00000
      70.52458       0.00000      84.00000
      70.53643       0.00000      84.00000
      70.54829       0.00000      84.00000
      70.56014       0.00000      84.00000
      70.57199       0.00000      84.00000
      70.58385       0.00000      84.00000
      70.59570       0.00000      84.00000
      70.60756       0.00000      84.00000
      70.61941       0.00000      84.00000
      70.63126       0.00000      84.00000
      70.64312       0.00000      84.00000
      70.65497       0.00000      84.00000
      70.66683       0.00000      84.00000
      70.67868       0.00000      84.00000
      70.69053       0.00000      84.00000
      70.70239       0.00000      84.00000
      70.71424       0.00000      84.00000
      70.72610       0.00000      84.00000
      70.73795       0.00000      84.00000
      70.74980       0.00000      84.00000
      70.76166       0.00000      84.00000
      70.77351       0.00000      84.00000
      70.78537       0.00000      84.00000
      70.79722       0.00000      84.00000
      70.80907       0.00000      84.00000
      70.82093       0.00000      84.00000
      70.83278       0.00000      84.00000
      70.84464       0.00000      84.00000
      70.85649       0.00000      84.00000
      70.86835       0.00000      84.00000
      70.88020       0.00000      84.00000
      70.89205       0.00000      84.00000
      70.90391       0.00000      84.00000
      70.91576       0.00000      84.00000
      70.92762       0.00000      84.00000
      70.93947       0.00000      84.00000
      70.95132       0.00000      84.00000
      70.96318       0.00000      84.00000
      70.97503       0.00000      84.00000
      70.98689       0.00000      84.00000
      70.99874       0.00000      84.00000
      71.01059       0.00000      84.00000
      71.02245       0.00000      84.00000
      71.03430       0.00000      84.00000
      71.04616       0.00000      84.00000
      71.05801       0.00000      84.00000
      71.06986       0.00000      84.00000
      71.08172       0.00000      84.00000
      71.09357       0.00000      84.00000
      71.10543       0.00000      84.00000
      71.11728       0.00000      84.00000
      71.12913       0.00000      84.00000
      71.14099       0.00000      84.00000
      71.15284       0.00000      84.00000
      71.16470       0.00000      84.00000
      71.17655       0.00000      84.00000
      71.18840       0.00000      84.00000
      71.20026       0.00000      84.00000
      71.21211       0.00000      84.00000
      71.22397       0.00000      84.00000
      71.23582       0.00000      84.00000
      71.24767       0.00000      84.00000
      71.25953       0.00000      84.00000
      71.27138       0.00000      84.00000
      71.28324       0.00000      84.00000
      71.29509       0.00000      84.00000
      71.30695       0.00000      84.00000
      71.31880       0.00000      84.00000
      71.33065       0.00000      84.00000
      71.34251       0.00000      84.00000
      71.35436       0.00000      84.00000
      71.36622       0.00000      84.00000
      71.37807       0.00000      84.00000
      71.38992       0.00000      84.00000
      71.40178       0.00000      84.00000
      71.41363       0.00000      84.00000
      71.42549       0.00000      84.00000
      71.43734       0.00000      84.00000
      71.44919       0.00000      84.00000
      71.46105       0.00000      84.00000
      71.47290       0.00000      84.00000
      71.48476       0.00000      84.00000
      71.49661       0.00000      84.00000
      71.50846       0.00000      84.00000
      71.52032       0.00000      84.00000
      71.53217       0.00000      84.00000
      71.54403       0.00000      84.00000
      71.55588       0.00000      84.00000
      71.56773       0.00000      84.00000
      71.57959       0.00000      84.00000
      71.59144       0.00000      84.00000
      71.60330       0.00000      84.00000
      71.61515       0.00000      84.00000
      71.62700       0.00000      84.00000
      71.63886       0.00000      84.00000
      71.65071       0.00000      84.00000
      71.66257       0.00000      84.00000
      71.67442       0.00000      84.00000
      71.68628       0.00000      84.00000
      71.69813       0.00000      84.00000
      71.70998       0.00000      84.00000
      71.72184       0.00000      84.00000
      71.73369       0.00000      84.00000
      71.74555       0.00000      84.00000
      71.75740       0.00000      84.00000
      71.76925       0.00000      84.00000
      71.78111       0.00000      84.00000
      71.79296       0.00000      84.00000
      71.80482       0.00000      84.00000
      71.81667       0.00000      84.00000
      71.82852       0.00000      84.00000
      71.84038       0.00000      84.00000
      71.85223       0.00000      84.00000
      71.86409       0.00000      84.00000
      71.87594       0.00000      84.00000
      71.88779       0.00000      84.00000
      71.89965       0.00000      84.00000
      71.91150       0.00000      84.00000
      71.92336       0.00000      84.00000
      71.93521       0.00000      84.00000
      71.94706       0.00000      84.00000
      71.95892       0.00000      84.00000
      71.97077       0.00000      84.00000
      71.98263       0.00000      84.00000
      71.99448       0.00000      84.00000
      72.00633       0.00000      84.00000
      72.01819       0.00000      84.00000
      72.03004       0.00000      84.00000
      72.04190       0.00000      84.00000
      72.05375       0.00000      84.00000
      72.06560       0.00000      84.00000
      72.07746       0.00000      84.00000
      72.08931       0.00000      84.00000
      72.10117       0.00000      84.00000
      72.11302       0.00000      84.00000
      72.12488       0.00000      84.00000
      72.13673       0.00000      84.00000
      72.14858       0.00000      84.00000
      72.16044       0.00000      84.00000
      72.17229       0.00000      84.00000
      72.18415       0.00000      84.00000
      72.19600       0.00000      84.00000
      72.20785       0.00000      84.00000
      72.21971       0.00000      84.00000
      72.23156       0.00000      84.00000
      72.24342       0.00000      84.00000
      72.25527       0.00000      84.00000
      72.26712       0.00000      84.00000
      72.27898       0.00000      84.00000
      72.29083       0.00000      84.00000
      72.30269       0.00000      84.00000
      72.31454       0.00000      84.00000
      72.32639       0.00000      84.00000
      72.33825       0.00000      84.00000
      72.35010       0.00000      84.00000
      72.36196       0.00000      84.00000
      72.37381       0.00000      84.00000
      72.38566       0.00000      84.00000
      72.39752       0.00000      84.00000
      72.40937       0.00000      84.00000
      72.42123       0.00000      84.00000
      72.43308       0.00000      84.00000
      72.44493       0.00000      84.00000
      72.45679       0.00000      84.00000
      72.46864       0.00000      84.00000
      72.48050       0.00000      84.00000
      72.49235       0.00000      84.00000
      72.50421       0.00000      84.00000
      72.51606       0.00000      84.00000
      72.52791       0.00000      84.00000
      72.53977       0.00000      84.00000
      72.55162       0.00000      84.00000
      72.56348       0.00000      84.00000
      72.57533       0.00000      84.00000
      72.58718       0.00000      84.00000
      72.59904       0.00000      84.00000
      72.61089       0.00000      84.00000
      72.62275       0.00000      84.00000
      72.63460       0.00000      84.00000
      72.64645       0.00000      84.00000
      72.65831       0.00000      84.00000
      72.67016       0.00000      84.00000
      72.68202       0.00000      84.00000
      72.69387       0.00000      84.00000
      72.70572       0.00000      84.00000
      72.71758       0.00000      84.00000
      72.72943       0.00000      84.00000
      72.74129       0.00000      84.00000
      72.75314       0.00000      84.00000
      72.76499       0.00000      84.00000
      72.77685       0.00000      84.00000
      72.78870       0.00000      84.00000
      72.80056       0.00000      84.00000
      72.81241       0.00000      84.00000
      72.82426       0.00000      84.00000
      72.83612       0.00000      84.00000
      72.84797       0.00000      84.00000
      72.85983       0.00000      84.00000
      72.87168       0.00000      84.00000
      72.88353       0.00000      84.00000
      72.89539       0.00000      84.00000
      72.90724       0.00000      84.00000
      72.91910       0.00000      84.00000
      72.93095       0.00000      84.00000
      72.94281       0.00000      84.00000
      72.95466       0.00000      84.00000
      72.96651       0.00000      84.00000
      72.97837       0.00000      84.00000
      72.99022       0.00000      84.00000
      73.00208       0.00000      84.00000
      73.01393       0.00000      84.00000
      73.02578       0.00000      84.00000
      73.03764       0.00000      84.00000
      73.04949       0.00000      84.00000
      73.06135       0.00000      84.00000
      73.07320       0.00000      84.00000
      73.08505       0.00000      84.00000
      73.09691       0.00000      84.00000
      73.10876       0.00000      84.00000
      73.12062       0.00000      84.00000
      73.13247       0.00000      84.00000
      73.14432       0.00000      84.00000
      73.15618       0.00000      84.00000
      73.16803       0.00000      84.00000
      73.17989       0.00000      84.00000
      73.19174       0.00000      84.00000
      73.20359       0.00000      84.00000
      73.21545       0.00000      84.00000
      73.22730       0.00000      84.00000
      73.23916       0.00000      84.00000
      73.25101       0.00000      84.00000
      73.26286       0.00000      84.00000
      73.27472       0.00000      84.00000
      73.28657       0.00000      84.00000
      73.29843       0.00000      84.00000
      73.31028       0.00000      84.00000
      73.32214       0.00000      84.00000
      73.33399       0.00000      84.00000
      73.34584       0.00000      84.00000
      73.35770       0.00000      84.00000
      73.36955       0.00000      84.00000
      73.38141       0.00000      84.00000
      73.39326       0.00000      84.00000
      73.40511       0.00000      84.00000
      73.41697       0.00000      84.00000
      73.42882       0.00000      84.00000
      73.44068       0.00000      84.00000
      73.45253       0.00000      84.00000
      73.46438       0.00000      84.00000
      73.47624       0.00000      84.00000
      73.48809       0.00000      84.00000
      73.49995       0.00000      84.00000
      73.51180       0.00000      84.00000
      73.52365       0.00000      84.00000
      73.53551       0.00000      84.00000
      73.54736       0.00000      84.00000
      73.55922       0.00000      84.00000
      73.57107       0.00004      84.00000
      73.58292       0.00037      84.00000
      73.59478       0.00266      84.00004
      73.60663       0.01583      84.00022
      73.61849       0.07803      84.00115
      73.63034       0.31808      84.00492
      73.64219       1.07249      84.01763
      73.65405       2.99117      84.05309
      73.66590       6.90033      84.13489
      73.67776      13.16685      84.29097
      73.68961      20.78150      84.53731
      73.70147      27.13032      84.85892
      73.71332      29.29650      85.20620
      73.72517      26.16734      85.51639
      73.73703      19.33243      85.74556
      73.74888      11.81398      85.88560
      73.76074       5.97157      85.95639
      73.77259       2.49669      85.98598
      73.78444       0.86342      85.99622
      73.79630       0.24698      85.99915
      73.80815       0.05844      85.99984
      73.82001       0.01144      85.99997
      73.83186       0.00185      86.00000
      73.84371       0.00025      86.00000
      73.85557       0.00003      86.00000
      73.86742       0.00000      86.00000
      73.87928       0.00000      86.00000
      73.89113       0.00000      86.00000
      73.90298       0.00000      86.00000
      73.91484       0.00004      86.00000
      73.92669       0.00037      86.00000
      73.93855       0.00266      86.00004
      73.95040       0.01584      86.00022
      73.96225       0.07805      86.00115
      73.97411       0.31816      86.00492
      73.98596       1.07274      86.01764
      73.99782       2.99173      86.05310
      74.00967       6.90136      86.13491
      74.02152      13.16831      86.29101
      74.03338      20.78301      86.53737
      74.04523      27.13126      86.85899
      74.05709      29.29640      87.20627
      74.06894      26.16625      87.51644
      74.08079      19.33088      87.74559
      74.09265      11.81258      87.88562
      74.10450       5.97064      87.95640
      74.11636       2.49620      87.98599
      74.12821       0.86322      87.99622
      74.14007       0.24691      87.99915
      74.15192       0.05842      87.99984
      74.16377       0.01143      87.99997
      74.17563       0.00185      88.00000
      74.18748       0.00025      88.00000
      74.19934       0.00003      88.00000
      74.21119       0.00000      88.00000
      74.22304       0.00000      88.00000
      74.23490       0.00000      88.00000
      74.24675       0.00000      88.00000
      74.25861       0.00000      88.00000
      74.27046       0.00000      88.00000
      74.28231       0.00000      88.00000
      74.29417       0.00000      88.00000
      74.30602       0.00000      88.00000
      74.31788       0.00000      88.00000
      74.32973       0.00000      88.00000
      74.34158       0.00000      88.00000
      74.35344       0.00000      88.00000
      74.36529       0.00000      88.00000
      74.37715       0.00000      88.00000
      74.38900       0.00000      88.00000
      74.40085       0.00000      88.00000
      74.41271       0.00000      88.00000
      74.42456       0.00000      88.00000
      74.43642       0.00000      88.00000
      74.44827       0.00000      88.00000
      74.46012       0.00000      88.00000
      74.47198       0.00000      88.00000
      74.48383       0.00000      88.00000
      74.49569       0.00000      88.00000
      74.50754       0.00000      88.00000
      74.51940       0.00000      88.00000
      74.53125       0.00000      88.00000
      74.54310       0.00000      88.00000
      74.55496       0.00000      88.00000
      74.56681       0.00000      88.00000
      74.57867       0.00000      88.00000
      74.59052       0.00000      88.00000
      74.60237       0.00000      88.00000
      74.61423       0.00000      88.00000
      74.62608       0.00000      88.00000
      74.63794       0.00000      88.00000
      74.64979       0.00000      88.00000
      74.66164       0.00000      88.00000
      74.67350       0.00000      88.00000
      74.68535       0.00000      88.00000
      74.69721       0.00000      88.00000
      74.70906       0.00000      88.00000
      74.72091       0.00000      88.00000
      74.73277       0.00000      88.00000
      74.74462       0.00000      88.00000
      74.75648       0.00000      88.00000
      74.76833       0.00000      88.00000
      74.78018       0.00000      88.00000
      74.79204       0.00000      88.00000
      74.80389       0.00000      88.00000
      74.81575       0.00000      88.00000
      74.82760       0.00000      88.00000
      74.83945       0.00000      88.00000
      74.85131       0.00000      88.00000
      74.86316       0.00000      88.00000
      74.87502       0.00000      88.00000
      74.88687       0.00000      88.00000
      74.89872       0.00000      88.00000
      74.91058       0.00000      88.00000
      74.92243       0.00000      88.00000
      74.93429       0.00000      88.00000
      74.94614       0.00000      88.00000
      74.95800       0.00000      88.00000
      74.96985       0.00000      88.00000
      74.98170       0.00000      88.00000
      74.99356       0.00000      88.00000
      75.00541       0.00000      88.00000
      75.01727       0.00000      88.00000
      75.02912       0.00000      88.00000
      75.04097       0.00000      88.00000
      75.05283       0.00000      88.00000
      75.06468       0.00000      88.00000
      75.07654       0.00000      88.00000
      75.08839       0.00000      88.00000
      75.10024       0.00000      88.00000
      75.11210       0.00000      88.00000
      75.12395       0.00000      88.00000
      75.13581       0.00000      88.00000
      75.14766       0.00000      88.00000
      75.15951       0.00000      88.00000
      75.17137       0.00000      88.00000
      75.18322       0.00000      88.00000
      75.19508       0.00000      88.00000
      75.20693       0.00000      88.00000
      75.21878       0.00000      88.00000
      75.23064       0.00000      88.00000
      75.24249       0.00000      88.00000
      75.25435       0.00000      88.00000
      75.26620       0.00000      88.00000
      75.27805       0.00000      88.00000
      75.28991       0.00000      88.00000
      75.30176       0.00000      88.00000
      75.31362       0.00000      88.00000
      75.32547       0.00000      88.00000
      75.33733       0.00000      88.00000
      75.34918       0.00000      88.00000
      75.36103       0.00000      88.00000
      75.37289       0.00000      88.00000
      75.38474       0.00000      88.00000
      75.39660       0.00000      88.00000
      75.40845       0.00000      88.00000
      75.42030       0.00000      88.00000
      75.43216       0.00000      88.00000
      75.44401       0.00000      88.00000
      75.45587       0.00000      88.00000
      75.46772       0.00000      88.00000
      75.47957       0.00000      88.00000
      75.49143       0.00000      88.00000
      75.50328       0.00000      88.00000
      75.51514       0.00000      88.00000
      75.52699       0.00000      88.00000
      75.53884       0.00000      88.00000
      75.55070       0.00000      88.00000
      75.56255       0.00000      88.00000
      75.57441       0.00000      88.00000
      75.58626       0.00000      88.00000
      75.59811       0.00000      88.00000
      75.60997       0.00000      88.00000
      75.62182       0.00000      88.00000
      75.63368       0.00000      88.00000
      75.64553       0.00000      88.00000
      75.65738       0.00000      88.00000
      75.66924       0.00000      88.00000
      75.68109       0.00000      88.00000
      75.69295       0.00000      88.00000
      75.70480       0.00000      88.00000
      75.71665       0.00000      88.00000
      75.72851       0.00000      88.00000
      75.74036       0.00000      88.00000
      75.75222       0.00000      88.00000
      75.76407       0.00000      88.00000
      75.77593       0.00000      88.00000
      75.78778       0.00000      88.00000
      75.79963       0.00000      88.00000
      75.81149       0.00000      88.00000
      75.82334       0.00000      88.00000
      75.83520       0.00000      88.00000
      75.84705       0.00000      88.00000
      75.85890       0.00000      88.00000
      75.87076       0.00000      88.00000
      75.88261       0.00000      88.00000
      75.89447       0.00000      88.00000
      75.90632       0.00000      88.00000
      75.91817       0.00000      88.00000
      75.93003       0.00000      88.00000
      75.94188       0.00000      88.00000
      75.95374       0.00000      88.00000
      75.96559       0.00000      88.00000
      75.97744       0.00000      88.00000
      75.98930       0.00000      88.00000
      76.00115       0.00000      88.00000
      76.01301       0.00000      88.00000
      76.02486       0.00000      88.00000
      76.03671       0.00000      88.00000
      76.04857       0.00000      88.00000
      76.06042       0.00000      88.00000
      76.07228       0.00000      88.00000
      76.08413       0.00000      88.00000
      76.09598       0.00000      88.00000
      76.10784       0.00000      88.00000
      76.11969       0.00000      88.00000
      76.13155       0.00000      88.00000
      76.14340       0.00000      88.00000
      76.15526       0.00000      88.00000
      76.16711       0.00000      88.00000
      76.17896       0.00000      88.00000
      76.19082       0.00000      88.00000
      76.20267       0.00000      88.00000
      76.21453       0.00000      88.00000
      76.22638       0.00000      88.00000
      76.23823       0.00000      88.00000
      76.25009       0.00000      88.00000
      76.26194       0.00000      88.00000
      76.27380       0.00000      88.00000
      76.28565       0.00000      88.00000
      76.29750       0.00000      88.00000
      76.30936       0.00000      88.00000
      76.32121       0.00000      88.00000
      76.33307       0.00000      88.00000
      76.34492       0.00000      88.00000
      76.35677       0.00000      88.00000
      76.36863       0.00000      88.00000
      76.38048       0.00000      88.00000
      76.39234       0.00000      88.00000
      76.40419       0.00000      88.00000
      76.41604       0.00000      88.00000
      76.42790       0.00000      88.00000
      76.43975       0.00000      88.00000
      76.45161       0.00000      88.00000
      76.46346       0.00000      88.00000
      76.47531       0.00000      88.00000
      76.48717       0.00000      88.00000
      76.49902       0.00000      88.00000
      76.51088       0.00000      88.00000
      76.52273       0.00000      88.00000
      76.53459       0.00000      88.00000
      76.54644       0.00000      88.00000
      76.55829       0.00000      88.00000
      76.57015       0.00000      88.00000
      76.58200       0.00000      88.00000
      76.59386       0.00000      88.00000
      76.60571       0.00000      88.00000
      76.61756       0.00000      88.00000
      76.62942       0.00000      88.00000
      76.64127       0.00000      88.00000
      76.65313       0.00000      88.00000
      76.66498       0.00000      88.00000
      76.67683       0.00000      88.00000
      76.68869       0.00000      88.00000
      76.70054       0.00000      88.00000
      76.71240       0.00000      88.00000
      76.72425       0.00000      88.00000
      76.73610       0.00000      88.00000
      76.74796       0.00000      88.00000
      76.75981       0.00000      88.00000
      76.77167       0.00000      88.00000
      76.78352       0.00000      88.00000
      76.79537       0.00000      88.00000
      76.80723       0.00000      88.00000
      76.81908       0.00000      88.00000
      76.83094       0.00000      88.00000
      76.84279       0.00000      88.00000
      76.85464       0.00000      88.00000
      76.86650       0.00000      88.00000
      76.87835       0.00000      88.00000
      76.89021       0.00000      88.00000
      76.90206       0.00000      88.00000
      76.91391       0.00000      88.00000
      76.92577       0.00000      88.00000
      76.93762       0.00000      88.00000
      76.94948       0.00000      88.00000
      76.96133       0.00000      88.00000
      76.97319       0.00000      88.00000
      76.98504       0.00000      88.00000
      76.99689       0.00000      88.00000
      77.00875       0.00000      88.00000
      77.02060       0.00000      88.00000
      77.03246       0.00000      88.00000
      77.04431       0.00000      88.00000
      77.05616       0.00000      88.00000
      77.06802       0.00000      88.00000
      77.07987       0.00000      88.00000
      77.09173       0.00000      88.00000
      77.10358       0.00000      88.00000
      77.11543       0.00000      88.00000
      77.12729       0.00000      88.00000
      77.13914       0.00000      88.00000
      77.15100       0.00000      88.00000
      77.16285       0.00000      88.00000
      77.17470       0.00000      88.00000
      77.18656       0.00000      88.00000
      77.19841       0.00000      88.00000
      77.21027       0.00000      88.00000
      77.22212       0.00000      88.00000
      77.23397       0.00000      88.00000
      77.24583       0.00000      88.00000
      77.25768       0.00000      88.00000
      77.26954       0.00000      88.00000
      77.28139       0.00000      88.00000
      77.29324       0.00000      88.00000
      77.30510       0.00000      88.00000
      77.31695       0.00000      88.00000
      77.32881       0.00000      88.00000
      77.34066       0.00000      88.00000
      77.35252       0.00000      88.00000
      77.36437       0.00000      88.00000
      77.37622       0.00000      88.00000
      77.38808       0.00000      88.00000
      77.39993       0.00000      88.00000
      77.41179       0.00000      88.00000
      77.42364       0.00000      88.00000
      77.43549       0.00000      88.00000
      77.44735       0.00000      88.00000
      77.45920       0.00000      88.00000
      77.47106       0.00000      88.00000
      77.48291       0.00000      88.00000
      77.49476       0.00000      88.00000
      77.50662       0.00000      88.00000
      77.51847       0.00000      88.00000
      77.53033       0.00000      88.00000
      77.54218       0.00000      88.00000
      77.55403       0.00000      88.00000
      77.56589       0.00000      88.00000
      77.57774       0.00000      88.00000
      77.58960       0.00000      88.00000
      77.60145       0.00000      88.00000
      77.61330       0.00000      88.00000
      77.62516       0.00000      88.00000
      77.63701       0.00000      88.00000
      77.64887       0.00000      88.00000
      77.66072       0.00000      88.00000
      77.67257       0.00000      88.00000
      77.68443       0.00000      88.00000
      77.69628       0.00000      88.00000
      77.70814       0.00000      88.00000
      77.71999       0.00000      88.00000
      77.73184       0.00000      88.00000
      77.74370       0.00000      88.00000
      77.75555       0.00000      88.00000
      77.76741       0.00000      88.00000
      77.77926       0.00000      88.00000
      77.79112       0.00000      88.00000
      77.80297       0.00000      88.00000
      77.81482       0.00000      88.00000
      77.82668       0.00000      88.00000
      77.83853       0.00000      88.00000
      77.85039       0.00000      88.00000
      77.86224       0.00000      88.00000
      77.87409       0.00000      88.00000
      77.88595       0.00000      88.00000
      77.89780       0.00000      88.00000
      77.90966       0.00000      88.00000
      77.92151       0.00000      88.00000
      77.93336       0.00000      88.00000
      77.94522       0.00000      88.00000
      77.95707       0.00000      88.00000
      77.96893       0.00000      88.00000
      77.98078       0.00000      88.00000
      77.99263       0.00000      88.00000
      78.00449       0.00000      88.00000
      78.01634       0.00000      88.00000
      78.02820       0.00000      88.00000
      78.04005       0.00000      88.00000
      78.05190       0.00000      88.00000
      78.06376       0.00000      88.00000
      78.07561       0.00000      88.00000
      78.08747       0.00000      88.00000
      78.09932       0.00000      88.00000
      78.11117       0.00000      88.00000
      78.12303       0.00000      88.00000
      78.13488       0.00000      88.00000
      78.14674       0.00000      88.00000
      78.15859       0.00000      88.00000
      78.17045       0.00000      88.00000
      78.18230       0.00000      88.00000
      78.19415       0.00000      88.00000
      78.20601       0.00000      88.00000
      78.21786       0.00000      88.00000
      78.22972       0.00000      88.00000
      78.24157       0.00000      88.00000
      78.25342       0.00000      88.00000
      78.26528       0.00000      88.00000
      78.27713       0.00000      88.00000
      78.28899       0.00000      88.00000
      78.30084       0.00000      88.00000
      78.31269       0.00000      88.00000
      78.32455       0.00000      88.00000
      78.33640       0.00000      88.00000
      78.34826       0.00000      88.00000
      78.36011       0.00000      88.00000
      78.37196       0.00000      88.00000
      78.38382       0.00000      88.00000
      78.39567       0.00000      88.00000
      78.40753       0.00000      88.00000
      78.41938       0.00000      88.00000
      78.43123       0.00000      88.00000
      78.44309       0.00000      88.00000
      78.45494       0.00000      88.00000
      78.46680       0.00000      88.00000
      78.47865       0.00000      88.00000
      78.49050       0.00000      88.00000
      78.50236       0.00000      88.00000
      78.51421       0.00000      88.00000
      78.52607       0.00000      88.00000
      78.53792       0.00000      88.00000
      78.54977       0.00000      88.00000
      78.56163       0.00000      88.00000
      78.57348       0.00000      88.00000
      78.58534       0.00000      88.00000
      78.59719       0.00000      88.00000
      78.60905       0.00000      88.00000
      78.62090       0.00000      88.00000
      78.63275       0.00000      88.00000
      78.64461       0.00000      88.00000
      78.65646       0.00000      88.00000
      78.66832       0.00000      88.00000
      78.68017       0.00000      88.00000
      78.69202       0.00000      88.00000
      78.70388       0.00000      88.00000
      78.71573       0.00000      88.00000
      78.72759       0.00000      88.00000
      78.73944       0.00000      88.00000
      78.75129       0.00000      88.00000
      78.76315       0.00000      88.00000
      78.77500       0.00000      88.00000
      78.78686       0.00000      88.00000
      78.79871       0.00000      88.00000
      78.81056       0.00000      88.00000
      78.82242       0.00000      88.00000
      78.83427       0.00000      88.00000
      78.84613       0.00000      88.00000
      78.85798       0.00000      88.00000
      78.86983       0.00000      88.00000
      78.88169       0.00000      88.00000
      78.89354       0.00000      88.00000
      78.90540       0.00000      88.00000
      78.91725       0.00000      88.00000
      78.92910       0.00000      88.00000
      78.94096       0.00000      88.00000
      78.95281       0.00000      88.00000
      78.96467       0.00000      88.00000
      78.97652       0.00000      88.00000
      78.98838       0.00000      88.00000
      79.00023       0.00000      88.00000
      79.01208       0.00000      88.00000
      79.02394       0.00000      88.00000
      79.03579       0.00000      88.00000
      79.04765       0.00000      88.00000
      79.05950       0.00000      88.00000
      79.07135       0.00000      88.00000
      79.08321       0.00000      88.00000
      79.09506       0.00000      88.00000
      79.10692       0.00000      88.00000
      79.11877       0.00000      88.00000
      79.13062       0.00000      88.00000
      79.14248       0.00000      88.00000
      79.15433       0.00000      88.00000
      79.16619       0.00000      88.00000
      79.17804       0.00000      88.00000
      79.18989       0.00000      88.00000
      79.20175       0.00000      88.00000
      79.21360       0.00000      88.00000
      79.22546       0.00000      88.00000
      79.23731       0.00000      88.00000
      79.24916       0.00000      88.00000
      79.26102       0.00000      88.00000
      79.27287       0.00000      88.00000
      79.28473       0.00000      88.00000
      79.29658       0.00000      88.00000
      79.30843       0.00000      88.00000
      79.32029       0.00000      88.00000
      79.33214       0.00000      88.00000
      79.34400       0.00000      88.00000
      79.35585       0.00000      88.00000
      79.36771       0.00000      88.00000
      79.37956       0.00000      88.00000
      79.39141       0.00000      88.00000
      79.40327       0.00000      88.00000
      79.41512       0.00000      88.00000
      79.42698       0.00000      88.00000
      79.43883       0.00000      88.00000
      79.45068       0.00000      88.00000
      79.46254       0.00000      88.00000
      79.47439       0.00000      88.00000
      79.48625       0.00000      88.00000
      79.49810       0.00000      88.00000
      79.50995       0.00000      88.00000
      79.52181       0.00000      88.00000
      79.53366       0.00000      88.00000
      79.54552       0.00000      88.00000
      79.55737       0.00000      88.00000
      79.56922       0.00000      88.00000
      79.58108       0.00000      88.00000
      79.59293       0.00000      88.00000
      79.60479       0.00000      88.00000
      79.61664       0.00000      88.00000
      79.62849       0.00000      88.00000
      79.64035       0.00000      88.00000
      79.65220       0.00000      88.00000
      79.66406       0.00000      88.00000
      79.67591       0.00000      88.00000
      79.68776       0.00000      88.00000
      79.69962       0.00000      88.00000
      79.71147       0.00000      88.00000
      79.72333       0.00000      88.00000
      79.73518       0.00000      88.00000
      79.74703       0.00000      88.00000
      79.75889       0.00000      88.00000
      79.77074       0.00000      88.00000
      79.78260       0.00000      88.00000
      79.79445       0.00000      88.00000
      79.80631       0.00000      88.00000
      79.81816       0.00000      88.00000
      79.83001       0.00000      88.00000
      79.84187       0.00000      88.00000
      79.85372       0.00000      88.00000
      79.86558       0.00000      88.00000
      79.87743       0.00000      88.00000
      79.88928       0.00000      88.00000
      79.90114       0.00000      88.00000
      79.91299       0.00000      88.00000
      79.92485       0.00000      88.00000
      79.93670       0.00000      88.00000
      79.94855       0.00000      88.00000
      79.96041       0.00000      88.00000
      79.97226       0.00000      88.00000
      79.98412       0.00000      88.00000
      79.99597       0.00000      88.00000
      80.00782       0.00000      88.00000
      80.01968       0.00000      88.00000
      80.03153       0.00000      88.00000
      80.04339       0.00000      88.00000
      80.05524       0.00000      88.00000
      80.06709       0.00000      88.00000
      80.07895       0.00000      88.00000
      80.09080       0.00000      88.00000
      80.10266       0.00000      88.00000
      80.11451       0.00000      88.00000
      80.12636       0.00000      88.00000
      80.13822       0.00000      88.00000
      80.15007       0.00000      88.00000
      80.16193       0.00000      88.00000
      80.17378       0.00000      88.00000
      80.18564       0.00000      88.00000
      80.19749       0.00000      88.00000
      80.20934       0.00000      88.00000
      80.22120       0.00000      88.00000
      80.23305       0.00000      88.00000
      80.24491       0.00000      88.00000
      80.25676       0.00000      88.00000
      80.26861       0.00000      88.00000
      80.28047       0.00000      88.00000
      80.29232       0.00000      88.00000
      80.30418       0.00000      88.00000
      80.31603       0.00000      88.00000
      80.32788       0.00000      88.00000
      80.33974       0.00000      88.00000
      80.35159       0.00000      88.00000
      80.36345       0.00000      88.00000
      80.37530       0.00000      88.00000
      80.38715       0.00000      88.00000
      80.39901       0.00000      88.00000
      80.41086       0.00000      88.00000
      80.42272       0.00000      88.00000
      80.43457       0.00000      88.00000
      80.44642       0.00000      88.00000
      80.45828       0.00000      88.00000
      80.47013       0.00000      88.00000
      80.48199       0.00000      88.00000
      80.49384       0.00000      88.00000
      80.50569       0.00000      88.00000
      80.51755       0.00000      88.00000
      80.52940       0.00000      88.00000
      80.54126       0.00000      88.00000
      80.55311       0.00000      88.00000
      80.56496       0.00000      88.00000
      80.57682       0.00000      88.00000
      80.58867       0.00000      88.00000
      80.60053       0.00000      88.00000
      80.61238       0.00000      88.00000
      80.62424       0.00000      88.00000
      80.63609       0.00000      88.00000
      80.64794       0.00000      88.00000
      80.65980       0.00000      88.00000
      80.67165       0.00000      88.00000
      80.68351       0.00000      88.00000
      80.69536       0.00000      88.00000
      80.70721       0.00000      88.00000
      80.71907       0.00000      88.00000
      80.73092       0.00000      88.00000
      80.74278       0.00000      88.00000
      80.75463       0.00000      88.00000
      80.76648       0.00000      88.00000
      80.77834       0.00000      88.00000
      80.79019       0.00000      88.00000
      80.80205       0.00000      88.00000
      80.81390       0.00000      88.00000
      80.82575       0.00000      88.00000
      80.83761       0.00000      88.00000
      80.84946       0.00000      88.00000
      80.86132       0.00000      88.00000
      80.87317       0.00000      88.00000
      80.88502       0.00000      88.00000
      80.89688       0.00000      88.00000
      80.90873       0.00000      88.00000
      80.92059       0.00000      88.00000
      80.93244       0.00000      88.00000
      80.94429       0.00000      88.00000
      80.95615       0.00000      88.00000
      80.96800       0.00000      88.00000
      80.97986       0.00000      88.00000
      80.99171       0.00000      88.00000
      81.00357       0.00000      88.00000
      81.01542       0.00000      88.00000
      81.02727       0.00000      88.00000
      81.03913       0.00000      88.00000
      81.05098       0.00000      88.00000
      81.06284       0.00000      88.00000
      81.07469       0.00000      88.00000
      81.08654       0.00000      88.00000
      81.09840       0.00000      88.00000
      81.11025       0.00000      88.00000
      81.12211       0.00000      88.00000
      81.13396       0.00000      88.00000
      81.14581       0.00000      88.00000
      81.15767       0.00000      88.00000
      81.16952       0.00000      88.00000
      81.18138       0.00000      88.00000
      81.19323       0.00000      88.00000
      81.20508       0.00000      88.00000
      81.21694       0.00000      88.00000
      81.22879       0.00000      88.00000
      81.24065       0.00000      88.00000
      81.25250       0.00000      88.00000
      81.26435       0.00000      88.00000
      81.27621       0.00000      88.00000
      81.28806       0.00000      88.00000
      81.29992       0.00000      88.00000
      81.31177       0.00000      88.00000
      81.32362       0.00000      88.00000
      81.33548       0.00000      88.00000
      81.34733       0.00000      88.00000
      81.35919       0.00000      88.00000
      81.37104       0.00000      88.00000
      81.38289       0.00000      88.00000
      81.39475       0.00000      88.00000
      81.40660       0.00000      88.00000
      81.41846       0.00000      88.00000
      81.43031       0.00000      88.00000
      81.44217       0.00000      88.00000
      81.45402       0.00000      88.00000
      81.46587       0.00000      88.00000
      81.47773       0.00000      88.00000
      81.48958       0.00000      88.00000
      81.50144       0.00000      88.00000
      81.51329       0.00000      88.00000
      81.52514       0.00000      88.00000
      81.53700       0.00000      88.00000
      81.54885       0.00000      88.00000
      81.56071       0.00000      88.00000
      81.57256       0.00000      88.00000
      81.58441       0.00000      88.00000
      81.59627       0.00000      88.00000
      81.60812       0.00000      88.00000
      81.61998       0.00000      88.00000
      81.63183       0.00000      88.00000
      81.64368       0.00000      88.00000
      81.65554       0.00000      88.00000
      81.66739       0.00000      88.00000
      81.67925       0.00000      88.00000
      81.69110       0.00000      88.00000
      81.70295       0.00000      88.00000
      81.71481       0.00000      88.00000
      81.72666       0.00000      88.00000
      81.73852       0.00000      88.00000
      81.75037       0.00000      88.00000
      81.76222       0.00000      88.00000
      81.77408       0.00000      88.00000
      81.78593       0.00000      88.00000
      81.79779       0.00000      88.00000
      81.80964       0.00000      88.00000
      81.82150       0.00000      88.00000
      81.83335       0.00000      88.00000
      81.84520       0.00000      88.00000
      81.85706       0.00000      88.00000
      81.86891       0.00000      88.00000
      81.88077       0.00000      88.00000
      81.89262       0.00000      88.00000
      81.90447       0.00000      88.00000
      81.91633       0.00000      88.00000
      81.92818       0.00000      88.00000
      81.94004       0.00000      88.00000
      81.95189       0.00000      88.00000
      81.96374       0.00000      88.00000
      81.97560       0.00000      88.00000
      81.98745       0.00000      88.00000
      81.99931       0.00000      88.00000
      82.01116       0.00000      88.00000
      82.02301       0.00000      88.00000
      82.03487       0.00000      88.00000
      82.04672       0.00000      88.00000
      82.05858       0.00000      88.00000
      82.07043       0.00000      88.00000
      82.08228       0.00000      88.00000
      82.09414       0.00000      88.00000
      82.10599       0.00000      88.00000
      82.11785       0.00000      88.00000
      82.12970       0.00000      88.00000
      82.14155       0.00000      88.00000
      82.15341       0.00000      88.00000
      82.16526       0.00000      88.00000
      82.17712       0.00000      88.00000
      82.18897       0.00000      88.00000
      82.20083       0.00000      88.00000
      82.21268       0.00000      88.00000
      82.22453       0.00000      88.00000
      82.23639       0.00000      88.00000
      82.24824       0.00000      88.00000
      82.26010       0.00000      88.00000
      82.27195       0.00000      88.00000
      82.28380       0.00000      88.00000
      82.29566       0.00000      88.00000
      82.30751       0.00000      88.00000
      82.31937       0.00000      88.00000
      82.33122       0.00000      88.00000
      82.34307       0.00000      88.00000
      82.35493       0.00000      88.00000
      82.36678       0.00000      88.00000
      82.37864       0.00000      88.00000
      82.39049       0.00000      88.00000
      82.40234       0.00000      88.00000
      82.41420       0.00000      88.00000
      82.42605       0.00000      88.00000
      82.43791       0.00000      88.00000
      82.44976       0.00000      88.00000
      82.46161       0.00000      88.00000
      82.47347       0.00000      88.00000
      82.48532       0.00000      88.00000
      82.49718       0.00000      88.00000
      82.50903       0.00000      88.00000
      82.52088       0.00000      88.00000
      82.53274       0.00000      88.00000
      82.54459       0.00000      88.00000
      82.55645       0.00000      88.00000
      82.56830       0.00000      88.00000
      82.58015       0.00000      88.00000
      82.59201       0.00000      88.00000
      82.60386       0.00000      88.00000
      82.61572       0.00000      88.00000
      82.62757       0.00000      88.00000
      82.63943       0.00000      88.00000
      82.65128       0.00000      88.00000
      82.66313       0.00000      88.00000
      82.67499       0.00000      88.00000
      82.68684       0.00000      88.00000
      82.69870       0.00000      88.00000
      82.71055       0.00000      88.00000
      82.72240       0.00000      88.00000
      82.73426       0.00000      88.00000
      82.74611       0.00000      88.00000
      82.75797       0.00000      88.00000
      82.76982       0.00000      88.00000
      82.78167       0.00000      88.00000
      82.79353       0.00000      88.00000
      82.80538       0.00000      88.00000
      82.81724       0.00000      88.00000
      82.82909       0.00000      88.00000
      82.84094       0.00000      88.00000
      82.85280       0.00000      88.00000
      82.86465       0.00000      88.00000
      82.87651       0.00000      88.00000
      82.88836       0.00000      88.00000
      82.90021       0.00000      88.00000
      82.91207       0.00000      88.00000
      82.92392       0.00000      88.00000
      82.93578       0.00000      88.00000
      82.94763       0.00000      88.00000
      82.95948       0.00000      88.00000
      82.97134       0.00000      88.00000
      82.98319       0.00000      88.00000
      82.99505       0.00000      88.00000
      83.00690       0.00000      88.00000
      83.01876       0.00000      88.00000
      83.03061       0.00000      88.00000
      83.04246       0.00000      88.00000
      83.05432       0.00000      88.00000
      83.06617       0.00000      88.00000
      83.07803       0.00000      88.00000
      83.08988       0.00000      88.00000
      83.10173       0.00000      88.00000
      83.11359       0.00000      88.00000
      83.12544       0.00000      88.00000
      83.13730       0.00000      88.00000
      83.14915       0.00000      88.00000
      83.16100       0.00000      88.00000
      83.17286       0.00000      88.00000
      83.18471       0.00000      88.00000
      83.19657       0.00000      88.00000
      83.20842       0.00000      88.00000
      83.22027       0.00000      88.00000
      83.23213       0.00000      88.00000
      83.24398       0.00000      88.00000
      83.25584       0.00000      88.00000
      83.26769       0.00000      88.00000
      83.27954       0.00000      88.00000
      83.29140       0.00000      88.00000
      83.30325       0.00000      88.00000
      83.31511       0.00000      88.00000
      83.32696       0.00000      88.00000
      83.33881       0.00000      88.00000
      83.35067       0.00000      88.00000
      83.36252       0.00000      88.00000
      83.37438       0.00000      88.00000
      83.38623       0.00000      88.00000
      83.39808       0.00000      88.00000
      83.40994       0.00000      88.00000
      83.42179       0.00000      88.00000
      83.43365       0.00000      88.00000
      83.44550       0.00000      88.00000
      83.45736       0.00000      88.00000
      83.46921       0.00000      88.00000
      83.48106       0.00000      88.00000
      83.49292       0.00000      88.00000
      83.50477       0.00000      88.00000
      83.51663       0.00000      88.00000
      83.52848       0.00000      88.00000
      83.54033       0.00000      88.00000
      83.55219       0.00000      88.00000
      83.56404       0.00000      88.00000
      83.57590       0.00000      88.00000
      83.58775       0.00000      88.00000
      83.59960       0.00000      88.00000
      83.61146       0.00000      88.00000
      83.62331       0.00000      88.00000
      83.63517       0.00000      88.00000
      83.64702       0.00000      88.00000
      83.65887       0.00000      88.00000
      83.67073       0.00000      88.00000
      83.68258       0.00000      88.00000
      83.69444       0.00000      88.00000
      83.70629       0.00000      88.00000
      83.71814       0.00000      88.00000
      83.73000       0.00000      88.00000
      83.74185       0.00000      88.00000
      83.75371       0.00000      88.00000
      83.76556       0.00000      88.00000
      83.77741       0.00000      88.00000
      83.78927       0.00000      88.00000
      83.80112       0.00000      88.00000
      83.81298       0.00000      88.00000
      83.82483       0.00000      88.00000
      83.83669       0.00000      88.00000
      83.84854       0.00000      88.00000
      83.86039       0.00000      88.00000
      83.87225       0.00000      88.00000
      83.88410       0.00000      88.00000
      83.89596       0.00000      88.00000
      83.90781       0.00000      88.00000
      83.91966       0.00000      88.00000
      83.93152       0.00000      88.00000
      83.94337       0.00000      88.00000
      83.95523       0.00000      88.00000
      83.96708       0.00000      88.00000
      83.97893       0.00000      88.00000
      83.99079       0.00000      88.00000
      84.00264       0.00000      88.00000
      84.01450       0.00000      88.00000
      84.02635       0.00000      88.00000
      84.03820       0.00000      88.00000
      84.05006       0.00000      88.00000
      84.06191       0.00000      88.00000
      84.07377       0.00000      88.00000
      84.08562       0.00000      88.00000
      84.09747       0.00000      88.00000
      84.10933       0.00000      88.00000
      84.12118       0.00000      88.00000
      84.13304       0.00000      88.00000
      84.14489       0.00000      88.00000
      84.15674       0.00000      88.00000
      84.16860       0.00000      88.00000
      84.18045       0.00000      88.00000
      84.19231       0.00000      88.00000
      84.20416       0.00000      88.00000
      84.21601       0.00000      88.00000
      84.22787       0.00000      88.00000
      84.23972       0.00000      88.00000
      84.25158       0.00000      88.00000
      84.26343       0.00000      88.00000
      84.27529       0.00000      88.00000
      84.28714       0.00000      88.00000
      84.29899       0.00000      88.00000
      84.31085       0.00000      88.00000
      84.32270       0.00000      88.00000
      84.33456       0.00000      88.00000
      84.34641       0.00000      88.00000
      84.35826       0.00000      88.00000
      84.37012       0.00000      88.00000
      84.38197       0.00000      88.00000
      84.39383       0.00000      88.00000
      84.40568       0.00000      88.00000
      84.41753       0.00000      88.00000
      84.42939       0.00000      88.00000
      84.44124       0.00000      88.00000
      84.45310       0.00000      88.00000
      84.46495       0.00000      88.00000
      84.47680       0.00000      88.00000
      84.48866       0.00000      88.00000
      84.50051       0.00000      88.00000
      84.51237       0.00000      88.00000
      84.52422       0.00000      88.00000
      84.53607       0.00000      88.00000
      84.54793       0.00000      88.00000
      84.55978       0.00000      88.00000
      84.57164       0.00000      88.00000
      84.58349       0.00000      88.00000
      84.59534       0.00000      88.00000
      84.60720       0.00000      88.00000
      84.61905       0.00000      88.00000
      84.63091       0.00000      88.00000
      84.64276       0.00000      88.00000
      84.65462       0.00000      88.00000
      84.66647       0.00000      88.00000
      84.67832       0.00000      88.00000
      84.69018       0.00000      88.00000
      84.70203       0.00000      88.00000
      84.71389       0.00000      88.00000
      84.72574       0.00000      88.00000
      84.73759       0.00000      88.00000
      84.74945       0.00000      88.00000
      84.76130       0.00000      88.00000
      84.77316       0.00000      88.00000
      84.78501       0.00000      88.00000
      84.79686       0.00000      88.00000
      84.80872       0.00000      88.00000
      84.82057       0.00000      88.00000
      84.83243       0.00000      88.00000
      84.84428       0.00000      88.00000
      84.85613       0.00000      88.00000
      84.86799       0.00000      88.00000
      84.87984       0.00000      88.00000
      84.89170       0.00000      88.00000
      84.90355       0.00000      88.00000
      84.91540       0.00000      88.00000
      84.92726       0.00000      88.00000
      84.93911       0.00000      88.00000
      84.95097       0.00000      88.00000
      84.96282       0.00000      88.00000
      84.97467       0.00000      88.00000
      84.98653       0.00000      88.00000
      84.99838       0.00000      88.00000
      85.01024       0.00000      88.00000
      85.02209       0.00000      88.00000
      85.03395       0.00000      88.00000
      85.04580       0.00000      88.00000
      85.05765       0.00000      88.00000
      85.06951       0.00000      88.00000
      85.08136       0.00000      88.00000
      85.09322       0.00000      88.00000
      85.10507       0.00000      88.00000
      85.11692       0.00000      88.00000
      85.12878       0.00000      88.00000
      85.14063       0.00000      88.00000
      85.15249       0.00000      88.00000
      85.16434       0.00000      88.00000
      85.17619       0.00000      88.00000
      85.18805       0.00000      88.00000
      85.19990       0.00000      88.00000
      85.21176       0.00000      88.00000
      85.22361       0.00000      88.00000
      85.23546       0.00000      88.00000
      85.24732       0.00000      88.00000
      85.25917       0.00000      88.00000
      85.27103       0.00000      88.00000
      85.28288       0.00000      88.00000
      85.29473       0.00000      88.00000
      85.30659       0.00000      88.00000
      85.31844       0.00000      88.00000
      85.33030       0.00000      88.00000
      85.34215       0.00000      88.00000
      85.35400       0.00000      88.00000
      85.36586       0.00000      88.00000
      85.37771       0.00000      88.00000
      85.38957       0.00000      88.00000
      85.40142       0.00000      88.00000
      85.41327       0.00000      88.00000
      85.42513       0.00000      88.00000
      85.43698       0.00000      88.00000
      85.44884       0.00000      88.00000
      85.46069       0.00000      88.00000
      85.47255       0.00000      88.00000
      85.48440       0.00000      88.00000
      85.49625       0.00000      88.00000
      85.50811       0.00000      88.00000
      85.51996       0.00000      88.00000
      85.53182       0.00000      88.00000
      85.54367       0.00000      88.00000
      85.55552       0.00000      88.00000
      85.56738       0.00000      88.00000
      85.57923       0.00000      88.00000
      85.59109       0.00000      88.00000
      85.60294       0.00000      88.00000
      85.61479       0.00000      88.00000
      85.62665       0.00000      88.00000
      85.63850       0.00000      88.00000
      85.65036       0.00000      88.00000
      85.66221       0.00000      88.00000
      85.67406       0.00000      88.00000
      85.68592       0.00000      88.00000
      85.69777       0.00000      88.00000
      85.70963       0.00000      88.00000
      85.72148       0.00000      88.00000
      85.73333       0.00000      88.00000
      85.74519       0.00000      88.00000
      85.75704       0.00000      88.00000
      85.76890       0.00000      88.00000
      85.78075       0.00000      88.00000
      85.79260       0.00000      88.00000
      85.80446       0.00000      88.00000
      85.81631       0.00000      88.00000
      85.82817       0.00000      88.00000
      85.84002       0.00000      88.00000
      85.85188       0.00000      88.00000
      85.86373       0.00000      88.00000
      85.87558       0.00000      88.00000
      85.88744       0.00000      88.00000
      85.89929       0.00000      88.00000
      85.91115       0.00000      88.00000
      85.92300       0.00000      88.00000
      85.93485       0.00000      88.00000
      85.94671       0.00000      88.00000
      85.95856       0.00000      88.00000
      85.97042       0.00000      88.00000
      85.98227       0.00000      88.00000
      85.99412       0.00000      88.00000
      86.00598       0.00000      88.00000
      86.01783       0.00000      88.00000
      86.02969       0.00000      88.00000
      86.04154       0.00000      88.00000
      86.05339       0.00000      88.00000
      86.06525       0.00000      88.00000
      86.07710       0.00000      88.00000
      86.08896       0.00000      88.00000
      86.10081       0.00000      88.00000
      86.11266       0.00000      88.00000
      86.12452       0.00000      88.00000
      86.13637       0.00000      88.00000
      86.14823       0.00000      88.00000
      86.16008       0.00000      88.00000
      86.17193       0.00000      88.00000
      86.18379       0.00000      88.00000
      86.19564       0.00000      88.00000
      86.20750       0.00000      88.00000
      86.21935       0.00000      88.00000
      86.23120       0.00000      88.00000
      86.24306       0.00000      88.00000
      86.25491       0.00000      88.00000
      86.26677       0.00000      88.00000
      86.27862       0.00000      88.00000
      86.29048       0.00000      88.00000
      86.30233       0.00000      88.00000
      86.31418       0.00000      88.00000
      86.32604       0.00000      88.00000
      86.33789       0.00000      88.00000
      86.34975       0.00000      88.00000
      86.36160       0.00000      88.00000
      86.37345       0.00000      88.00000
      86.38531       0.00000      88.00000
      86.39716       0.00000      88.00000
      86.40902       0.00000      88.00000
      86.42087       0.00000      88.00000
      86.43272       0.00000      88.00000
      86.44458       0.00000      88.00000
      86.45643       0.00000      88.00000
      86.46829       0.00000      88.00000
      86.48014       0.00000      88.00000
      86.49199       0.00000      88.00000
      86.50385       0.00000      88.00000
      86.51570       0.00000      88.00000
      86.52756       0.00000      88.00000
      86.53941       0.00000      88.00000
      86.55126       0.00000      88.00000
      86.56312       0.00000      88.00000
      86.57497       0.00000      88.00000
      86.58683       0.00000      88.00000
      86.59868       0.00000      88.00000
      86.61053       0.00000      88.00000
      86.62239       0.00000      88.00000
      86.63424       0.00000      88.00000
      86.64610       0.00000      88.00000
      86.65795       0.00000      88.00000
      86.66981       0.00000      88.00000
      86.68166       0.00000      88.00000
      86.69351       0.00000      88.00000
      86.70537       0.00000      88.00000
      86.71722       0.00000      88.00000
      86.72908       0.00000      88.00000
      86.74093       0.00000      88.00000
      86.75278       0.00000      88.00000
      86.76464       0.00000      88.00000
      86.77649       0.00000      88.00000
      86.78835       0.00000      88.00000
      86.80020       0.00000      88.00000
      86.81205       0.00000      88.00000
      86.82391       0.00000      88.00000
      86.83576       0.00000      88.00000
      86.84762       0.00000      88.00000
      86.85947       0.00000      88.00000
      86.87132       0.00000      88.00000
      86.88318       0.00000      88.00000
      86.89503       0.00000      88.00000
      86.90689       0.00000      88.00000
      86.91874       0.00000      88.00000
      86.93059       0.00000      88.00000
      86.94245       0.00000      88.00000
      86.95430       0.00000      88.00000
      86.96616       0.00000      88.00000
      86.97801       0.00000      88.00000
      86.98986       0.00000      88.00000
      87.00172       0.00000      88.00000
      87.01357       0.00000      88.00000
      87.02543       0.00000      88.00000
      87.03728       0.00000      88.00000
      87.04913       0.00000      88.00000
      87.06099       0.00000      88.00000
      87.07284       0.00000      88.00000
      87.08470       0.00000      88.00000
      87.09655       0.00000      88.00000
      87.10841       0.00000      88.00000
      87.12026       0.00000      88.00000
      87.13211       0.00000      88.00000
      87.14397       0.00000      88.00000
      87.15582       0.00000      88.00000
      87.16768       0.00000      88.00000
      87.17953       0.00000      88.00000
      87.19138       0.00000      88.00000
      87.20324       0.00000      88.00000
      87.21509       0.00000      88.00000
      87.22695       0.00000      88.00000
      87.23880       0.00000      88.00000
      87.25065       0.00000      88.00000
      87.26251       0.00000      88.00000
      87.27436       0.00000      88.00000
      87.28622       0.00000      88.00000
      87.29807       0.00000      88.00000
      87.30992       0.00000      88.00000
      87.32178       0.00000      88.00000
      87.33363       0.00000      88.00000
      87.34549       0.00000      88.00000
      87.35734       0.00000      88.00000
      87.36919       0.00000      88.00000
      87.38105       0.00000      88.00000
      87.39290       0.00000      88.00000
      87.40476       0.00000      88.00000
      87.41661       0.00000      88.00000
      87.42846       0.00000      88.00000
      87.44032       0.00000      88.00000
      87.45217       0.00000      88.00000
      87.46403       0.00000      88.00000
      87.47588       0.00000      88.00000
      87.48774       0.00000      88.00000
      87.49959       0.00000      88.00000
      87.51144       0.00000      88.00000
      87.52330       0.00000      88.00000
      87.53515       0.00000      88.00000
      87.54701       0.00000      88.00000
      87.55886       0.00000      88.00000
      87.57071       0.00000      88.00000
      87.58257       0.00000      88.00000
      87.59442       0.00000      88.00000
      87.60628       0.00000      88.00000
      87.61813       0.00000      88.00000
      87.62998       0.00000      88.00000
      87.64184       0.00000      88.00000
      87.65369       0.00000      88.00000
      87.66555       0.00000      88.00000
      87.67740       0.00000      88.00000
      87.68925       0.00000      88.00000
      87.70111       0.00000      88.00000
      87.71296       0.00000      88.00000
      87.72482       0.00000      88.00000
      87.73667       0.00000      88.00000
      87.74852       0.00000      88.00000
      87.76038       0.00000      88.00000
      87.77223       0.00000      88.00000
      87.78409       0.00000      88.00000
      87.79594       0.00000      88.00000
      87.80779       0.00000      88.00000
      87.81965       0.00000      88.00000
      87.83150       0.00000      88.00000
      87.84336       0.00000      88.00000
      87.85521       0.00000      88.00000
      87.86707       0.00000      88.00000
      87.87892       0.00000      88.00000
      87.89077       0.00000      88.00000
      87.90263       0.00000      88.00000
      87.91448       0.00000      88.00000
      87.92634       0.00000      88.00000
      87.93819       0.00000      88.00000
      87.95004       0.00000      88.00000
      87.96190       0.00000      88.00000
      87.97375       0.00000      88.00000
      87.98561       0.00000      88.00000
      87.99746       0.00000      88.00000
      88.00931       0.00000      88.00000
      88.02117       0.00000      88.00000
      88.03302       0.00000      88.00000
      88.04488       0.00000      88.00000
      88.05673       0.00000      88.00000
      88.06858       0.00000      88.00000
      88.08044       0.00000      88.00000
      88.09229       0.00000      88.00000
      88.10415       0.00000      88.00000
      88.11600       0.00000      88.00000
      88.12785       0.00000      88.00000
      88.13971       0.00000      88.00000
      88.15156       0.00000      88.00000
      88.16342       0.00000      88.00000
      88.17527       0.00000      88.00000
      88.18712       0.00000      88.00000
      88.19898       0.00000      88.00000
      88.21083       0.00000      88.00000
      88.22269       0.00000      88.00000
      88.23454       0.00000      88.00000
      88.24639       0.00000      88.00000
      88.25825       0.00000      88.00000
      88.27010       0.00000      88.00000
      88.28196       0.00000      88.00000
      88.29381       0.00000      88.00000
      88.30567       0.00000      88.00000
      88.31752       0.00000      88.00000
      88.32937       0.00000      88.00000
      88.34123       0.00000      88.00000
      88.35308       0.00000      88.00000
      88.36494       0.00000      88.00000
      88.37679       0.00000      88.00000
      88.38864       0.00000      88.00000
      88.40050       0.00000      88.00000
      88.41235       0.00000      88.00000
      88.42421       0.00000      88.00000
      88.43606       0.00000      88.00000
      88.44791       0.00000      88.00000
      88.45977       0.00000      88.00000
      88.47162       0.00000      88.00000
      88.48348       0.00000      88.00000
      88.49533       0.00000      88.00000
      88.50718       0.00000      88.00000
      88.51904       0.00000      88.00000
      88.53089       0.00000      88.00000
      88.54275       0.00000      88.00000
      88.55460       0.00000      88.00000
      88.56645       0.00000      88.00000
      88.57831       0.00000      88.00000
      88.59016       0.00000      88.00000
      88.60202       0.00000      88.00000
      88.61387       0.00000      88.00000
      88.62572       0.00000      88.00000
      88.63758       0.00000      88.00000
      88.64943       0.00000      88.00000
      88.66129       0.00000      88.00000
      88.67314       0.00000      88.00000
      88.68500       0.00000      88.00000
      88.69685       0.00000      88.00000
      88.70870       0.00000      88.00000
      88.72056       0.00000      88.00000
      88.73241       0.00000      88.00000
      88.74427       0.00000      88.00000
      88.75612       0.00000      88.00000
      88.76797       0.00000      88.00000
      88.77983       0.00000      88.00000
      88.79168       0.00000      88.00000
      88.80354       0.00000      88.00000
      88.81539       0.00000      88.00000
      88.82724       0.00000      88.00000
      88.83910       0.00000      88.00000
      88.85095       0.00000      88.00000
      88.86281       0.00000      88.00000
      88.87466       0.00000      88.00000
      88.88651       0.00000      88.00000
      88.89837       0.00000      88.00000
      88.91022       0.00000      88.00000
      88.92208       0.00000      88.00000
      88.93393       0.00000      88.00000
      88.94578       0.00000      88.00000
      88.95764       0.00000      88.00000
      88.96949       0.00000      88.00000
      88.98135       0.00000      88.00000
      88.99320       0.00000      88.00000
      89.00505       0.00000      88.00000
      89.01691       0.00000      88.00000
      89.02876       0.00000      88.00000
      89.04062       0.00000      88.00000
      89.05247       0.00000      88.00000
      89.06432       0.00000      88.00000
      89.07618       0.00000      88.00000
      89.08803       0.00000      88.00000
      89.09989       0.00000      88.00000
      89.11174       0.00000      88.00000
      89.12360       0.00000      88.00000
      89.13545       0.00000      88.00000
      89.14730       0.00000      88.00000
      89.15916       0.00000      88.00000
      89.17101       0.00000      88.00000
      89.18287       0.00000      88.00000
      89.19472       0.00000      88.00000
      89.20657       0.00000      88.00000
      89.21843       0.00000      88.00000
      89.23028       0.00000      88.00000
      89.24214       0.00000      88.00000
      89.25399       0.00000      88.00000
      89.26584       0.00000      88.00000
      89.27770       0.00000      88.00000
      89.28955       0.00000      88.00000
      89.30141       0.00000      88.00000
      89.31326       0.00000      88.00000
      89.32511       0.00000      88.00000
      89.33697       0.00000      88.00000
      89.34882       0.00000      88.00000
      89.36068       0.00000      88.00000
      89.37253       0.00000      88.00000
      89.38438       0.00000      88.00000
      89.39624       0.00000      88.00000
      89.40809       0.00000      88.00000
      89.41995       0.00000      88.00000
      89.43180       0.00000      88.00000
      89.44365       0.00000      88.00000
      89.45551       0.00000      88.00000
      89.46736       0.00000      88.00000
      89.47922       0.00000      88.00000
      89.49107       0.00000      88.00000
      89.50293       0.00000      88.00000
      89.51478       0.00000      88.00000
      89.52663       0.00000      88.00000
      89.53849       0.00000      88.00000
      89.55034       0.00000      88.00000
      89.56220       0.00000      88.00000
      89.57405       0.00000      88.00000
      89.58590       0.00000      88.00000
      89.59776       0.00000      88.00000
      89.60961       0.00000      88.00000
      89.62147       0.00000      88.00000
      89.63332       0.00000      88.00000
      89.64517       0.00000      88.00000
      89.65703       0.00000      88.00000
      89.66888       0.00000      88.00000
      89.68074       0.00000      88.00000
      89.69259       0.00000      88.00000
      89.70444       0.00000      88.00000
      89.71630       0.00000      88.00000
      89.72815       0.00000      88.00000
      89.74001       0.00000      88.00000
      89.75186       0.00000      88.00000
      89.76371       0.00000      88.00000
      89.77557       0.00000      88.00000
      89.78742       0.00000      88.00000
      89.79928       0.00000      88.00000
      89.81113       0.00000      88.00000
      89.82298       0.00000      88.00000
      89.83484       0.00000      88.00000
      89.84669       0.00000      88.00000
      89.85855       0.00000      88.00000
      89.87040       0.00000      88.00000
      89.88225       0.00000      88.00000
      89.89411       0.00000      88.00000
      89.90596       0.00000      88.00000
      89.91782       0.00000      88.00000
      89.92967       0.00000      88.00000
      89.94153       0.00000      88.00000
      89.95338       0.00000      88.00000
      89.96523       0.00000      88.00000
      89.97709       0.00000      88.00000
      89.98894       0.00000      88.00000
      90.00080       0.00000      88.00000
      90.01265       0.00000      88.00000
      90.02450       0.00000      88.00000
      90.03636       0.00000      88.00000
      90.04821       0.00000      88.00000
      90.06007       0.00000      88.00000
      90.07192       0.00000      88.00000
      90.08377       0.00000      88.00000
      90.09563       0.00000      88.00000
      90.10748       0.00000      88.00000
      90.11934       0.00000      88.00000
      90.13119       0.00000      88.00000
      90.14304       0.00000      88.00000
      90.15490       0.00000      88.00000
      90.16675       0.00000      88.00000
      90.17861       0.00000      88.00000
      90.19046       0.00000      88.00000
      90.20231       0.00000      88.00000
      90.21417       0.00000      88.00000
      90.22602       0.00000      88.00000
      90.23788       0.00000      88.00000
      90.24973       0.00000      88.00000
      90.26158       0.00000      88.00000
      90.27344       0.00000      88.00000
      90.28529       0.00000      88.00000
      90.29715       0.00000      88.00000
      90.30900       0.00000      88.00000
      90.32086       0.00000      88.00000
      90.33271       0.00000      88.00000
      90.34456       0.00000      88.00000
      90.35642       0.00000      88.00000
      90.36827       0.00000      88.00000
      90.38013       0.00000      88.00000
      90.39198       0.00000      88.00000
      90.40383       0.00000      88.00000
      90.41569       0.00000      88.00000
      90.42754       0.00000      88.00000
      90.43940       0.00000      88.00000
      90.45125       0.00000      88.00000
      90.46310       0.00000      88.00000
      90.47496       0.00000      88.00000
      90.48681       0.00000      88.00000
      90.49867       0.00000      88.00000
      90.51052       0.00000      88.00000
      90.52237       0.00000      88.00000
      90.53423       0.00000      88.00000
      90.54608       0.00000      88.00000
      90.55794       0.00000      88.00000
      90.56979       0.00000      88.00000
      90.58164       0.00000      88.00000
      90.59350       0.00000      88.00000
      90.60535       0.00000      88.00000
      90.61721       0.00000      88.00000
      90.62906       0.00000      88.00000
      90.64091       0.00000      88.00000
      90.65277       0.00000      88.00000
      90.66462       0.00000      88.00000
      90.67648       0.00000      88.00000
      90.68833       0.00000      88.00000
      90.70019       0.00000      88.00000
      90.71204       0.00000      88.00000
      90.72389       0.00000      88.00000
      90.73575       0.00000      88.00000
      90.74760       0.00000      88.00000
      90.75946       0.00000      88.00000
      90.77131       0.00000      88.00000
      90.78316       0.00000      88.00000
      90.79502       0.00000      88.00000
      90.80687       0.00000      88.00000
      90.81873       0.00000      88.00000
      90.83058       0.00000      88.00000
      90.84243       0.00000      88.00000
      90.85429       0.00000      88.00000
      90.86614       0.00000      88.00000
      90.87800       0.00000      88.00000
      90.88985       0.00000      88.00000
      90.90170       0.00000      88.00000
      90.91356       0.00000      88.00000
      90.92541       0.00000      88.00000
      90.93727       0.00000      88.00000
      90.94912       0.00000      88.00000
      90.96097       0.00000      88.00000
      90.97283       0.00000      88.00000
      90.98468       0.00000      88.00000
      90.99654       0.00000      88.00000
      91.00839       0.00000      88.00000
      91.02024       0.00000      88.00000
      91.03210       0.00000      88.00000
      91.04395       0.00000      88.00000
      91.05581       0.00000      88.00000
      91.06766       0.00000      88.00000
      91.07951       0.00000      88.00000
      91.09137       0.00000      88.00000
      91.10322       0.00000      88.00000
      91.11508       0.00000      88.00000
      91.12693       0.00000      88.00000
      91.13879       0.00000      88.00000
      91.15064       0.00000      88.00000
      91.16249       0.00000      88.00000
      91.17435       0.00000      88.00000
      91.18620       0.00000      88.00000
      91.19806       0.00000      88.00000
      91.20991       0.00000      88.00000
      91.22176       0.00000      88.00000
      91.23362       0.00000      88.00000
      91.24547       0.00000      88.00000
      91.25733       0.00000      88.00000
      91.26918       0.00000      88.00000
      91.28103       0.00000      88.00000
      91.29289       0.00000      88.00000
      91.30474       0.00000      88.00000
      91.31660       0.00000      88.00000
      91.32845       0.00000      88.00000
      91.34030       0.00000      88.00000
      91.35216       0.00000      88.00000
      91.36401       0.00000      88.00000
      91.37587       0.00000      88.00000
      91.38772       0.00000      88.00000
      91.39957       0.00000      88.00000
      91.41143       0.00000      88.00000
      91.42328       0.00000      88.00000
      91.43514       0.00000      88.00000
      91.44699       0.00000      88.00000
      91.45884       0.00000      88.00000
      91.47070       0.00000      88.00000
      91.48255       0.00000      88.00000
      91.49441       0.00000      88.00000
      91.50626       0.00000      88.00000
      91.51812       0.00000      88.00000
      91.52997       0.00000      88.00000
      91.54182       0.00000      88.00000
      91.55368       0.00000      88.00000
      91.56553       0.00000      88.00000
      91.57739       0.00000      88.00000
      91.58924       0.00000      88.00000
      91.60109       0.00000      88.00000
      91.61295       0.00003      88.00000
      91.62480       0.00024      88.00000
      91.63666       0.00182      88.00002
      91.64851       0.01127      88.00016
      91.66036       0.05766      88.00084
      91.67222       0.24409      88.00373
      91.68407       0.85474      88.01387
      91.69593       2.47568      88.04321
      91.70778       5.93114      88.11352
      91.71963      11.75344      88.25285
      91.73149      19.26527      88.48122
      91.74334      26.11970      88.79084
      91.75520      29.29167      89.13807
      91.76705      27.17084      89.46015
      91.77890      20.84706      89.70728
      91.79076      13.23030      89.86411
      91.80261       6.94508      89.94644
      91.81447       3.01556      89.98218
      91.82632       1.08303      89.99502
      91.83817       0.32173      89.99883
      91.85003       0.07906      89.99977
      91.86188       0.01607      89.99996
      91.87374       0.00270      89.99999
      91.88559       0.00038      90.00000
      91.89744       0.00004      90.00000
      91.90930       0.00000      90.00000
      91.92115       0.00000      90.00000
      91.93301       0.00000      90.00000
      91.94486       0.00000      90.00000
      91.95672       0.00000      90.00000
      91.96857       0.00000      90.00000
      91.98042       0.00000      90.00000
      91.99228       0.00000      90.00000
      92.00413       0.00000      90.00000
      92.01599       0.00000      90.00000
      92.02784       0.00000      90.00000
      92.03969       0.00000      90.00000
      92.05155       0.00000      90.00000
      92.06340       0.00000      90.00000
      92.07526       0.00000      90.00000
      92.08711       0.00000      90.00000
      92.09896       0.00000      90.00000
      92.11082       0.00000      90.00000
      92.12267       0.00000      90.00000
      92.13453       0.00000      90.00000
      92.14638       0.00000      90.00000
      92.15823       0.00000      90.00000
      92.17009       0.00000      90.00000
      92.18194       0.00000      90.00000
      92.19380       0.00000      90.00000
      92.20565       0.00000      90.00000
      92.21750       0.00000      90.00000
      92.22936       0.00000      90.00000
      92.24121       0.00000      90.00000
      92.25307       0.00000      90.00000
      92.26492       0.00000      90.00000
      92.27677       0.00000      90.00000
      92.28863       0.00000      90.00000
      92.30048       0.00000      90.00000
      92.31234       0.00000      90.00000
      92.32419       0.00000      90.00000
      92.33605       0.00000      90.00000
      92.34790       0.00000      90.00000
      92.35975       0.00000      90.00000
      92.37161       0.00000      90.00000
      92.38346       0.00000      90.00000
      92.39532       0.00000      90.00000
      92.40717       0.00000      90.00000
      92.41902       0.00000      90.00000
      92.43088       0.00000      90.00000
      92.44273       0.00000      90.00000
      92.45459       0.00000      90.00000
      92.46644       0.00000      90.00000
      92.47829       0.00000      90.00000
      92.49015       0.00000      90.00000
      92.50200       0.00000      90.00000
      92.51386       0.00000      90.00000
      92.52571       0.00000      90.00000
      92.53756       0.00000      90.00000
      92.54942       0.00000      90.00000
      92.56127       0.00000      90.00000
      92.57313       0.00000      90.00000
      92.58498       0.00000      90.00000
      92.59683       0.00000      90.00000
      92.60869       0.00000      90.00000
      92.62054       0.00000      90.00000
      92.63240       0.00000      90.00000
      92.64425       0.00000      90.00000
      92.65610       0.00000      90.00000
      92.66796       0.00000      90.00000
      92.67981       0.00000      90.00000
      92.69167       0.00000      90.00000
      92.70352       0.00000      90.00000
      92.71537       0.00000      90.00000
      92.72723       0.00000      90.00000
      92.73908       0.00000      90.00000
      92.75094       0.00000      90.00000
      92.76279       0.00000      90.00000
      92.77465       0.00000      90.00000
      92.78650       0.00000      90.00000
      92.79835       0.00000      90.00000
      92.81021       0.00000      90.00000
      92.82206       0.00000      90.00000
      92.83392       0.00000      90.00000
      92.84577       0.00000      90.00000
      92.85762       0.00000      90.00000
      92.86948       0.00000      90.00000
      92.88133       0.00000      90.00000
      92.89319       0.00000      90.00000
      92.90504       0.00000      90.00000
      92.91689       0.00000      90.00000
      92.92875       0.00000      90.00000
      92.94060       0.00000      90.00000
      92.95246       0.00000      90.00000
      92.96431       0.00000      90.00000
      92.97616       0.00000      90.00000
      92.98802       0.00000      90.00000
      92.99987       0.00000      90.00000
      93.01173       0.00000      90.00000
      93.02358       0.00000      90.00000
      93.03543       0.00000      90.00000
      93.04729       0.00000      90.00000
      93.05914       0.00000      90.00000
      93.07100       0.00000      90.00000
      93.08285       0.00000      90.00000
      93.09470       0.00000      90.00000
      93.10656       0.00000      90.00000
      93.11841       0.00000      90.00000
      93.13027       0.00000      90.00000
      93.14212       0.00000      90.00000
      93.15398       0.00000      90.00000
      93.16583       0.00000      90.00000
      93.17768       0.00000      90.00000
      93.18954       0.00000      90.00000
      93.20139       0.00000      90.00000
      93.21325       0.00000      90.00000
      93.22510       0.00000      90.00000
      93.23695       0.00000      90.00000
      93.24881       0.00000      90.00000
      93.26066       0.00000      90.00000
      93.27252       0.00000      90.00000
      93.28437       0.00000      90.00000
      93.29622       0.00000      90.00000
      93.30808       0.00000      90.00000
      93.31993       0.00000      90.00000
      93.33179       0.00000      90.00000
      93.34364       0.00000      90.00000
      93.35549       0.00000      90.00000
      93.36735       0.00000      90.00000
      93.37920       0.00000      90.00000
      93.39106       0.00000      90.00000
      93.40291       0.00000      90.00000
      93.41476       0.00000      90.00000
      93.42662       0.00000      90.00000
      93.43847       0.00000      90.00000
      93.45033       0.00000      90.00000
      93.46218       0.00000      90.00000
      93.47403       0.00000      90.00000
      93.48589       0.00000      90.00000
      93.49774       0.00000      90.00000
      93.50960       0.00000      90.00000
      93.52145       0.00000      90.00000
      93.53331       0.00000      90.00000
      93.54516       0.00000      90.00000
      93.55701       0.00000      90.00000
      93.56887       0.00000      90.00000
      93.58072       0.00000      90.00000
      93.59258       0.00000      90.00000
      93.60443       0.00000      90.00000
      93.61628       0.00000      90.00000
      93.62814       0.00000      90.00000
      93.63999       0.00000      90.00000
      93.65185       0.00000      90.00000
      93.66370       0.00000      90.00000
      93.67555       0.00000      90.00000
      93.68741       0.00000      90.00000
      93.69926       0.00000      90.00000
      93.71112       0.00000      90.00000
      93.72297       0.00000      90.00000
      93.73482       0.00000      90.00000
      93.74668       0.00000      90.00000
      93.75853       0.00000      90.00000
      93.77039       0.00000      90.00000
      93.78224       0.00000      90.00000
      93.79409       0.00000      90.00000
      93.80595       0.00000      90.00000
      93.81780       0.00000      90.00000
      93.82966       0.00000      90.00000
      93.84151       0.00000      90.00000
      93.85336       0.00000      90.00000
      93.86522       0.00000      90.00000
      93.87707       0.00000      90.00000
      93.88893       0.00000      90.00000
      93.90078       0.00000      90.00000
      93.91263       0.00000      90.00000
      93.92449       0.00000      90.00000
      93.93634       0.00000      90.00000
      93.94820       0.00000      90.00000
      93.96005       0.00000      90.00000
      93.97191       0.00000      90.00000
      93.98376       0.00000      90.00000
      93.99561       0.00000      90.00000
      94.00747       0.00000      90.00000
      94.01932       0.00000      90.00000
      94.03118       0.00000      90.00000
      94.04303       0.00000      90.00000
      94.05488       0.00000      90.00000
      94.06674       0.00000      90.00000
      94.07859       0.00000      90.00000
      94.09045       0.00000      90.00000
      94.10230       0.00000      90.00000
      94.11415       0.00000      90.00000
      94.12601       0.00000      90.00000
      94.13786       0.00000      90.00000
      94.14972       0.00000      90.00000
      94.16157       0.00000      90.00000
      94.17342       0.00000      90.00000
      94.18528       0.00000      90.00000
      94.19713       0.00000      90.00000
      94.20899       0.00000      90.00000
      94.22084       0.00000      90.00000
      94.23269       0.00000      90.00000
      94.24455       0.00000      90.00000
      94.25640       0.00000      90.00000
      94.26826       0.00000      90.00000
      94.28011       0.00000      90.00000
      94.29196       0.00000      90.00000
      94.30382       0.00000      90.00000
      94.31567       0.00000      90.00000
      94.32753       0.00000      90.00000
      94.33938       0.00000      90.00000
      94.35124       0.00000      90.00000
      94.36309       0.00000      90.00000
      94.37494       0.00000      90.00000
      94.38680       0.00000      90.00000
      94.39865       0.00000      90.00000
      94.41051       0.00000      90.00000
      94.42236       0.00000      90.00000
      94.43421       0.00000      90.00000
      94.44607       0.00000      90.00000
      94.45792       0.00000      90.00000
      94.46978       0.00000      90.00000
      94.48163       0.00000      90.00000
      94.49348       0.00000      90.00000
      94.50534       0.00000      90.00000
      94.51719       0.00000      90.00000
      94.52905       0.00000      90.00000
      94.54090       0.00000      90.00000
      94.55275       0.00000      90.00000
      94.56461       0.00000      90.00000
      94.57646       0.00000      90.00000
      94.58832       0.00000      90.00000
      94.60017       0.00000      90.00000
      94.61202       0.00000      90.00000
      94.62388       0.00000      90.00000
      94.63573       0.00000      90.00000
      94.64759       0.00000      90.00000
      94.65944       0.00000      90.00000
      94.67129       0.00000      90.00000
      94.68315       0.00000      90.00000
      94.69500       0.00000      90.00000
      94.70686       0.00000      90.00000
      94.71871       0.00000      90.00000
      94.73056       0.00000      90.00000
      94.74242       0.00000      90.00000
      94.75427       0.00000      90.00000
      94.76613       0.00000      90.00000
      94.77798       0.00000      90.00000
      94.78984       0.00000      90.00000
      94.80169       0.00000      90.00000
      94.81354       0.00000      90.00000
      94.82540       0.00000      90.00000
      94.83725       0.00000      90.00000
      94.84911       0.00000      90.00000
      94.86096       0.00000      90.00000
      94.87281       0.00000      90.00000
      94.88467       0.00000      90.00000
      94.89652       0.00000      90.00000
      94.90838       0.00000      90.00000
      94.92023       0.00000      90.00000
      94.93208       0.00000      90.00000
      94.94394       0.00000      90.00000
      94.95579       0.00000      90.00000
      94.96765       0.00000      90.00000
      94.97950       0.00000      90.00000
      94.99135       0.00000      90.00000
      95.00321       0.00000      90.00000
      95.01506       0.00000      90.00000
      95.02692       0.00000      90.00000
      95.03877       0.00000      90.00000
      95.05062       0.00000      90.00000
      95.06248       0.00000      90.00000
      95.07433       0.00000      90.00000
      95.08619       0.00000      90.00000
      95.09804       0.00000      90.00000
      95.10989       0.00000      90.00000
      95.12175       0.00000      90.00000
      95.13360       0.00000      90.00000
      95.14546       0.00000      90.00000
      95.15731       0.00000      90.00000
      95.16917       0.00000      90.00000
      95.18102       0.00000      90.00000
      95.19287       0.00000      90.00000
      95.20473       0.00000      90.00000
      95.21658       0.00000      90.00000
      95.22844       0.00000      90.00000
      95.24029       0.00000      90.00000
      95.25214       0.00000      90.00000
      95.26400       0.00000      90.00000
      95.27585       0.00000      90.00000
      95.28771       0.00000      90.00000
      95.29956       0.00000      90.00000
      95.31141       0.00000      90.00000
      95.32327       0.00000      90.00000
      95.33512       0.00000      90.00000
      95.34698       0.00000      90.00000
      95.35883       0.00000      90.00000
      95.37068       0.00000      90.00000
      95.38254       0.00000      90.00000
      95.39439       0.00000      90.00000
      95.40625       0.00000      90.00000
      95.41810       0.00000      90.00000
      95.42995       0.00000      90.00000
      95.44181       0.00000      90.00000
      95.45366       0.00000      90.00000
      95.46552       0.00000      90.00000
      95.47737       0.00000      90.00000
      95.48922       0.00000      90.00000
      95.50108       0.00000      90.00000
      95.51293       0.00000      90.00000
      95.52479       0.00000      90.00000
      95.53664       0.00000      90.00000
      95.54849       0.00000      90.00000
      95.56035       0.00000      90.00000
      95.57220       0.00000      90.00000
      95.58406       0.00000      90.00000
      95.59591       0.00000      90.00000
      95.60777       0.00000      90.00000
      95.61962       0.00000      90.00000
      95.63147       0.00000      90.00000
      95.64333       0.00000      90.00000
      95.65518       0.00000      90.00000
      95.66704       0.00000      90.00000
      95.67889       0.00000      90.00000
      95.69074       0.00000      90.00000
      95.70260       0.00000      90.00000
      95.71445       0.00000      90.00000
      95.72631       0.00000      90.00000
      95.73816       0.00000      90.00000
      95.75001       0.00000      90.00000
      95.76187       0.00000      90.00000
      95.77372       0.00000      90.00000
      95.78558       0.00000      90.00000
      95.79743       0.00000      90.00000
      95.80928       0.00000      90.00000
      95.82114       0.00000      90.00000
      95.83299       0.00000      90.00000
      95.84485       0.00000      90.00000
      95.85670       0.00000      90.00000
      95.86855       0.00000      90.00000
      95.88041       0.00000      90.00000
      95.89226       0.00000      90.00000
      95.90412       0.00000      90.00000
      95.91597       0.00000      90.00000
      95.92782       0.00000      90.00000
      95.93968       0.00000      90.00000
      95.95153       0.00000      90.00000
      95.96339       0.00000      90.00000
      95.97524       0.00000      90.00000
      95.98710       0.00000      90.00000
      95.99895       0.00000      90.00000
      96.01080       0.00000      90.00000
      96.02266       0.00000      90.00000
      96.03451       0.00000      90.00000
      96.04637       0.00000      90.00000
      96.05822       0.00000      90.00000
      96.07007       0.00000      90.00000
      96.08193       0.00000      90.00000
      96.09378       0.00000      90.00000
      96.10564       0.00000      90.00000
      96.11749       0.00000      90.00000
      96.12934       0.00000      90.00000
      96.14120       0.00000      90.00000
      96.15305       0.00000      90.00000
      96.16491       0.00000      90.00000
      96.17676       0.00000      90.00000
      96.18861       0.00000      90.00000
      96.20047       0.00000      90.00000
      96.21232       0.00000      90.00000
      96.22418       0.00000      90.00000
      96.23603       0.00000      90.00000
      96.24788       0.00000      90.00000
      96.25974       0.00000      90.00000
      96.27159       0.00000      90.00000
      96.28345       0.00000      90.00000
      96.29530       0.00000      90.00000
      96.30715       0.00000      90.00000
      96.31901       0.00000      90.00000
      96.33086       0.00000      90.00000
      96.34272       0.00000      90.00000
      96.35457       0.00000      90.00000
      96.36643       0.00000      90.00000
      96.37828       0.00000      90.00000
      96.39013       0.00000      90.00000
      96.40199       0.00000      90.00000
      96.41384       0.00000      90.00000
      96.42570       0.00000      90.00000
      96.43755       0.00000      90.00000
      96.44940       0.00000      90.00000
      96.46126       0.00000      90.00000
      96.47311       0.00000      90.00000
      96.48497       0.00000      90.00000
      96.49682       0.00000      90.00000
      96.50867       0.00000      90.00000
      96.52053       0.00000      90.00000
      96.53238       0.00000      90.00000
      96.54424       0.00000      90.00000
      96.55609       0.00000      90.00000
      96.56794       0.00000      90.00000
      96.57980       0.00000      90.00000
      96.59165       0.00000      90.00000
      96.60351       0.00000      90.00000
      96.61536       0.00000      90.00000
      96.62721       0.00000      90.00000
      96.63907       0.00000      90.00000
      96.65092       0.00000      90.00000
      96.66278       0.00000      90.00000
      96.67463       0.00000      90.00000
      96.68648       0.00000      90.00000
      96.69834       0.00000      90.00000
      96.71019       0.00000      90.00000
      96.72205       0.00000      90.00000
      96.73390       0.00000      90.00000
      96.74575       0.00000      90.00000
      96.75761       0.00000      90.00000
      96.76946       0.00000      90.00000
      96.78132       0.00000      90.00000
      96.79317       0.00000      90.00000
      96.80503       0.00000      90.00000
      96.81688       0.00000      90.00000
      96.82873       0.00000      90.00000
      96.84059       0.00000      90.00000
      96.85244       0.00000      90.00000
      96.86430       0.00000      90.00000
      96.87615       0.00000      90.00000
      96.88800       0.00000      90.00000
      96.89986       0.00000      90.00000
      96.91171       0.00000      90.00000
      96.92357       0.00000      90.00000
      96.93542       0.00000      90.00000
      96.94727       0.00000      90.00000
      96.95913       0.00000      90.00000
      96.97098       0.00000      90.00000
      96.98284       0.00000      90.00000
      96.99469       0.00000      90.00000
      97.00654       0.00000      90.00000
      97.01840       0.00000      90.00000
      97.03025       0.00000      90.00000
      97.04211       0.00000      90.00000
      97.05396       0.00000      90.00000
      97.06581       0.00000      90.00000
      97.07767       0.00000      90.00000
      97.08952       0.00000      90.00000
      97.10138       0.00000      90.00000
      97.11323       0.00000      90.00000
      97.12508       0.00000      90.00000
      97.13694       0.00000      90.00000
      97.14879       0.00000      90.00000
      97.16065       0.00000      90.00000
      97.17250       0.00000      90.00000
      97.18436       0.00000      90.00000
      97.19621       0.00000      90.00000
      97.20806       0.00000      90.00000
      97.21992       0.00000      90.00000
      97.23177       0.00000      90.00000
      97.24363       0.00000      90.00000
      97.25548       0.00000      90.00000
      97.26733       0.00000      90.00000
      97.27919       0.00000      90.00000
      97.29104       0.00000      90.00000
      97.30290       0.00000      90.00000
      97.31475       0.00000      90.00000
      97.32660       0.00000      90.00000
      97.33846       0.00000      90.00000
      97.35031       0.00000      90.00000
      97.36217       0.00000      90.00000
      97.37402       0.00000      90.00000
      97.38587       0.00000      90.00000
      97.39773       0.00000      90.00000
      97.40958       0.00000      90.00000
      97.42144       0.00000      90.00000
      97.43329       0.00000      90.00000
      97.44514       0.00000      90.00000
      97.45700       0.00000      90.00000
      97.46885       0.00000      90.00000
      97.48071       0.00000      90.00000
      97.49256       0.00000      90.00000
      97.50441       0.00000      90.00000
      97.51627       0.00000      90.00000
      97.52812       0.00000      90.00000
      97.53998       0.00000      90.00000
      97.55183       0.00000      90.00000
      97.56368       0.00000      90.00000
      97.57554       0.00000      90.00000
      97.58739       0.00000      90.00000
      97.59925       0.00000      90.00000
      97.61110       0.00000      90.00000
      97.62296       0.00000      90.00000
      97.63481       0.00000      90.00000
      97.64666       0.00000      90.00000
      97.65852       0.00000      90.00000
      97.67037       0.00000      90.00000
      97.68223       0.00000      90.00000
      97.69408       0.00000      90.00000
      97.70593       0.00000      90.00000
      97.71779       0.00000      90.00000
      97.72964       0.00000      90.00000
      97.74150       0.00000      90.00000
      97.75335       0.00000      90.00000
      97.76520       0.00000      90.00000
      97.77706       0.00000      90.00000
      97.78891       0.00000      90.00000
      97.80077       0.00000      90.00000
      97.81262       0.00000      90.00000
      97.82447       0.00000      90.00000
      97.83633       0.00000      90.00000
      97.84818       0.00000      90.00000
      97.86004       0.00000      90.00000
      97.87189       0.00000      90.00000
      97.88374       0.00000      90.00000
      97.89560       0.00000      90.00000
      97.90745       0.00000      90.00000
      97.91931       0.00000      90.00000
      97.93116       0.00000      90.00000
      97.94301       0.00000      90.00000
      97.95487       0.00000      90.00000
      97.96672       0.00000      90.00000
      97.97858       0.00000      90.00000
      97.99043       0.00000      90.00000
      98.00229       0.00000      90.00000
      98.01414       0.00000      90.00000
      98.02599       0.00000      90.00000
      98.03785       0.00000      90.00000
      98.04970       0.00000      90.00000
      98.06156       0.00000      90.00000
      98.07341       0.00000      90.00000
      98.08526       0.00000      90.00000
      98.09712       0.00000      90.00000
      98.10897       0.00000      90.00000
      98.12083       0.00000      90.00000
      98.13268       0.00000      90.00000
      98.14453       0.00000      90.00000
      98.15639       0.00000      90.00000
      98.16824       0.00000      90.00000
      98.18010       0.00000      90.00000
      98.19195       0.00000      90.00000
      98.20380       0.00000      90.00000
      98.21566       0.00000      90.00000
      98.22751       0.00000      90.00000
      98.23937       0.00000      90.00000
      98.25122       0.00000      90.00000
      98.26307       0.00000      90.00000
      98.27493       0.00000      90.00000
      98.28678       0.00000      90.00000
      98.29864       0.00000      90.00000
      98.31049       0.00000      90.00000
      98.32234       0.00000      90.00000
      98.33420       0.00000      90.00000
      98.34605       0.00000      90.00000
      98.35791       0.00000      90.00000
      98.36976       0.00000      90.00000
      98.38161       0.00000      90.00000
      98.39347       0.00000      90.00000
      98.40532       0.00000      90.00000
      98.41718       0.00000      90.00000
      98.42903       0.00000      90.00000
      98.44089       0.00000      90.00000
      98.45274       0.00000      90.00000
      98.46459       0.00000      90.00000
      98.47645       0.00000      90.00000
      98.48830       0.00000      90.00000
      98.50016       0.00000      90.00000
      98.51201       0.00000      90.00000
      98.52386       0.00000      90.00000
      98.53572       0.00000      90.00000
      98.54757       0.00000      90.00000
      98.55943       0.00000      90.00000
      98.57128       0.00000      90.00000
      98.58313       0.00000      90.00000
      98.59499       0.00000      90.00000
      98.60684       0.00000      90.00000
      98.61870       0.00000      90.00000
      98.63055       0.00000      90.00000
      98.64240       0.00000      90.00000
      98.65426       0.00000      90.00000
      98.66611       0.00000      90.00000
      98.67797       0.00000      90.00000
      98.68982       0.00000      90.00000
      98.70167       0.00000      90.00000
      98.71353       0.00000      90.00000
      98.72538       0.00000      90.00000
      98.73724       0.00000      90.00000
      98.74909       0.00000      90.00000
      98.76094       0.00000      90.00000
      98.77280       0.00000      90.00000
      98.78465       0.00000      90.00000
      98.79651       0.00000      90.00000
      98.80836       0.00000      90.00000
      98.82022       0.00000      90.00000
      98.83207       0.00000      90.00000
      98.84392       0.00000      90.00000
      98.85578       0.00000      90.00000
      98.86763       0.00000      90.00000
      98.87949       0.00000      90.00000
      98.89134       0.00000      90.00000
      98.90319       0.00000      90.00000
      98.91505       0.00000      90.00000
      98.92690       0.00000      90.00000
      98.93876       0.00000      90.00000
      98.95061       0.00000      90.00000
      98.96246       0.00000      90.00000
      98.97432       0.00000      90.00000
      98.98617       0.00000      90.00000
      98.99803       0.00000      90.00000
      99.00988       0.00000      90.00000
      99.02173       0.00000      90.00000
      99.03359       0.00000      90.00000
      99.04544       0.00000      90.00000
      99.05730       0.00000      90.00000
      99.06915       0.00000      90.00000
      99.08100       0.00000      90.00000
      99.09286       0.00000      90.00000
      99.10471       0.00000      90.00000
      99.11657       0.00000      90.00000
      99.12842       0.00000      90.00000
      99.14027       0.00000      90.00000
      99.15213       0.00000      90.00000
      99.16398       0.00000      90.00000
      99.17584       0.00000      90.00000
      99.18769       0.00000      90.00000
      99.19955       0.00000      90.00000
      99.21140       0.00000      90.00000
      99.22325       0.00000      90.00000
      99.23511       0.00000      90.00000
      99.24696       0.00000      90.00000
      99.25882       0.00000      90.00000
      99.27067       0.00000      90.00000
      99.28252       0.00000      90.00000
      99.29438       0.00000      90.00000
      99.30623       0.00000      90.00000
      99.31809       0.00000      90.00000
      99.32994       0.00000      90.00000
      99.34179       0.00000      90.00000
      99.35365       0.00000      90.00000
      99.36550       0.00000      90.00000
      99.37736       0.00000      90.00000
      99.38921       0.00000      90.00000
      99.40106       0.00000      90.00000
      99.41292       0.00000      90.00000
      99.42477       0.00000      90.00000
      99.43663       0.00000      90.00000
      99.44848       0.00000      90.00000
      99.46033       0.00000      90.00000
      99.47219       0.00000      90.00000
      99.48404       0.00000      90.00000
      99.49590       0.00000      90.00000
      99.50775       0.00000      90.00000
      99.51960       0.00000      90.00000
      99.53146       0.00000      90.00000
      99.54331       0.00000      90.00000
      99.55517       0.00000      90.00000
      99.56702       0.00000      90.00000
      99.57887       0.00000      90.00000
      99.59073       0.00000      90.00000
      99.60258       0.00000      90.00000
      99.61444       0.00000      90.00000
      99.62629       0.00000      90.00000
      99.63815       0.00000      90.00000
      99.65000       0.00000      90.00000
      99.66185       0.00000      90.00000
      99.67371       0.00000      90.00000
      99.68556       0.00000      90.00000
      99.69742       0.00000      90.00000
      99.70927       0.00000      90.00000
      99.72112       0.00000      90.00000
      99.73298       0.00000      90.00000
      99.74483       0.00000      90.00000
      99.75669       0.00000      90.00000
      99.76854       0.00000      90.00000
      99.78039       0.00000      90.00000
      99.79225       0.00000      90.00000
      99.80410       0.00000      90.00000
      99.81596       0.00000      90.00000
      99.82781       0.00000      90.00000
      99.83966       0.00000      90.00000
      99.85152       0.00000      90.00000
      99.86337       0.00000      90.00000
      99.87523       0.00000      90.00000
      99.88708       0.00000      90.00000
      99.89893       0.00000      90.00000
      99.91079       0.00000      90.00000
      99.92264       0.00000      90.00000
      99.93450       0.00000      90.00000
      99.94635       0.00000      90.00000
      99.95820       0.00000      90.00000
      99.97006       0.00000      90.00000
      99.98191       0.00000      90.00000
      99.99377       0.00000      90.00000
     100.00562       0.00000      90.00000
     100.01748       0.00000      90.00000
     100.02933       0.00000      90.00000
     100.04118       0.00000      90.00000
     100.05304       0.00000      90.00000
     100.06489       0.00000      90.00000
     100.07675       0.00000      90.00000
     100.08860       0.00000      90.00000
     100.10045       0.00000      90.00000
     100.11231       0.00000      90.00000
     100.12416       0.00000      90.00000
     100.13602       0.00000      90.00000
     100.14787       0.00000      90.00000
     100.15972       0.00000      90.00000
     100.17158       0.00000      90.00000
     100.18343       0.00000      90.00000
     100.19529       0.00000      90.00000
     100.20714       0.00000      90.00000
     100.21899       0.00000      90.00000
     100.23085       0.00000      90.00000
     100.24270       0.00000      90.00000
     100.25456       0.00000      90.00000
     100.26641       0.00000      90.00000
     100.27826       0.00000      90.00000
     100.29012       0.00000      90.00000
     100.30197       0.00000      90.00000
     100.31383       0.00000      90.00000
     100.32568       0.00000      90.00000
     100.33753       0.00000      90.00000
     100.34939       0.00000      90.00000
     100.36124       0.00000      90.00000
     100.37310       0.00000      90.00000
     100.38495       0.00000      90.00000
     100.39680       0.00000      90.00000
     100.40866       0.00000      90.00000
     100.42051       0.00000      90.00000
     100.43237       0.00000      90.00000
     100.44422       0.00000      90.00000
     100.45608       0.00000      90.00000
     100.46793       0.00000      90.00000
     100.47978       0.00000      90.00000
     100.49164       0.00000      90.00000
     100.50349       0.00000      90.00000
     100.51535       0.00000      90.00000
     100.52720       0.00000      90.00000
     100.53905       0.00000      90.00000
     100.55091       0.00000      90.00000
     100.56276       0.00000      90.00000
     100.57462       0.00000      90.00000
     100.58647       0.00000      90.00000
     100.59832       0.00000      90.00000
     100.61018       0.00000      90.00000
     100.62203       0.00000      90.00000
     100.63389       0.00000      90.00000
     100.64574       0.00000      90.00000
     100.65759       0.00000      90.00000
     100.66945       0.00000      90.00000
     100.68130       0.00000      90.00000
     100.69316       0.00000      90.00000
     100.70501       0.00000      90.00000
     100.71686       0.00000      90.00000
     100.72872       0.00000      90.00000
     100.74057       0.00000      90.00000
     100.75243       0.00000      90.00000
     100.76428       0.00000      90.00000
     100.77613       0.00000      90.00000
     100.78799       0.00000      90.00000
     100.79984       0.00000      90.00000
     100.81170       0.00000      90.00000
     100.82355       0.00000      90.00000
     100.83541       0.00000      90.00000
     100.84726       0.00000      90.00000
     100.85911       0.00000      90.00000
     100.87097       0.00000      90.00000
     100.88282       0.00000      90.00000
     100.89468       0.00000      90.00000
     100.90653       0.00000      90.00000
     100.91838       0.00000      90.00000
     100.93024       0.00000      90.00000
     100.94209       0.00000      90.00000
     100.95395       0.00000      90.00000
     100.96580       0.00000      90.00000
     100.97765       0.00000      90.00000
     100.98951       0.00000      90.00000
     101.00136       0.00000      90.00000
     101.01322       0.00000      90.00000
     101.02507       0.00000      90.00000
     101.03692       0.00000      90.00000
     101.04878       0.00000      90.00000
     101.06063       0.00000      90.00000
     101.07249       0.00000      90.00000
     101.08434       0.00000      90.00000
     101.09619       0.00000      90.00000
     101.10805       0.00000      90.00000
     101.11990       0.00000      90.00000
     101.13176       0.00000      90.00000
     101.14361       0.00000      90.00000
     101.15546       0.00000      90.00000
     101.16732       0.00000      90.00000
     101.17917       0.00000      90.00000
     101.19103       0.00000      90.00000
     101.20288       0.00000      90.00000
     101.21473       0.00000      90.00000
     101.22659       0.00000      90.00000
     101.23844       0.00000      90.00000
     101.25030       0.00000      90.00000
     101.26215       0.00000      90.00000
     101.27401       0.00000      90.00000
     101.28586       0.00000      90.00000
     101.29771       0.00000      90.00000
     101.30957       0.00000      90.00000
     101.32142       0.00000      90.00000
     101.33328       0.00000      90.00000
     101.34513       0.00000      90.00000
     101.35698       0.00000      90.00000
     101.36884       0.00000      90.00000
     101.38069       0.00000      90.00000
     101.39255       0.00000      90.00000
     101.40440       0.00000      90.00000
     101.41625       0.00000      90.00000
     101.42811       0.00000      90.00000
     101.43996       0.00000      90.00000
     101.45182       0.00000      90.00000
     101.46367       0.00000      90.00000
     101.47552       0.00000      90.00000
     101.48738       0.00000      90.00000
     101.49923       0.00000      90.00000
     101.51109       0.00000      90.00000
     101.52294       0.00000      90.00000
     101.53479       0.00000      90.00000
     101.54665       0.00000      90.00000
     101.55850       0.00000      90.00000
     101.57036       0.00000      90.00000
     101.58221       0.00000      90.00000
     101.59406       0.00000      90.00000
     101.60592       0.00000      90.00000
     101.61777       0.00000      90.00000
     101.62963       0.00000      90.00000
     101.64148       0.00000      90.00000
     101.65334       0.00000      90.00000
     101.66519       0.00000      90.00000
     101.67704       0.00000      90.00000
     101.68890       0.00000      90.00000
     101.70075       0.00000      90.00000
     101.71261       0.00000      90.00000
     101.72446       0.00000      90.00000
     101.73631       0.00000      90.00000
     101.74817       0.00000      90.00000
     101.76002       0.00000      90.00000
     101.77188       0.00000      90.00000
     101.78373       0.00000      90.00000
     101.79558       0.00000      90.00000
     101.80744       0.00000      90.00000
     101.81929       0.00000      90.00000
     101.83115       0.00000      90.00000
     101.84300       0.00000      90.00000
     101.85485       0.00000      90.00000
     101.86671       0.00000      90.00000
     101.87856       0.00000      90.00000
     101.89042       0.00000      90.00000
     101.90227       0.00000      90.00000
     101.91412       0.00000      90.00000
     101.92598       0.00000      90.00000
     101.93783       0.00000      90.00000
     101.94969       0.00000      90.00000
     101.96154       0.00000      90.00000
     101.97339       0.00000      90.00000
     101.98525       0.00000      90.00000
     101.99710       0.00000      90.00000
     102.00896       0.00000      90.00000
     102.02081       0.00000      90.00000
     102.03267       0.00000      90.00000
     102.04452       0.00000      90.00000
     102.05637       0.00000      90.00000
     102.06823       0.00000      90.00000
     102.08008       0.00000      90.00000
     102.09194       0.00000      90.00000
     102.10379       0.00000      90.00000
     102.11564       0.00000      90.00000
     102.12750       0.00000      90.00000
     102.13935       0.00000      90.00000
     102.15121       0.00000      90.00000
     102.16306       0.00000      90.00000
     102.17491       0.00000      90.00000
     102.18677       0.00000      90.00000
     102.19862       0.00000      90.00000
     102.21048       0.00000      90.00000
     102.22233       0.00000      90.00000
     102.23418       0.00000      90.00000
     102.24604       0.00000      90.00000
     102.25789       0.00000      90.00000
     102.26975       0.00000      90.00000
     102.28160       0.00000      90.00000
     102.29345       0.00000      90.00000
     102.30531       0.00000      90.00000
     102.31716       0.00000      90.00000
     102.32902       0.00000      90.00000
     102.34087       0.00000      90.00000
     102.35272       0.00000      90.00000
     102.36458       0.00000      90.00000
     102.37643       0.00000      90.00000
     102.38829       0.00000      90.00000
     102.40014       0.00000      90.00000
     102.41199       0.00000      90.00000
     102.42385       0.00000      90.00000
     102.43570       0.00000      90.00000
     102.44756       0.00000      90.00000
     102.45941       0.00000      90.00000
     102.47127       0.00000      90.00000
     102.48312       0.00000      90.00000
     102.49497       0.00000      90.00000
     102.50683       0.00000      90.00000
     102.51868       0.00000      90.00000
     102.53054       0.00000      90.00000
     102.54239       0.00000      90.00000
     102.55424       0.00000      90.00000
     102.56610       0.00000      90.00000
     102.57795       0.00000      90.00000
     102.58981       0.00000      90.00000
     102.60166       0.00000      90.00000
     102.61351       0.00000      90.00000
     102.62537       0.00000      90.00000
     102.63722       0.00000      90.00000
     102.64908       0.00002      90.00000
     102.66093       0.00019      90.00000
     102.67278       0.00144      90.00002
     102.68464       0.00910      90.00013
     102.69649       0.04766      90.00069
     102.70835       0.20654      90.00314
     102.72020       0.74030      90.01192
     102.73205       2.19480      90.03793
     102.74391       5.38226      90.10173
     102.75576      10.91733      90.23115
     102.76762      18.31687      90.44828
     102.77947      25.41961      90.74960
     102.79132      29.17895      91.09549
     102.80318      27.70470      91.42391
     102.81503      21.75805      91.68183
     102.82689      14.13415      91.84937
     102.83874       7.59455      91.93940
     102.85060       3.37534      91.97941
     102.86245       1.24084      91.99412
     102.87430       0.37731      91.99859
     102.88616       0.09490      91.99972
     102.89801       0.01974      91.99995
     102.90987       0.00340      91.99999
     102.92172       0.00048      92.00000
     102.93357       0.00006      92.00000
     102.94543       0.00001      92.00000
     102.95728       0.00000      92.00000
&
