   16   16   16
         2
         1      2291         1
              1         1         0         1
              2         2         0         1
              3        18         0         1
              4        17         0         1
              5       273         0         1
              6       274         0         1
              7       258         0         1
              8       257         0         1
              9       513         0         1
             10       529         0         1
             11       785         0         1
             12       769         0         1
             13       770         0         1
             14       786         0         1
             15       530         0         1
             16       514         0         1
             17       515         0         1
             18       531         0         1
             19       787         0         1
             20       771         0         1
             21       772         0         1
             22       788         0         1
             23       532         0         1
             24       516         0         1
             25       260         0         1
             26         4         0         1
             27         3         0         1
             28       259         0         1
             29       275         0         1
             30        19         0         1
             31        20         0         1
             32       276         0         1
             33       292         0         1
             34        36         0         1
             35        35         0         1
             36       291         0         1
             37       307         0         1
             38        51         0         1
             39        52         0         1
             40       308         0         1
             41       564         0         1
             42       548         0         1
             43       804         0         1
             44       820         0         1
             45       819         0         1
             46       803         0         1
             47       547         0         1
             48       563         0         1
             49       562         0         1
             50       546         0         1
             51       802         0         1
             52       818         0         1
             53       817         0         1
             54       801         0         1
             55       545         0         1
             56       561         0         1
             57       305         0         1
             58       306         0         1
             59       290         0         1
             60       289         0         1
             61        33         0         1
             62        34         0         1
             63        50         0         1
             64        49         0         1
             65        65         0         1
             66        81         0         1
             67       337         0         1
             68       321         0         1
             69       322         0         1
             70       338         0         1
             71        82         0         1
             72        66         0         1
             73        67         0         1
             74       323         0         1
             75       324         0         1
             76        68         0         1
             77        84         0         1
             78       340         0         1
             79       339         0         1
             80        83         0         1
             81        99         0         1
             82       355         0         1
             83       356         0         1
             84       100         0         1
             85       116         0         1
             86       372         0         1
             87       371         0         1
             88       115         0         1
             89       114         0         1
             90       113         0         1
             91        97         0         1
             92        98         0         1
             93       354         0         1
             94       353         0         1
             95       369         0         1
             96       370         0         1
             97       626         0         1
             98       625         0         1
             99       609         0         1
            100       610         0         1
            101       866         0         1
            102       865         0         1
            103       881         0         1
            104       882         0         1
            105       883         0         1
            106       627         0         1
            107       628         0         1
            108       884         0         1
            109       868         0         1
            110       612         0         1
            111       611         0         1
            112       867         0         1
            113       851         0         1
            114       595         0         1
            115       596         0         1
            116       852         0         1
            117       836         0         1
            118       580         0         1
            119       579         0         1
            120       835         0         1
            121       834         0         1
            122       850         0         1
            123       594         0         1
            124       578         0         1
            125       577         0         1
            126       593         0         1
            127       849         0         1
            128       833         0         1
            129      1089         0         1
            130      1105         0         1
            131      1361         0         1
            132      1345         0         1
            133      1346         0         1
            134      1362         0         1
            135      1106         0         1
            136      1090         0         1
            137      1091         0         1
            138      1347         0         1
            139      1348         0         1
            140      1092         0         1
            141      1108         0         1
            142      1364         0         1
            143      1363         0         1
            144      1107         0         1
            145      1123         0         1
            146      1379         0         1
            147      1380         0         1
            148      1124         0         1
            149      1140         0         1
            150      1396         0         1
            151      1395         0         1
            152      1139         0         1
            153      1138         0         1
            154      1137         0         1
            155      1121         0         1
            156      1122         0         1
            157      1378         0         1
            158      1377         0         1
            159      1393         0         1
            160      1394         0         1
            161      1650         0         1
            162      1649         0         1
            163      1633         0         1
            164      1634         0         1
            165      1890         0         1
            166      1889         0         1
            167      1905         0         1
            168      1906         0         1
            169      1907         0         1
            170      1651         0         1
            171      1652         0         1
            172      1908         0         1
            173      1892         0         1
            174      1636         0         1
            175      1635         0         1
            176      1891         0         1
            177      1875         0         1
            178      1619         0         1
            179      1620         0         1
            180      1876         0         1
            181      1860         0         1
            182      1604         0         1
            183      1603         0         1
            184      1859         0         1
            185      1858         0         1
            186      1874         0         1
            187      1618         0         1
            188      1602         0         1
            189      1601         0         1
            190      1617         0         1
            191      1873         0         1
            192      1857         0         1
            193      1841         0         1
            194      1585         0         1
            195      1586         0         1
            196      1842         0         1
            197      1826         0         1
            198      1570         0         1
            199      1569         0         1
            200      1825         0         1
            201      1809         0         1
            202      1810         0         1
            203      1794         0         1
            204      1793         0         1
            205      1537         0         1
            206      1538         0         1
            207      1554         0         1
            208      1553         0         1
            209      1297         0         1
            210      1298         0         1
            211      1282         0         1
            212      1281         0         1
            213      1025         0         1
            214      1026         0         1
            215      1042         0         1
            216      1041         0         1
            217      1057         0         1
            218      1073         0         1
            219      1329         0         1
            220      1313         0         1
            221      1314         0         1
            222      1330         0         1
            223      1074         0         1
            224      1058         0         1
            225      1059         0         1
            226      1075         0         1
            227      1331         0         1
            228      1315         0         1
            229      1316         0         1
            230      1332         0         1
            231      1076         0         1
            232      1060         0         1
            233      1044         0         1
            234      1043         0         1
            235      1027         0         1
            236      1028         0         1
            237      1284         0         1
            238      1283         0         1
            239      1299         0         1
            240      1300         0         1
            241      1556         0         1
            242      1555         0         1
            243      1539         0         1
            244      1540         0         1
            245      1796         0         1
            246      1795         0         1
            247      1811         0         1
            248      1812         0         1
            249      1828         0         1
            250      1572         0         1
            251      1571         0         1
            252      1827         0         1
            253      1843         0         1
            254      1587         0         1
            255      1588         0         1
            256      1844         0         1
            257      1845         0         1
            258      1589         0         1
            259      1590         0         1
            260      1846         0         1
            261      1830         0         1
            262      1574         0         1
            263      1573         0         1
            264      1829         0         1
            265      1813         0         1
            266      1814         0         1
            267      1798         0         1
            268      1797         0         1
            269      1541         0         1
            270      1542         0         1
            271      1558         0         1
            272      1557         0         1
            273      1301         0         1
            274      1302         0         1
            275      1286         0         1
            276      1285         0         1
            277      1029         0         1
            278      1030         0         1
            279      1046         0         1
            280      1045         0         1
            281      1061         0         1
            282      1077         0         1
            283      1333         0         1
            284      1317         0         1
            285      1318         0         1
            286      1334         0         1
            287      1078         0         1
            288      1062         0         1
            289      1063         0         1
            290      1079         0         1
            291      1335         0         1
            292      1319         0         1
            293      1320         0         1
            294      1336         0         1
            295      1080         0         1
            296      1064         0         1
            297      1048         0         1
            298      1047         0         1
            299      1031         0         1
            300      1032         0         1
            301      1288         0         1
            302      1287         0         1
            303      1303         0         1
            304      1304         0         1
            305      1560         0         1
            306      1559         0         1
            307      1543         0         1
            308      1544         0         1
            309      1800         0         1
            310      1799         0         1
            311      1815         0         1
            312      1816         0         1
            313      1832         0         1
            314      1576         0         1
            315      1575         0         1
            316      1831         0         1
            317      1847         0         1
            318      1591         0         1
            319      1592         0         1
            320      1848         0         1
            321      1864         0         1
            322      1880         0         1
            323      1624         0         1
            324      1608         0         1
            325      1607         0         1
            326      1623         0         1
            327      1879         0         1
            328      1863         0         1
            329      1862         0         1
            330      1606         0         1
            331      1605         0         1
            332      1861         0         1
            333      1877         0         1
            334      1621         0         1
            335      1622         0         1
            336      1878         0         1
            337      1894         0         1
            338      1638         0         1
            339      1637         0         1
            340      1893         0         1
            341      1909         0         1
            342      1653         0         1
            343      1654         0         1
            344      1910         0         1
            345      1911         0         1
            346      1912         0         1
            347      1896         0         1
            348      1895         0         1
            349      1639         0         1
            350      1640         0         1
            351      1656         0         1
            352      1655         0         1
            353      1399         0         1
            354      1400         1         1
       1       2
            355      1384         0         2
            356      1383         0         2
            357      1127         0         2
            358      1128         0         2
            359      1144         0         2
            360      1143         0         2
            361      1142         0         2
            362      1398         0         2
            363      1397         0         2
            364      1141         0         2
            365      1125         0         2
            366      1381         0         2
            367      1382         0         2
            368      1126         0         2
            369      1110         0         2
            370      1366         0         2
            371      1365         0         2
            372      1109         0         2
            373      1093         0         2
            374      1349         0         2
            375      1350         0         2
            376      1094         0         2
            377      1095         0         2
            378      1111         0         2
            379      1367         0         2
            380      1351         0         2
            381      1352         0         2
            382      1368         0         2
            383      1112         0         2
            384      1096         0         2
            385       840         0         2
            386       856         0         2
            387       600         0         2
            388       584         0         2
            389       583         0         2
            390       599         0         2
            391       855         0         2
            392       839         0         2
            393       838         0         2
            394       582         0         2
            395       581         0         2
            396       837         0         2
            397       853         0         2
            398       597         0         2
            399       598         0         2
            400       854         0         2
            401       870         0         2
            402       614         0         2
            403       613         0         2
            404       869         0         2
            405       885         0         2
            406       629         0         2
            407       630         0         2
            408       886         0         2
            409       887         0         2
            410       888         0         2
            411       872         0         2
            412       871         0         2
            413       615         0         2
            414       616         0         2
            415       632         0         2
            416       631         0         2
            417       375         0         2
            418       376         0         2
            419       360         0         2
            420       359         0         2
            421       103         0         2
            422       104         0         2
            423       120         0         2
            424       119         0         2
            425       118         0         2
            426       374         0         2
            427       373         0         2
            428       117         0         2
            429       101         0         2
            430       357         0         2
            431       358         0         2
            432       102         0         2
            433        86         0         2
            434       342         0         2
            435       341         0         2
            436        85         0         2
            437        69         0         2
            438       325         0         2
            439       326         0         2
            440        70         0         2
            441        71         0         2
            442        87         0         2
            443       343         0         2
            444       327         0         2
            445       328         0         2
            446       344         0         2
            447        88         0         2
            448        72         0         2
            449        56         0         2
            450        55         0         2
            451        39         0         2
            452        40         0         2
            453       296         0         2
            454       295         0         2
            455       311         0         2
            456       312         0         2
            457       568         0         2
            458       552         0         2
            459       808         0         2
            460       824         0         2
            461       823         0         2
            462       807         0         2
            463       551         0         2
            464       567         0         2
            465       566         0         2
            466       550         0         2
            467       806         0         2
            468       822         0         2
            469       821         0         2
            470       805         0         2
            471       549         0         2
            472       565         0         2
            473       309         0         2
            474        53         0         2
            475        54         0         2
            476       310         0         2
            477       294         0         2
            478        38         0         2
            479        37         0         2
            480       293         0         2
            481       277         0         2
            482        21         0         2
            483        22         0         2
            484       278         0         2
            485       262         0         2
            486         6         0         2
            487         5         0         2
            488       261         0         2
            489       517         0         2
            490       533         0         2
            491       789         0         2
            492       773         0         2
            493       774         0         2
            494       790         0         2
            495       534         0         2
            496       518         0         2
            497       519         0         2
            498       535         0         2
            499       791         0         2
            500       775         0         2
            501       776         0         2
            502       792         0         2
            503       536         0         2
            504       520         0         2
            505       264         0         2
            506       263         0         2
            507       279         0         2
            508       280         0         2
            509        24         0         2
            510        23         0         2
            511         7         0         2
            512         8         0         2
            513         9         0         2
            514        25         0         2
            515       281         0         2
            516       265         0         2
            517       266         0         2
            518       282         0         2
            519        26         0         2
            520        10         0         2
            521        11         0         2
            522       267         0         2
            523       268         0         2
            524        12         0         2
            525        28         0         2
            526       284         0         2
            527       283         0         2
            528        27         0         2
            529        43         0         2
            530       299         0         2
            531       300         0         2
            532        44         0         2
            533        60         0         2
            534       316         0         2
            535       315         0         2
            536        59         0         2
            537        58         0         2
            538        57         0         2
            539        41         0         2
            540        42         0         2
            541       298         0         2
            542       297         0         2
            543       313         0         2
            544       314         0         2
            545       570         0         2
            546       569         0         2
            547       553         0         2
            548       554         0         2
            549       810         0         2
            550       809         0         2
            551       825         0         2
            552       826         0         2
            553       827         0         2
            554       571         0         2
            555       572         0         2
            556       828         0         2
            557       812         0         2
            558       556         0         2
            559       555         0         2
            560       811         0         2
            561       795         0         2
            562       539         0         2
            563       540         0         2
            564       796         0         2
            565       780         0         2
            566       524         0         2
            567       523         0         2
            568       779         0         2
            569       778         0         2
            570       794         0         2
            571       538         0         2
            572       522         0         2
            573       521         0         2
            574       537         0         2
            575       793         0         2
            576       777         0         2
            577      1033         0         2
            578      1289         0         2
            579      1290         0         2
            580      1034         0         2
            581      1050         0         2
            582      1306         0         2
            583      1305         0         2
            584      1049         0         2
            585      1065         0         2
            586      1066         0         2
            587      1082         0         2
            588      1081         0         2
            589      1337         0         2
            590      1338         0         2
            591      1322         0         2
            592      1321         0         2
            593      1577         0         2
            594      1578         0         2
            595      1594         0         2
            596      1593         0         2
            597      1849         0         2
            598      1850         0         2
            599      1834         0         2
            600      1833         0         2
            601      1817         0         2
            602      1801         0         2
            603      1545         0         2
            604      1561         0         2
            605      1562         0         2
            606      1546         0         2
            607      1802         0         2
            608      1818         0         2
            609      1819         0         2
            610      1803         0         2
            611      1547         0         2
            612      1563         0         2
            613      1564         0         2
            614      1548         0         2
            615      1804         0         2
            616      1820         0         2
            617      1836         0         2
            618      1835         0         2
            619      1851         0         2
            620      1852         0         2
            621      1596         0         2
            622      1595         0         2
            623      1579         0         2
            624      1580         0         2
            625      1324         0         2
            626      1323         0         2
            627      1339         0         2
            628      1340         0         2
            629      1084         0         2
            630      1083         0         2
            631      1067         0         2
            632      1068         0         2
            633      1052         0         2
            634      1308         0         2
            635      1307         0         2
            636      1051         0         2
            637      1035         0         2
            638      1291         0         2
            639      1292         0         2
            640      1036         0         2
            641      1037         0         2
            642      1293         0         2
            643      1294         0         2
            644      1038         0         2
            645      1054         0         2
            646      1310         0         2
            647      1309         0         2
            648      1053         0         2
            649      1069         0         2
            650      1070         0         2
            651      1086         0         2
            652      1085         0         2
            653      1341         0         2
            654      1342         0         2
            655      1326         0         2
            656      1325         0         2
            657      1581         0         2
            658      1582         0         2
            659      1598         0         2
            660      1597         0         2
            661      1853         0         2
            662      1854         0         2
            663      1838         0         2
            664      1837         0         2
            665      1821         0         2
            666      1805         0         2
            667      1549         0         2
            668      1565         0         2
            669      1566         0         2
            670      1550         0         2
            671      1806         0         2
            672      1822         0         2
            673      1823         0         2
            674      1807         0         2
            675      1551         0         2
            676      1567         0         2
            677      1568         0         2
            678      1552         0         2
            679      1808         0         2
            680      1824         0         2
            681      1840         0         2
            682      1839         0         2
            683      1855         0         2
            684      1856         0         2
            685      1600         0         2
            686      1599         0         2
            687      1583         0         2
            688      1584         0         2
            689      1328         0         2
            690      1327         0         2
            691      1343         0         2
            692      1344         0         2
            693      1088         0         2
            694      1087         0         2
            695      1071         0         2
            696      1072         0         2
            697      1056         0         2
            698      1312         0         2
            699      1311         0         2
            700      1055         0         2
            701      1039         0         2
            702      1295         0         2
            703      1296         0         2
            704      1040         0         2
            705       784         0         2
            706       783         0         2
            707       799         0         2
            708       800         0         2
            709       544         0         2
            710       543         0         2
            711       527         0         2
            712       528         0         2
            713       272         0         2
            714       288         0         2
            715        32         0         2
            716        16         0         2
            717        15         0         2
            718        31         0         2
            719       287         0         2
            720       271         0         2
            721       270         0         2
            722       286         0         2
            723        30         0         2
            724        14         0         2
            725        13         0         2
            726        29         0         2
            727       285         0         2
            728       269         0         2
            729       525         0         2
            730       781         0         2
            731       782         0         2
            732       526         0         2
            733       542         0         2
            734       798         0         2
            735       797         0         2
            736       541         0         2
            737       557         0         2
            738       813         0         2
            739       814         0         2
            740       558         0         2
            741       574         0         2
            742       830         0         2
            743       829         0         2
            744       573         0         2
            745       317         0         2
            746       301         0         2
            747        45         0         2
            748        61         0         2
            749        62         0         2
            750        46         0         2
            751       302         0         2
            752       318         0         2
            753       319         0         2
            754       303         0         2
            755        47         0         2
            756        63         0         2
            757        64         0         2
            758        48         0         2
            759       304         0         2
            760       320         0         2
            761       576         0         2
            762       575         0         2
            763       559         0         2
            764       560         0         2
            765       816         0         2
            766       815         0         2
            767       831         0         2
            768       832         0         2
            769       848         0         2
            770       847         0         2
            771       863         0         2
            772       864         0         2
            773       608         0         2
            774       607         0         2
            775       591         0         2
            776       592         0         2
            777       336         0         2
            778       352         0         2
            779        96         0         2
            780        80         0         2
            781        79         0         2
            782        95         0         2
            783       351         0         2
            784       335         0         2
            785       334         0         2
            786       350         0         2
            787        94         0         2
            788        78         0         2
            789        77         0         2
            790        93         0         2
            791       349         0         2
            792       333         0         2
            793       589         0         2
            794       845         0         2
            795       846         0         2
            796       590         0         2
            797       606         0         2
            798       862         0         2
            799       861         0         2
            800       605         0         2
            801       621         0         2
            802       877         0         2
            803       878         0         2
            804       622         0         2
            805       638         0         2
            806       894         0         2
            807       893         0         2
            808       637         0         2
            809       381         0         2
            810       365         0         2
            811       109         0         2
            812       125         0         2
            813       126         0         2
            814       110         0         2
            815       366         0         2
            816       382         0         2
            817       383         0         2
            818       367         0         2
            819       111         0         2
            820       127         0         2
            821       128         0         2
            822       112         0         2
            823       368         0         2
            824       384         0         2
            825       640         0         2
            826       639         0         2
            827       623         0         2
            828       624         0         2
            829       880         0         2
            830       879         0         2
            831       895         0         2
            832       896         0         2
            833      1152         0         2
            834      1408         0         2
            835      1407         0         2
            836      1151         0         2
            837      1135         0         2
            838      1391         0         2
            839      1392         0         2
            840      1136         0         2
            841      1120         0         2
            842      1119         0         2
            843      1103         0         2
            844      1104         0         2
            845      1360         0         2
            846      1359         0         2
            847      1375         0         2
            848      1376         0         2
            849      1632         0         2
            850      1631         0         2
            851      1615         0         2
            852      1616         0         2
            853      1872         0         2
            854      1871         0         2
            855      1887         0         2
            856      1888         0         2
            857      1904         0         2
            858      1920         0         2
            859      1664         0         2
            860      1648         0         2
            861      1647         0         2
            862      1663         0         2
            863      1919         0         2
            864      1903         0         2
            865      1902         0         2
            866      1918         0         2
            867      1662         0         2
            868      1646         0         2
            869      1645         0         2
            870      1661         0         2
            871      1917         0         2
            872      1901         0         2
            873      1885         0         2
            874      1886         0         2
            875      1870         0         2
            876      1869         0         2
            877      1613         0         2
            878      1614         0         2
            879      1630         0         2
            880      1629         0         2
            881      1373         0         2
            882      1374         0         2
            883      1358         0         2
            884      1357         0         2
            885      1101         0         2
            886      1102         0         2
            887      1118         0         2
            888      1117         0         2
            889      1133         0         2
            890      1389         0         2
            891      1390         0         2
            892      1134         0         2
            893      1150         0         2
            894      1406         0         2
            895      1405         0         2
            896      1149         0         2
            897      1148         0         2
            898      1404         0         2
            899      1403         0         2
            900      1147         0         2
            901      1131         0         2
            902      1387         0         2
            903      1388         0         2
            904      1132         0         2
            905      1116         0         2
            906      1115         0         2
            907      1099         0         2
            908      1100         0         2
            909      1356         0         2
            910      1355         0         2
            911      1371         0         2
            912      1372         0         2
            913      1628         0         2
            914      1627         0         2
            915      1611         0         2
            916      1612         0         2
            917      1868         0         2
            918      1867         0         2
            919      1883         0         2
            920      1884         0         2
            921      1900         0         2
            922      1916         0         2
            923      1660         0         2
            924      1644         0         2
            925      1643         0         2
            926      1659         0         2
            927      1915         0         2
            928      1899         0         2
            929      1898         0         2
            930      1914         0         2
            931      1658         0         2
            932      1642         0         2
            933      1641         0         2
            934      1657         0         2
            935      1913         0         2
            936      1897         0         2
            937      1881         0         2
            938      1882         0         2
            939      1866         0         2
            940      1865         0         2
            941      1609         0         2
            942      1610         0         2
            943      1626         0         2
            944      1625         0         2
            945      1369         0         2
            946      1370         0         2
            947      1354         0         2
            948      1353         0         2
            949      1097         0         2
            950      1098         0         2
            951      1114         0         2
            952      1113         0         2
            953      1129         0         2
            954      1385         0         2
            955      1386         0         2
            956      1130         0         2
            957      1146         0         2
            958      1402         0         2
            959      1401         0         2
            960      1145         0         2
            961       889         0         2
            962       873         0         2
            963       617         0         2
            964       633         0         2
            965       634         0         2
            966       618         0         2
            967       874         0         2
            968       890         0         2
            969       891         0         2
            970       635         0         2
            971       636         0         2
            972       892         0         2
            973       876         0         2
            974       620         0         2
            975       619         0         2
            976       875         0         2
            977       859         0         2
            978       603         0         2
            979       604         0         2
            980       860         0         2
            981       844         0         2
            982       588         0         2
            983       587         0         2
            984       843         0         2
            985       842         0         2
            986       841         0         2
            987       857         0         2
            988       858         0         2
            989       602         0         2
            990       601         0         2
            991       585         0         2
            992       586         0         2
            993       330         0         2
            994       329         0         2
            995       345         0         2
            996       346         0         2
            997        90         0         2
            998        89         0         2
            999        73         0         2
           1000        74         0         2
           1001        75         0         2
           1002       331         0         2
           1003       332         0         2
           1004        76         0         2
           1005        92         0         2
           1006       348         0         2
           1007       347         0         2
           1008        91         0         2
           1009       107         0         2
           1010       363         0         2
           1011       364         0         2
           1012       108         0         2
           1013       124         0         2
           1014       380         0         2
           1015       379         0         2
           1016       123         0         2
           1017       122         0         2
           1018       106         0         2
           1019       362         0         2
           1020       378         0         2
           1021       377         0         2
           1022       361         0         2
           1023       105         0         2
           1024       121         0         2
           1025       137         0         2
           1026       153         0         2
           1027       409         0         2
           1028       393         0         2
           1029       394         0         2
           1030       410         0         2
           1031       154         0         2
           1032       138         0         2
           1033       139         0         2
           1034       395         0         2
           1035       396         0         2
           1036       140         0         2
           1037       156         0         2
           1038       412         0         2
           1039       411         0         2
           1040       155         0         2
           1041       171         0         2
           1042       427         0         2
           1043       428         0         2
           1044       172         0         2
           1045       188         0         2
           1046       444         0         2
           1047       443         0         2
           1048       187         0         2
           1049       186         0         2
           1050       185         0         2
           1051       169         0         2
           1052       170         0         2
           1053       426         0         2
           1054       425         0         2
           1055       441         0         2
           1056       442         0         2
           1057       698         0         2
           1058       697         0         2
           1059       681         0         2
           1060       682         0         2
           1061       938         0         2
           1062       937         0         2
           1063       953         0         2
           1064       954         0         2
           1065       955         0         2
           1066       699         0         2
           1067       700         0         2
           1068       956         0         2
           1069       940         0         2
           1070       684         0         2
           1071       683         0         2
           1072       939         0         2
           1073       923         0         2
           1074       667         0         2
           1075       668         0         2
           1076       924         0         2
           1077       908         0         2
           1078       652         0         2
           1079       651         0         2
           1080       907         0         2
           1081       906         0         2
           1082       922         0         2
           1083       666         0         2
           1084       650         0         2
           1085       649         0         2
           1086       665         0         2
           1087       921         0         2
           1088       905         0         2
           1089      1161         0         2
           1090      1417         0         2
           1091      1418         0         2
           1092      1162         0         2
           1093      1178         0         2
           1094      1434         0         2
           1095      1433         0         2
           1096      1177         0         2
           1097      1193         0         2
           1098      1194         0         2
           1099      1210         0         2
           1100      1209         0         2
           1101      1465         0         2
           1102      1466         0         2
           1103      1450         0         2
           1104      1449         0         2
           1105      1705         0         2
           1106      1706         0         2
           1107      1722         0         2
           1108      1721         0         2
           1109      1977         0         2
           1110      1978         0         2
           1111      1962         0         2
           1112      1961         0         2
           1113      1945         0         2
           1114      1929         0         2
           1115      1673         0         2
           1116      1689         0         2
           1117      1690         0         2
           1118      1674         0         2
           1119      1930         0         2
           1120      1946         0         2
           1121      1947         0         2
           1122      1931         0         2
           1123      1675         0         2
           1124      1691         0         2
           1125      1692         0         2
           1126      1676         0         2
           1127      1932         0         2
           1128      1948         0         2
           1129      1964         0         2
           1130      1963         0         2
           1131      1979         0         2
           1132      1980         0         2
           1133      1724         0         2
           1134      1723         0         2
           1135      1707         0         2
           1136      1708         0         2
           1137      1452         0         2
           1138      1451         0         2
           1139      1467         0         2
           1140      1468         0         2
           1141      1212         0         2
           1142      1211         0         2
           1143      1195         0         2
           1144      1196         0         2
           1145      1180         0         2
           1146      1436         0         2
           1147      1435         0         2
           1148      1179         0         2
           1149      1163         0         2
           1150      1419         0         2
           1151      1420         0         2
           1152      1164         0         2
           1153      1165         0         2
           1154      1421         0         2
           1155      1422         0         2
           1156      1166         0         2
           1157      1182         0         2
           1158      1438         0         2
           1159      1437         0         2
           1160      1181         0         2
           1161      1197         0         2
           1162      1198         0         2
           1163      1214         0         2
           1164      1213         0         2
           1165      1469         0         2
           1166      1470         0         2
           1167      1454         0         2
           1168      1453         0         2
           1169      1709         0         2
           1170      1710         0         2
           1171      1726         0         2
           1172      1725         0         2
           1173      1981         0         2
           1174      1982         0         2
           1175      1966         0         2
           1176      1965         0         2
           1177      1949         0         2
           1178      1933         0         2
           1179      1677         0         2
           1180      1693         0         2
           1181      1694         0         2
           1182      1678         0         2
           1183      1934         0         2
           1184      1950         0         2
           1185      1951         0         2
           1186      1935         0         2
           1187      1679         0         2
           1188      1695         0         2
           1189      1696         0         2
           1190      1680         0         2
           1191      1936         0         2
           1192      1952         0         2
           1193      1968         0         2
           1194      1967         0         2
           1195      1983         0         2
           1196      1984         0         2
           1197      1728         0         2
           1198      1727         0         2
           1199      1711         0         2
           1200      1712         0         2
           1201      1456         0         2
           1202      1455         0         2
           1203      1471         0         2
           1204      1472         0         2
           1205      1216         0         2
           1206      1215         0         2
           1207      1199         0         2
           1208      1200         0         2
           1209      1184         0         2
           1210      1440         0         2
           1211      1439         0         2
           1212      1183         0         2
           1213      1167         0         2
           1214      1423         0         2
           1215      1424         0         2
           1216      1168         0         2
           1217       912         0         2
           1218       911         0         2
           1219       927         0         2
           1220       928         0         2
           1221       672         0         2
           1222       671         0         2
           1223       655         0         2
           1224       656         0         2
           1225       400         0         2
           1226       416         0         2
           1227       160         0         2
           1228       144         0         2
           1229       143         0         2
           1230       159         0         2
           1231       415         0         2
           1232       399         0         2
           1233       398         0         2
           1234       414         0         2
           1235       158         0         2
           1236       142         0         2
           1237       141         0         2
           1238       157         0         2
           1239       413         0         2
           1240       397         0         2
           1241       653         0         2
           1242       909         0         2
           1243       910         0         2
           1244       654         0         2
           1245       670         0         2
           1246       926         0         2
           1247       925         0         2
           1248       669         0         2
           1249       685         0         2
           1250       941         0         2
           1251       942         0         2
           1252       686         0         2
           1253       702         0         2
           1254       958         0         2
           1255       957         0         2
           1256       701         0         2
           1257       445         0         2
           1258       429         0         2
           1259       173         0         2
           1260       189         0         2
           1261       190         0         2
           1262       174         0         2
           1263       430         0         2
           1264       446         0         2
           1265       447         0         2
           1266       431         0         2
           1267       175         0         2
           1268       191         0         2
           1269       192         0         2
           1270       176         0         2
           1271       432         0         2
           1272       448         0         2
           1273       704         0         2
           1274       703         0         2
           1275       687         0         2
           1276       688         0         2
           1277       944         0         2
           1278       943         0         2
           1279       959         0         2
           1280       960         0         2
           1281       976         0         2
           1282       975         0         2
           1283       991         0         2
           1284       992         0         2
           1285       736         0         2
           1286       735         0         2
           1287       719         0         2
           1288       720         0         2
           1289       464         0         2
           1290       480         0         2
           1291       224         0         2
           1292       208         0         2
           1293       207         0         2
           1294       223         0         2
           1295       479         0         2
           1296       463         0         2
           1297       462         0         2
           1298       478         0         2
           1299       222         0         2
           1300       206         0         2
           1301       205         0         2
           1302       221         0         2
           1303       477         0         2
           1304       461         0         2
           1305       717         0         2
           1306       973         0         2
           1307       974         0         2
           1308       718         0         2
           1309       734         0         2
           1310       990         0         2
           1311       989         0         2
           1312       733         0         2
           1313       749         0         2
           1314      1005         0         2
           1315      1006         0         2
           1316       750         0         2
           1317       766         0         2
           1318      1022         0         2
           1319      1021         0         2
           1320       765         0         2
           1321       509         0         2
           1322       493         0         2
           1323       237         0         2
           1324       253         0         2
           1325       254         0         2
           1326       238         0         2
           1327       494         0         2
           1328       510         0         2
           1329       511         0         2
           1330       495         0         2
           1331       239         0         2
           1332       255         0         2
           1333       256         0         2
           1334       240         0         2
           1335       496         0         2
           1336       512         0         2
           1337       768         0         2
           1338       767         0         2
           1339       751         0         2
           1340       752         0         2
           1341      1008         0         2
           1342      1007         0         2
           1343      1023         0         2
           1344      1024         0         2
           1345      1280         0         2
           1346      1536         0         2
           1347      1535         0         2
           1348      1279         0         2
           1349      1263         0         2
           1350      1519         0         2
           1351      1520         0         2
           1352      1264         0         2
           1353      1248         0         2
           1354      1247         0         2
           1355      1231         0         2
           1356      1232         0         2
           1357      1488         0         2
           1358      1487         0         2
           1359      1503         0         2
           1360      1504         0         2
           1361      1760         0         2
           1362      1759         0         2
           1363      1743         0         2
           1364      1744         0         2
           1365      2000         0         2
           1366      1999         0         2
           1367      2015         0         2
           1368      2016         0         2
           1369      2032         0         2
           1370      2048         0         2
           1371      1792         0         2
           1372      1776         0         2
           1373      1775         0         2
           1374      1791         0         2
           1375      2047         0         2
           1376      2031         0         2
           1377      2030         0         2
           1378      2046         0         2
           1379      1790         0         2
           1380      1774         0         2
           1381      1773         0         2
           1382      1789         0         2
           1383      2045         0         2
           1384      2029         0         2
           1385      2013         0         2
           1386      2014         0         2
           1387      1998         0         2
           1388      1997         0         2
           1389      1741         0         2
           1390      1742         0         2
           1391      1758         0         2
           1392      1757         0         2
           1393      1501         0         2
           1394      1502         0         2
           1395      1486         0         2
           1396      1485         0         2
           1397      1229         0         2
           1398      1230         0         2
           1399      1246         0         2
           1400      1245         0         2
           1401      1261         0         2
           1402      1517         0         2
           1403      1518         0         2
           1404      1262         0         2
           1405      1278         0         2
           1406      1534         0         2
           1407      1533         0         2
           1408      1277         0         2
           1409      1276         0         2
           1410      1532         0         2
           1411      1531         0         2
           1412      1275         0         2
           1413      1259         0         2
           1414      1515         0         2
           1415      1516         0         2
           1416      1260         0         2
           1417      1244         0         2
           1418      1243         0         2
           1419      1227         0         2
           1420      1228         0         2
           1421      1484         0         2
           1422      1483         0         2
           1423      1499         0         2
           1424      1500         0         2
           1425      1756         0         2
           1426      1755         0         2
           1427      1739         0         2
           1428      1740         0         2
           1429      1996         0         2
           1430      1995         0         2
           1431      2011         0         2
           1432      2012         0         2
           1433      2028         0         2
           1434      2044         0         2
           1435      1788         0         2
           1436      1772         0         2
           1437      1771         0         2
           1438      1787         0         2
           1439      2043         0         2
           1440      2027         0         2
           1441      2026         0         2
           1442      2042         0         2
           1443      1786         0         2
           1444      1770         0         2
           1445      1769         0         2
           1446      1785         0         2
           1447      2041         0         2
           1448      2025         0         2
           1449      2009         0         2
           1450      2010         0         2
           1451      1994         0         2
           1452      1993         0         2
           1453      1737         0         2
           1454      1738         0         2
           1455      1754         0         2
           1456      1753         0         2
           1457      1497         0         2
           1458      1498         0         2
           1459      1482         0         2
           1460      1481         0         2
           1461      1225         0         2
           1462      1226         0         2
           1463      1242         0         2
           1464      1241         0         2
           1465      1257         0         2
           1466      1513         0         2
           1467      1514         0         2
           1468      1258         0         2
           1469      1274         0         2
           1470      1530         0         2
           1471      1529         0         2
           1472      1273         0         2
           1473      1017         0         2
           1474      1001         0         2
           1475       745         0         2
           1476       761         0         2
           1477       762         0         2
           1478       746         0         2
           1479      1002         0         2
           1480      1018         0         2
           1481      1019         0         2
           1482       763         0         2
           1483       764         0         2
           1484      1020         0         2
           1485      1004         0         2
           1486       748         0         2
           1487       747         0         2
           1488      1003         0         2
           1489       987         0         2
           1490       731         0         2
           1491       732         0         2
           1492       988         0         2
           1493       972         0         2
           1494       716         0         2
           1495       715         0         2
           1496       971         0         2
           1497       970         0         2
           1498       969         0         2
           1499       985         0         2
           1500       986         0         2
           1501       730         0         2
           1502       729         0         2
           1503       713         0         2
           1504       714         0         2
           1505       458         0         2
           1506       457         0         2
           1507       473         0         2
           1508       474         0         2
           1509       218         0         2
           1510       217         0         2
           1511       201         0         2
           1512       202         0         2
           1513       203         0         2
           1514       459         0         2
           1515       460         0         2
           1516       204         0         2
           1517       220         0         2
           1518       476         0         2
           1519       475         0         2
           1520       219         0         2
           1521       235         0         2
           1522       491         0         2
           1523       492         0         2
           1524       236         0         2
           1525       252         0         2
           1526       508         0         2
           1527       507         0         2
           1528       251         0         2
           1529       250         0         2
           1530       234         0         2
           1531       490         0         2
           1532       506         0         2
           1533       505         0         2
           1534       489         0         2
           1535       233         0         2
           1536       249         0         2
           1537       248         0         2
           1538       504         0         2
           1539       503         0         2
           1540       247         0         2
           1541       231         0         2
           1542       487         0         2
           1543       488         0         2
           1544       232         0         2
           1545       216         0         2
           1546       215         0         2
           1547       199         0         2
           1548       200         0         2
           1549       456         0         2
           1550       455         0         2
           1551       471         0         2
           1552       472         0         2
           1553       728         0         2
           1554       727         0         2
           1555       711         0         2
           1556       712         0         2
           1557       968         0         2
           1558       967         0         2
           1559       983         0         2
           1560       984         0         2
           1561      1000         0         2
           1562      1016         0         2
           1563       760         0         2
           1564       744         0         2
           1565       743         0         2
           1566       759         0         2
           1567      1015         0         2
           1568       999         0         2
           1569       998         0         2
           1570      1014         0         2
           1571       758         0         2
           1572       742         0         2
           1573       741         0         2
           1574       757         0         2
           1575      1013         0         2
           1576       997         0         2
           1577       981         0         2
           1578       982         0         2
           1579       966         0         2
           1580       965         0         2
           1581       709         0         2
           1582       710         0         2
           1583       726         0         2
           1584       725         0         2
           1585       469         0         2
           1586       470         0         2
           1587       454         0         2
           1588       453         0         2
           1589       197         0         2
           1590       198         0         2
           1591       214         0         2
           1592       213         0         2
           1593       229         0         2
           1594       485         0         2
           1595       486         0         2
           1596       230         0         2
           1597       246         0         2
           1598       502         0         2
           1599       501         0         2
           1600       245         0         2
           1601       244         0         2
           1602       243         0         2
           1603       227         0         2
           1604       228         0         2
           1605       484         0         2
           1606       483         0         2
           1607       499         0         2
           1608       500         0         2
           1609       756         0         2
           1610       740         0         2
           1611       996         0         2
           1612      1012         0         2
           1613      1011         0         2
           1614       995         0         2
           1615       739         0         2
           1616       755         0         2
           1617       754         0         2
           1618       738         0         2
           1619       994         0         2
           1620      1010         0         2
           1621      1009         0         2
           1622       993         0         2
           1623       737         0         2
           1624       753         0         2
           1625       497         0         2
           1626       241         0         2
           1627       242         0         2
           1628       498         0         2
           1629       482         0         2
           1630       226         0         2
           1631       225         0         2
           1632       481         0         2
           1633       465         0         2
           1634       209         0         2
           1635       210         0         2
           1636       466         0         2
           1637       450         0         2
           1638       194         0         2
           1639       193         0         2
           1640       449         0         2
           1641       705         0         2
           1642       721         0         2
           1643       977         0         2
           1644       961         0         2
           1645       962         0         2
           1646       978         0         2
           1647       722         0         2
           1648       706         0         2
           1649       707         0         2
           1650       723         0         2
           1651       979         0         2
           1652       963         0         2
           1653       964         0         2
           1654       980         0         2
           1655       724         0         2
           1656       708         0         2
           1657       452         0         2
           1658       451         0         2
           1659       467         0         2
           1660       468         0         2
           1661       212         0         2
           1662       211         0         2
           1663       195         0         2
           1664       196         0         2
           1665       180         0         2
           1666       179         0         2
           1667       163         0         2
           1668       164         0         2
           1669       420         0         2
           1670       419         0         2
           1671       435         0         2
           1672       436         0         2
           1673       692         0         2
           1674       676         0         2
           1675       932         0         2
           1676       948         0         2
           1677       947         0         2
           1678       931         0         2
           1679       675         0         2
           1680       691         0         2
           1681       690         0         2
           1682       674         0         2
           1683       930         0         2
           1684       946         0         2
           1685       945         0         2
           1686       929         0         2
           1687       673         0         2
           1688       689         0         2
           1689       433         0         2
           1690       177         0         2
           1691       178         0         2
           1692       434         0         2
           1693       418         0         2
           1694       162         0         2
           1695       161         0         2
           1696       417         0         2
           1697       401         0         2
           1698       145         0         2
           1699       146         0         2
           1700       402         0         2
           1701       386         0         2
           1702       130         0         2
           1703       129         0         2
           1704       385         0         2
           1705       641         0         2
           1706       657         0         2
           1707       913         0         2
           1708       897         0         2
           1709       898         0         2
           1710       914         0         2
           1711       658         0         2
           1712       642         0         2
           1713       643         0         2
           1714       659         0         2
           1715       915         0         2
           1716       899         0         2
           1717       900         0         2
           1718       916         0         2
           1719       660         0         2
           1720       644         0         2
           1721       388         0         2
           1722       387         0         2
           1723       403         0         2
           1724       404         0         2
           1725       148         0         2
           1726       147         0         2
           1727       131         0         2
           1728       132         0         2
           1729       133         0         2
           1730       149         0         2
           1731       405         0         2
           1732       389         0         2
           1733       390         0         2
           1734       406         0         2
           1735       150         0         2
           1736       134         0         2
           1737       135         0         2
           1738       391         0         2
           1739       392         0         2
           1740       136         0         2
           1741       152         0         2
           1742       408         0         2
           1743       407         0         2
           1744       151         0         2
           1745       167         0         2
           1746       423         0         2
           1747       424         0         2
           1748       168         0         2
           1749       184         0         2
           1750       440         0         2
           1751       439         0         2
           1752       183         0         2
           1753       182         0         2
           1754       181         0         2
           1755       165         0         2
           1756       166         0         2
           1757       422         0         2
           1758       421         0         2
           1759       437         0         2
           1760       438         0         2
           1761       694         0         2
           1762       693         0         2
           1763       677         0         2
           1764       678         0         2
           1765       934         0         2
           1766       933         0         2
           1767       949         0         2
           1768       950         0         2
           1769       951         0         2
           1770       695         0         2
           1771       696         0         2
           1772       952         0         2
           1773       936         0         2
           1774       680         0         2
           1775       679         0         2
           1776       935         0         2
           1777       919         0         2
           1778       663         0         2
           1779       664         0         2
           1780       920         0         2
           1781       904         0         2
           1782       648         0         2
           1783       647         0         2
           1784       903         0         2
           1785       902         0         2
           1786       918         0         2
           1787       662         0         2
           1788       646         0         2
           1789       645         0         2
           1790       661         0         2
           1791       917         0         2
           1792       901         0         2
           1793      1157         0         2
           1794      1173         0         2
           1795      1429         0         2
           1796      1413         0         2
           1797      1414         0         2
           1798      1430         0         2
           1799      1174         0         2
           1800      1158         0         2
           1801      1159         0         2
           1802      1415         0         2
           1803      1416         0         2
           1804      1160         0         2
           1805      1176         0         2
           1806      1432         0         2
           1807      1431         0         2
           1808      1175         0         2
           1809      1191         0         2
           1810      1447         0         2
           1811      1448         0         2
           1812      1192         0         2
           1813      1208         0         2
           1814      1464         0         2
           1815      1463         0         2
           1816      1207         0         2
           1817      1206         0         2
           1818      1205         0         2
           1819      1189         0         2
           1820      1190         0         2
           1821      1446         0         2
           1822      1445         0         2
           1823      1461         0         2
           1824      1462         0         2
           1825      1718         0         2
           1826      1717         0         2
           1827      1701         0         2
           1828      1702         0         2
           1829      1958         0         2
           1830      1957         0         2
           1831      1973         0         2
           1832      1974         0         2
           1833      1975         0         2
           1834      1719         0         2
           1835      1720         0         2
           1836      1976         0         2
           1837      1960         0         2
           1838      1704         0         2
           1839      1703         0         2
           1840      1959         0         2
           1841      1943         0         2
           1842      1687         0         2
           1843      1688         0         2
           1844      1944         0         2
           1845      1928         0         2
           1846      1672         0         2
           1847      1671         0         2
           1848      1927         0         2
           1849      1926         0         2
           1850      1942         0         2
           1851      1686         0         2
           1852      1670         0         2
           1853      1669         0         2
           1854      1685         0         2
           1855      1941         0         2
           1856      1925         0         2
           1857      1924         0         2
           1858      1923         0         2
           1859      1939         0         2
           1860      1940         0         2
           1861      1684         0         2
           1862      1683         0         2
           1863      1667         0         2
           1864      1668         0         2
           1865      1412         0         2
           1866      1428         0         2
           1867      1172         0         2
           1868      1156         0         2
           1869      1155         0         2
           1870      1171         0         2
           1871      1427         0         2
           1872      1411         0         2
           1873      1410         0         2
           1874      1426         0         2
           1875      1170         0         2
           1876      1154         0         2
           1877      1153         0         2
           1878      1169         0         2
           1879      1425         0         2
           1880      1409         0         2
           1881      1665         0         2
           1882      1921         0         2
           1883      1922         0         2
           1884      1666         0         2
           1885      1682         0         2
           1886      1938         0         2
           1887      1937         0         2
           1888      1681         0         2
           1889      1697         0         2
           1890      1953         0         2
           1891      1954         0         2
           1892      1698         0         2
           1893      1714         0         2
           1894      1970         0         2
           1895      1969         0         2
           1896      1713         0         2
           1897      1457         0         2
           1898      1441         0         2
           1899      1185         0         2
           1900      1201         0         2
           1901      1202         0         2
           1902      1186         0         2
           1903      1442         0         2
           1904      1458         0         2
           1905      1459         0         2
           1906      1443         0         2
           1907      1187         0         2
           1908      1203         0         2
           1909      1204         0         2
           1910      1188         0         2
           1911      1444         0         2
           1912      1460         0         2
           1913      1716         0         2
           1914      1715         0         2
           1915      1699         0         2
           1916      1700         0         2
           1917      1956         0         2
           1918      1955         0         2
           1919      1971         0         2
           1920      1972         0         2
           1921      1988         0         2
           1922      1987         0         2
           1923      2003         0         2
           1924      2004         0         2
           1925      1748         0         2
           1926      1747         0         2
           1927      1731         0         2
           1928      1732         0         2
           1929      1476         0         2
           1930      1492         0         2
           1931      1236         0         2
           1932      1220         0         2
           1933      1219         0         2
           1934      1235         0         2
           1935      1491         0         2
           1936      1475         0         2
           1937      1474         0         2
           1938      1490         0         2
           1939      1234         0         2
           1940      1218         0         2
           1941      1217         0         2
           1942      1233         0         2
           1943      1489         0         2
           1944      1473         0         2
           1945      1729         0         2
           1946      1985         0         2
           1947      1986         0         2
           1948      1730         0         2
           1949      1746         0         2
           1950      2002         0         2
           1951      2001         0         2
           1952      1745         0         2
           1953      1761         0         2
           1954      2017         0         2
           1955      2018         0         2
           1956      1762         0         2
           1957      1778         0         2
           1958      2034         0         2
           1959      2033         0         2
           1960      1777         0         2
           1961      1521         0         2
           1962      1505         0         2
           1963      1249         0         2
           1964      1265         0         2
           1965      1266         0         2
           1966      1250         0         2
           1967      1506         0         2
           1968      1522         0         2
           1969      1523         0         2
           1970      1507         0         2
           1971      1251         0         2
           1972      1267         0         2
           1973      1268         0         2
           1974      1252         0         2
           1975      1508         0         2
           1976      1524         0         2
           1977      1780         0         2
           1978      1779         0         2
           1979      1763         0         2
           1980      1764         0         2
           1981      2020         0         2
           1982      2019         0         2
           1983      2035         0         2
           1984      2036         0         2
           1985      2037         0         2
           1986      1781         0         2
           1987      1782         0         2
           1988      2038         0         2
           1989      2022         0         2
           1990      1766         0         2
           1991      1765         0         2
           1992      2021         0         2
           1993      2005         0         2
           1994      2006         0         2
           1995      1990         0         2
           1996      1989         0         2
           1997      1733         0         2
           1998      1734         0         2
           1999      1750         0         2
           2000      1749         0         2
           2001      1493         0         2
           2002      1494         0         2
           2003      1478         0         2
           2004      1477         0         2
           2005      1221         0         2
           2006      1222         0         2
           2007      1238         0         2
           2008      1237         0         2
           2009      1253         0         2
           2010      1269         0         2
           2011      1525         0         2
           2012      1509         0         2
           2013      1510         0         2
           2014      1526         0         2
           2015      1270         0         2
           2016      1254         0         2
           2017      1255         0         2
           2018      1271         0         2
           2019      1527         0         2
           2020      1511         0         2
           2021      1512         0         2
           2022      1528         0         2
           2023      1272         0         2
           2024      1256         0         2
           2025      1240         0         2
           2026      1239         0         2
           2027      1223         0         2
           2028      1224         0         2
           2029      1480         0         2
           2030      1479         0         2
           2031      1495         0         2
           2032      1496         0         2
           2033      1752         0         2
           2034      1751         0         2
           2035      1735         0         2
           2036      1736         0         2
           2037      1992         0         2
           2038      1991         0         2
           2039      2007         0         2
           2040      2008         0         2
           2041      2024         0         2
           2042      1768         0         2
           2043      1767         0         2
           2044      2023         0         2
           2045      2039         0         2
           2046      1783         0         2
           2047      1784         0         2
           2048      2040         0         2
           2049      2296         0         2
           2050      2552         0         2
           2051      2551         0         2
           2052      2295         0         2
           2053      2279         0         2
           2054      2535         0         2
           2055      2536         0         2
           2056      2280         0         2
           2057      2264         0         2
           2058      2263         0         2
           2059      2247         0         2
           2060      2248         0         2
           2061      2504         0         2
           2062      2503         0         2
           2063      2519         0         2
           2064      2520         0         2
           2065      2776         0         2
           2066      2775         0         2
           2067      2759         0         2
           2068      2760         0         2
           2069      3016         0         2
           2070      3015         0         2
           2071      3031         0         2
           2072      3032         0         2
           2073      3048         0         2
           2074      3064         0         2
           2075      2808         0         2
           2076      2792         0         2
           2077      2791         0         2
           2078      2807         0         2
           2079      3063         0         2
           2080      3047         0         2
           2081      3046         0         2
           2082      3062         0         2
           2083      2806         0         2
           2084      2790         0         2
           2085      2789         0         2
           2086      2805         0         2
           2087      3061         0         2
           2088      3045         0         2
           2089      3029         0         2
           2090      3030         0         2
           2091      3014         0         2
           2092      3013         0         2
           2093      2757         0         2
           2094      2758         0         2
           2095      2774         0         2
           2096      2773         0         2
           2097      2517         0         2
           2098      2518         0         2
           2099      2502         0         2
           2100      2501         0         2
           2101      2245         0         2
           2102      2246         0         2
           2103      2262         0         2
           2104      2261         0         2
           2105      2277         0         2
           2106      2533         0         2
           2107      2534         0         2
           2108      2278         0         2
           2109      2294         0         2
           2110      2550         0         2
           2111      2549         0         2
           2112      2293         0         2
           2113      2292         0         2
           2114      2291         0         2
           2115      2275         0         2
           2116      2276         0         2
           2117      2532         0         2
           2118      2531         0         2
           2119      2547         0         2
           2120      2548         0         2
           2121      2804         0         2
           2122      2788         0         2
           2123      3044         0         2
           2124      3060         0         2
           2125      3059         0         2
           2126      3043         0         2
           2127      2787         0         2
           2128      2803         0         2
           2129      2802         0         2
           2130      2786         0         2
           2131      3042         0         2
           2132      3058         0         2
           2133      3057         0         2
           2134      3041         0         2
           2135      2785         0         2
           2136      2801         0         2
           2137      2545         0         2
           2138      2289         0         2
           2139      2290         0         2
           2140      2546         0         2
           2141      2530         0         2
           2142      2274         0         2
           2143      2273         0         2
           2144      2529         0         2
           2145      2513         0         2
           2146      2257         0         2
           2147      2258         0         2
           2148      2514         0         2
           2149      2498         0         2
           2150      2242         0         2
           2151      2241         0         2
           2152      2497         0         2
           2153      2753         0         2
           2154      2769         0         2
           2155      3025         0         2
           2156      3009         0         2
           2157      3010         0         2
           2158      3026         0         2
           2159      2770         0         2
           2160      2754         0         2
           2161      2755         0         2
           2162      2771         0         2
           2163      3027         0         2
           2164      3011         0         2
           2165      3012         0         2
           2166      3028         0         2
           2167      2772         0         2
           2168      2756         0         2
           2169      2500         0         2
           2170      2499         0         2
           2171      2515         0         2
           2172      2516         0         2
           2173      2260         0         2
           2174      2259         0         2
           2175      2243         0         2
           2176      2244         0         2
           2177      2228         0         2
           2178      2227         0         2
           2179      2211         0         2
           2180      2212         0         2
           2181      2468         0         2
           2182      2467         0         2
           2183      2483         0         2
           2184      2484         0         2
           2185      2740         0         2
           2186      2724         0         2
           2187      2980         0         2
           2188      2996         0         2
           2189      2995         0         2
           2190      2979         0         2
           2191      2723         0         2
           2192      2739         0         2
           2193      2738         0         2
           2194      2722         0         2
           2195      2978         0         2
           2196      2994         0         2
           2197      2993         0         2
           2198      2977         0         2
           2199      2721         0         2
           2200      2737         0         2
           2201      2481         0         2
           2202      2225         0         2
           2203      2226         0         2
           2204      2482         0         2
           2205      2466         0         2
           2206      2210         0         2
           2207      2209         0         2
           2208      2465         0         2
           2209      2449         0         2
           2210      2193         0         2
           2211      2194         0         2
           2212      2450         0         2
           2213      2434         0         2
           2214      2178         0         2
           2215      2177         0         2
           2216      2433         0         2
           2217      2689         0         2
           2218      2705         0         2
           2219      2961         0         2
           2220      2945         0         2
           2221      2946         0         2
           2222      2962         0         2
           2223      2706         0         2
           2224      2690         0         2
           2225      2691         0         2
           2226      2707         0         2
           2227      2963         0         2
           2228      2947         0         2
           2229      2948         0         2
           2230      2964         0         2
           2231      2708         0         2
           2232      2692         0         2
           2233      2436         0         2
           2234      2435         0         2
           2235      2451         0         2
           2236      2452         0         2
           2237      2196         0         2
           2238      2195         0         2
           2239      2179         0         2
           2240      2180         0         2
           2241      2181         0         2
           2242      2197         0         2
           2243      2453         0         2
           2244      2437         0         2
           2245      2438         0         2
           2246      2454         0         2
           2247      2198         0         2
           2248      2182         0         2
           2249      2183         0         2
           2250      2439         0         2
           2251      2440         0         2
           2252      2184         0         2
           2253      2200         0         2
           2254      2456         0         2
           2255      2455         0         2
           2256      2199         0         2
           2257      2215         0         2
           2258      2471         0         2
           2259      2472         0         2
           2260      2216         1         2
       1       1
           2261      2232         0         3
           2262      2488         0         3
           2263      2487         0         3
           2264      2231         0         3
           2265      2230         0         3
           2266      2229         0         3
           2267      2213         0         3
           2268      2214         0         3
           2269      2470         0         3
           2270      2469         0         3
           2271      2485         0         3
           2272      2486         0         3
           2273      2742         0         3
           2274      2741         0         3
           2275      2725         0         3
           2276      2726         0         3
           2277      2982         0         3
           2278      2981         0         3
           2279      2997         0         3
           2280      2998         0         3
           2281      2999         0         3
           2282      2743         0         3
           2283      2744         0         3
           2284      3000         0         3
           2285      2984         0         3
           2286      2728         0         3
           2287      2727         0         3
           2288      2983         0         3
           2289      2967         0         3
           2290      2711         0         3
           2291      2712         0         3
         2      1805      2292
              1      2968         0         3
              2      2952         0         3
              3      2696         0         3
              4      2695         0         3
              5      2951         0         3
              6      2950         0         3
              7      2966         0         3
              8      2710         0         3
              9      2694         0         3
             10      2693         0         3
             11      2709         0         3
             12      2965         0         3
             13      2949         0         3
             14      3205         0         3
             15      3221         0         3
             16      3477         0         3
             17      3461         0         3
             18      3462         0         3
             19      3478         0         3
             20      3222         0         3
             21      3206         0         3
             22      3207         0         3
             23      3463         0         3
             24      3464         0         3
             25      3208         0         3
             26      3224         0         3
             27      3480         0         3
             28      3479         0         3
             29      3223         0         3
             30      3239         0         3
             31      3495         0         3
             32      3496         0         3
             33      3240         0         3
             34      3256         0         3
             35      3512         0         3
             36      3511         0         3
             37      3255         0         3
             38      3254         0         3
             39      3253         0         3
             40      3237         0         3
             41      3238         0         3
             42      3494         0         3
             43      3493         0         3
             44      3509         0         3
             45      3510         0         3
             46      3766         0         3
             47      3765         0         3
             48      3749         0         3
             49      3750         0         3
             50      4006         0         3
             51      4005         0         3
             52      4021         0         3
             53      4022         0         3
             54      4023         0         3
             55      3767         0         3
             56      3768         0         3
             57      4024         0         3
             58      4008         0         3
             59      3752         0         3
             60      3751         0         3
             61      4007         0         3
             62      3991         0         3
             63      3735         0         3
             64      3736         0         3
             65      3992         0         3
             66      3976         0         3
             67      3720         0         3
             68      3719         0         3
             69      3975         0         3
             70      3974         0         3
             71      3990         0         3
             72      3734         0         3
             73      3718         0         3
             74      3717         0         3
             75      3733         0         3
             76      3989         0         3
             77      3973         0         3
             78      3972         0         3
             79      3971         0         3
             80      3987         0         3
             81      3988         0         3
             82      3732         0         3
             83      3731         0         3
             84      3715         0         3
             85      3716         0         3
             86      3460         0         3
             87      3476         0         3
             88      3220         0         3
             89      3204         0         3
             90      3203         0         3
             91      3219         0         3
             92      3475         0         3
             93      3459         0         3
             94      3458         0         3
             95      3474         0         3
             96      3218         0         3
             97      3202         0         3
             98      3201         0         3
             99      3217         0         3
            100      3473         0         3
            101      3457         0         3
            102      3713         0         3
            103      3969         0         3
            104      3970         0         3
            105      3714         0         3
            106      3730         0         3
            107      3986         0         3
            108      3985         0         3
            109      3729         0         3
            110      3745         0         3
            111      4001         0         3
            112      4002         0         3
            113      3746         0         3
            114      3762         0         3
            115      4018         0         3
            116      4017         0         3
            117      3761         0         3
            118      3505         0         3
            119      3489         0         3
            120      3233         0         3
            121      3249         0         3
            122      3250         0         3
            123      3234         0         3
            124      3490         0         3
            125      3506         0         3
            126      3507         0         3
            127      3491         0         3
            128      3235         0         3
            129      3251         0         3
            130      3252         0         3
            131      3236         0         3
            132      3492         0         3
            133      3508         0         3
            134      3764         0         3
            135      3763         0         3
            136      3747         0         3
            137      3748         0         3
            138      4004         0         3
            139      4003         0         3
            140      4019         0         3
            141      4020         0         3
            142      4036         0         3
            143      4035         0         3
            144      4051         0         3
            145      4052         0         3
            146      3796         0         3
            147      3795         0         3
            148      3779         0         3
            149      3780         0         3
            150      3524         0         3
            151      3540         0         3
            152      3284         0         3
            153      3268         0         3
            154      3267         0         3
            155      3283         0         3
            156      3539         0         3
            157      3523         0         3
            158      3522         0         3
            159      3538         0         3
            160      3282         0         3
            161      3266         0         3
            162      3265         0         3
            163      3281         0         3
            164      3537         0         3
            165      3521         0         3
            166      3777         0         3
            167      4033         0         3
            168      4034         0         3
            169      3778         0         3
            170      3794         0         3
            171      4050         0         3
            172      4049         0         3
            173      3793         0         3
            174      3809         0         3
            175      4065         0         3
            176      4066         0         3
            177      3810         0         3
            178      3826         0         3
            179      4082         0         3
            180      4081         0         3
            181      3825         0         3
            182      3569         0         3
            183      3553         0         3
            184      3297         0         3
            185      3313         0         3
            186      3314         0         3
            187      3298         0         3
            188      3554         0         3
            189      3570         0         3
            190      3571         0         3
            191      3555         0         3
            192      3299         0         3
            193      3315         0         3
            194      3316         0         3
            195      3300         0         3
            196      3556         0         3
            197      3572         0         3
            198      3828         0         3
            199      3827         0         3
            200      3811         0         3
            201      3812         0         3
            202      4068         0         3
            203      4067         0         3
            204      4083         0         3
            205      4084         0         3
            206      4085         0         3
            207      3829         0         3
            208      3830         0         3
            209      4086         0         3
            210      4070         0         3
            211      3814         0         3
            212      3813         0         3
            213      4069         0         3
            214      4053         0         3
            215      4054         0         3
            216      4038         0         3
            217      4037         0         3
            218      3781         0         3
            219      3782         0         3
            220      3798         0         3
            221      3797         0         3
            222      3541         0         3
            223      3542         0         3
            224      3526         0         3
            225      3525         0         3
            226      3269         0         3
            227      3270         0         3
            228      3286         0         3
            229      3285         0         3
            230      3301         0         3
            231      3317         0         3
            232      3573         0         3
            233      3557         0         3
            234      3558         0         3
            235      3574         0         3
            236      3318         0         3
            237      3302         0         3
            238      3303         0         3
            239      3319         0         3
            240      3575         0         3
            241      3559         0         3
            242      3560         0         3
            243      3576         0         3
            244      3320         0         3
            245      3304         0         3
            246      3288         0         3
            247      3287         0         3
            248      3271         0         3
            249      3272         0         3
            250      3528         0         3
            251      3527         0         3
            252      3543         0         3
            253      3544         0         3
            254      3800         0         3
            255      3799         0         3
            256      3783         0         3
            257      3784         0         3
            258      4040         0         3
            259      4039         0         3
            260      4055         0         3
            261      4056         0         3
            262      4072         0         3
            263      3816         0         3
            264      3815         0         3
            265      4071         0         3
            266      4087         0         3
            267      3831         0         3
            268      3832         0         3
            269      4088         0         3
            270      4089         0         3
            271      4073         0         3
            272      3817         0         3
            273      3833         0         3
            274      3834         0         3
            275      3818         0         3
            276      4074         0         3
            277      4090         0         3
            278      4091         0         3
            279      3835         0         3
            280      3836         0         3
            281      4092         0         3
            282      4076         0         3
            283      3820         0         3
            284      3819         0         3
            285      4075         0         3
            286      4059         0         3
            287      3803         0         3
            288      3804         0         3
            289      4060         0         3
            290      4044         0         3
            291      3788         0         3
            292      3787         0         3
            293      4043         0         3
            294      4042         0         3
            295      4041         0         3
            296      4057         0         3
            297      4058         0         3
            298      3802         0         3
            299      3801         0         3
            300      3785         0         3
            301      3786         0         3
            302      3530         0         3
            303      3529         0         3
            304      3545         0         3
            305      3546         0         3
            306      3290         0         3
            307      3289         0         3
            308      3273         0         3
            309      3274         0         3
            310      3275         0         3
            311      3531         0         3
            312      3532         0         3
            313      3276         0         3
            314      3292         0         3
            315      3548         0         3
            316      3547         0         3
            317      3291         0         3
            318      3307         0         3
            319      3563         0         3
            320      3564         0         3
            321      3308         0         3
            322      3324         0         3
            323      3580         0         3
            324      3579         0         3
            325      3323         0         3
            326      3322         0         3
            327      3306         0         3
            328      3562         0         3
            329      3578         0         3
            330      3577         0         3
            331      3561         0         3
            332      3305         0         3
            333      3321         0         3
            334      3065         0         3
            335      2809         0         3
            336      2810         0         3
            337      3066         0         3
            338      3050         0         3
            339      2794         0         3
            340      2793         0         3
            341      3049         0         3
            342      3033         0         3
            343      3034         0         3
            344      3018         0         3
            345      3017         0         3
            346      2761         0         3
            347      2762         0         3
            348      2778         0         3
            349      2777         0         3
            350      2521         0         3
            351      2522         0         3
            352      2506         0         3
            353      2505         0         3
            354      2249         0         3
            355      2250         0         3
            356      2266         0         3
            357      2265         0         3
            358      2281         0         3
            359      2297         0         3
            360      2553         0         3
            361      2537         0         3
            362      2538         0         3
            363      2554         0         3
            364      2298         0         3
            365      2282         0         3
            366      2283         0         3
            367      2299         0         3
            368      2555         0         3
            369      2539         0         3
            370      2540         0         3
            371      2556         0         3
            372      2300         0         3
            373      2284         0         3
            374      2268         0         3
            375      2267         0         3
            376      2251         0         3
            377      2252         0         3
            378      2508         0         3
            379      2507         0         3
            380      2523         0         3
            381      2524         0         3
            382      2780         0         3
            383      2779         0         3
            384      2763         0         3
            385      2764         0         3
            386      3020         0         3
            387      3019         0         3
            388      3035         0         3
            389      3036         0         3
            390      3052         0         3
            391      2796         0         3
            392      2795         0         3
            393      3051         0         3
            394      3067         0         3
            395      2811         0         3
            396      2812         0         3
            397      3068         0         3
            398      3069         0         3
            399      2813         0         3
            400      2814         0         3
            401      3070         0         3
            402      3054         0         3
            403      2798         0         3
            404      2797         0         3
            405      3053         0         3
            406      3037         0         3
            407      3038         0         3
            408      3022         0         3
            409      3021         0         3
            410      2765         0         3
            411      2766         0         3
            412      2782         0         3
            413      2781         0         3
            414      2525         0         3
            415      2526         0         3
            416      2510         0         3
            417      2509         0         3
            418      2253         0         3
            419      2254         0         3
            420      2270         0         3
            421      2269         0         3
            422      2285         0         3
            423      2301         0         3
            424      2557         0         3
            425      2541         0         3
            426      2542         0         3
            427      2558         0         3
            428      2302         0         3
            429      2286         0         3
            430      2287         0         3
            431      2303         0         3
            432      2559         0         3
            433      2543         0         3
            434      2544         0         3
            435      2560         0         3
            436      2304         0         3
            437      2288         0         3
            438      2272         0         3
            439      2271         0         3
            440      2255         0         3
            441      2256         0         3
            442      2512         0         3
            443      2511         0         3
            444      2527         0         3
            445      2528         0         3
            446      2784         0         3
            447      2783         0         3
            448      2767         0         3
            449      2768         0         3
            450      3024         0         3
            451      3023         0         3
            452      3039         0         3
            453      3040         0         3
            454      3056         0         3
            455      2800         0         3
            456      2799         0         3
            457      3055         0         3
            458      3071         0         3
            459      2815         0         3
            460      2816         0         3
            461      3072         0         3
            462      3328         0         3
            463      3327         0         3
            464      3311         0         3
            465      3312         0         3
            466      3568         0         3
            467      3567         0         3
            468      3583         0         3
            469      3584         0         3
            470      3840         0         3
            471      3824         0         3
            472      4080         0         3
            473      4096         0         3
            474      4095         0         3
            475      4079         0         3
            476      3823         0         3
            477      3839         0         3
            478      3838         0         3
            479      3822         0         3
            480      4078         0         3
            481      4094         0         3
            482      4093         0         3
            483      4077         0         3
            484      3821         0         3
            485      3837         0         3
            486      3581         0         3
            487      3325         0         3
            488      3326         0         3
            489      3582         0         3
            490      3566         0         3
            491      3310         0         3
            492      3309         0         3
            493      3565         0         3
            494      3549         0         3
            495      3293         0         3
            496      3294         0         3
            497      3550         0         3
            498      3534         0         3
            499      3278         0         3
            500      3277         0         3
            501      3533         0         3
            502      3789         0         3
            503      3805         0         3
            504      4061         0         3
            505      4045         0         3
            506      4046         0         3
            507      4062         0         3
            508      3806         0         3
            509      3790         0         3
            510      3791         0         3
            511      3807         0         3
            512      4063         0         3
            513      4047         0         3
            514      4048         0         3
            515      4064         0         3
            516      3808         0         3
            517      3792         0         3
            518      3536         0         3
            519      3535         0         3
            520      3551         0         3
            521      3552         0         3
            522      3296         0         3
            523      3295         0         3
            524      3279         0         3
            525      3280         0         3
            526      3264         0         3
            527      3263         0         3
            528      3247         0         3
            529      3248         0         3
            530      3504         0         3
            531      3503         0         3
            532      3519         0         3
            533      3520         0         3
            534      3776         0         3
            535      3760         0         3
            536      4016         0         3
            537      4032         0         3
            538      4031         0         3
            539      4015         0         3
            540      3759         0         3
            541      3775         0         3
            542      3774         0         3
            543      3758         0         3
            544      4014         0         3
            545      4030         0         3
            546      4029         0         3
            547      4013         0         3
            548      3757         0         3
            549      3773         0         3
            550      3517         0         3
            551      3261         0         3
            552      3262         0         3
            553      3518         0         3
            554      3502         0         3
            555      3246         0         3
            556      3245         0         3
            557      3501         0         3
            558      3485         0         3
            559      3229         0         3
            560      3230         0         3
            561      3486         0         3
            562      3470         0         3
            563      3214         0         3
            564      3213         0         3
            565      3469         0         3
            566      3725         0         3
            567      3741         0         3
            568      3997         0         3
            569      3981         0         3
            570      3982         0         3
            571      3998         0         3
            572      3742         0         3
            573      3726         0         3
            574      3727         0         3
            575      3743         0         3
            576      3999         0         3
            577      3983         0         3
            578      3984         0         3
            579      4000         0         3
            580      3744         0         3
            581      3728         0         3
            582      3472         0         3
            583      3471         0         3
            584      3487         0         3
            585      3488         0         3
            586      3232         0         3
            587      3231         0         3
            588      3215         0         3
            589      3216         0         3
            590      2960         0         3
            591      2704         0         3
            592      2703         0         3
            593      2959         0         3
            594      2975         0         3
            595      2719         0         3
            596      2720         0         3
            597      2976         0         3
            598      2992         0         3
            599      2991         0         3
            600      3007         0         3
            601      3008         0         3
            602      2752         0         3
            603      2751         0         3
            604      2735         0         3
            605      2736         0         3
            606      2480         0         3
            607      2479         0         3
            608      2495         0         3
            609      2496         0         3
            610      2240         0         3
            611      2239         0         3
            612      2223         0         3
            613      2224         0         3
            614      2208         0         3
            615      2192         0         3
            616      2448         0         3
            617      2464         0         3
            618      2463         0         3
            619      2447         0         3
            620      2191         0         3
            621      2207         0         3
            622      2206         0         3
            623      2190         0         3
            624      2446         0         3
            625      2462         0         3
            626      2461         0         3
            627      2445         0         3
            628      2189         0         3
            629      2205         0         3
            630      2221         0         3
            631      2222         0         3
            632      2238         0         3
            633      2237         0         3
            634      2493         0         3
            635      2494         0         3
            636      2478         0         3
            637      2477         0         3
            638      2733         0         3
            639      2734         0         3
            640      2750         0         3
            641      2749         0         3
            642      3005         0         3
            643      3006         0         3
            644      2990         0         3
            645      2989         0         3
            646      2973         0         3
            647      2717         0         3
            648      2718         0         3
            649      2974         0         3
            650      2958         0         3
            651      2702         0         3
            652      2701         0         3
            653      2957         0         3
            654      2956         0         3
            655      2700         0         3
            656      2699         0         3
            657      2955         0         3
            658      2971         0         3
            659      2715         0         3
            660      2716         0         3
            661      2972         0         3
            662      2988         0         3
            663      2987         0         3
            664      3003         0         3
            665      3004         0         3
            666      2748         0         3
            667      2747         0         3
            668      2731         0         3
            669      2732         0         3
            670      2476         0         3
            671      2475         0         3
            672      2491         0         3
            673      2492         0         3
            674      2236         0         3
            675      2235         0         3
            676      2219         0         3
            677      2220         0         3
            678      2204         0         3
            679      2188         0         3
            680      2444         0         3
            681      2460         0         3
            682      2459         0         3
            683      2443         0         3
            684      2187         0         3
            685      2203         0         3
            686      2202         0         3
            687      2186         0         3
            688      2442         0         3
            689      2458         0         3
            690      2457         0         3
            691      2441         0         3
            692      2185         0         3
            693      2201         0         3
            694      2217         0         3
            695      2218         0         3
            696      2234         0         3
            697      2233         0         3
            698      2489         0         3
            699      2490         0         3
            700      2474         0         3
            701      2473         0         3
            702      2729         0         3
            703      2730         0         3
            704      2746         0         3
            705      2745         0         3
            706      3001         0         3
            707      3002         0         3
            708      2986         0         3
            709      2985         0         3
            710      2969         0         3
            711      2713         0         3
            712      2714         0         3
            713      2970         0         3
            714      2954         0         3
            715      2698         0         3
            716      2697         0         3
            717      2953         0         3
            718      3209         0         3
            719      3225         0         3
            720      3481         0         3
            721      3465         0         3
            722      3466         0         3
            723      3482         0         3
            724      3226         0         3
            725      3210         0         3
            726      3211         0         3
            727      3467         0         3
            728      3468         0         3
            729      3212         0         3
            730      3228         0         3
            731      3484         0         3
            732      3483         0         3
            733      3227         0         3
            734      3243         0         3
            735      3499         0         3
            736      3500         0         3
            737      3244         0         3
            738      3260         0         3
            739      3516         0         3
            740      3515         0         3
            741      3259         0         3
            742      3258         0         3
            743      3257         0         3
            744      3241         0         3
            745      3242         0         3
            746      3498         0         3
            747      3497         0         3
            748      3513         0         3
            749      3514         0         3
            750      3770         0         3
            751      3769         0         3
            752      3753         0         3
            753      3754         0         3
            754      4010         0         3
            755      4009         0         3
            756      4025         0         3
            757      4026         0         3
            758      4027         0         3
            759      3771         0         3
            760      3772         0         3
            761      4028         0         3
            762      4012         0         3
            763      3756         0         3
            764      3755         0         3
            765      4011         0         3
            766      3995         0         3
            767      3739         0         3
            768      3740         0         3
            769      3996         0         3
            770      3980         0         3
            771      3724         0         3
            772      3723         0         3
            773      3979         0         3
            774      3978         0         3
            775      3994         0         3
            776      3738         0         3
            777      3722         0         3
            778      3721         0         3
            779      3737         0         3
            780      3993         0         3
            781      3977         0         3
            782      3961         0         3
            783      3945         0         3
            784      3689         0         3
            785      3705         0         3
            786      3706         0         3
            787      3690         0         3
            788      3946         0         3
            789      3962         0         3
            790      3963         0         3
            791      3707         0         3
            792      3708         0         3
            793      3964         0         3
            794      3948         0         3
            795      3692         0         3
            796      3691         0         3
            797      3947         0         3
            798      3931         0         3
            799      3675         0         3
            800      3676         0         3
            801      3932         0         3
            802      3916         0         3
            803      3660         0         3
            804      3659         0         3
            805      3915         0         3
            806      3914         0         3
            807      3913         0         3
            808      3929         0         3
            809      3930         0         3
            810      3674         0         3
            811      3673         0         3
            812      3657         0         3
            813      3658         0         3
            814      3402         0         3
            815      3401         0         3
            816      3417         0         3
            817      3418         0         3
            818      3162         0         3
            819      3161         0         3
            820      3145         0         3
            821      3146         0         3
            822      3147         0         3
            823      3403         0         3
            824      3404         0         3
            825      3148         0         3
            826      3164         0         3
            827      3420         0         3
            828      3419         0         3
            829      3163         0         3
            830      3179         0         3
            831      3435         0         3
            832      3436         0         3
            833      3180         0         3
            834      3196         0         3
            835      3452         0         3
            836      3451         0         3
            837      3195         0         3
            838      3194         0         3
            839      3178         0         3
            840      3434         0         3
            841      3450         0         3
            842      3449         0         3
            843      3433         0         3
            844      3177         0         3
            845      3193         0         3
            846      2937         0         3
            847      2681         0         3
            848      2682         0         3
            849      2938         0         3
            850      2922         0         3
            851      2666         0         3
            852      2665         0         3
            853      2921         0         3
            854      2905         0         3
            855      2906         0         3
            856      2890         0         3
            857      2889         0         3
            858      2633         0         3
            859      2634         0         3
            860      2650         0         3
            861      2649         0         3
            862      2393         0         3
            863      2394         0         3
            864      2378         0         3
            865      2377         0         3
            866      2121         0         3
            867      2122         0         3
            868      2138         0         3
            869      2137         0         3
            870      2153         0         3
            871      2169         1         3
       1       3
            872      2425         0         4
            873      2409         0         4
            874      2410         0         4
            875      2426         0         4
            876      2170         0         4
            877      2154         0         4
            878      2155         0         4
            879      2171         0         4
            880      2427         0         4
            881      2411         0         4
            882      2412         0         4
            883      2428         0         4
            884      2172         0         4
            885      2156         0         4
            886      2140         0         4
            887      2139         0         4
            888      2123         0         4
            889      2124         0         4
            890      2380         0         4
            891      2379         0         4
            892      2395         0         4
            893      2396         0         4
            894      2652         0         4
            895      2651         0         4
            896      2635         0         4
            897      2636         0         4
            898      2892         0         4
            899      2891         0         4
            900      2907         0         4
            901      2908         0         4
            902      2924         0         4
            903      2668         0         4
            904      2667         0         4
            905      2923         0         4
            906      2939         0         4
            907      2683         0         4
            908      2684         0         4
            909      2940         0         4
            910      2941         0         4
            911      2685         0         4
            912      2686         0         4
            913      2942         0         4
            914      2926         0         4
            915      2670         0         4
            916      2669         0         4
            917      2925         0         4
            918      2909         0         4
            919      2910         0         4
            920      2894         0         4
            921      2893         0         4
            922      2637         0         4
            923      2638         0         4
            924      2654         0         4
            925      2653         0         4
            926      2397         0         4
            927      2398         0         4
            928      2382         0         4
            929      2381         0         4
            930      2125         0         4
            931      2126         0         4
            932      2142         0         4
            933      2141         0         4
            934      2157         0         4
            935      2173         0         4
            936      2429         0         4
            937      2413         0         4
            938      2414         0         4
            939      2430         0         4
            940      2174         0         4
            941      2158         0         4
            942      2159         0         4
            943      2175         0         4
            944      2431         0         4
            945      2415         0         4
            946      2416         0         4
            947      2432         0         4
            948      2176         0         4
            949      2160         0         4
            950      2144         0         4
            951      2143         0         4
            952      2127         0         4
            953      2128         0         4
            954      2384         0         4
            955      2383         0         4
            956      2399         0         4
            957      2400         0         4
            958      2656         0         4
            959      2655         0         4
            960      2639         0         4
            961      2640         0         4
            962      2896         0         4
            963      2895         0         4
            964      2911         0         4
            965      2912         0         4
            966      2928         0         4
            967      2672         0         4
            968      2671         0         4
            969      2927         0         4
            970      2943         0         4
            971      2687         0         4
            972      2688         0         4
            973      2944         0         4
            974      3200         0         4
            975      3199         0         4
            976      3183         0         4
            977      3184         0         4
            978      3440         0         4
            979      3439         0         4
            980      3455         0         4
            981      3456         0         4
            982      3712         0         4
            983      3696         0         4
            984      3952         0         4
            985      3968         0         4
            986      3967         0         4
            987      3951         0         4
            988      3695         0         4
            989      3711         0         4
            990      3710         0         4
            991      3694         0         4
            992      3950         0         4
            993      3966         0         4
            994      3965         0         4
            995      3949         0         4
            996      3693         0         4
            997      3709         0         4
            998      3453         0         4
            999      3197         0         4
           1000      3198         0         4
           1001      3454         0         4
           1002      3438         0         4
           1003      3182         0         4
           1004      3181         0         4
           1005      3437         0         4
           1006      3421         0         4
           1007      3165         0         4
           1008      3166         0         4
           1009      3422         0         4
           1010      3406         0         4
           1011      3150         0         4
           1012      3149         0         4
           1013      3405         0         4
           1014      3661         0         4
           1015      3677         0         4
           1016      3933         0         4
           1017      3917         0         4
           1018      3918         0         4
           1019      3934         0         4
           1020      3678         0         4
           1021      3662         0         4
           1022      3663         0         4
           1023      3679         0         4
           1024      3935         0         4
           1025      3919         0         4
           1026      3920         0         4
           1027      3936         0         4
           1028      3680         0         4
           1029      3664         0         4
           1030      3408         0         4
           1031      3407         0         4
           1032      3423         0         4
           1033      3424         0         4
           1034      3168         0         4
           1035      3167         0         4
           1036      3151         0         4
           1037      3152         0         4
           1038      3136         0         4
           1039      3135         0         4
           1040      3119         0         4
           1041      3120         0         4
           1042      3376         0         4
           1043      3375         0         4
           1044      3391         0         4
           1045      3392         0         4
           1046      3648         0         4
           1047      3632         0         4
           1048      3888         0         4
           1049      3904         0         4
           1050      3903         0         4
           1051      3887         0         4
           1052      3631         0         4
           1053      3647         0         4
           1054      3646         0         4
           1055      3630         0         4
           1056      3886         0         4
           1057      3902         0         4
           1058      3901         0         4
           1059      3885         0         4
           1060      3629         0         4
           1061      3645         0         4
           1062      3389         0         4
           1063      3133         0         4
           1064      3134         0         4
           1065      3390         0         4
           1066      3374         0         4
           1067      3118         0         4
           1068      3117         0         4
           1069      3373         0         4
           1070      3357         0         4
           1071      3101         0         4
           1072      3102         0         4
           1073      3358         0         4
           1074      3342         0         4
           1075      3086         0         4
           1076      3085         0         4
           1077      3341         0         4
           1078      3597         0         4
           1079      3613         0         4
           1080      3869         0         4
           1081      3853         0         4
           1082      3854         0         4
           1083      3870         0         4
           1084      3614         0         4
           1085      3598         0         4
           1086      3599         0         4
           1087      3615         0         4
           1088      3871         0         4
           1089      3855         0         4
           1090      3856         0         4
           1091      3872         0         4
           1092      3616         0         4
           1093      3600         0         4
           1094      3344         0         4
           1095      3343         0         4
           1096      3359         0         4
           1097      3360         0         4
           1098      3104         0         4
           1099      3103         0         4
           1100      3087         0         4
           1101      3088         0         4
           1102      2832         0         4
           1103      2576         0         4
           1104      2575         0         4
           1105      2831         0         4
           1106      2847         0         4
           1107      2591         0         4
           1108      2592         0         4
           1109      2848         0         4
           1110      2864         0         4
           1111      2863         0         4
           1112      2879         0         4
           1113      2880         0         4
           1114      2624         0         4
           1115      2623         0         4
           1116      2607         0         4
           1117      2608         0         4
           1118      2352         0         4
           1119      2351         0         4
           1120      2367         0         4
           1121      2368         0         4
           1122      2112         0         4
           1123      2111         0         4
           1124      2095         0         4
           1125      2096         0         4
           1126      2080         0         4
           1127      2064         0         4
           1128      2320         0         4
           1129      2336         0         4
           1130      2335         0         4
           1131      2319         0         4
           1132      2063         0         4
           1133      2079         0         4
           1134      2078         0         4
           1135      2062         0         4
           1136      2318         0         4
           1137      2334         0         4
           1138      2333         0         4
           1139      2317         0         4
           1140      2061         0         4
           1141      2077         0         4
           1142      2093         0         4
           1143      2094         0         4
           1144      2110         0         4
           1145      2109         0         4
           1146      2365         0         4
           1147      2366         0         4
           1148      2350         0         4
           1149      2349         0         4
           1150      2605         0         4
           1151      2606         0         4
           1152      2622         0         4
           1153      2621         0         4
           1154      2877         0         4
           1155      2878         0         4
           1156      2862         0         4
           1157      2861         0         4
           1158      2845         0         4
           1159      2589         0         4
           1160      2590         0         4
           1161      2846         0         4
           1162      2830         0         4
           1163      2574         0         4
           1164      2573         0         4
           1165      2829         0         4
           1166      2828         0         4
           1167      2572         0         4
           1168      2571         0         4
           1169      2827         0         4
           1170      2843         0         4
           1171      2587         0         4
           1172      2588         0         4
           1173      2844         0         4
           1174      2860         0         4
           1175      2859         0         4
           1176      2875         0         4
           1177      2876         0         4
           1178      2620         0         4
           1179      2619         0         4
           1180      2603         0         4
           1181      2604         0         4
           1182      2348         0         4
           1183      2347         0         4
           1184      2363         0         4
           1185      2364         0         4
           1186      2108         0         4
           1187      2107         0         4
           1188      2091         0         4
           1189      2092         0         4
           1190      2076         0         4
           1191      2060         0         4
           1192      2316         0         4
           1193      2332         0         4
           1194      2331         0         4
           1195      2315         0         4
           1196      2059         0         4
           1197      2075         0         4
           1198      2074         0         4
           1199      2058         0         4
           1200      2314         0         4
           1201      2330         0         4
           1202      2329         0         4
           1203      2313         0         4
           1204      2057         0         4
           1205      2073         0         4
           1206      2089         0         4
           1207      2090         0         4
           1208      2106         0         4
           1209      2105         0         4
           1210      2361         0         4
           1211      2362         0         4
           1212      2346         0         4
           1213      2345         0         4
           1214      2601         0         4
           1215      2602         0         4
           1216      2618         0         4
           1217      2617         0         4
           1218      2873         0         4
           1219      2874         0         4
           1220      2858         0         4
           1221      2857         0         4
           1222      2841         0         4
           1223      2585         0         4
           1224      2586         0         4
           1225      2842         0         4
           1226      2826         0         4
           1227      2570         0         4
           1228      2569         0         4
           1229      2825         0         4
           1230      3081         0         4
           1231      3097         0         4
           1232      3353         0         4
           1233      3337         0         4
           1234      3338         0         4
           1235      3354         0         4
           1236      3098         0         4
           1237      3082         0         4
           1238      3083         0         4
           1239      3339         0         4
           1240      3340         0         4
           1241      3084         0         4
           1242      3100         0         4
           1243      3356         0         4
           1244      3355         0         4
           1245      3099         0         4
           1246      3115         0         4
           1247      3371         0         4
           1248      3372         0         4
           1249      3116         0         4
           1250      3132         0         4
           1251      3388         0         4
           1252      3387         0         4
           1253      3131         0         4
           1254      3130         0         4
           1255      3129         0         4
           1256      3113         0         4
           1257      3114         0         4
           1258      3370         0         4
           1259      3369         0         4
           1260      3385         0         4
           1261      3386         0         4
           1262      3642         0         4
           1263      3641         0         4
           1264      3625         0         4
           1265      3626         0         4
           1266      3882         0         4
           1267      3881         0         4
           1268      3897         0         4
           1269      3898         0         4
           1270      3899         0         4
           1271      3643         0         4
           1272      3644         0         4
           1273      3900         0         4
           1274      3884         0         4
           1275      3628         0         4
           1276      3627         0         4
           1277      3883         0         4
           1278      3867         0         4
           1279      3611         0         4
           1280      3612         0         4
           1281      3868         0         4
           1282      3852         0         4
           1283      3596         0         4
           1284      3595         0         4
           1285      3851         0         4
           1286      3850         0         4
           1287      3866         0         4
           1288      3610         0         4
           1289      3594         0         4
           1290      3593         0         4
           1291      3609         0         4
           1292      3865         0         4
           1293      3849         0         4
           1294      3848         0         4
           1295      3847         0         4
           1296      3863         0         4
           1297      3864         0         4
           1298      3608         0         4
           1299      3607         0         4
           1300      3591         0         4
           1301      3592         0         4
           1302      3336         0         4
           1303      3352         0         4
           1304      3096         0         4
           1305      3080         0         4
           1306      3079         0         4
           1307      3095         0         4
           1308      3351         0         4
           1309      3335         0         4
           1310      3334         0         4
           1311      3350         0         4
           1312      3094         0         4
           1313      3078         0         4
           1314      3077         0         4
           1315      3093         0         4
           1316      3349         0         4
           1317      3333         0         4
           1318      3589         0         4
           1319      3845         0         4
           1320      3846         0         4
           1321      3590         0         4
           1322      3606         0         4
           1323      3862         0         4
           1324      3861         0         4
           1325      3605         0         4
           1326      3621         0         4
           1327      3877         0         4
           1328      3878         0         4
           1329      3622         0         4
           1330      3638         0         4
           1331      3894         0         4
           1332      3893         0         4
           1333      3637         0         4
           1334      3381         0         4
           1335      3365         0         4
           1336      3109         0         4
           1337      3125         0         4
           1338      3126         0         4
           1339      3110         0         4
           1340      3366         0         4
           1341      3382         0         4
           1342      3383         0         4
           1343      3367         0         4
           1344      3111         0         4
           1345      3127         0         4
           1346      3128         0         4
           1347      3112         0         4
           1348      3368         0         4
           1349      3384         0         4
           1350      3640         0         4
           1351      3639         0         4
           1352      3623         0         4
           1353      3624         0         4
           1354      3880         0         4
           1355      3879         0         4
           1356      3895         0         4
           1357      3896         0         4
           1358      3912         0         4
           1359      3928         0         4
           1360      3672         0         4
           1361      3656         0         4
           1362      3655         0         4
           1363      3671         0         4
           1364      3927         0         4
           1365      3911         0         4
           1366      3910         0         4
           1367      3654         0         4
           1368      3653         0         4
           1369      3909         0         4
           1370      3925         0         4
           1371      3669         0         4
           1372      3670         0         4
           1373      3926         0         4
           1374      3942         0         4
           1375      3686         0         4
           1376      3685         0         4
           1377      3941         0         4
           1378      3957         0         4
           1379      3701         0         4
           1380      3702         0         4
           1381      3958         0         4
           1382      3959         0         4
           1383      3960         0         4
           1384      3944         0         4
           1385      3943         0         4
           1386      3687         0         4
           1387      3688         0         4
           1388      3704         0         4
           1389      3703         0         4
           1390      3447         0         4
           1391      3448         0         4
           1392      3432         0         4
           1393      3431         0         4
           1394      3175         0         4
           1395      3176         0         4
           1396      3192         0         4
           1397      3191         0         4
           1398      3190         0         4
           1399      3446         0         4
           1400      3445         0         4
           1401      3189         0         4
           1402      3173         0         4
           1403      3429         0         4
           1404      3430         0         4
           1405      3174         0         4
           1406      3158         0         4
           1407      3414         0         4
           1408      3413         0         4
           1409      3157         0         4
           1410      3141         0         4
           1411      3397         0         4
           1412      3398         0         4
           1413      3142         0         4
           1414      3143         0         4
           1415      3159         0         4
           1416      3415         0         4
           1417      3399         0         4
           1418      3400         0         4
           1419      3416         0         4
           1420      3160         0         4
           1421      3144         0         4
           1422      2888         0         4
           1423      2904         0         4
           1424      2648         0         4
           1425      2632         0         4
           1426      2631         0         4
           1427      2647         0         4
           1428      2903         0         4
           1429      2887         0         4
           1430      2886         0         4
           1431      2630         0         4
           1432      2629         0         4
           1433      2885         0         4
           1434      2901         0         4
           1435      2645         0         4
           1436      2646         0         4
           1437      2902         0         4
           1438      2918         0         4
           1439      2662         0         4
           1440      2661         0         4
           1441      2917         0         4
           1442      2933         0         4
           1443      2677         0         4
           1444      2678         0         4
           1445      2934         0         4
           1446      2935         0         4
           1447      2936         0         4
           1448      2920         0         4
           1449      2919         0         4
           1450      2663         0         4
           1451      2664         0         4
           1452      2680         0         4
           1453      2679         0         4
           1454      2423         0         4
           1455      2424         0         4
           1456      2408         0         4
           1457      2407         0         4
           1458      2151         0         4
           1459      2152         0         4
           1460      2168         0         4
           1461      2167         0         4
           1462      2166         0         4
           1463      2422         0         4
           1464      2421         0         4
           1465      2165         0         4
           1466      2149         0         4
           1467      2405         0         4
           1468      2406         0         4
           1469      2150         0         4
           1470      2134         0         4
           1471      2390         0         4
           1472      2389         0         4
           1473      2133         0         4
           1474      2117         0         4
           1475      2373         0         4
           1476      2374         0         4
           1477      2118         0         4
           1478      2119         0         4
           1479      2135         0         4
           1480      2391         0         4
           1481      2375         0         4
           1482      2376         0         4
           1483      2392         0         4
           1484      2136         0         4
           1485      2120         0         4
           1486      2104         0         4
           1487      2360         0         4
           1488      2359         0         4
           1489      2103         0         4
           1490      2087         0         4
           1491      2343         0         4
           1492      2344         0         4
           1493      2088         0         4
           1494      2072         0         4
           1495      2071         0         4
           1496      2055         0         4
           1497      2056         0         4
           1498      2312         0         4
           1499      2311         0         4
           1500      2327         0         4
           1501      2328         0         4
           1502      2584         0         4
           1503      2583         0         4
           1504      2567         0         4
           1505      2568         0         4
           1506      2824         0         4
           1507      2823         0         4
           1508      2839         0         4
           1509      2840         0         4
           1510      2856         0         4
           1511      2872         0         4
           1512      2616         0         4
           1513      2600         0         4
           1514      2599         0         4
           1515      2615         0         4
           1516      2871         0         4
           1517      2855         0         4
           1518      2854         0         4
           1519      2870         0         4
           1520      2614         0         4
           1521      2598         0         4
           1522      2597         0         4
           1523      2613         0         4
           1524      2869         0         4
           1525      2853         0         4
           1526      2837         0         4
           1527      2838         0         4
           1528      2822         0         4
           1529      2821         0         4
           1530      2565         0         4
           1531      2566         0         4
           1532      2582         0         4
           1533      2581         0         4
           1534      2325         0         4
           1535      2326         0         4
           1536      2310         0         4
           1537      2309         0         4
           1538      2053         0         4
           1539      2054         0         4
           1540      2070         0         4
           1541      2069         0         4
           1542      2085         0         4
           1543      2341         0         4
           1544      2342         0         4
           1545      2086         0         4
           1546      2102         0         4
           1547      2358         0         4
           1548      2357         0         4
           1549      2101         0         4
           1550      2100         0         4
           1551      2356         0         4
           1552      2355         0         4
           1553      2099         0         4
           1554      2083         0         4
           1555      2339         0         4
           1556      2340         0         4
           1557      2084         0         4
           1558      2068         0         4
           1559      2067         0         4
           1560      2051         0         4
           1561      2052         0         4
           1562      2308         0         4
           1563      2307         0         4
           1564      2323         0         4
           1565      2324         0         4
           1566      2580         0         4
           1567      2579         0         4
           1568      2563         0         4
           1569      2564         0         4
           1570      2820         0         4
           1571      2819         0         4
           1572      2835         0         4
           1573      2836         0         4
           1574      2852         0         4
           1575      2868         0         4
           1576      2612         0         4
           1577      2596         0         4
           1578      2595         0         4
           1579      2611         0         4
           1580      2867         0         4
           1581      2851         0         4
           1582      2850         0         4
           1583      2866         0         4
           1584      2610         0         4
           1585      2594         0         4
           1586      2593         0         4
           1587      2609         0         4
           1588      2865         0         4
           1589      2849         0         4
           1590      2833         0         4
           1591      2834         0         4
           1592      2818         0         4
           1593      2817         0         4
           1594      2561         0         4
           1595      2562         0         4
           1596      2578         0         4
           1597      2577         0         4
           1598      2321         0         4
           1599      2322         0         4
           1600      2306         0         4
           1601      2305         0         4
           1602      2049         0         4
           1603      2050         0         4
           1604      2066         0         4
           1605      2065         0         4
           1606      2081         0         4
           1607      2337         0         4
           1608      2338         0         4
           1609      2082         0         4
           1610      2098         0         4
           1611      2354         0         4
           1612      2353         0         4
           1613      2097         0         4
           1614      2113         0         4
           1615      2129         0         4
           1616      2385         0         4
           1617      2369         0         4
           1618      2370         0         4
           1619      2386         0         4
           1620      2130         0         4
           1621      2114         0         4
           1622      2115         0         4
           1623      2371         0         4
           1624      2372         0         4
           1625      2116         0         4
           1626      2132         0         4
           1627      2388         0         4
           1628      2387         0         4
           1629      2131         0         4
           1630      2147         0         4
           1631      2403         0         4
           1632      2404         0         4
           1633      2148         0         4
           1634      2164         0         4
           1635      2420         0         4
           1636      2419         0         4
           1637      2163         0         4
           1638      2162         0         4
           1639      2161         0         4
           1640      2145         0         4
           1641      2146         0         4
           1642      2402         0         4
           1643      2401         0         4
           1644      2417         0         4
           1645      2418         0         4
           1646      2674         0         4
           1647      2673         0         4
           1648      2657         0         4
           1649      2658         0         4
           1650      2914         0         4
           1651      2913         0         4
           1652      2929         0         4
           1653      2930         0         4
           1654      2931         0         4
           1655      2675         0         4
           1656      2676         0         4
           1657      2932         0         4
           1658      2916         0         4
           1659      2660         0         4
           1660      2659         0         4
           1661      2915         0         4
           1662      2899         0         4
           1663      2643         0         4
           1664      2644         0         4
           1665      2900         0         4
           1666      2884         0         4
           1667      2628         0         4
           1668      2627         0         4
           1669      2883         0         4
           1670      2882         0         4
           1671      2898         0         4
           1672      2642         0         4
           1673      2626         0         4
           1674      2625         0         4
           1675      2641         0         4
           1676      2897         0         4
           1677      2881         0         4
           1678      3137         0         4
           1679      3153         0         4
           1680      3409         0         4
           1681      3393         0         4
           1682      3394         0         4
           1683      3410         0         4
           1684      3154         0         4
           1685      3138         0         4
           1686      3139         0         4
           1687      3395         0         4
           1688      3396         0         4
           1689      3140         0         4
           1690      3156         0         4
           1691      3412         0         4
           1692      3411         0         4
           1693      3155         0         4
           1694      3171         0         4
           1695      3427         0         4
           1696      3428         0         4
           1697      3172         0         4
           1698      3188         0         4
           1699      3444         0         4
           1700      3443         0         4
           1701      3187         0         4
           1702      3186         0         4
           1703      3185         0         4
           1704      3169         0         4
           1705      3170         0         4
           1706      3426         0         4
           1707      3425         0         4
           1708      3441         0         4
           1709      3442         0         4
           1710      3698         0         4
           1711      3697         0         4
           1712      3681         0         4
           1713      3682         0         4
           1714      3938         0         4
           1715      3937         0         4
           1716      3953         0         4
           1717      3954         0         4
           1718      3955         0         4
           1719      3699         0         4
           1720      3700         0         4
           1721      3956         0         4
           1722      3940         0         4
           1723      3684         0         4
           1724      3683         0         4
           1725      3939         0         4
           1726      3923         0         4
           1727      3667         0         4
           1728      3668         0         4
           1729      3924         0         4
           1730      3908         0         4
           1731      3652         0         4
           1732      3651         0         4
           1733      3907         0         4
           1734      3906         0         4
           1735      3922         0         4
           1736      3666         0         4
           1737      3650         0         4
           1738      3649         0         4
           1739      3665         0         4
           1740      3921         0         4
           1741      3905         0         4
           1742      3889         0         4
           1743      3890         0         4
           1744      3874         0         4
           1745      3873         0         4
           1746      3617         0         4
           1747      3618         0         4
           1748      3634         0         4
           1749      3633         0         4
           1750      3377         0         4
           1751      3361         0         4
           1752      3105         0         4
           1753      3121         0         4
           1754      3122         0         4
           1755      3106         0         4
           1756      3362         0         4
           1757      3378         0         4
           1758      3379         0         4
           1759      3363         0         4
           1760      3107         0         4
           1761      3123         0         4
           1762      3124         0         4
           1763      3108         0         4
           1764      3364         0         4
           1765      3380         0         4
           1766      3636         0         4
           1767      3892         0         4
           1768      3891         0         4
           1769      3635         0         4
           1770      3619         0         4
           1771      3875         0         4
           1772      3876         0         4
           1773      3620         0         4
           1774      3604         0         4
           1775      3860         0         4
           1776      3859         0         4
           1777      3603         0         4
           1778      3587         0         4
           1779      3843         0         4
           1780      3844         0         4
           1781      3588         0         4
           1782      3332         0         4
           1783      3348         0         4
           1784      3092         0         4
           1785      3076         0         4
           1786      3075         0         4
           1787      3091         0         4
           1788      3347         0         4
           1789      3331         0         4
           1790      3330         0         4
           1791      3346         0         4
           1792      3090         0         4
           1793      3074         0         4
           1794      3073         0         4
           1795      3089         0         4
           1796      3345         0         4
           1797      3329         0         4
           1798      3585         0         4
           1799      3586         0         4
           1800      3602         0         4
           1801      3601         0         4
           1802      3857         0         4
           1803      3858         0         4
           1804      3842         0         4
           1805      3841         0         4
