# Spin 1
# Original Fermi-level:     -8.54323 eV
# DOS shifted relative to Fermi-level
# Energy(eV)   pDOS(/eV)
#                  Total         l=0         l=1         l=2
    -9.52399     0.00000     0.00000     0.00000     0.00000
    -9.52208     0.00000     0.00000     0.00000     0.00000
    -9.52018     0.00000     0.00000     0.00000     0.00000
    -9.51827     0.00000     0.00000     0.00000     0.00000
    -9.51637     0.00000     0.00000     0.00000     0.00000
    -9.51446     0.00000     0.00000     0.00000     0.00000
    -9.51256     0.00000     0.00000     0.00000     0.00000
    -9.51065     0.00000     0.00000     0.00000     0.00000
    -9.50875     0.00000     0.00000     0.00000     0.00000
    -9.50684     0.00000     0.00000     0.00000     0.00000
    -9.50494     0.00000     0.00000     0.00000     0.00000
    -9.50303     0.00000     0.00000     0.00000     0.00000
    -9.50113     0.00000     0.00000     0.00000     0.00000
    -9.49922     0.00000     0.00000     0.00000     0.00000
    -9.49732     0.00000     0.00000     0.00000     0.00000
    -9.49541     0.00000     0.00000     0.00000     0.00000
    -9.49351     0.00000     0.00000     0.00000     0.00000
    -9.49160     0.00000     0.00000     0.00000     0.00000
    -9.48970     0.00000     0.00000     0.00000     0.00000
    -9.48779     0.00000     0.00000     0.00000     0.00000
    -9.48589     0.00000     0.00000     0.00000     0.00000
    -9.48398     0.00000     0.00000     0.00000     0.00000
    -9.48208     0.00000     0.00000     0.00000     0.00000
    -9.48017     0.00000     0.00000     0.00000     0.00000
    -9.47827     0.00000     0.00000     0.00000     0.00000
    -9.47637     0.00000     0.00000     0.00000     0.00000
    -9.47446     0.00000     0.00000     0.00000     0.00000
    -9.47256     0.00000     0.00000     0.00000     0.00000
    -9.47065     0.00000     0.00000     0.00000     0.00000
    -9.46875     0.00000     0.00000     0.00000     0.00000
    -9.46684     0.00000     0.00000     0.00000     0.00000
    -9.46494     0.00000     0.00000     0.00000     0.00000
    -9.46303     0.00000     0.00000     0.00000     0.00000
    -9.46113     0.00000     0.00000     0.00000     0.00000
    -9.45922     0.00000     0.00000     0.00000     0.00000
    -9.45732     0.00000     0.00000     0.00000     0.00000
    -9.45541     0.00000     0.00000     0.00000     0.00000
    -9.45351     0.00000     0.00000     0.00000     0.00000
    -9.45160     0.00000     0.00000     0.00000     0.00000
    -9.44970     0.00000     0.00000     0.00000     0.00000
    -9.44779     0.00000     0.00000     0.00000     0.00000
    -9.44589     0.00000     0.00000     0.00000     0.00000
    -9.44398     0.00000     0.00000     0.00000     0.00000
    -9.44208     0.00000     0.00000     0.00000     0.00000
    -9.44017     0.00000     0.00000     0.00000     0.00000
    -9.43827     0.00000     0.00000     0.00000     0.00000
    -9.43636     0.00000     0.00000     0.00000     0.00000
    -9.43446     0.00000     0.00000     0.00000     0.00000
    -9.43255     0.00000     0.00000     0.00000     0.00000
    -9.43065     0.00000     0.00000     0.00000     0.00000
    -9.42875     0.00000     0.00000     0.00000     0.00000
    -9.42684     0.00000     0.00000     0.00000     0.00000
    -9.42494     0.00000     0.00000     0.00000     0.00000
    -9.42303     0.00000     0.00000     0.00000     0.00000
    -9.42113     0.00000     0.00000     0.00000     0.00000
    -9.41922     0.00000     0.00000     0.00000     0.00000
    -9.41732     0.00000     0.00000     0.00000     0.00000
    -9.41541     0.00000     0.00000     0.00000     0.00000
    -9.41351     0.00000     0.00000     0.00000     0.00000
    -9.41160     0.00000     0.00000     0.00000     0.00000
    -9.40970     0.00000     0.00000     0.00000     0.00000
    -9.40779     0.00000     0.00000     0.00000     0.00000
    -9.40589     0.00000     0.00000     0.00000     0.00000
    -9.40398     0.00000     0.00000     0.00000     0.00000
    -9.40208     0.00000     0.00000     0.00000     0.00000
    -9.40017     0.00000     0.00000     0.00000     0.00000
    -9.39827     0.00000     0.00000     0.00000     0.00000
    -9.39636     0.00000     0.00000     0.00000     0.00000
    -9.39446     0.00000     0.00000     0.00000     0.00000
    -9.39255     0.00000     0.00000     0.00000     0.00000
    -9.39065     0.00000     0.00000     0.00000     0.00000
    -9.38874     0.00000     0.00000     0.00000     0.00000
    -9.38684     0.00000     0.00000     0.00000     0.00000
    -9.38493     0.00000     0.00000     0.00000     0.00000
    -9.38303     0.00000     0.00000     0.00000     0.00000
    -9.38113     0.00000     0.00000     0.00000     0.00000
    -9.37922     0.00000     0.00000     0.00000     0.00000
    -9.37732     0.00000     0.00000     0.00000     0.00000
    -9.37541     0.00000     0.00000     0.00000     0.00000
    -9.37351     0.00000     0.00000     0.00000     0.00000
    -9.37160     0.00000     0.00000     0.00000     0.00000
    -9.36970     0.00000     0.00000     0.00000     0.00000
    -9.36779     0.00000     0.00000     0.00000     0.00000
    -9.36589     0.00000     0.00000     0.00000     0.00000
    -9.36398     0.00000     0.00000     0.00000     0.00000
    -9.36208     0.00000     0.00000     0.00000     0.00000
    -9.36017     0.00000     0.00000     0.00000     0.00000
    -9.35827     0.00000     0.00000     0.00000     0.00000
    -9.35636     0.00000     0.00000     0.00000     0.00000
    -9.35446     0.00000     0.00000     0.00000     0.00000
    -9.35255     0.00000     0.00000     0.00000     0.00000
    -9.35065     0.00000     0.00000     0.00000     0.00000
    -9.34874     0.00000     0.00000     0.00000     0.00000
    -9.34684     0.00000     0.00000     0.00000     0.00000
    -9.34493     0.00000     0.00000     0.00000     0.00000
    -9.34303     0.00000     0.00000     0.00000     0.00000
    -9.34112     0.00000     0.00000     0.00000     0.00000
    -9.33922     0.00000     0.00000     0.00000     0.00000
    -9.33731     0.00000     0.00000     0.00000     0.00000
    -9.33541     0.00000     0.00000     0.00000     0.00000
    -9.33351     0.00000     0.00000     0.00000     0.00000
    -9.33160     0.00000     0.00000     0.00000     0.00000
    -9.32970     0.00000     0.00000     0.00000     0.00000
    -9.32779     0.00000     0.00000     0.00000     0.00000
    -9.32589     0.00000     0.00000     0.00000     0.00000
    -9.32398     0.00000     0.00000     0.00000     0.00000
    -9.32208     0.00000     0.00000     0.00000     0.00000
    -9.32017     0.00000     0.00000     0.00000     0.00000
    -9.31827     0.00000     0.00000     0.00000     0.00000
    -9.31636     0.00000     0.00000     0.00000     0.00000
    -9.31446     0.00000     0.00000     0.00000     0.00000
    -9.31255     0.00000     0.00000     0.00000     0.00000
    -9.31065     0.00000     0.00000     0.00000     0.00000
    -9.30874     0.00000     0.00000     0.00000     0.00000
    -9.30684     0.00000     0.00000     0.00000     0.00000
    -9.30493     0.00000     0.00000     0.00000     0.00000
    -9.30303     0.00000     0.00000     0.00000     0.00000
    -9.30112     0.00000     0.00000     0.00000     0.00000
    -9.29922     0.00000     0.00000     0.00000     0.00000
    -9.29731     0.00000     0.00000     0.00000     0.00000
    -9.29541     0.00000     0.00000     0.00000     0.00000
    -9.29350     0.00000     0.00000     0.00000     0.00000
    -9.29160     0.00000     0.00000     0.00000     0.00000
    -9.28970     0.00000     0.00000     0.00000     0.00000
    -9.28779     0.00000     0.00000     0.00000     0.00000
    -9.28589     0.00000     0.00000     0.00000     0.00000
    -9.28398     0.00000     0.00000     0.00000     0.00000
    -9.28208     0.00000     0.00000     0.00000     0.00000
    -9.28017     0.00000     0.00000     0.00000     0.00000
    -9.27827     0.00000     0.00000     0.00000     0.00000
    -9.27636     0.00000     0.00000     0.00000     0.00000
    -9.27446     0.00000     0.00000     0.00000     0.00000
    -9.27255     0.00000     0.00000     0.00000     0.00000
    -9.27065     0.00000     0.00000     0.00000     0.00000
    -9.26874     0.00000     0.00000     0.00000     0.00000
    -9.26684     0.00000     0.00000     0.00000     0.00000
    -9.26493     0.00000     0.00000     0.00000     0.00000
    -9.26303     0.00000     0.00000     0.00000     0.00000
    -9.26112     0.00000     0.00000     0.00000     0.00000
    -9.25922     0.00000     0.00000     0.00000     0.00000
    -9.25731     0.00000     0.00000     0.00000     0.00000
    -9.25541     0.00000     0.00000     0.00000     0.00000
    -9.25350     0.00000     0.00000     0.00000     0.00000
    -9.25160     0.00000     0.00000     0.00000     0.00000
    -9.24969     0.00000     0.00000     0.00000     0.00000
    -9.24779     0.00000     0.00000     0.00000     0.00000
    -9.24588     0.00000     0.00000     0.00000     0.00000
    -9.24398     0.00000     0.00000     0.00000     0.00000
    -9.24208     0.00000     0.00000     0.00000     0.00000
    -9.24017     0.00000     0.00000     0.00000     0.00000
    -9.23827     0.00000     0.00000     0.00000     0.00000
    -9.23636     0.00000     0.00000     0.00000     0.00000
    -9.23446     0.00000     0.00000     0.00000     0.00000
    -9.23255     0.00000     0.00000     0.00000     0.00000
    -9.23065     0.00000     0.00000     0.00000     0.00000
    -9.22874     0.00000     0.00000     0.00000     0.00000
    -9.22684     0.00000     0.00000     0.00000     0.00000
    -9.22493     0.00000     0.00000     0.00000     0.00000
    -9.22303     0.00000     0.00000     0.00000     0.00000
    -9.22112     0.00000     0.00000     0.00000     0.00000
    -9.21922     0.00000     0.00000     0.00000     0.00000
    -9.21731     0.00000     0.00000     0.00000     0.00000
    -9.21541     0.00000     0.00000     0.00000     0.00000
    -9.21350     0.00000     0.00000     0.00000     0.00000
    -9.21160     0.00000     0.00000     0.00000     0.00000
    -9.20969     0.00000     0.00000     0.00000     0.00000
    -9.20779     0.00000     0.00000     0.00000     0.00000
    -9.20588     0.00000     0.00000     0.00000     0.00000
    -9.20398     0.00000     0.00000     0.00000     0.00000
    -9.20207     0.00000     0.00000     0.00000     0.00000
    -9.20017     0.00000     0.00000     0.00000     0.00000
    -9.19826     0.00000     0.00000     0.00000     0.00000
    -9.19636     0.00000     0.00000     0.00000     0.00000
    -9.19446     0.00000     0.00000     0.00000     0.00000
    -9.19255     0.00000     0.00000     0.00000     0.00000
    -9.19065     0.00000     0.00000     0.00000     0.00000
    -9.18874     0.00000     0.00000     0.00000     0.00000
    -9.18684     0.00000     0.00000     0.00000     0.00000
    -9.18493     0.00000     0.00000     0.00000     0.00000
    -9.18303     0.00000     0.00000     0.00000     0.00000
    -9.18112     0.00000     0.00000     0.00000     0.00000
    -9.17922     0.00000     0.00000     0.00000     0.00000
    -9.17731     0.00000     0.00000     0.00000     0.00000
    -9.17541     0.00000     0.00000     0.00000     0.00000
    -9.17350     0.00000     0.00000     0.00000     0.00000
    -9.17160     0.00000     0.00000     0.00000     0.00000
    -9.16969     0.00000     0.00000     0.00000     0.00000
    -9.16779     0.00000     0.00000     0.00000     0.00000
    -9.16588     0.00000     0.00000     0.00000     0.00000
    -9.16398     0.00000     0.00000     0.00000     0.00000
    -9.16207     0.00000     0.00000     0.00000     0.00000
    -9.16017     0.00000     0.00000     0.00000     0.00000
    -9.15826     0.00000     0.00000     0.00000     0.00000
    -9.15636     0.00000     0.00000     0.00000     0.00000
    -9.15445     0.00000     0.00000     0.00000     0.00000
    -9.15255     0.00000     0.00000     0.00000     0.00000
    -9.15064     0.00000     0.00000     0.00000     0.00000
    -9.14874     0.00000     0.00000     0.00000     0.00000
    -9.14684     0.00000     0.00000     0.00000     0.00000
    -9.14493     0.00000     0.00000     0.00000     0.00000
    -9.14303     0.00000     0.00000     0.00000     0.00000
    -9.14112     0.00000     0.00000     0.00000     0.00000
    -9.13922     0.00000     0.00000     0.00000     0.00000
    -9.13731     0.00000     0.00000     0.00000     0.00000
    -9.13541     0.00000     0.00000     0.00000     0.00000
    -9.13350     0.00000     0.00000     0.00000     0.00000
    -9.13160     0.00000     0.00000     0.00000     0.00000
    -9.12969     0.00000     0.00000     0.00000     0.00000
    -9.12779     0.00000     0.00000     0.00000     0.00000
    -9.12588     0.00000     0.00000     0.00000     0.00000
    -9.12398     0.00000     0.00000     0.00000     0.00000
    -9.12207     0.00000     0.00000     0.00000     0.00000
    -9.12017     0.00000     0.00000     0.00000     0.00000
    -9.11826     0.00000     0.00000     0.00000     0.00000
    -9.11636     0.00000     0.00000     0.00000     0.00000
    -9.11445     0.00000     0.00000     0.00000     0.00000
    -9.11255     0.00000     0.00000     0.00000     0.00000
    -9.11064     0.00000     0.00000     0.00000     0.00000
    -9.10874     0.00000     0.00000     0.00000     0.00000
    -9.10683     0.00000     0.00000     0.00000     0.00000
    -9.10493     0.00000     0.00000     0.00000     0.00000
    -9.10302     0.00000     0.00000     0.00000     0.00000
    -9.10112     0.00000     0.00000     0.00000     0.00000
    -9.09922     0.00000     0.00000     0.00000     0.00000
    -9.09731     0.00000     0.00000     0.00000     0.00000
    -9.09541     0.00000     0.00000     0.00000     0.00000
    -9.09350     0.00000     0.00000     0.00000     0.00000
    -9.09160     0.00000     0.00000     0.00000     0.00000
    -9.08969     0.00000     0.00000     0.00000     0.00000
    -9.08779     0.00000     0.00000     0.00000     0.00000
    -9.08588     0.00000     0.00000     0.00000     0.00000
    -9.08398     0.00000     0.00000     0.00000     0.00000
    -9.08207     0.00000     0.00000     0.00000     0.00000
    -9.08017     0.00000     0.00000     0.00000     0.00000
    -9.07826     0.00000     0.00000     0.00000     0.00000
    -9.07636     0.00000     0.00000     0.00000     0.00000
    -9.07445     0.00000     0.00000     0.00000     0.00000
    -9.07255     0.00000     0.00000     0.00000     0.00000
    -9.07064     0.00000     0.00000     0.00000     0.00000
    -9.06874     0.00000     0.00000     0.00000     0.00000
    -9.06683     0.00000     0.00000     0.00000     0.00000
    -9.06493     0.00000     0.00000     0.00000     0.00000
    -9.06302     0.00000     0.00000     0.00000     0.00000
    -9.06112     0.00000     0.00000     0.00000     0.00000
    -9.05921     0.00000     0.00000     0.00000     0.00000
    -9.05731     0.00000     0.00000     0.00000     0.00000
    -9.05541     0.00000     0.00000     0.00000     0.00000
    -9.05350     0.00000     0.00000     0.00000     0.00000
    -9.05160     0.00000     0.00000     0.00000     0.00000
    -9.04969     0.00000     0.00000     0.00000     0.00000
    -9.04779     0.00000     0.00000     0.00000     0.00000
    -9.04588     0.00000     0.00000     0.00000     0.00000
    -9.04398     0.00000     0.00000     0.00000     0.00000
    -9.04207     0.00000     0.00000     0.00000     0.00000
    -9.04017     0.00000     0.00000     0.00000     0.00000
    -9.03826     0.00000     0.00000     0.00000     0.00000
    -9.03636     0.00000     0.00000     0.00000     0.00000
    -9.03445     0.00000     0.00000     0.00000     0.00000
    -9.03255     0.00000     0.00000     0.00000     0.00000
    -9.03064     0.00000     0.00000     0.00000     0.00000
    -9.02874     0.00000     0.00000     0.00000     0.00000
    -9.02683     0.00000     0.00000     0.00000     0.00000
    -9.02493     0.00000     0.00000     0.00000     0.00000
    -9.02302     0.00000     0.00000     0.00000     0.00000
    -9.02112     0.00000     0.00000     0.00000     0.00000
    -9.01921     0.00000     0.00000     0.00000     0.00000
    -9.01731     0.00000     0.00000     0.00000     0.00000
    -9.01540     0.00000     0.00000     0.00000     0.00000
    -9.01350     0.00000     0.00000     0.00000     0.00000
    -9.01159     0.00000     0.00000     0.00000     0.00000
    -9.00969     0.00000     0.00000     0.00000     0.00000
    -9.00779     0.00000     0.00000     0.00000     0.00000
    -9.00588     0.00000     0.00000     0.00000     0.00000
    -9.00398     0.00000     0.00000     0.00000     0.00000
    -9.00207     0.00000     0.00000     0.00000     0.00000
    -9.00017     0.00000     0.00000     0.00000     0.00000
    -8.99826     0.00000     0.00000     0.00000     0.00000
    -8.99636     0.00000     0.00000     0.00000     0.00000
    -8.99445     0.00000     0.00000     0.00000     0.00000
    -8.99255     0.00000     0.00000     0.00000     0.00000
    -8.99064     0.00000     0.00000     0.00000     0.00000
    -8.98874     0.00000     0.00000     0.00000     0.00000
    -8.98683     0.00000     0.00000     0.00000     0.00000
    -8.98493     0.00000     0.00000     0.00000     0.00000
    -8.98302     0.00000     0.00000     0.00000     0.00000
    -8.98112     0.00000     0.00000     0.00000     0.00000
    -8.97921     0.00000     0.00000     0.00000     0.00000
    -8.97731     0.00000     0.00000     0.00000     0.00000
    -8.97540     0.00000     0.00000     0.00000     0.00000
    -8.97350     0.00000     0.00000     0.00000     0.00000
    -8.97159     0.00000     0.00000     0.00000     0.00000
    -8.96969     0.00000     0.00000     0.00000     0.00000
    -8.96778     0.00000     0.00000     0.00000     0.00000
    -8.96588     0.00000     0.00000     0.00000     0.00000
    -8.96397     0.00000     0.00000     0.00000     0.00000
    -8.96207     0.00000     0.00000     0.00000     0.00000
    -8.96017     0.00000     0.00000     0.00000     0.00000
    -8.95826     0.00000     0.00000     0.00000     0.00000
    -8.95636     0.00000     0.00000     0.00000     0.00000
    -8.95445     0.00000     0.00000     0.00000     0.00000
    -8.95255     0.00000     0.00000     0.00000     0.00000
    -8.95064     0.00000     0.00000     0.00000     0.00000
    -8.94874     0.00000     0.00000     0.00000     0.00000
    -8.94683     0.00000     0.00000     0.00000     0.00000
    -8.94493     0.00000     0.00000     0.00000     0.00000
    -8.94302     0.00000     0.00000     0.00000     0.00000
    -8.94112     0.00000     0.00000     0.00000     0.00000
    -8.93921     0.00000     0.00000     0.00000     0.00000
    -8.93731     0.00000     0.00000     0.00000     0.00000
    -8.93540     0.00000     0.00000     0.00000     0.00000
    -8.93350     0.00000     0.00000     0.00000     0.00000
    -8.93159     0.00000     0.00000     0.00000     0.00000
    -8.92969     0.00000     0.00000     0.00000     0.00000
    -8.92778     0.00000     0.00000     0.00000     0.00000
    -8.92588     0.00000     0.00000     0.00000     0.00000
    -8.92397     0.00000     0.00000     0.00000     0.00000
    -8.92207     0.00000     0.00000     0.00000     0.00000
    -8.92016     0.00000     0.00000     0.00000     0.00000
    -8.91826     0.00000     0.00000     0.00000     0.00000
    -8.91635     0.00000     0.00000     0.00000     0.00000
    -8.91445     0.00000     0.00000     0.00000     0.00000
    -8.91255     0.00000     0.00000     0.00000     0.00000
    -8.91064     0.00000     0.00000     0.00000     0.00000
    -8.90874     0.00000     0.00000     0.00000     0.00000
    -8.90683     0.00000     0.00000     0.00000     0.00000
    -8.90493     0.00000     0.00000     0.00000     0.00000
    -8.90302     0.00000     0.00000     0.00000     0.00000
    -8.90112     0.00000     0.00000     0.00000     0.00000
    -8.89921     0.00000     0.00000     0.00000     0.00000
    -8.89731     0.00000     0.00000     0.00000     0.00000
    -8.89540     0.00000     0.00000     0.00000     0.00000
    -8.89350     0.00000     0.00000     0.00000     0.00000
    -8.89159     0.00000     0.00000     0.00000     0.00000
    -8.88969     0.00000     0.00000     0.00000     0.00000
    -8.88778     0.00000     0.00000     0.00000     0.00000
    -8.88588     0.00000     0.00000     0.00000     0.00000
    -8.88397     0.00000     0.00000     0.00000     0.00000
    -8.88207     0.00000     0.00000     0.00000     0.00000
    -8.88016     0.00000     0.00000     0.00000     0.00000
    -8.87826     0.00000     0.00000     0.00000     0.00000
    -8.87635     0.00000     0.00000     0.00000     0.00000
    -8.87445     0.00000     0.00000     0.00000     0.00000
    -8.87254     0.00000     0.00000     0.00000     0.00000
    -8.87064     0.00000     0.00000     0.00000     0.00000
    -8.86873     0.00000     0.00000     0.00000     0.00000
    -8.86683     0.00000     0.00000     0.00000     0.00000
    -8.86493     0.00000     0.00000     0.00000     0.00000
    -8.86302     0.00000     0.00000     0.00000     0.00000
    -8.86112     0.00000     0.00000     0.00000     0.00000
    -8.85921     0.00000     0.00000     0.00000     0.00000
    -8.85731     0.00000     0.00000     0.00000     0.00000
    -8.85540     0.00000     0.00000     0.00000     0.00000
    -8.85350     0.00000     0.00000     0.00000     0.00000
    -8.85159     0.00000     0.00000     0.00000     0.00000
    -8.84969     0.00000     0.00000     0.00000     0.00000
    -8.84778     0.00000     0.00000     0.00000     0.00000
    -8.84588     0.00000     0.00000     0.00000     0.00000
    -8.84397     0.00000     0.00000     0.00000     0.00000
    -8.84207     0.00000     0.00000     0.00000     0.00000
    -8.84016     0.00000     0.00000     0.00000     0.00000
    -8.83826     0.00000     0.00000     0.00000     0.00000
    -8.83635     0.00000     0.00000     0.00000     0.00000
    -8.83445     0.00000     0.00000     0.00000     0.00000
    -8.83254     0.00000     0.00000     0.00000     0.00000
    -8.83064     0.00000     0.00000     0.00000     0.00000
    -8.82873     0.00000     0.00000     0.00000     0.00000
    -8.82683     0.00000     0.00000     0.00000     0.00000
    -8.82492     0.00000     0.00000     0.00000     0.00000
    -8.82302     0.00000     0.00000     0.00000     0.00000
    -8.82112     0.00000     0.00000     0.00000     0.00000
    -8.81921     0.00000     0.00000     0.00000     0.00000
    -8.81731     0.00000     0.00000     0.00000     0.00000
    -8.81540     0.00000     0.00000     0.00000     0.00000
    -8.81350     0.00000     0.00000     0.00000     0.00000
    -8.81159     0.00000     0.00000     0.00000     0.00000
    -8.80969     0.00000     0.00000     0.00000     0.00000
    -8.80778     0.00000     0.00000     0.00000     0.00000
    -8.80588     0.00000     0.00000     0.00000     0.00000
    -8.80397     0.00000     0.00000     0.00000     0.00000
    -8.80207     0.00000     0.00000     0.00000     0.00000
    -8.80016     0.00000     0.00000     0.00000     0.00000
    -8.79826     0.00000     0.00000     0.00000     0.00000
    -8.79635     0.00000     0.00000     0.00000     0.00000
    -8.79445     0.00000     0.00000     0.00000     0.00000
    -8.79254     0.00000     0.00000     0.00000     0.00000
    -8.79064     0.00000     0.00000     0.00000     0.00000
    -8.78873     0.00000     0.00000     0.00000     0.00000
    -8.78683     0.00000     0.00000     0.00000     0.00000
    -8.78492     0.00000     0.00000     0.00000     0.00000
    -8.78302     0.00000     0.00000     0.00000     0.00000
    -8.78111     0.00000     0.00000     0.00000     0.00000
    -8.77921     0.00000     0.00000     0.00000     0.00000
    -8.77730     0.00000     0.00000     0.00000     0.00000
    -8.77540     0.00000     0.00000     0.00000     0.00000
    -8.77350     0.00000     0.00000     0.00000     0.00000
    -8.77159     0.00000     0.00000     0.00000     0.00000
    -8.76969     0.00000     0.00000     0.00000     0.00000
    -8.76778     0.00000     0.00000     0.00000     0.00000
    -8.76588     0.00000     0.00000     0.00000     0.00000
    -8.76397     0.00000     0.00000     0.00000     0.00000
    -8.76207     0.00000     0.00000     0.00000     0.00000
    -8.76016     0.00000     0.00000     0.00000     0.00000
    -8.75826     0.00000     0.00000     0.00000     0.00000
    -8.75635     0.00000     0.00000     0.00000     0.00000
    -8.75445     0.00000     0.00000     0.00000     0.00000
    -8.75254     0.00000     0.00000     0.00000     0.00000
    -8.75064     0.00000     0.00000     0.00000     0.00000
    -8.74873     0.00000     0.00000     0.00000     0.00000
    -8.74683     0.00000     0.00000     0.00000     0.00000
    -8.74492     0.00000     0.00000     0.00000     0.00000
    -8.74302     0.00000     0.00000     0.00000     0.00000
    -8.74111     0.00000     0.00000     0.00000     0.00000
    -8.73921     0.00000     0.00000     0.00000     0.00000
    -8.73730     0.00000     0.00000     0.00000     0.00000
    -8.73540     0.00000     0.00000     0.00000     0.00000
    -8.73349     0.00000     0.00000     0.00000     0.00000
    -8.73159     0.00000     0.00000     0.00000     0.00000
    -8.72968     0.00000     0.00000     0.00000     0.00000
    -8.72778     0.00000     0.00000     0.00000     0.00000
    -8.72588     0.00000     0.00000     0.00000     0.00000
    -8.72397     0.00000     0.00000     0.00000     0.00000
    -8.72207     0.00000     0.00000     0.00000     0.00000
    -8.72016     0.00000     0.00000     0.00000     0.00000
    -8.71826     0.00000     0.00000     0.00000     0.00000
    -8.71635     0.00000     0.00000     0.00000     0.00000
    -8.71445     0.00000     0.00000     0.00000     0.00000
    -8.71254     0.00000     0.00000     0.00000     0.00000
    -8.71064     0.00000     0.00000     0.00000     0.00000
    -8.70873     0.00000     0.00000     0.00000     0.00000
    -8.70683     0.00000     0.00000     0.00000     0.00000
    -8.70492     0.00000     0.00000     0.00000     0.00000
    -8.70302     0.00000     0.00000     0.00000     0.00000
    -8.70111     0.00000     0.00000     0.00000     0.00000
    -8.69921     0.00000     0.00000     0.00000     0.00000
    -8.69730     0.00000     0.00000     0.00000     0.00000
    -8.69540     0.00000     0.00000     0.00000     0.00000
    -8.69349     0.00000     0.00000     0.00000     0.00000
    -8.69159     0.00000     0.00000     0.00000     0.00000
    -8.68968     0.00000     0.00000     0.00000     0.00000
    -8.68778     0.00000     0.00000     0.00000     0.00000
    -8.68587     0.00000     0.00000     0.00000     0.00000
    -8.68397     0.00000     0.00000     0.00000     0.00000
    -8.68206     0.00000     0.00000     0.00000     0.00000
    -8.68016     0.00000     0.00000     0.00000     0.00000
    -8.67826     0.00000     0.00000     0.00000     0.00000
    -8.67635     0.00000     0.00000     0.00000     0.00000
    -8.67445     0.00000     0.00000     0.00000     0.00000
    -8.67254     0.00000     0.00000     0.00000     0.00000
    -8.67064     0.00000     0.00000     0.00000     0.00000
    -8.66873     0.00000     0.00000     0.00000     0.00000
    -8.66683     0.00000     0.00000     0.00000     0.00000
    -8.66492     0.00000     0.00000     0.00000     0.00000
    -8.66302     0.00000     0.00000     0.00000     0.00000
    -8.66111     0.00000     0.00000     0.00000     0.00000
    -8.65921     0.00000     0.00000     0.00000     0.00000
    -8.65730     0.00000     0.00000     0.00000     0.00000
    -8.65540     0.00000     0.00000     0.00000     0.00000
    -8.65349     0.00000     0.00000     0.00000     0.00000
    -8.65159     0.00000     0.00000     0.00000     0.00000
    -8.64968     0.00000     0.00000     0.00000     0.00000
    -8.64778     0.00000     0.00000     0.00000     0.00000
    -8.64587     0.00000     0.00000     0.00000     0.00000
    -8.64397     0.00000     0.00000     0.00000     0.00000
    -8.64206     0.00000     0.00000     0.00000     0.00000
    -8.64016     0.00000     0.00000     0.00000     0.00000
    -8.63825     0.00000     0.00000     0.00000     0.00000
    -8.63635     0.00000     0.00000     0.00000     0.00000
    -8.63444     0.00000     0.00000     0.00000     0.00000
    -8.63254     0.00000     0.00000     0.00000     0.00000
    -8.63064     0.00000     0.00000     0.00000     0.00000
    -8.62873     0.00000     0.00000     0.00000     0.00000
    -8.62683     0.00000     0.00000     0.00000     0.00000
    -8.62492     0.00000     0.00000     0.00000     0.00000
    -8.62302     0.00000     0.00000     0.00000     0.00000
    -8.62111     0.00000     0.00000     0.00000     0.00000
    -8.61921     0.00000     0.00000     0.00000     0.00000
    -8.61730     0.00000     0.00000     0.00000     0.00000
    -8.61540     0.00000     0.00000     0.00000     0.00000
    -8.61349     0.00000     0.00000     0.00000     0.00000
    -8.61159     0.00000     0.00000     0.00000     0.00000
    -8.60968     0.00000     0.00000     0.00000     0.00000
    -8.60778     0.00000     0.00000     0.00000     0.00000
    -8.60587     0.00000     0.00000     0.00000     0.00000
    -8.60397     0.00000     0.00000     0.00000     0.00000
    -8.60206     0.00000     0.00000     0.00000     0.00000
    -8.60016     0.00000     0.00000     0.00000     0.00000
    -8.59825     0.00000     0.00000     0.00000     0.00000
    -8.59635     0.00000     0.00000     0.00000     0.00000
    -8.59444     0.00000     0.00000     0.00000     0.00000
    -8.59254     0.00000     0.00000     0.00000     0.00000
    -8.59063     0.00000     0.00000     0.00000     0.00000
    -8.58873     0.00000     0.00000     0.00000     0.00000
    -8.58682     0.00000     0.00000     0.00000     0.00000
    -8.58492     0.00000     0.00000     0.00000     0.00000
    -8.58302     0.00000     0.00000     0.00000     0.00000
    -8.58111     0.00000     0.00000     0.00000     0.00000
    -8.57921     0.00000     0.00000     0.00000     0.00000
    -8.57730     0.00000     0.00000     0.00000     0.00000
    -8.57540     0.00000     0.00000     0.00000     0.00000
    -8.57349     0.00000     0.00000     0.00000     0.00000
    -8.57159     0.00000     0.00000     0.00000     0.00000
    -8.56968     0.00000     0.00000     0.00000     0.00000
    -8.56778     0.00000     0.00000     0.00000     0.00000
    -8.56587     0.00000     0.00000     0.00000     0.00000
    -8.56397     0.00000     0.00000     0.00000     0.00000
    -8.56206     0.00000     0.00000     0.00000     0.00000
    -8.56016     0.00000     0.00000     0.00000     0.00000
    -8.55825     0.00000     0.00000     0.00000     0.00000
    -8.55635     0.00000     0.00000     0.00000     0.00000
    -8.55444     0.00000     0.00000     0.00000     0.00000
    -8.55254     0.00000     0.00000     0.00000     0.00000
    -8.55063     0.00000     0.00000     0.00000     0.00000
    -8.54873     0.00000     0.00000     0.00000     0.00000
    -8.54682     0.00000     0.00000     0.00000     0.00000
    -8.54492     0.00000     0.00000     0.00000     0.00000
    -8.54301     0.00000     0.00000     0.00000     0.00000
    -8.54111     0.00000     0.00000     0.00000     0.00000
    -8.53921     0.00000     0.00000     0.00000     0.00000
    -8.53730     0.00000     0.00000     0.00000     0.00000
    -8.53540     0.00000     0.00000     0.00000     0.00000
    -8.53349     0.00000     0.00000     0.00000     0.00000
    -8.53159     0.00000     0.00000     0.00000     0.00000
    -8.52968     0.00000     0.00000     0.00000     0.00000
    -8.52778     0.00000     0.00000     0.00000     0.00000
    -8.52587     0.00000     0.00000     0.00000     0.00000
    -8.52397     0.00000     0.00000     0.00000     0.00000
    -8.52206     0.00000     0.00000     0.00000     0.00000
    -8.52016     0.00000     0.00000     0.00000     0.00000
    -8.51825     0.00000     0.00000     0.00000     0.00000
    -8.51635     0.00000     0.00000     0.00000     0.00000
    -8.51444     0.00000     0.00000     0.00000     0.00000
    -8.51254     0.00000     0.00000     0.00000     0.00000
    -8.51063     0.00000     0.00000     0.00000     0.00000
    -8.50873     0.00000     0.00000     0.00000     0.00000
    -8.50682     0.00000     0.00000     0.00000     0.00000
    -8.50492     0.00000     0.00000     0.00000     0.00000
    -8.50301     0.00000     0.00000     0.00000     0.00000
    -8.50111     0.00000     0.00000     0.00000     0.00000
    -8.49920     0.00000     0.00000     0.00000     0.00000
    -8.49730     0.00000     0.00000     0.00000     0.00000
    -8.49539     0.00000     0.00000     0.00000     0.00000
    -8.49349     0.00000     0.00000     0.00000     0.00000
    -8.49159     0.00000     0.00000     0.00000     0.00000
    -8.48968     0.00000     0.00000     0.00000     0.00000
    -8.48778     0.00000     0.00000     0.00000     0.00000
    -8.48587     0.00000     0.00000     0.00000     0.00000
    -8.48397     0.00000     0.00000     0.00000     0.00000
    -8.48206     0.00000     0.00000     0.00000     0.00000
    -8.48016     0.00000     0.00000     0.00000     0.00000
    -8.47825     0.00000     0.00000     0.00000     0.00000
    -8.47635     0.00000     0.00000     0.00000     0.00000
    -8.47444     0.00000     0.00000     0.00000     0.00000
    -8.47254     0.00000     0.00000     0.00000     0.00000
    -8.47063     0.00000     0.00000     0.00000     0.00000
    -8.46873     0.00000     0.00000     0.00000     0.00000
    -8.46682     0.00000     0.00000     0.00000     0.00000
    -8.46492     0.00000     0.00000     0.00000     0.00000
    -8.46301     0.00000     0.00000     0.00000     0.00000
    -8.46111     0.00000     0.00000     0.00000     0.00000
    -8.45920     0.00000     0.00000     0.00000     0.00000
    -8.45730     0.00000     0.00000     0.00000     0.00000
    -8.45539     0.00000     0.00000     0.00000     0.00000
    -8.45349     0.00000     0.00000     0.00000     0.00000
    -8.45158     0.00000     0.00000     0.00000     0.00000
    -8.44968     0.00000     0.00000     0.00000     0.00000
    -8.44777     0.00000     0.00000     0.00000     0.00000
    -8.44587     0.00000     0.00000     0.00000     0.00000
    -8.44397     0.00000     0.00000     0.00000     0.00000
    -8.44206     0.00000     0.00000     0.00000     0.00000
    -8.44016     0.00000     0.00000     0.00000     0.00000
    -8.43825     0.00000     0.00000     0.00000     0.00000
    -8.43635     0.00000     0.00000     0.00000     0.00000
    -8.43444     0.00000     0.00000     0.00000     0.00000
    -8.43254     0.00000     0.00000     0.00000     0.00000
    -8.43063     0.00000     0.00000     0.00000     0.00000
    -8.42873     0.00000     0.00000     0.00000     0.00000
    -8.42682     0.00000     0.00000     0.00000     0.00000
    -8.42492     0.00000     0.00000     0.00000     0.00000
    -8.42301     0.00000     0.00000     0.00000     0.00000
    -8.42111     0.00000     0.00000     0.00000     0.00000
    -8.41920     0.00000     0.00000     0.00000     0.00000
    -8.41730     0.00000     0.00000     0.00000     0.00000
    -8.41539     0.00000     0.00000     0.00000     0.00000
    -8.41349     0.00000     0.00000     0.00000     0.00000
    -8.41158     0.00000     0.00000     0.00000     0.00000
    -8.40968     0.00000     0.00000     0.00000     0.00000
    -8.40777     0.00000     0.00000     0.00000     0.00000
    -8.40587     0.00000     0.00000     0.00000     0.00000
    -8.40396     0.00000     0.00000     0.00000     0.00000
    -8.40206     0.00000     0.00000     0.00000     0.00000
    -8.40015     0.00000     0.00000     0.00000     0.00000
    -8.39825     0.00000     0.00000     0.00000     0.00000
    -8.39635     0.00000     0.00000     0.00000     0.00000
    -8.39444     0.00000     0.00000     0.00000     0.00000
    -8.39254     0.00000     0.00000     0.00000     0.00000
    -8.39063     0.00000     0.00000     0.00000     0.00000
    -8.38873     0.00000     0.00000     0.00000     0.00000
    -8.38682     0.00000     0.00000     0.00000     0.00000
    -8.38492     0.00000     0.00000     0.00000     0.00000
    -8.38301     0.00000     0.00000     0.00000     0.00000
    -8.38111     0.00000     0.00000     0.00000     0.00000
    -8.37920     0.00000     0.00000     0.00000     0.00000
    -8.37730     0.00000     0.00000     0.00000     0.00000
    -8.37539     0.00000     0.00000     0.00000     0.00000
    -8.37349     0.00000     0.00000     0.00000     0.00000
    -8.37158     0.00000     0.00000     0.00000     0.00000
    -8.36968     0.00000     0.00000     0.00000     0.00000
    -8.36777     0.00000     0.00000     0.00000     0.00000
    -8.36587     0.00000     0.00000     0.00000     0.00000
    -8.36396     0.00000     0.00000     0.00000     0.00000
    -8.36206     0.00000     0.00000     0.00000     0.00000
    -8.36015     0.00000     0.00000     0.00000     0.00000
    -8.35825     0.00000     0.00000     0.00000     0.00000
    -8.35634     0.00000     0.00000     0.00000     0.00000
    -8.35444     0.00000     0.00000     0.00000     0.00000
    -8.35253     0.00000     0.00000     0.00000     0.00000
    -8.35063     0.00000     0.00000     0.00000     0.00000
    -8.34873     0.00000     0.00000     0.00000     0.00000
    -8.34682     0.00000     0.00000     0.00000     0.00000
    -8.34492     0.00000     0.00000     0.00000     0.00000
    -8.34301     0.00000     0.00000     0.00000     0.00000
    -8.34111     0.00000     0.00000     0.00000     0.00000
    -8.33920     0.00000     0.00000     0.00000     0.00000
    -8.33730     0.00000     0.00000     0.00000     0.00000
    -8.33539     0.00000     0.00000     0.00000     0.00000
    -8.33349     0.00000     0.00000     0.00000     0.00000
    -8.33158     0.00000     0.00000     0.00000     0.00000
    -8.32968     0.00000     0.00000     0.00000     0.00000
    -8.32777     0.00000     0.00000     0.00000     0.00000
    -8.32587     0.00000     0.00000     0.00000     0.00000
    -8.32396     0.00000     0.00000     0.00000     0.00000
    -8.32206     0.00000     0.00000     0.00000     0.00000
    -8.32015     0.00000     0.00000     0.00000     0.00000
    -8.31825     0.00000     0.00000     0.00000     0.00000
    -8.31634     0.00000     0.00000     0.00000     0.00000
    -8.31444     0.00000     0.00000     0.00000     0.00000
    -8.31253     0.00000     0.00000     0.00000     0.00000
    -8.31063     0.00000     0.00000     0.00000     0.00000
    -8.30872     0.00000     0.00000     0.00000     0.00000
    -8.30682     0.00000     0.00000     0.00000     0.00000
    -8.30492     0.00000     0.00000     0.00000     0.00000
    -8.30301     0.00000     0.00000     0.00000     0.00000
    -8.30111     0.00000     0.00000     0.00000     0.00000
    -8.29920     0.00000     0.00000     0.00000     0.00000
    -8.29730     0.00000     0.00000     0.00000     0.00000
    -8.29539     0.00000     0.00000     0.00000     0.00000
    -8.29349     0.00000     0.00000     0.00000     0.00000
    -8.29158     0.00000     0.00000     0.00000     0.00000
    -8.28968     0.00000     0.00000     0.00000     0.00000
    -8.28777     0.00000     0.00000     0.00000     0.00000
    -8.28587     0.00000     0.00000     0.00000     0.00000
    -8.28396     0.00000     0.00000     0.00000     0.00000
    -8.28206     0.00000     0.00000     0.00000     0.00000
    -8.28015     0.00000     0.00000     0.00000     0.00000
    -8.27825     0.00000     0.00000     0.00000     0.00000
    -8.27634     0.00000     0.00000     0.00000     0.00000
    -8.27444     0.00000     0.00000     0.00000     0.00000
    -8.27253     0.00000     0.00000     0.00000     0.00000
    -8.27063     0.00000     0.00000     0.00000     0.00000
    -8.26872     0.00000     0.00000     0.00000     0.00000
    -8.26682     0.00000     0.00000     0.00000     0.00000
    -8.26491     0.00000     0.00000     0.00000     0.00000
    -8.26301     0.00000     0.00000     0.00000     0.00000
    -8.26110     0.00000     0.00000     0.00000     0.00000
    -8.25920     0.00000     0.00000     0.00000     0.00000
    -8.25730     0.00000     0.00000     0.00000     0.00000
    -8.25539     0.00000     0.00000     0.00000     0.00000
    -8.25349     0.00000     0.00000     0.00000     0.00000
    -8.25158     0.00000     0.00000     0.00000     0.00000
    -8.24968     0.00000     0.00000     0.00000     0.00000
    -8.24777     0.00000     0.00000     0.00000     0.00000
    -8.24587     0.00000     0.00000     0.00000     0.00000
    -8.24396     0.00000     0.00000     0.00000     0.00000
    -8.24206     0.00000     0.00000     0.00000     0.00000
    -8.24015     0.00000     0.00000     0.00000     0.00000
    -8.23825     0.00000     0.00000     0.00000     0.00000
    -8.23634     0.00000     0.00000     0.00000     0.00000
    -8.23444     0.00000     0.00000     0.00000     0.00000
    -8.23253     0.00000     0.00000     0.00000     0.00000
    -8.23063     0.00000     0.00000     0.00000     0.00000
    -8.22872     0.00000     0.00000     0.00000     0.00000
    -8.22682     0.00000     0.00000     0.00000     0.00000
    -8.22491     0.00000     0.00000     0.00000     0.00000
    -8.22301     0.00000     0.00000     0.00000     0.00000
    -8.22110     0.00000     0.00000     0.00000     0.00000
    -8.21920     0.00000     0.00000     0.00000     0.00000
    -8.21729     0.00000     0.00000     0.00000     0.00000
    -8.21539     0.00000     0.00000     0.00000     0.00000
    -8.21348     0.00000     0.00000     0.00000     0.00000
    -8.21158     0.00000     0.00000     0.00000     0.00000
    -8.20968     0.00000     0.00000     0.00000     0.00000
    -8.20777     0.00000     0.00000     0.00000     0.00000
    -8.20587     0.00000     0.00000     0.00000     0.00000
    -8.20396     0.00000     0.00000     0.00000     0.00000
    -8.20206     0.00000     0.00000     0.00000     0.00000
    -8.20015     0.00000     0.00000     0.00000     0.00000
    -8.19825     0.00000     0.00000     0.00000     0.00000
    -8.19634     0.00000     0.00000     0.00000     0.00000
    -8.19444     0.00000     0.00000     0.00000     0.00000
    -8.19253     0.00000     0.00000     0.00000     0.00000
    -8.19063     0.00000     0.00000     0.00000     0.00000
    -8.18872     0.00000     0.00000     0.00000     0.00000
    -8.18682     0.00000     0.00000     0.00000     0.00000
    -8.18491     0.00000     0.00000     0.00000     0.00000
    -8.18301     0.00000     0.00000     0.00000     0.00000
    -8.18110     0.00000     0.00000     0.00000     0.00000
    -8.17920     0.00000     0.00000     0.00000     0.00000
    -8.17729     0.00000     0.00000     0.00000     0.00000
    -8.17539     0.00000     0.00000     0.00000     0.00000
    -8.17348     0.00000     0.00000     0.00000     0.00000
    -8.17158     0.00000     0.00000     0.00000     0.00000
    -8.16967     0.00000     0.00000     0.00000     0.00000
    -8.16777     0.00000     0.00000     0.00000     0.00000
    -8.16586     0.00000     0.00000     0.00000     0.00000
    -8.16396     0.00000     0.00000     0.00000     0.00000
    -8.16206     0.00000     0.00000     0.00000     0.00000
    -8.16015     0.00000     0.00000     0.00000     0.00000
    -8.15825     0.00000     0.00000     0.00000     0.00000
    -8.15634     0.00000     0.00000     0.00000     0.00000
    -8.15444     0.00000     0.00000     0.00000     0.00000
    -8.15253     0.00000     0.00000     0.00000     0.00000
    -8.15063     0.00000     0.00000     0.00000     0.00000
    -8.14872     0.00000     0.00000     0.00000     0.00000
    -8.14682     0.00000     0.00000     0.00000     0.00000
    -8.14491     0.00000     0.00000     0.00000     0.00000
    -8.14301     0.00000     0.00000     0.00000     0.00000
    -8.14110     0.00000     0.00000     0.00000     0.00000
    -8.13920     0.00000     0.00000     0.00000     0.00000
    -8.13729     0.00000     0.00000     0.00000     0.00000
    -8.13539     0.00000     0.00000     0.00000     0.00000
    -8.13348     0.00000     0.00000     0.00000     0.00000
    -8.13158     0.00000     0.00000     0.00000     0.00000
    -8.12967     0.00000     0.00000     0.00000     0.00000
    -8.12777     0.00000     0.00000     0.00000     0.00000
    -8.12586     0.00000     0.00000     0.00000     0.00000
    -8.12396     0.00000     0.00000     0.00000     0.00000
    -8.12205     0.00000     0.00000     0.00000     0.00000
    -8.12015     0.00000     0.00000     0.00000     0.00000
    -8.11824     0.00000     0.00000     0.00000     0.00000
    -8.11634     0.00000     0.00000     0.00000     0.00000
    -8.11444     0.00000     0.00000     0.00000     0.00000
    -8.11253     0.00000     0.00000     0.00000     0.00000
    -8.11063     0.00000     0.00000     0.00000     0.00000
    -8.10872     0.00000     0.00000     0.00000     0.00000
    -8.10682     0.00000     0.00000     0.00000     0.00000
    -8.10491     0.00000     0.00000     0.00000     0.00000
    -8.10301     0.00000     0.00000     0.00000     0.00000
    -8.10110     0.00000     0.00000     0.00000     0.00000
    -8.09920     0.00000     0.00000     0.00000     0.00000
    -8.09729     0.00000     0.00000     0.00000     0.00000
    -8.09539     0.00000     0.00000     0.00000     0.00000
    -8.09348     0.00000     0.00000     0.00000     0.00000
    -8.09158     0.00000     0.00000     0.00000     0.00000
    -8.08967     0.00000     0.00000     0.00000     0.00000
    -8.08777     0.00000     0.00000     0.00000     0.00000
    -8.08586     0.00000     0.00000     0.00000     0.00000
    -8.08396     0.00000     0.00000     0.00000     0.00000
    -8.08205     0.00000     0.00000     0.00000     0.00000
    -8.08015     0.00000     0.00000     0.00000     0.00000
    -8.07824     0.00000     0.00000     0.00000     0.00000
    -8.07634     0.00000     0.00000     0.00000     0.00000
    -8.07443     0.00000     0.00000     0.00000     0.00000
    -8.07253     0.00000     0.00000     0.00000     0.00000
    -8.07062     0.00000     0.00000     0.00000     0.00000
    -8.06872     0.00000     0.00000     0.00000     0.00000
    -8.06682     0.00000     0.00000     0.00000     0.00000
    -8.06491     0.00000     0.00000     0.00000     0.00000
    -8.06301     0.00000     0.00000     0.00000     0.00000
    -8.06110     0.00000     0.00000     0.00000     0.00000
    -8.05920     0.00000     0.00000     0.00000     0.00000
    -8.05729     0.00000     0.00000     0.00000     0.00000
    -8.05539     0.00000     0.00000     0.00000     0.00000
    -8.05348     0.00000     0.00000     0.00000     0.00000
    -8.05158     0.00000     0.00000     0.00000     0.00000
    -8.04967     0.00000     0.00000     0.00000     0.00000
    -8.04777     0.00000     0.00000     0.00000     0.00000
    -8.04586     0.00000     0.00000     0.00000     0.00000
    -8.04396     0.00000     0.00000     0.00000     0.00000
    -8.04205     0.00000     0.00000     0.00000     0.00000
    -8.04015     0.00000     0.00000     0.00000     0.00000
    -8.03824     0.00000     0.00000     0.00000     0.00000
    -8.03634     0.00000     0.00000     0.00000     0.00000
    -8.03443     0.00000     0.00000     0.00000     0.00000
    -8.03253     0.00000     0.00000     0.00000     0.00000
    -8.03062     0.00000     0.00000     0.00000     0.00000
    -8.02872     0.00000     0.00000     0.00000     0.00000
    -8.02681     0.00000     0.00000     0.00000     0.00000
    -8.02491     0.00000     0.00000     0.00000     0.00000
    -8.02301     0.00000     0.00000     0.00000     0.00000
    -8.02110     0.00000     0.00000     0.00000     0.00000
    -8.01920     0.00000     0.00000     0.00000     0.00000
    -8.01729     0.00000     0.00000     0.00000     0.00000
    -8.01539     0.00000     0.00000     0.00000     0.00000
    -8.01348     0.00000     0.00000     0.00000     0.00000
    -8.01158     0.00000     0.00000     0.00000     0.00000
    -8.00967     0.00000     0.00000     0.00000     0.00000
    -8.00777     0.00000     0.00000     0.00000     0.00000
    -8.00586     0.00000     0.00000     0.00000     0.00000
    -8.00396     0.00000     0.00000     0.00000     0.00000
    -8.00205     0.00000     0.00000     0.00000     0.00000
    -8.00015     0.00000     0.00000     0.00000     0.00000
    -7.99824     0.00000     0.00000     0.00000     0.00000
    -7.99634     0.00000     0.00000     0.00000     0.00000
    -7.99443     0.00000     0.00000     0.00000     0.00000
    -7.99253     0.00000     0.00000     0.00000     0.00000
    -7.99062     0.00000     0.00000     0.00000     0.00000
    -7.98872     0.00000     0.00000     0.00000     0.00000
    -7.98681     0.00000     0.00000     0.00000     0.00000
    -7.98491     0.00000     0.00000     0.00000     0.00000
    -7.98300     0.00000     0.00000     0.00000     0.00000
    -7.98110     0.00000     0.00000     0.00000     0.00000
    -7.97919     0.00000     0.00000     0.00000     0.00000
    -7.97729     0.00000     0.00000     0.00000     0.00000
    -7.97539     0.00000     0.00000     0.00000     0.00000
    -7.97348     0.00000     0.00000     0.00000     0.00000
    -7.97158     0.00000     0.00000     0.00000     0.00000
    -7.96967     0.00000     0.00000     0.00000     0.00000
    -7.96777     0.00000     0.00000     0.00000     0.00000
    -7.96586     0.00000     0.00000     0.00000     0.00000
    -7.96396     0.00000     0.00000     0.00000     0.00000
    -7.96205     0.00000     0.00000     0.00000     0.00000
    -7.96015     0.00000     0.00000     0.00000     0.00000
    -7.95824     0.00000     0.00000     0.00000     0.00000
    -7.95634     0.00000     0.00000     0.00000     0.00000
    -7.95443     0.00000     0.00000     0.00000     0.00000
    -7.95253     0.00000     0.00000     0.00000     0.00000
    -7.95062     0.00000     0.00000     0.00000     0.00000
    -7.94872     0.00000     0.00000     0.00000     0.00000
    -7.94681     0.00000     0.00000     0.00000     0.00000
    -7.94491     0.00000     0.00000     0.00000     0.00000
    -7.94300     0.00000     0.00000     0.00000     0.00000
    -7.94110     0.00000     0.00000     0.00000     0.00000
    -7.93919     0.00000     0.00000     0.00000     0.00000
    -7.93729     0.00000     0.00000     0.00000     0.00000
    -7.93538     0.00000     0.00000     0.00000     0.00000
    -7.93348     0.00000     0.00000     0.00000     0.00000
    -7.93157     0.00000     0.00000     0.00000     0.00000
    -7.92967     0.00000     0.00000     0.00000     0.00000
    -7.92777     0.00000     0.00000     0.00000     0.00000
    -7.92586     0.00000     0.00000     0.00000     0.00000
    -7.92396     0.00000     0.00000     0.00000     0.00000
    -7.92205     0.00000     0.00000     0.00000     0.00000
    -7.92015     0.00000     0.00000     0.00000     0.00000
    -7.91824     0.00000     0.00000     0.00000     0.00000
    -7.91634     0.00000     0.00000     0.00000     0.00000
    -7.91443     0.00000     0.00000     0.00000     0.00000
    -7.91253     0.00000     0.00000     0.00000     0.00000
    -7.91062     0.00000     0.00000     0.00000     0.00000
    -7.90872     0.00000     0.00000     0.00000     0.00000
    -7.90681     0.00000     0.00000     0.00000     0.00000
    -7.90491     0.00000     0.00000     0.00000     0.00000
    -7.90300     0.00000     0.00000     0.00000     0.00000
    -7.90110     0.00000     0.00000     0.00000     0.00000
    -7.89919     0.00000     0.00000     0.00000     0.00000
    -7.89729     0.00000     0.00000     0.00000     0.00000
    -7.89538     0.00000     0.00000     0.00000     0.00000
    -7.89348     0.00000     0.00000     0.00000     0.00000
    -7.89157     0.00000     0.00000     0.00000     0.00000
    -7.88967     0.00000     0.00000     0.00000     0.00000
    -7.88776     0.00000     0.00000     0.00000     0.00000
    -7.88586     0.00000     0.00000     0.00000     0.00000
    -7.88395     0.00000     0.00000     0.00000     0.00000
    -7.88205     0.00000     0.00000     0.00000     0.00000
    -7.88015     0.00000     0.00000     0.00000     0.00000
    -7.87824     0.00000     0.00000     0.00000     0.00000
    -7.87634     0.00000     0.00000     0.00000     0.00000
    -7.87443     0.00000     0.00000     0.00000     0.00000
    -7.87253     0.00000     0.00000     0.00000     0.00000
    -7.87062     0.00000     0.00000     0.00000     0.00000
    -7.86872     0.00000     0.00000     0.00000     0.00000
    -7.86681     0.00000     0.00000     0.00000     0.00000
    -7.86491     0.00000     0.00000     0.00000     0.00000
    -7.86300     0.00000     0.00000     0.00000     0.00000
    -7.86110     0.00000     0.00000     0.00000     0.00000
    -7.85919     0.00000     0.00000     0.00000     0.00000
    -7.85729     0.00000     0.00000     0.00000     0.00000
    -7.85538     0.00000     0.00000     0.00000     0.00000
    -7.85348     0.00000     0.00000     0.00000     0.00000
    -7.85157     0.00000     0.00000     0.00000     0.00000
    -7.84967     0.00000     0.00000     0.00000     0.00000
    -7.84776     0.00000     0.00000     0.00000     0.00000
    -7.84586     0.00000     0.00000     0.00000     0.00000
    -7.84395     0.00000     0.00000     0.00000     0.00000
    -7.84205     0.00000     0.00000     0.00000     0.00000
    -7.84014     0.00000     0.00000     0.00000     0.00000
    -7.83824     0.00000     0.00000     0.00000     0.00000
    -7.83633     0.00000     0.00000     0.00000     0.00000
    -7.83443     0.00000     0.00000     0.00000     0.00000
    -7.83253     0.00000     0.00000     0.00000     0.00000
    -7.83062     0.00000     0.00000     0.00000     0.00000
    -7.82872     0.00000     0.00000     0.00000     0.00000
    -7.82681     0.00000     0.00000     0.00000     0.00000
    -7.82491     0.00000     0.00000     0.00000     0.00000
    -7.82300     0.00000     0.00000     0.00000     0.00000
    -7.82110     0.00000     0.00000     0.00000     0.00000
    -7.81919     0.00000     0.00000     0.00000     0.00000
    -7.81729     0.00000     0.00000     0.00000     0.00000
    -7.81538     0.00000     0.00000     0.00000     0.00000
    -7.81348     0.00000     0.00000     0.00000     0.00000
    -7.81157     0.00000     0.00000     0.00000     0.00000
    -7.80967     0.00000     0.00000     0.00000     0.00000
    -7.80776     0.00000     0.00000     0.00000     0.00000
    -7.80586     0.00000     0.00000     0.00000     0.00000
    -7.80395     0.00000     0.00000     0.00000     0.00000
    -7.80205     0.00000     0.00000     0.00000     0.00000
    -7.80014     0.00000     0.00000     0.00000     0.00000
    -7.79824     0.00000     0.00000     0.00000     0.00000
    -7.79633     0.00000     0.00000     0.00000     0.00000
    -7.79443     0.00000     0.00000     0.00000     0.00000
    -7.79252     0.00000     0.00000     0.00000     0.00000
    -7.79062     0.00000     0.00000     0.00000     0.00000
    -7.78872     0.00000     0.00000     0.00000     0.00000
    -7.78681     0.00000     0.00000     0.00000     0.00000
    -7.78491     0.00000     0.00000     0.00000     0.00000
    -7.78300     0.00000     0.00000     0.00000     0.00000
    -7.78110     0.00000     0.00000     0.00000     0.00000
    -7.77919     0.00000     0.00000     0.00000     0.00000
    -7.77729     0.00000     0.00000     0.00000     0.00000
    -7.77538     0.00000     0.00000     0.00000     0.00000
    -7.77348     0.00000     0.00000     0.00000     0.00000
    -7.77157     0.00000     0.00000     0.00000     0.00000
    -7.76967     0.00000     0.00000     0.00000     0.00000
    -7.76776     0.00000     0.00000     0.00000     0.00000
    -7.76586     0.00000     0.00000     0.00000     0.00000
    -7.76395     0.00000     0.00000     0.00000     0.00000
    -7.76205     0.00000     0.00000     0.00000     0.00000
    -7.76014     0.00000     0.00000     0.00000     0.00000
    -7.75824     0.00000     0.00000     0.00000     0.00000
    -7.75633     0.00000     0.00000     0.00000     0.00000
    -7.75443     0.00000     0.00000     0.00000     0.00000
    -7.75252     0.00000     0.00000     0.00000     0.00000
    -7.75062     0.00000     0.00000     0.00000     0.00000
    -7.74871     0.00000     0.00000     0.00000     0.00000
    -7.74681     0.00000     0.00000     0.00000     0.00000
    -7.74490     0.00000     0.00000     0.00000     0.00000
    -7.74300     0.00000     0.00000     0.00000     0.00000
    -7.74110     0.00000     0.00000     0.00000     0.00000
    -7.73919     0.00000     0.00000     0.00000     0.00000
    -7.73729     0.00000     0.00000     0.00000     0.00000
    -7.73538     0.00000     0.00000     0.00000     0.00000
    -7.73348     0.00000     0.00000     0.00000     0.00000
    -7.73157     0.00000     0.00000     0.00000     0.00000
    -7.72967     0.00000     0.00000     0.00000     0.00000
    -7.72776     0.00000     0.00000     0.00000     0.00000
    -7.72586     0.00000     0.00000     0.00000     0.00000
    -7.72395     0.00000     0.00000     0.00000     0.00000
    -7.72205     0.00000     0.00000     0.00000     0.00000
    -7.72014     0.00000     0.00000     0.00000     0.00000
    -7.71824     0.00000     0.00000     0.00000     0.00000
    -7.71633     0.00000     0.00000     0.00000     0.00000
    -7.71443     0.00000     0.00000     0.00000     0.00000
    -7.71252     0.00000     0.00000     0.00000     0.00000
    -7.71062     0.00000     0.00000     0.00000     0.00000
    -7.70871     0.00000     0.00000     0.00000     0.00000
    -7.70681     0.00000     0.00000     0.00000     0.00000
    -7.70490     0.00000     0.00000     0.00000     0.00000
    -7.70300     0.00000     0.00000     0.00000     0.00000
    -7.70109     0.00000     0.00000     0.00000     0.00000
    -7.69919     0.00000     0.00000     0.00000     0.00000
    -7.69728     0.00000     0.00000     0.00000     0.00000
    -7.69538     0.00000     0.00000     0.00000     0.00000
    -7.69348     0.00000     0.00000     0.00000     0.00000
    -7.69157     0.00000     0.00000     0.00000     0.00000
    -7.68967     0.00000     0.00000     0.00000     0.00000
    -7.68776     0.00000     0.00000     0.00000     0.00000
    -7.68586     0.00000     0.00000     0.00000     0.00000
    -7.68395     0.00000     0.00000     0.00000     0.00000
    -7.68205     0.00000     0.00000     0.00000     0.00000
    -7.68014     0.00000     0.00000     0.00000     0.00000
    -7.67824     0.00000     0.00000     0.00000     0.00000
    -7.67633     0.00000     0.00000     0.00000     0.00000
    -7.67443     0.00000     0.00000     0.00000     0.00000
    -7.67252     0.00000     0.00000     0.00000     0.00000
    -7.67062     0.00000     0.00000     0.00000     0.00000
    -7.66871     0.00000     0.00000     0.00000     0.00000
    -7.66681     0.00000     0.00000     0.00000     0.00000
    -7.66490     0.00000     0.00000     0.00000     0.00000
    -7.66300     0.00000     0.00000     0.00000     0.00000
    -7.66109     0.00000     0.00000     0.00000     0.00000
    -7.65919     0.00000     0.00000     0.00000     0.00000
    -7.65728     0.00000     0.00000     0.00000     0.00000
    -7.65538     0.00000     0.00000     0.00000     0.00000
    -7.65347     0.00000     0.00000     0.00000     0.00000
    -7.65157     0.00000     0.00000     0.00000     0.00000
    -7.64966     0.00000     0.00000     0.00000     0.00000
    -7.64776     0.00000     0.00000     0.00000     0.00000
    -7.64586     0.00000     0.00000     0.00000     0.00000
    -7.64395     0.00000     0.00000     0.00000     0.00000
    -7.64205     0.00000     0.00000     0.00000     0.00000
    -7.64014     0.00000     0.00000     0.00000     0.00000
    -7.63824     0.00000     0.00000     0.00000     0.00000
    -7.63633     0.00000     0.00000     0.00000     0.00000
    -7.63443     0.00000     0.00000     0.00000     0.00000
    -7.63252     0.00000     0.00000     0.00000     0.00000
    -7.63062     0.00000     0.00000     0.00000     0.00000
    -7.62871     0.00000     0.00000     0.00000     0.00000
    -7.62681     0.00000     0.00000     0.00000     0.00000
    -7.62490     0.00000     0.00000     0.00000     0.00000
    -7.62300     0.00000     0.00000     0.00000     0.00000
    -7.62109     0.00000     0.00000     0.00000     0.00000
    -7.61919     0.00000     0.00000     0.00000     0.00000
    -7.61728     0.00000     0.00000     0.00000     0.00000
    -7.61538     0.00000     0.00000     0.00000     0.00000
    -7.61347     0.00000     0.00000     0.00000     0.00000
    -7.61157     0.00000     0.00000     0.00000     0.00000
    -7.60966     0.00000     0.00000     0.00000     0.00000
    -7.60776     0.00000     0.00000     0.00000     0.00000
    -7.60585     0.00000     0.00000     0.00000     0.00000
    -7.60395     0.00000     0.00000     0.00000     0.00000
    -7.60204     0.00000     0.00000     0.00000     0.00000
    -7.60014     0.00000     0.00000     0.00000     0.00000
    -7.59824     0.00000     0.00000     0.00000     0.00000
    -7.59633     0.00000     0.00000     0.00000     0.00000
    -7.59443     0.00000     0.00000     0.00000     0.00000
    -7.59252     0.00000     0.00000     0.00000     0.00000
    -7.59062     0.00000     0.00000     0.00000     0.00000
    -7.58871     0.00000     0.00000     0.00000     0.00000
    -7.58681     0.00000     0.00000     0.00000     0.00000
    -7.58490     0.00000     0.00000     0.00000     0.00000
    -7.58300     0.00000     0.00000     0.00000     0.00000
    -7.58109     0.00000     0.00000     0.00000     0.00000
    -7.57919     0.00000     0.00000     0.00000     0.00000
    -7.57728     0.00000     0.00000     0.00000     0.00000
    -7.57538     0.00000     0.00000     0.00000     0.00000
    -7.57347     0.00000     0.00000     0.00000     0.00000
    -7.57157     0.00000     0.00000     0.00000     0.00000
    -7.56966     0.00000     0.00000     0.00000     0.00000
    -7.56776     0.00000     0.00000     0.00000     0.00000
    -7.56585     0.00000     0.00000     0.00000     0.00000
    -7.56395     0.00000     0.00000     0.00000     0.00000
    -7.56204     0.00000     0.00000     0.00000     0.00000
    -7.56014     0.00000     0.00000     0.00000     0.00000
    -7.55823     0.00000     0.00000     0.00000     0.00000
    -7.55633     0.00000     0.00000     0.00000     0.00000
    -7.55442     0.00000     0.00000     0.00000     0.00000
    -7.55252     0.00000     0.00000     0.00000     0.00000
    -7.55062     0.00000     0.00000     0.00000     0.00000
    -7.54871     0.00000     0.00000     0.00000     0.00000
    -7.54681     0.00000     0.00000     0.00000     0.00000
    -7.54490     0.00000     0.00000     0.00000     0.00000
    -7.54300     0.00000     0.00000     0.00000     0.00000
    -7.54109     0.00000     0.00000     0.00000     0.00000
    -7.53919     0.00000     0.00000     0.00000     0.00000
    -7.53728     0.00000     0.00000     0.00000     0.00000
    -7.53538     0.00000     0.00000     0.00000     0.00000
    -7.53347     0.00000     0.00000     0.00000     0.00000
    -7.53157     0.00000     0.00000     0.00000     0.00000
    -7.52966     0.00000     0.00000     0.00000     0.00000
    -7.52776     0.00000     0.00000     0.00000     0.00000
    -7.52585     0.00000     0.00000     0.00000     0.00000
    -7.52395     0.00000     0.00000     0.00000     0.00000
    -7.52204     0.00000     0.00000     0.00000     0.00000
    -7.52014     0.00000     0.00000     0.00000     0.00000
    -7.51823     0.00000     0.00000     0.00000     0.00000
    -7.51633     0.00000     0.00000     0.00000     0.00000
    -7.51442     0.00000     0.00000     0.00000     0.00000
    -7.51252     0.00000     0.00000     0.00000     0.00000
    -7.51061     0.00000     0.00000     0.00000     0.00000
    -7.50871     0.00000     0.00000     0.00000     0.00000
    -7.50681     0.00000     0.00000     0.00000     0.00000
    -7.50490     0.00000     0.00000     0.00000     0.00000
    -7.50300     0.00000     0.00000     0.00000     0.00000
    -7.50109     0.00000     0.00000     0.00000     0.00000
    -7.49919     0.00000     0.00000     0.00000     0.00000
    -7.49728     0.00000     0.00000     0.00000     0.00000
    -7.49538     0.00000     0.00000     0.00000     0.00000
    -7.49347     0.00000     0.00000     0.00000     0.00000
    -7.49157     0.00000     0.00000     0.00000     0.00000
    -7.48966     0.00000     0.00000     0.00000     0.00000
    -7.48776     0.00000     0.00000     0.00000     0.00000
    -7.48585     0.00000     0.00000     0.00000     0.00000
    -7.48395     0.00000     0.00000     0.00000     0.00000
    -7.48204     0.00000     0.00000     0.00000     0.00000
    -7.48014     0.00000     0.00000     0.00000     0.00000
    -7.47823     0.00000     0.00000     0.00000     0.00000
    -7.47633     0.00000     0.00000     0.00000     0.00000
    -7.47442     0.00000     0.00000     0.00000     0.00000
    -7.47252     0.00000     0.00000     0.00000     0.00000
    -7.47061     0.00000     0.00000     0.00000     0.00000
    -7.46871     0.00000     0.00000     0.00000     0.00000
    -7.46680     0.00000     0.00000     0.00000     0.00000
    -7.46490     0.00000     0.00000     0.00000     0.00000
    -7.46299     0.00000     0.00000     0.00000     0.00000
    -7.46109     0.00000     0.00000     0.00000     0.00000
    -7.45919     0.00000     0.00000     0.00000     0.00000
    -7.45728     0.00000     0.00000     0.00000     0.00000
    -7.45538     0.00000     0.00000     0.00000     0.00000
    -7.45347     0.00000     0.00000     0.00000     0.00000
    -7.45157     0.00000     0.00000     0.00000     0.00000
    -7.44966     0.00000     0.00000     0.00000     0.00000
    -7.44776     0.00000     0.00000     0.00000     0.00000
    -7.44585     0.00000     0.00000     0.00000     0.00000
    -7.44395     0.00000     0.00000     0.00000     0.00000
    -7.44204     0.00000     0.00000     0.00000     0.00000
    -7.44014     0.00000     0.00000     0.00000     0.00000
    -7.43823     0.00000     0.00000     0.00000     0.00000
    -7.43633     0.00000     0.00000     0.00000     0.00000
    -7.43442     0.00000     0.00000     0.00000     0.00000
    -7.43252     0.00000     0.00000     0.00000     0.00000
    -7.43061     0.00000     0.00000     0.00000     0.00000
    -7.42871     0.00000     0.00000     0.00000     0.00000
    -7.42680     0.00000     0.00000     0.00000     0.00000
    -7.42490     0.00000     0.00000     0.00000     0.00000
    -7.42299     0.00000     0.00000     0.00000     0.00000
    -7.42109     0.00000     0.00000     0.00000     0.00000
    -7.41918     0.00000     0.00000     0.00000     0.00000
    -7.41728     0.00000     0.00000     0.00000     0.00000
    -7.41537     0.00000     0.00000     0.00000     0.00000
    -7.41347     0.00000     0.00000     0.00000     0.00000
    -7.41157     0.00000     0.00000     0.00000     0.00000
    -7.40966     0.00000     0.00000     0.00000     0.00000
    -7.40776     0.00000     0.00000     0.00000     0.00000
    -7.40585     0.00000     0.00000     0.00000     0.00000
    -7.40395     0.00000     0.00000     0.00000     0.00000
    -7.40204     0.00000     0.00000     0.00000     0.00000
    -7.40014     0.00000     0.00000     0.00000     0.00000
    -7.39823     0.00000     0.00000     0.00000     0.00000
    -7.39633     0.00000     0.00000     0.00000     0.00000
    -7.39442     0.00000     0.00000     0.00000     0.00000
    -7.39252     0.00000     0.00000     0.00000     0.00000
    -7.39061     0.00000     0.00000     0.00000     0.00000
    -7.38871     0.00000     0.00000     0.00000     0.00000
    -7.38680     0.00000     0.00000     0.00000     0.00000
    -7.38490     0.00000     0.00000     0.00000     0.00000
    -7.38299     0.00000     0.00000     0.00000     0.00000
    -7.38109     0.00000     0.00000     0.00000     0.00000
    -7.37918     0.00000     0.00000     0.00000     0.00000
    -7.37728     0.00000     0.00000     0.00000     0.00000
    -7.37537     0.00000     0.00000     0.00000     0.00000
    -7.37347     0.00000     0.00000     0.00000     0.00000
    -7.37156     0.00000     0.00000     0.00000     0.00000
    -7.36966     0.00000     0.00000     0.00000     0.00000
    -7.36775     0.00000     0.00000     0.00000     0.00000
    -7.36585     0.00000     0.00000     0.00000     0.00000
    -7.36395     0.00000     0.00000     0.00000     0.00000
    -7.36204     0.00000     0.00000     0.00000     0.00000
    -7.36014     0.00000     0.00000     0.00000     0.00000
    -7.35823     0.00000     0.00000     0.00000     0.00000
    -7.35633     0.00000     0.00000     0.00000     0.00000
    -7.35442     0.00000     0.00000     0.00000     0.00000
    -7.35252     0.00000     0.00000     0.00000     0.00000
    -7.35061     0.00000     0.00000     0.00000     0.00000
    -7.34871     0.00000     0.00000     0.00000     0.00000
    -7.34680     0.00000     0.00000     0.00000     0.00000
    -7.34490     0.00000     0.00000     0.00000     0.00000
    -7.34299     0.00000     0.00000     0.00000     0.00000
    -7.34109     0.00000     0.00000     0.00000     0.00000
    -7.33918     0.00000     0.00000     0.00000     0.00000
    -7.33728     0.00000     0.00000     0.00000     0.00000
    -7.33537     0.00000     0.00000     0.00000     0.00000
    -7.33347     0.00000     0.00000     0.00000     0.00000
    -7.33156     0.00000     0.00000     0.00000     0.00000
    -7.32966     0.00000     0.00000     0.00000     0.00000
    -7.32775     0.00000     0.00000     0.00000     0.00000
    -7.32585     0.00000     0.00000     0.00000     0.00000
    -7.32394     0.00000     0.00000     0.00000     0.00000
    -7.32204     0.00000     0.00000     0.00000     0.00000
    -7.32013     0.00000     0.00000     0.00000     0.00000
    -7.31823     0.00000     0.00000     0.00000     0.00000
    -7.31633     0.00000     0.00000     0.00000     0.00000
    -7.31442     0.00000     0.00000     0.00000     0.00000
    -7.31252     0.00000     0.00000     0.00000     0.00000
    -7.31061     0.00000     0.00000     0.00000     0.00000
    -7.30871     0.00000     0.00000     0.00000     0.00000
    -7.30680     0.00000     0.00000     0.00000     0.00000
    -7.30490     0.00000     0.00000     0.00000     0.00000
    -7.30299     0.00000     0.00000     0.00000     0.00000
    -7.30109     0.00000     0.00000     0.00000     0.00000
    -7.29918     0.00000     0.00000     0.00000     0.00000
    -7.29728     0.00000     0.00000     0.00000     0.00000
    -7.29537     0.00000     0.00000     0.00000     0.00000
    -7.29347     0.00000     0.00000     0.00000     0.00000
    -7.29156     0.00000     0.00000     0.00000     0.00000
    -7.28966     0.00000     0.00000     0.00000     0.00000
    -7.28775     0.00000     0.00000     0.00000     0.00000
    -7.28585     0.00000     0.00000     0.00000     0.00000
    -7.28394     0.00000     0.00000     0.00000     0.00000
    -7.28204     0.00000     0.00000     0.00000     0.00000
    -7.28013     0.00000     0.00000     0.00000     0.00000
    -7.27823     0.00000     0.00000     0.00000     0.00000
    -7.27632     0.00000     0.00000     0.00000     0.00000
    -7.27442     0.00000     0.00000     0.00000     0.00000
    -7.27252     0.00000     0.00000     0.00000     0.00000
    -7.27061     0.00000     0.00000     0.00000     0.00000
    -7.26871     0.00000     0.00000     0.00000     0.00000
    -7.26680     0.00000     0.00000     0.00000     0.00000
    -7.26490     0.00000     0.00000     0.00000     0.00000
    -7.26299     0.00000     0.00000     0.00000     0.00000
    -7.26109     0.00000     0.00000     0.00000     0.00000
    -7.25918     0.00000     0.00000     0.00000     0.00000
    -7.25728     0.00000     0.00000     0.00000     0.00000
    -7.25537     0.00000     0.00000     0.00000     0.00000
    -7.25347     0.00000     0.00000     0.00000     0.00000
    -7.25156     0.00000     0.00000     0.00000     0.00000
    -7.24966     0.00000     0.00000     0.00000     0.00000
    -7.24775     0.00000     0.00000     0.00000     0.00000
    -7.24585     0.00000     0.00000     0.00000     0.00000
    -7.24394     0.00000     0.00000     0.00000     0.00000
    -7.24204     0.00000     0.00000     0.00000     0.00000
    -7.24013     0.00000     0.00000     0.00000     0.00000
    -7.23823     0.00000     0.00000     0.00000     0.00000
    -7.23632     0.00000     0.00000     0.00000     0.00000
    -7.23442     0.00000     0.00000     0.00000     0.00000
    -7.23251     0.00000     0.00000     0.00000     0.00000
    -7.23061     0.00000     0.00000     0.00000     0.00000
    -7.22870     0.00000     0.00000     0.00000     0.00000
    -7.22680     0.00000     0.00000     0.00000     0.00000
    -7.22490     0.00000     0.00000     0.00000     0.00000
    -7.22299     0.00000     0.00000     0.00000     0.00000
    -7.22109     0.00000     0.00000     0.00000     0.00000
    -7.21918     0.00000     0.00000     0.00000     0.00000
    -7.21728     0.00000     0.00000     0.00000     0.00000
    -7.21537     0.00000     0.00000     0.00000     0.00000
    -7.21347     0.00000     0.00000     0.00000     0.00000
    -7.21156     0.00000     0.00000     0.00000     0.00000
    -7.20966     0.00000     0.00000     0.00000     0.00000
    -7.20775     0.00000     0.00000     0.00000     0.00000
    -7.20585     0.00000     0.00000     0.00000     0.00000
    -7.20394     0.00000     0.00000     0.00000     0.00000
    -7.20204     0.00000     0.00000     0.00000     0.00000
    -7.20013     0.00000     0.00000     0.00000     0.00000
    -7.19823     0.00000     0.00000     0.00000     0.00000
    -7.19632     0.00000     0.00000     0.00000     0.00000
    -7.19442     0.00000     0.00000     0.00000     0.00000
    -7.19251     0.00000     0.00000     0.00000     0.00000
    -7.19061     0.00000     0.00000     0.00000     0.00000
    -7.18870     0.00000     0.00000     0.00000     0.00000
    -7.18680     0.00000     0.00000     0.00000     0.00000
    -7.18489     0.00000     0.00000     0.00000     0.00000
    -7.18299     0.00000     0.00000     0.00000     0.00000
    -7.18108     0.00000     0.00000     0.00000     0.00000
    -7.17918     0.00000     0.00000     0.00000     0.00000
    -7.17728     0.00000     0.00000     0.00000     0.00000
    -7.17537     0.00000     0.00000     0.00000     0.00000
    -7.17347     0.00000     0.00000     0.00000     0.00000
    -7.17156     0.00000     0.00000     0.00000     0.00000
    -7.16966     0.00000     0.00000     0.00000     0.00000
    -7.16775     0.00000     0.00000     0.00000     0.00000
    -7.16585     0.00000     0.00000     0.00000     0.00000
    -7.16394     0.00000     0.00000     0.00000     0.00000
    -7.16204     0.00000     0.00000     0.00000     0.00000
    -7.16013     0.00000     0.00000     0.00000     0.00000
    -7.15823     0.00000     0.00000     0.00000     0.00000
    -7.15632     0.00000     0.00000     0.00000     0.00000
    -7.15442     0.00000     0.00000     0.00000     0.00000
    -7.15251     0.00000     0.00000     0.00000     0.00000
    -7.15061     0.00000     0.00000     0.00000     0.00000
    -7.14870     0.00000     0.00000     0.00000     0.00000
    -7.14680     0.00000     0.00000     0.00000     0.00000
    -7.14489     0.00000     0.00000     0.00000     0.00000
    -7.14299     0.00000     0.00000     0.00000     0.00000
    -7.14108     0.00000     0.00000     0.00000     0.00000
    -7.13918     0.00000     0.00000     0.00000     0.00000
    -7.13727     0.00000     0.00000     0.00000     0.00000
    -7.13537     0.00000     0.00000     0.00000     0.00000
    -7.13346     0.00000     0.00000     0.00000     0.00000
    -7.13156     0.00000     0.00000     0.00000     0.00000
    -7.12966     0.00000     0.00000     0.00000     0.00000
    -7.12775     0.00000     0.00000     0.00000     0.00000
    -7.12585     0.00000     0.00000     0.00000     0.00000
    -7.12394     0.00000     0.00000     0.00000     0.00000
    -7.12204     0.00000     0.00000     0.00000     0.00000
    -7.12013     0.00000     0.00000     0.00000     0.00000
    -7.11823     0.00000     0.00000     0.00000     0.00000
    -7.11632     0.00000     0.00000     0.00000     0.00000
    -7.11442     0.00000     0.00000     0.00000     0.00000
    -7.11251     0.00000     0.00000     0.00000     0.00000
    -7.11061     0.00000     0.00000     0.00000     0.00000
    -7.10870     0.00000     0.00000     0.00000     0.00000
    -7.10680     0.00000     0.00000     0.00000     0.00000
    -7.10489     0.00000     0.00000     0.00000     0.00000
    -7.10299     0.00000     0.00000     0.00000     0.00000
    -7.10108     0.00000     0.00000     0.00000     0.00000
    -7.09918     0.00000     0.00000     0.00000     0.00000
    -7.09727     0.00000     0.00000     0.00000     0.00000
    -7.09537     0.00000     0.00000     0.00000     0.00000
    -7.09346     0.00000     0.00000     0.00000     0.00000
    -7.09156     0.00000     0.00000     0.00000     0.00000
    -7.08965     0.00000     0.00000     0.00000     0.00000
    -7.08775     0.00000     0.00000     0.00000     0.00000
    -7.08584     0.00000     0.00000     0.00000     0.00000
    -7.08394     0.00000     0.00000     0.00000     0.00000
    -7.08204     0.00000     0.00000     0.00000     0.00000
    -7.08013     0.00000     0.00000     0.00000     0.00000
    -7.07823     0.00000     0.00000     0.00000     0.00000
    -7.07632     0.00000     0.00000     0.00000     0.00000
    -7.07442     0.00000     0.00000     0.00000     0.00000
    -7.07251     0.00000     0.00000     0.00000     0.00000
    -7.07061     0.00000     0.00000     0.00000     0.00000
    -7.06870     0.00000     0.00000     0.00000     0.00000
    -7.06680     0.00000     0.00000     0.00000     0.00000
    -7.06489     0.00000     0.00000     0.00000     0.00000
    -7.06299     0.00000     0.00000     0.00000     0.00000
    -7.06108     0.00000     0.00000     0.00000     0.00000
    -7.05918     0.00000     0.00000     0.00000     0.00000
    -7.05727     0.00000     0.00000     0.00000     0.00000
    -7.05537     0.00000     0.00000     0.00000     0.00000
    -7.05346     0.00000     0.00000     0.00000     0.00000
    -7.05156     0.00000     0.00000     0.00000     0.00000
    -7.04965     0.00000     0.00000     0.00000     0.00000
    -7.04775     0.00000     0.00000     0.00000     0.00000
    -7.04584     0.00000     0.00000     0.00000     0.00000
    -7.04394     0.00000     0.00000     0.00000     0.00000
    -7.04203     0.00000     0.00000     0.00000     0.00000
    -7.04013     0.00000     0.00000     0.00000     0.00000
    -7.03822     0.00000     0.00000     0.00000     0.00000
    -7.03632     0.00000     0.00000     0.00000     0.00000
    -7.03442     0.00000     0.00000     0.00000     0.00000
    -7.03251     0.00000     0.00000     0.00000     0.00000
    -7.03061     0.00000     0.00000     0.00000     0.00000
    -7.02870     0.00000     0.00000     0.00000     0.00000
    -7.02680     0.00000     0.00000     0.00000     0.00000
    -7.02489     0.00000     0.00000     0.00000     0.00000
    -7.02299     0.00000     0.00000     0.00000     0.00000
    -7.02108     0.00000     0.00000     0.00000     0.00000
    -7.01918     0.00000     0.00000     0.00000     0.00000
    -7.01727     0.00000     0.00000     0.00000     0.00000
    -7.01537     0.00000     0.00000     0.00000     0.00000
    -7.01346     0.00000     0.00000     0.00000     0.00000
    -7.01156     0.00000     0.00000     0.00000     0.00000
    -7.00965     0.00000     0.00000     0.00000     0.00000
    -7.00775     0.00000     0.00000     0.00000     0.00000
    -7.00584     0.00000     0.00000     0.00000     0.00000
    -7.00394     0.00000     0.00000     0.00000     0.00000
    -7.00203     0.00000     0.00000     0.00000     0.00000
    -7.00013     0.00000     0.00000     0.00000     0.00000
    -6.99822     0.00000     0.00000     0.00000     0.00000
    -6.99632     0.00000     0.00000     0.00000     0.00000
    -6.99441     0.00000     0.00000     0.00000     0.00000
    -6.99251     0.00000     0.00000     0.00000     0.00000
    -6.99061     0.00000     0.00000     0.00000     0.00000
    -6.98870     0.00000     0.00000     0.00000     0.00000
    -6.98680     0.00000     0.00000     0.00000     0.00000
    -6.98489     0.00000     0.00000     0.00000     0.00000
    -6.98299     0.00000     0.00000     0.00000     0.00000
    -6.98108     0.00000     0.00000     0.00000     0.00000
    -6.97918     0.00000     0.00000     0.00000     0.00000
    -6.97727     0.00000     0.00000     0.00000     0.00000
    -6.97537     0.00000     0.00000     0.00000     0.00000
    -6.97346     0.00000     0.00000     0.00000     0.00000
    -6.97156     0.00000     0.00000     0.00000     0.00000
    -6.96965     0.00000     0.00000     0.00000     0.00000
    -6.96775     0.00000     0.00000     0.00000     0.00000
    -6.96584     0.00000     0.00000     0.00000     0.00000
    -6.96394     0.00000     0.00000     0.00000     0.00000
    -6.96203     0.00000     0.00000     0.00000     0.00000
    -6.96013     0.00000     0.00000     0.00000     0.00000
    -6.95822     0.00000     0.00000     0.00000     0.00000
    -6.95632     0.00000     0.00000     0.00000     0.00000
    -6.95441     0.00000     0.00000     0.00000     0.00000
    -6.95251     0.00000     0.00000     0.00000     0.00000
    -6.95060     0.00000     0.00000     0.00000     0.00000
    -6.94870     0.00000     0.00000     0.00000     0.00000
    -6.94679     0.00000     0.00000     0.00000     0.00000
    -6.94489     0.00000     0.00000     0.00000     0.00000
    -6.94299     0.00000     0.00000     0.00000     0.00000
    -6.94108     0.00000     0.00000     0.00000     0.00000
    -6.93918     0.00000     0.00000     0.00000     0.00000
    -6.93727     0.00000     0.00000     0.00000     0.00000
    -6.93537     0.00000     0.00000     0.00000     0.00000
    -6.93346     0.00000     0.00000     0.00000     0.00000
    -6.93156     0.00000     0.00000     0.00000     0.00000
    -6.92965     0.00000     0.00000     0.00000     0.00000
    -6.92775     0.00000     0.00000     0.00000     0.00000
    -6.92584     0.00000     0.00000     0.00000     0.00000
    -6.92394     0.00000     0.00000     0.00000     0.00000
    -6.92203     0.00000     0.00000     0.00000     0.00000
    -6.92013     0.00000     0.00000     0.00000     0.00000
    -6.91822     0.00000     0.00000     0.00000     0.00000
    -6.91632     0.00000     0.00000     0.00000     0.00000
    -6.91441     0.00000     0.00000     0.00000     0.00000
    -6.91251     0.00000     0.00000     0.00000     0.00000
    -6.91060     0.00000     0.00000     0.00000     0.00000
    -6.90870     0.00000     0.00000     0.00000     0.00000
    -6.90679     0.00000     0.00000     0.00000     0.00000
    -6.90489     0.00000     0.00000     0.00000     0.00000
    -6.90298     0.00000     0.00000     0.00000     0.00000
    -6.90108     0.00000     0.00000     0.00000     0.00000
    -6.89917     0.00000     0.00000     0.00000     0.00000
    -6.89727     0.00000     0.00000     0.00000     0.00000
    -6.89537     0.00000     0.00000     0.00000     0.00000
    -6.89346     0.00000     0.00000     0.00000     0.00000
    -6.89156     0.00000     0.00000     0.00000     0.00000
    -6.88965     0.00000     0.00000     0.00000     0.00000
    -6.88775     0.00000     0.00000     0.00000     0.00000
    -6.88584     0.00000     0.00000     0.00000     0.00000
    -6.88394     0.00000     0.00000     0.00000     0.00000
    -6.88203     0.00000     0.00000     0.00000     0.00000
    -6.88013     0.00000     0.00000     0.00000     0.00000
    -6.87822     0.00000     0.00000     0.00000     0.00000
    -6.87632     0.00000     0.00000     0.00000     0.00000
    -6.87441     0.00000     0.00000     0.00000     0.00000
    -6.87251     0.00000     0.00000     0.00000     0.00000
    -6.87060     0.00000     0.00000     0.00000     0.00000
    -6.86870     0.00000     0.00000     0.00000     0.00000
    -6.86679     0.00000     0.00000     0.00000     0.00000
    -6.86489     0.00000     0.00000     0.00000     0.00000
    -6.86298     0.00000     0.00000     0.00000     0.00000
    -6.86108     0.00000     0.00000     0.00000     0.00000
    -6.85917     0.00000     0.00000     0.00000     0.00000
    -6.85727     0.00000     0.00000     0.00000     0.00000
    -6.85536     0.00000     0.00000     0.00000     0.00000
    -6.85346     0.00000     0.00000     0.00000     0.00000
    -6.85155     0.00000     0.00000     0.00000     0.00000
    -6.84965     0.00000     0.00000     0.00000     0.00000
    -6.84775     0.00000     0.00000     0.00000     0.00000
    -6.84584     0.00000     0.00000     0.00000     0.00000
    -6.84394     0.00000     0.00000     0.00000     0.00000
    -6.84203     0.00000     0.00000     0.00000     0.00000
    -6.84013     0.00000     0.00000     0.00000     0.00000
    -6.83822     0.00000     0.00000     0.00000     0.00000
    -6.83632     0.00000     0.00000     0.00000     0.00000
    -6.83441     0.00000     0.00000     0.00000     0.00000
    -6.83251     0.00000     0.00000     0.00000     0.00000
    -6.83060     0.00000     0.00000     0.00000     0.00000
    -6.82870     0.00000     0.00000     0.00000     0.00000
    -6.82679     0.00000     0.00000     0.00000     0.00000
    -6.82489     0.00000     0.00000     0.00000     0.00000
    -6.82298     0.00000     0.00000     0.00000     0.00000
    -6.82108     0.00000     0.00000     0.00000     0.00000
    -6.81917     0.00000     0.00000     0.00000     0.00000
    -6.81727     0.00000     0.00000     0.00000     0.00000
    -6.81536     0.00000     0.00000     0.00000     0.00000
    -6.81346     0.00000     0.00000     0.00000     0.00000
    -6.81155     0.00000     0.00000     0.00000     0.00000
    -6.80965     0.00000     0.00000     0.00000     0.00000
    -6.80774     0.00000     0.00000     0.00000     0.00000
    -6.80584     0.00000     0.00000     0.00000     0.00000
    -6.80393     0.00000     0.00000     0.00000     0.00000
    -6.80203     0.00000     0.00000     0.00000     0.00000
    -6.80013     0.00000     0.00000     0.00000     0.00000
    -6.79822     0.00000     0.00000     0.00000     0.00000
    -6.79632     0.00000     0.00000     0.00000     0.00000
    -6.79441     0.00000     0.00000     0.00000     0.00000
    -6.79251     0.00000     0.00000     0.00000     0.00000
    -6.79060     0.00000     0.00000     0.00000     0.00000
    -6.78870     0.00000     0.00000     0.00000     0.00000
    -6.78679     0.00000     0.00000     0.00000     0.00000
    -6.78489     0.00000     0.00000     0.00000     0.00000
    -6.78298     0.00000     0.00000     0.00000     0.00000
    -6.78108     0.00000     0.00000     0.00000     0.00000
    -6.77917     0.00000     0.00000     0.00000     0.00000
    -6.77727     0.00000     0.00000     0.00000     0.00000
    -6.77536     0.00000     0.00000     0.00000     0.00000
    -6.77346     0.00000     0.00000     0.00000     0.00000
    -6.77155     0.00000     0.00000     0.00000     0.00000
    -6.76965     0.00000     0.00000     0.00000     0.00000
    -6.76774     0.00000     0.00000     0.00000     0.00000
    -6.76584     0.00000     0.00000     0.00000     0.00000
    -6.76393     0.00000     0.00000     0.00000     0.00000
    -6.76203     0.00000     0.00000     0.00000     0.00000
    -6.76012     0.00000     0.00000     0.00000     0.00000
    -6.75822     0.00000     0.00000     0.00000     0.00000
    -6.75632     0.00000     0.00000     0.00000     0.00000
    -6.75441     0.00000     0.00000     0.00000     0.00000
    -6.75251     0.00000     0.00000     0.00000     0.00000
    -6.75060     0.00000     0.00000     0.00000     0.00000
    -6.74870     0.00000     0.00000     0.00000     0.00000
    -6.74679     0.00000     0.00000     0.00000     0.00000
    -6.74489     0.00000     0.00000     0.00000     0.00000
    -6.74298     0.00000     0.00000     0.00000     0.00000
    -6.74108     0.00000     0.00000     0.00000     0.00000
    -6.73917     0.00000     0.00000     0.00000     0.00000
    -6.73727     0.00000     0.00000     0.00000     0.00000
    -6.73536     0.00000     0.00000     0.00000     0.00000
    -6.73346     0.00000     0.00000     0.00000     0.00000
    -6.73155     0.00000     0.00000     0.00000     0.00000
    -6.72965     0.00000     0.00000     0.00000     0.00000
    -6.72774     0.00000     0.00000     0.00000     0.00000
    -6.72584     0.00000     0.00000     0.00000     0.00000
    -6.72393     0.00000     0.00000     0.00000     0.00000
    -6.72203     0.00000     0.00000     0.00000     0.00000
    -6.72012     0.00000     0.00000     0.00000     0.00000
    -6.71822     0.00000     0.00000     0.00000     0.00000
    -6.71631     0.00000     0.00000     0.00000     0.00000
    -6.71441     0.00000     0.00000     0.00000     0.00000
    -6.71250     0.00000     0.00000     0.00000     0.00000
    -6.71060     0.00000     0.00000     0.00000     0.00000
    -6.70870     0.00000     0.00000     0.00000     0.00000
    -6.70679     0.00000     0.00000     0.00000     0.00000
    -6.70489     0.00000     0.00000     0.00000     0.00000
    -6.70298     0.00000     0.00000     0.00000     0.00000
    -6.70108     0.00000     0.00000     0.00000     0.00000
    -6.69917     0.00000     0.00000     0.00000     0.00000
    -6.69727     0.00000     0.00000     0.00000     0.00000
    -6.69536     0.00000     0.00000     0.00000     0.00000
    -6.69346     0.00000     0.00000     0.00000     0.00000
    -6.69155     0.00000     0.00000     0.00000     0.00000
    -6.68965     0.00000     0.00000     0.00000     0.00000
    -6.68774     0.00000     0.00000     0.00000     0.00000
    -6.68584     0.00000     0.00000     0.00000     0.00000
    -6.68393     0.00000     0.00000     0.00000     0.00000
    -6.68203     0.00000     0.00000     0.00000     0.00000
    -6.68012     0.00000     0.00000     0.00000     0.00000
    -6.67822     0.00000     0.00000     0.00000     0.00000
    -6.67631     0.00000     0.00000     0.00000     0.00000
    -6.67441     0.00000     0.00000     0.00000     0.00000
    -6.67250     0.00000     0.00000     0.00000     0.00000
    -6.67060     0.00000     0.00000     0.00000     0.00000
    -6.66869     0.00000     0.00000     0.00000     0.00000
    -6.66679     0.00000     0.00000     0.00000     0.00000
    -6.66488     0.00000     0.00000     0.00000     0.00000
    -6.66298     0.00000     0.00000     0.00000     0.00000
    -6.66108     0.00000     0.00000     0.00000     0.00000
    -6.65917     0.00000     0.00000     0.00000     0.00000
    -6.65727     0.00000     0.00000     0.00000     0.00000
    -6.65536     0.00000     0.00000     0.00000     0.00000
    -6.65346     0.00000     0.00000     0.00000     0.00000
    -6.65155     0.00000     0.00000     0.00000     0.00000
    -6.64965     0.00000     0.00000     0.00000     0.00000
    -6.64774     0.00000     0.00000     0.00000     0.00000
    -6.64584     0.00000     0.00000     0.00000     0.00000
    -6.64393     0.00000     0.00000     0.00000     0.00000
    -6.64203     0.00000     0.00000     0.00000     0.00000
    -6.64012     0.00000     0.00000     0.00000     0.00000
    -6.63822     0.00000     0.00000     0.00000     0.00000
    -6.63631     0.00000     0.00000     0.00000     0.00000
    -6.63441     0.00000     0.00000     0.00000     0.00000
    -6.63250     0.00000     0.00000     0.00000     0.00000
    -6.63060     0.00000     0.00000     0.00000     0.00000
    -6.62869     0.00000     0.00000     0.00000     0.00000
    -6.62679     0.00000     0.00000     0.00000     0.00000
    -6.62488     0.00000     0.00000     0.00000     0.00000
    -6.62298     0.00000     0.00000     0.00000     0.00000
    -6.62107     0.00000     0.00000     0.00000     0.00000
    -6.61917     0.00000     0.00000     0.00000     0.00000
    -6.61726     0.00000     0.00000     0.00000     0.00000
    -6.61536     0.00000     0.00000     0.00000     0.00000
    -6.61346     0.00000     0.00000     0.00000     0.00000
    -6.61155     0.00000     0.00000     0.00000     0.00000
    -6.60965     0.00000     0.00000     0.00000     0.00000
    -6.60774     0.00000     0.00000     0.00000     0.00000
    -6.60584     0.00000     0.00000     0.00000     0.00000
    -6.60393     0.00000     0.00000     0.00000     0.00000
    -6.60203     0.00000     0.00000     0.00000     0.00000
    -6.60012     0.00000     0.00000     0.00000     0.00000
    -6.59822     0.00000     0.00000     0.00000     0.00000
    -6.59631     0.00000     0.00000     0.00000     0.00000
    -6.59441     0.00000     0.00000     0.00000     0.00000
    -6.59250     0.00000     0.00000     0.00000     0.00000
    -6.59060     0.00000     0.00000     0.00000     0.00000
    -6.58869     0.00000     0.00000     0.00000     0.00000
    -6.58679     0.00000     0.00000     0.00000     0.00000
    -6.58488     0.00000     0.00000     0.00000     0.00000
    -6.58298     0.00000     0.00000     0.00000     0.00000
    -6.58107     0.00000     0.00000     0.00000     0.00000
    -6.57917     0.00000     0.00000     0.00000     0.00000
    -6.57726     0.00000     0.00000     0.00000     0.00000
    -6.57536     0.00000     0.00000     0.00000     0.00000
    -6.57345     0.00000     0.00000     0.00000     0.00000
    -6.57155     0.00000     0.00000     0.00000     0.00000
    -6.56964     0.00000     0.00000     0.00000     0.00000
    -6.56774     0.00000     0.00000     0.00000     0.00000
    -6.56584     0.00000     0.00000     0.00000     0.00000
    -6.56393     0.00000     0.00000     0.00000     0.00000
    -6.56203     0.00000     0.00000     0.00000     0.00000
    -6.56012     0.00000     0.00000     0.00000     0.00000
    -6.55822     0.00000     0.00000     0.00000     0.00000
    -6.55631     0.00000     0.00000     0.00000     0.00000
    -6.55441     0.00000     0.00000     0.00000     0.00000
    -6.55250     0.00000     0.00000     0.00000     0.00000
    -6.55060     0.00000     0.00000     0.00000     0.00000
    -6.54869     0.00000     0.00000     0.00000     0.00000
    -6.54679     0.00000     0.00000     0.00000     0.00000
    -6.54488     0.00000     0.00000     0.00000     0.00000
    -6.54298     0.00000     0.00000     0.00000     0.00000
    -6.54107     0.00000     0.00000     0.00000     0.00000
    -6.53917     0.00000     0.00000     0.00000     0.00000
    -6.53726     0.00000     0.00000     0.00000     0.00000
    -6.53536     0.00000     0.00000     0.00000     0.00000
    -6.53345     0.00000     0.00000     0.00000     0.00000
    -6.53155     0.00000     0.00000     0.00000     0.00000
    -6.52964     0.00000     0.00000     0.00000     0.00000
    -6.52774     0.00000     0.00000     0.00000     0.00000
    -6.52583     0.00000     0.00000     0.00000     0.00000
    -6.52393     0.00000     0.00000     0.00000     0.00000
    -6.52203     0.00000     0.00000     0.00000     0.00000
    -6.52012     0.00000     0.00000     0.00000     0.00000
    -6.51822     0.00000     0.00000     0.00000     0.00000
    -6.51631     0.00000     0.00000     0.00000     0.00000
    -6.51441     0.00000     0.00000     0.00000     0.00000
    -6.51250     0.00000     0.00000     0.00000     0.00000
    -6.51060     0.00000     0.00000     0.00000     0.00000
    -6.50869     0.00000     0.00000     0.00000     0.00000
    -6.50679     0.00000     0.00000     0.00000     0.00000
    -6.50488     0.00000     0.00000     0.00000     0.00000
    -6.50298     0.00000     0.00000     0.00000     0.00000
    -6.50107     0.00000     0.00000     0.00000     0.00000
    -6.49917     0.00000     0.00000     0.00000     0.00000
    -6.49726     0.00000     0.00000     0.00000     0.00000
    -6.49536     0.00000     0.00000     0.00000     0.00000
    -6.49345     0.00000     0.00000     0.00000     0.00000
    -6.49155     0.00000     0.00000     0.00000     0.00000
    -6.48964     0.00000     0.00000     0.00000     0.00000
    -6.48774     0.00000     0.00000     0.00000     0.00000
    -6.48583     0.00000     0.00000     0.00000     0.00000
    -6.48393     0.00000     0.00000     0.00000     0.00000
    -6.48202     0.00000     0.00000     0.00000     0.00000
    -6.48012     0.00000     0.00000     0.00000     0.00000
    -6.47821     0.00000     0.00000     0.00000     0.00000
    -6.47631     0.00000     0.00000     0.00000     0.00000
    -6.47441     0.00000     0.00000     0.00000     0.00000
    -6.47250     0.00000     0.00000     0.00000     0.00000
    -6.47060     0.00000     0.00000     0.00000     0.00000
    -6.46869     0.00000     0.00000     0.00000     0.00000
    -6.46679     0.00000     0.00000     0.00000     0.00000
    -6.46488     0.00000     0.00000     0.00000     0.00000
    -6.46298     0.00000     0.00000     0.00000     0.00000
    -6.46107     0.00000     0.00000     0.00000     0.00000
    -6.45917     0.00000     0.00000     0.00000     0.00000
    -6.45726     0.00000     0.00000     0.00000     0.00000
    -6.45536     0.00000     0.00000     0.00000     0.00000
    -6.45345     0.00000     0.00000     0.00000     0.00000
    -6.45155     0.00000     0.00000     0.00000     0.00000
    -6.44964     0.00000     0.00000     0.00000     0.00000
    -6.44774     0.00000     0.00000     0.00000     0.00000
    -6.44583     0.00000     0.00000     0.00000     0.00000
    -6.44393     0.00000     0.00000     0.00000     0.00000
    -6.44202     0.00000     0.00000     0.00000     0.00000
    -6.44012     0.00000     0.00000     0.00000     0.00000
    -6.43821     0.00000     0.00000     0.00000     0.00000
    -6.43631     0.00000     0.00000     0.00000     0.00000
    -6.43440     0.00000     0.00000     0.00000     0.00000
    -6.43250     0.00000     0.00000     0.00000     0.00000
    -6.43059     0.00000     0.00000     0.00000     0.00000
    -6.42869     0.00000     0.00000     0.00000     0.00000
    -6.42679     0.00000     0.00000     0.00000     0.00000
    -6.42488     0.00000     0.00000     0.00000     0.00000
    -6.42298     0.00000     0.00000     0.00000     0.00000
    -6.42107     0.00000     0.00000     0.00000     0.00000
    -6.41917     0.00000     0.00000     0.00000     0.00000
    -6.41726     0.00000     0.00000     0.00000     0.00000
    -6.41536     0.00000     0.00000     0.00000     0.00000
    -6.41345     0.00000     0.00000     0.00000     0.00000
    -6.41155     0.00000     0.00000     0.00000     0.00000
    -6.40964     0.00000     0.00000     0.00000     0.00000
    -6.40774     0.00000     0.00000     0.00000     0.00000
    -6.40583     0.00000     0.00000     0.00000     0.00000
    -6.40393     0.00000     0.00000     0.00000     0.00000
    -6.40202     0.00000     0.00000     0.00000     0.00000
    -6.40012     0.00000     0.00000     0.00000     0.00000
    -6.39821     0.00000     0.00000     0.00000     0.00000
    -6.39631     0.00000     0.00000     0.00000     0.00000
    -6.39440     0.00000     0.00000     0.00000     0.00000
    -6.39250     0.00000     0.00000     0.00000     0.00000
    -6.39059     0.00000     0.00000     0.00000     0.00000
    -6.38869     0.00000     0.00000     0.00000     0.00000
    -6.38678     0.00000     0.00000     0.00000     0.00000
    -6.38488     0.00000     0.00000     0.00000     0.00000
    -6.38297     0.00000     0.00000     0.00000     0.00000
    -6.38107     0.00000     0.00000     0.00000     0.00000
    -6.37917     0.00000     0.00000     0.00000     0.00000
    -6.37726     0.00000     0.00000     0.00000     0.00000
    -6.37536     0.00000     0.00000     0.00000     0.00000
    -6.37345     0.00000     0.00000     0.00000     0.00000
    -6.37155     0.00000     0.00000     0.00000     0.00000
    -6.36964     0.00000     0.00000     0.00000     0.00000
    -6.36774     0.00000     0.00000     0.00000     0.00000
    -6.36583     0.00000     0.00000     0.00000     0.00000
    -6.36393     0.00000     0.00000     0.00000     0.00000
    -6.36202     0.00000     0.00000     0.00000     0.00000
    -6.36012     0.00000     0.00000     0.00000     0.00000
    -6.35821     0.00000     0.00000     0.00000     0.00000
    -6.35631     0.00000     0.00000     0.00000     0.00000
    -6.35440     0.00000     0.00000     0.00000     0.00000
    -6.35250     0.00000     0.00000     0.00000     0.00000
    -6.35059     0.00000     0.00000     0.00000     0.00000
    -6.34869     0.00000     0.00000     0.00000     0.00000
    -6.34678     0.00000     0.00000     0.00000     0.00000
    -6.34488     0.00000     0.00000     0.00000     0.00000
    -6.34297     0.00000     0.00000     0.00000     0.00000
    -6.34107     0.00000     0.00000     0.00000     0.00000
    -6.33916     0.00000     0.00000     0.00000     0.00000
    -6.33726     0.00000     0.00000     0.00000     0.00000
    -6.33535     0.00000     0.00000     0.00000     0.00000
    -6.33345     0.00000     0.00000     0.00000     0.00000
    -6.33155     0.00000     0.00000     0.00000     0.00000
    -6.32964     0.00000     0.00000     0.00000     0.00000
    -6.32774     0.00000     0.00000     0.00000     0.00000
    -6.32583     0.00000     0.00000     0.00000     0.00000
    -6.32393     0.00000     0.00000     0.00000     0.00000
    -6.32202     0.00000     0.00000     0.00000     0.00000
    -6.32012     0.00000     0.00000     0.00000     0.00000
    -6.31821     0.00000     0.00000     0.00000     0.00000
    -6.31631     0.00000     0.00000     0.00000     0.00000
    -6.31440     0.00000     0.00000     0.00000     0.00000
    -6.31250     0.00000     0.00000     0.00000     0.00000
    -6.31059     0.00000     0.00000     0.00000     0.00000
    -6.30869     0.00000     0.00000     0.00000     0.00000
    -6.30678     0.00000     0.00000     0.00000     0.00000
    -6.30488     0.00000     0.00000     0.00000     0.00000
    -6.30297     0.00000     0.00000     0.00000     0.00000
    -6.30107     0.00000     0.00000     0.00000     0.00000
    -6.29916     0.00000     0.00000     0.00000     0.00000
    -6.29726     0.00000     0.00000     0.00000     0.00000
    -6.29535     0.00000     0.00000     0.00000     0.00000
    -6.29345     0.00000     0.00000     0.00000     0.00000
    -6.29154     0.00000     0.00000     0.00000     0.00000
    -6.28964     0.00000     0.00000     0.00000     0.00000
    -6.28773     0.00000     0.00000     0.00000     0.00000
    -6.28583     0.00000     0.00000     0.00000     0.00000
    -6.28393     0.00000     0.00000     0.00000     0.00000
    -6.28202     0.00000     0.00000     0.00000     0.00000
    -6.28012     0.00000     0.00000     0.00000     0.00000
    -6.27821     0.00000     0.00000     0.00000     0.00000
    -6.27631     0.00000     0.00000     0.00000     0.00000
    -6.27440     0.00000     0.00000     0.00000     0.00000
    -6.27250     0.00000     0.00000     0.00000     0.00000
    -6.27059     0.00000     0.00000     0.00000     0.00000
    -6.26869     0.00000     0.00000     0.00000     0.00000
    -6.26678     0.00000     0.00000     0.00000     0.00000
    -6.26488     0.00000     0.00000     0.00000     0.00000
    -6.26297     0.00000     0.00000     0.00000     0.00000
    -6.26107     0.00000     0.00000     0.00000     0.00000
    -6.25916     0.00000     0.00000     0.00000     0.00000
    -6.25726     0.00000     0.00000     0.00000     0.00000
    -6.25535     0.00000     0.00000     0.00000     0.00000
    -6.25345     0.00000     0.00000     0.00000     0.00000
    -6.25154     0.00000     0.00000     0.00000     0.00000
    -6.24964     0.00000     0.00000     0.00000     0.00000
    -6.24773     0.00000     0.00000     0.00000     0.00000
    -6.24583     0.00000     0.00000     0.00000     0.00000
    -6.24392     0.00000     0.00000     0.00000     0.00000
    -6.24202     0.00000     0.00000     0.00000     0.00000
    -6.24012     0.00000     0.00000     0.00000     0.00000
    -6.23821     0.00000     0.00000     0.00000     0.00000
    -6.23631     0.00000     0.00000     0.00000     0.00000
    -6.23440     0.00000     0.00000     0.00000     0.00000
    -6.23250     0.00000     0.00000     0.00000     0.00000
    -6.23059     0.00000     0.00000     0.00000     0.00000
    -6.22869     0.00000     0.00000     0.00000     0.00000
    -6.22678     0.00000     0.00000     0.00000     0.00000
    -6.22488     0.00000     0.00000     0.00000     0.00000
    -6.22297     0.00000     0.00000     0.00000     0.00000
    -6.22107     0.00000     0.00000     0.00000     0.00000
    -6.21916     0.00000     0.00000     0.00000     0.00000
    -6.21726     0.00000     0.00000     0.00000     0.00000
    -6.21535     0.00000     0.00000     0.00000     0.00000
    -6.21345     0.00000     0.00000     0.00000     0.00000
    -6.21154     0.00000     0.00000     0.00000     0.00000
    -6.20964     0.00000     0.00000     0.00000     0.00000
    -6.20773     0.00000     0.00000     0.00000     0.00000
    -6.20583     0.00000     0.00000     0.00000     0.00000
    -6.20392     0.00000     0.00000     0.00000     0.00000
    -6.20202     0.00000     0.00000     0.00000     0.00000
    -6.20011     0.00000     0.00000     0.00000     0.00000
    -6.19821     0.00000     0.00000     0.00000     0.00000
    -6.19630     0.00000     0.00000     0.00000     0.00000
    -6.19440     0.00000     0.00000     0.00000     0.00000
    -6.19250     0.00000     0.00000     0.00000     0.00000
    -6.19059     0.00000     0.00000     0.00000     0.00000
    -6.18869     0.00000     0.00000     0.00000     0.00000
    -6.18678     0.00000     0.00000     0.00000     0.00000
    -6.18488     0.00000     0.00000     0.00000     0.00000
    -6.18297     0.00000     0.00000     0.00000     0.00000
    -6.18107     0.00000     0.00000     0.00000     0.00000
    -6.17916     0.00000     0.00000     0.00000     0.00000
    -6.17726     0.00000     0.00000     0.00000     0.00000
    -6.17535     0.00000     0.00000     0.00000     0.00000
    -6.17345     0.00000     0.00000     0.00000     0.00000
    -6.17154     0.00000     0.00000     0.00000     0.00000
    -6.16964     0.00000     0.00000     0.00000     0.00000
    -6.16773     0.00000     0.00000     0.00000     0.00000
    -6.16583     0.00000     0.00000     0.00000     0.00000
    -6.16392     0.00000     0.00000     0.00000     0.00000
    -6.16202     0.00000     0.00000     0.00000     0.00000
    -6.16011     0.00000     0.00000     0.00000     0.00000
    -6.15821     0.00000     0.00000     0.00000     0.00000
    -6.15630     0.00000     0.00000     0.00000     0.00000
    -6.15440     0.00000     0.00000     0.00000     0.00000
    -6.15249     0.00000     0.00000     0.00000     0.00000
    -6.15059     0.00000     0.00000     0.00000     0.00000
    -6.14868     0.00000     0.00000     0.00000     0.00000
    -6.14678     0.00000     0.00000     0.00000     0.00000
    -6.14488     0.00000     0.00000     0.00000     0.00000
    -6.14297     0.00000     0.00000     0.00000     0.00000
    -6.14107     0.00000     0.00000     0.00000     0.00000
    -6.13916     0.00000     0.00000     0.00000     0.00000
    -6.13726     0.00000     0.00000     0.00000     0.00000
    -6.13535     0.00000     0.00000     0.00000     0.00000
    -6.13345     0.00000     0.00000     0.00000     0.00000
    -6.13154     0.00000     0.00000     0.00000     0.00000
    -6.12964     0.00000     0.00000     0.00000     0.00000
    -6.12773     0.00000     0.00000     0.00000     0.00000
    -6.12583     0.00000     0.00000     0.00000     0.00000
    -6.12392     0.00000     0.00000     0.00000     0.00000
    -6.12202     0.00000     0.00000     0.00000     0.00000
    -6.12011     0.00000     0.00000     0.00000     0.00000
    -6.11821     0.00000     0.00000     0.00000     0.00000
    -6.11630     0.00000     0.00000     0.00000     0.00000
    -6.11440     0.00000     0.00000     0.00000     0.00000
    -6.11249     0.00000     0.00000     0.00000     0.00000
    -6.11059     0.00000     0.00000     0.00000     0.00000
    -6.10868     0.00000     0.00000     0.00000     0.00000
    -6.10678     0.00000     0.00000     0.00000     0.00000
    -6.10487     0.00000     0.00000     0.00000     0.00000
    -6.10297     0.00000     0.00000     0.00000     0.00000
    -6.10106     0.00000     0.00000     0.00000     0.00000
    -6.09916     0.00000     0.00000     0.00000     0.00000
    -6.09726     0.00000     0.00000     0.00000     0.00000
    -6.09535     0.00000     0.00000     0.00000     0.00000
    -6.09345     0.00000     0.00000     0.00000     0.00000
    -6.09154     0.00000     0.00000     0.00000     0.00000
    -6.08964     0.00000     0.00000     0.00000     0.00000
    -6.08773     0.00000     0.00000     0.00000     0.00000
    -6.08583     0.00000     0.00000     0.00000     0.00000
    -6.08392     0.00000     0.00000     0.00000     0.00000
    -6.08202     0.00000     0.00000     0.00000     0.00000
    -6.08011     0.00000     0.00000     0.00000     0.00000
    -6.07821     0.00000     0.00000     0.00000     0.00000
    -6.07630     0.00000     0.00000     0.00000     0.00000
    -6.07440     0.00000     0.00000     0.00000     0.00000
    -6.07249     0.00000     0.00000     0.00000     0.00000
    -6.07059     0.00000     0.00000     0.00000     0.00000
    -6.06868     0.00000     0.00000     0.00000     0.00000
    -6.06678     0.00000     0.00000     0.00000     0.00000
    -6.06487     0.00000     0.00000     0.00000     0.00000
    -6.06297     0.00000     0.00000     0.00000     0.00000
    -6.06106     0.00000     0.00000     0.00000     0.00000
    -6.05916     0.00000     0.00000     0.00000     0.00000
    -6.05725     0.00000     0.00000     0.00000     0.00000
    -6.05535     0.00000     0.00000     0.00000     0.00000
    -6.05344     0.00000     0.00000     0.00000     0.00000
    -6.05154     0.00000     0.00000     0.00000     0.00000
    -6.04964     0.00000     0.00000     0.00000     0.00000
    -6.04773     0.00000     0.00000     0.00000     0.00000
    -6.04583     0.00000     0.00000     0.00000     0.00000
    -6.04392     0.00000     0.00000     0.00000     0.00000
    -6.04202     0.00000     0.00000     0.00000     0.00000
    -6.04011     0.00000     0.00000     0.00000     0.00000
    -6.03821     0.00000     0.00000     0.00000     0.00000
    -6.03630     0.00000     0.00000     0.00000     0.00000
    -6.03440     0.00000     0.00000     0.00000     0.00000
    -6.03249     0.00000     0.00000     0.00000     0.00000
    -6.03059     0.00000     0.00000     0.00000     0.00000
    -6.02868     0.00000     0.00000     0.00000     0.00000
    -6.02678     0.00000     0.00000     0.00000     0.00000
    -6.02487     0.00000     0.00000     0.00000     0.00000
    -6.02297     0.00000     0.00000     0.00000     0.00000
    -6.02106     0.00000     0.00000     0.00000     0.00000
    -6.01916     0.00000     0.00000     0.00000     0.00000
    -6.01725     0.00000     0.00000     0.00000     0.00000
    -6.01535     0.00000     0.00000     0.00000     0.00000
    -6.01344     0.00000     0.00000     0.00000     0.00000
    -6.01154     0.00000     0.00000     0.00000     0.00000
    -6.00963     0.00000     0.00000     0.00000     0.00000
    -6.00773     0.00000     0.00000     0.00000     0.00000
    -6.00583     0.00000     0.00000     0.00000     0.00000
    -6.00392     0.00000     0.00000     0.00000     0.00000
    -6.00202     0.00000     0.00000     0.00000     0.00000
    -6.00011     0.00000     0.00000     0.00000     0.00000
    -5.99821     0.00000     0.00000     0.00000     0.00000
    -5.99630     0.00000     0.00000     0.00000     0.00000
    -5.99440     0.00000     0.00000     0.00000     0.00000
    -5.99249     0.00000     0.00000     0.00000     0.00000
    -5.99059     0.00000     0.00000     0.00000     0.00000
    -5.98868     0.00000     0.00000     0.00000     0.00000
    -5.98678     0.00000     0.00000     0.00000     0.00000
    -5.98487     0.00000     0.00000     0.00000     0.00000
    -5.98297     0.00000     0.00000     0.00000     0.00000
    -5.98106     0.00000     0.00000     0.00000     0.00000
    -5.97916     0.00000     0.00000     0.00000     0.00000
    -5.97725     0.00000     0.00000     0.00000     0.00000
    -5.97535     0.00000     0.00000     0.00000     0.00000
    -5.97344     0.00000     0.00000     0.00000     0.00000
    -5.97154     0.00000     0.00000     0.00000     0.00000
    -5.96963     0.00000     0.00000     0.00000     0.00000
    -5.96773     0.00000     0.00000     0.00000     0.00000
    -5.96582     0.00000     0.00000     0.00000     0.00000
    -5.96392     0.00000     0.00000     0.00000     0.00000
    -5.96201     0.00000     0.00000     0.00000     0.00000
    -5.96011     0.00000     0.00000     0.00000     0.00000
    -5.95821     0.00000     0.00000     0.00000     0.00000
    -5.95630     0.00000     0.00000     0.00000     0.00000
    -5.95440     0.00000     0.00000     0.00000     0.00000
    -5.95249     0.00000     0.00000     0.00000     0.00000
    -5.95059     0.00000     0.00000     0.00000     0.00000
    -5.94868     0.00000     0.00000     0.00000     0.00000
    -5.94678     0.00000     0.00000     0.00000     0.00000
    -5.94487     0.00000     0.00000     0.00000     0.00000
    -5.94297     0.00000     0.00000     0.00000     0.00000
    -5.94106     0.00000     0.00000     0.00000     0.00000
    -5.93916     0.00000     0.00000     0.00000     0.00000
    -5.93725     0.00000     0.00000     0.00000     0.00000
    -5.93535     0.00000     0.00000     0.00000     0.00000
    -5.93344     0.00000     0.00000     0.00000     0.00000
    -5.93154     0.00000     0.00000     0.00000     0.00000
    -5.92963     0.00000     0.00000     0.00000     0.00000
    -5.92773     0.00000     0.00000     0.00000     0.00000
    -5.92582     0.00000     0.00000     0.00000     0.00000
    -5.92392     0.00000     0.00000     0.00000     0.00000
    -5.92201     0.00000     0.00000     0.00000     0.00000
    -5.92011     0.00000     0.00000     0.00000     0.00000
    -5.91820     0.00000     0.00000     0.00000     0.00000
    -5.91630     0.00000     0.00000     0.00000     0.00000
    -5.91439     0.00000     0.00000     0.00000     0.00000
    -5.91249     0.00000     0.00000     0.00000     0.00000
    -5.91059     0.00000     0.00000     0.00000     0.00000
    -5.90868     0.00000     0.00000     0.00000     0.00000
    -5.90678     0.00000     0.00000     0.00000     0.00000
    -5.90487     0.00000     0.00000     0.00000     0.00000
    -5.90297     0.00000     0.00000     0.00000     0.00000
    -5.90106     0.00000     0.00000     0.00000     0.00000
    -5.89916     0.00000     0.00000     0.00000     0.00000
    -5.89725     0.00000     0.00000     0.00000     0.00000
    -5.89535     0.00000     0.00000     0.00000     0.00000
    -5.89344     0.00000     0.00000     0.00000     0.00000
    -5.89154     0.00000     0.00000     0.00000     0.00000
    -5.88963     0.00000     0.00000     0.00000     0.00000
    -5.88773     0.00000     0.00000     0.00000     0.00000
    -5.88582     0.00000     0.00000     0.00000     0.00000
    -5.88392     0.00000     0.00000     0.00000     0.00000
    -5.88201     0.00000     0.00000     0.00000     0.00000
    -5.88011     0.00000     0.00000     0.00000     0.00000
    -5.87820     0.00000     0.00000     0.00000     0.00000
    -5.87630     0.00000     0.00000     0.00000     0.00000
    -5.87439     0.00000     0.00000     0.00000     0.00000
    -5.87249     0.00000     0.00000     0.00000     0.00000
    -5.87058     0.00000     0.00000     0.00000     0.00000
    -5.86868     0.00000     0.00000     0.00000     0.00000
    -5.86677     0.00000     0.00000     0.00000     0.00000
    -5.86487     0.00000     0.00000     0.00000     0.00000
    -5.86297     0.00000     0.00000     0.00000     0.00000
    -5.86106     0.00000     0.00000     0.00000     0.00000
    -5.85916     0.00000     0.00000     0.00000     0.00000
    -5.85725     0.00000     0.00000     0.00000     0.00000
    -5.85535     0.00000     0.00000     0.00000     0.00000
    -5.85344     0.00000     0.00000     0.00000     0.00000
    -5.85154     0.00000     0.00000     0.00000     0.00000
    -5.84963     0.00000     0.00000     0.00000     0.00000
    -5.84773     0.00000     0.00000     0.00000     0.00000
    -5.84582     0.00000     0.00000     0.00000     0.00000
    -5.84392     0.00000     0.00000     0.00000     0.00000
    -5.84201     0.00000     0.00000     0.00000     0.00000
    -5.84011     0.00000     0.00000     0.00000     0.00000
    -5.83820     0.00000     0.00000     0.00000     0.00000
    -5.83630     0.00000     0.00000     0.00000     0.00000
    -5.83439     0.00000     0.00000     0.00000     0.00000
    -5.83249     0.00000     0.00000     0.00000     0.00000
    -5.83058     0.00000     0.00000     0.00000     0.00000
    -5.82868     0.00000     0.00000     0.00000     0.00000
    -5.82677     0.00000     0.00000     0.00000     0.00000
    -5.82487     0.00000     0.00000     0.00000     0.00000
    -5.82296     0.00000     0.00000     0.00000     0.00000
    -5.82106     0.00000     0.00000     0.00000     0.00000
    -5.81915     0.00000     0.00000     0.00000     0.00000
    -5.81725     0.00000     0.00000     0.00000     0.00000
    -5.81535     0.00000     0.00000     0.00000     0.00000
    -5.81344     0.00000     0.00000     0.00000     0.00000
    -5.81154     0.00000     0.00000     0.00000     0.00000
    -5.80963     0.00000     0.00000     0.00000     0.00000
    -5.80773     0.00000     0.00000     0.00000     0.00000
    -5.80582     0.00000     0.00000     0.00000     0.00000
    -5.80392     0.00000     0.00000     0.00000     0.00000
    -5.80201     0.00000     0.00000     0.00000     0.00000
    -5.80011     0.00000     0.00000     0.00000     0.00000
    -5.79820     0.00000     0.00000     0.00000     0.00000
    -5.79630     0.00000     0.00000     0.00000     0.00000
    -5.79439     0.00000     0.00000     0.00000     0.00000
    -5.79249     0.00000     0.00000     0.00000     0.00000
    -5.79058     0.00000     0.00000     0.00000     0.00000
    -5.78868     0.00000     0.00000     0.00000     0.00000
    -5.78677     0.00000     0.00000     0.00000     0.00000
    -5.78487     0.00000     0.00000     0.00000     0.00000
    -5.78296     0.00000     0.00000     0.00000     0.00000
    -5.78106     0.00000     0.00000     0.00000     0.00000
    -5.77915     0.00000     0.00000     0.00000     0.00000
    -5.77725     0.00000     0.00000     0.00000     0.00000
    -5.77534     0.00000     0.00000     0.00000     0.00000
    -5.77344     0.00000     0.00000     0.00000     0.00000
    -5.77153     0.00000     0.00000     0.00000     0.00000
    -5.76963     0.00000     0.00000     0.00000     0.00000
    -5.76773     0.00000     0.00000     0.00000     0.00000
    -5.76582     0.00000     0.00000     0.00000     0.00000
    -5.76392     0.00000     0.00000     0.00000     0.00000
    -5.76201     0.00000     0.00000     0.00000     0.00000
    -5.76011     0.00000     0.00000     0.00000     0.00000
    -5.75820     0.00000     0.00000     0.00000     0.00000
    -5.75630     0.00000     0.00000     0.00000     0.00000
    -5.75439     0.00000     0.00000     0.00000     0.00000
    -5.75249     0.00000     0.00000     0.00000     0.00000
    -5.75058     0.00000     0.00000     0.00000     0.00000
    -5.74868     0.00000     0.00000     0.00000     0.00000
    -5.74677     0.00000     0.00000     0.00000     0.00000
    -5.74487     0.00000     0.00000     0.00000     0.00000
    -5.74296     0.00000     0.00000     0.00000     0.00000
    -5.74106     0.00000     0.00000     0.00000     0.00000
    -5.73915     0.00000     0.00000     0.00000     0.00000
    -5.73725     0.00000     0.00000     0.00000     0.00000
    -5.73534     0.00000     0.00000     0.00000     0.00000
    -5.73344     0.00000     0.00000     0.00000     0.00000
    -5.73153     0.00000     0.00000     0.00000     0.00000
    -5.72963     0.00000     0.00000     0.00000     0.00000
    -5.72772     0.00000     0.00000     0.00000     0.00000
    -5.72582     0.00000     0.00000     0.00000     0.00000
    -5.72392     0.00000     0.00000     0.00000     0.00000
    -5.72201     0.00000     0.00000     0.00000     0.00000
    -5.72011     0.00000     0.00000     0.00000     0.00000
    -5.71820     0.00000     0.00000     0.00000     0.00000
    -5.71630     0.00000     0.00000     0.00000     0.00000
    -5.71439     0.00000     0.00000     0.00000     0.00000
    -5.71249     0.00000     0.00000     0.00000     0.00000
    -5.71058     0.00000     0.00000     0.00000     0.00000
    -5.70868     0.00000     0.00000     0.00000     0.00000
    -5.70677     0.00000     0.00000     0.00000     0.00000
    -5.70487     0.00000     0.00000     0.00000     0.00000
    -5.70296     0.00000     0.00000     0.00000     0.00000
    -5.70106     0.00000     0.00000     0.00000     0.00000
    -5.69915     0.00000     0.00000     0.00000     0.00000
    -5.69725     0.00000     0.00000     0.00000     0.00000
    -5.69534     0.00000     0.00000     0.00000     0.00000
    -5.69344     0.00000     0.00000     0.00000     0.00000
    -5.69153     0.00000     0.00000     0.00000     0.00000
    -5.68963     0.00000     0.00000     0.00000     0.00000
    -5.68772     0.00000     0.00000     0.00000     0.00000
    -5.68582     0.00000     0.00000     0.00000     0.00000
    -5.68391     0.00000     0.00000     0.00000     0.00000
    -5.68201     0.00000     0.00000     0.00000     0.00000
    -5.68010     0.00000     0.00000     0.00000     0.00000
    -5.67820     0.00000     0.00000     0.00000     0.00000
    -5.67630     0.00000     0.00000     0.00000     0.00000
    -5.67439     0.00000     0.00000     0.00000     0.00000
    -5.67249     0.00000     0.00000     0.00000     0.00000
    -5.67058     0.00000     0.00000     0.00000     0.00000
    -5.66868     0.00000     0.00000     0.00000     0.00000
    -5.66677     0.00000     0.00000     0.00000     0.00000
    -5.66487     0.00000     0.00000     0.00000     0.00000
    -5.66296     0.00000     0.00000     0.00000     0.00000
    -5.66106     0.00000     0.00000     0.00000     0.00000
    -5.65915     0.00000     0.00000     0.00000     0.00000
    -5.65725     0.00000     0.00000     0.00000     0.00000
    -5.65534     0.00000     0.00000     0.00000     0.00000
    -5.65344     0.00000     0.00000     0.00000     0.00000
    -5.65153     0.00000     0.00000     0.00000     0.00000
    -5.64963     0.00000     0.00000     0.00000     0.00000
    -5.64772     0.00000     0.00000     0.00000     0.00000
    -5.64582     0.00000     0.00000     0.00000     0.00000
    -5.64391     0.00000     0.00000     0.00000     0.00000
    -5.64201     0.00000     0.00000     0.00000     0.00000
    -5.64010     0.00000     0.00000     0.00000     0.00000
    -5.63820     0.00000     0.00000     0.00000     0.00000
    -5.63629     0.00000     0.00000     0.00000     0.00000
    -5.63439     0.00000     0.00000     0.00000     0.00000
    -5.63248     0.00000     0.00000     0.00000     0.00000
    -5.63058     0.00000     0.00000     0.00000     0.00000
    -5.62868     0.00000     0.00000     0.00000     0.00000
    -5.62677     0.00000     0.00000     0.00000     0.00000
    -5.62487     0.00000     0.00000     0.00000     0.00000
    -5.62296     0.00000     0.00000     0.00000     0.00000
    -5.62106     0.00000     0.00000     0.00000     0.00000
    -5.61915     0.00000     0.00000     0.00000     0.00000
    -5.61725     0.00000     0.00000     0.00000     0.00000
    -5.61534     0.00000     0.00000     0.00000     0.00000
    -5.61344     0.00000     0.00000     0.00000     0.00000
    -5.61153     0.00000     0.00000     0.00000     0.00000
    -5.60963     0.00000     0.00000     0.00000     0.00000
    -5.60772     0.00000     0.00000     0.00000     0.00000
    -5.60582     0.00000     0.00000     0.00000     0.00000
    -5.60391     0.00000     0.00000     0.00000     0.00000
    -5.60201     0.00000     0.00000     0.00000     0.00000
    -5.60010     0.00000     0.00000     0.00000     0.00000
    -5.59820     0.00000     0.00000     0.00000     0.00000
    -5.59629     0.00000     0.00000     0.00000     0.00000
    -5.59439     0.00000     0.00000     0.00000     0.00000
    -5.59248     0.00000     0.00000     0.00000     0.00000
    -5.59058     0.00000     0.00000     0.00000     0.00000
    -5.58867     0.00000     0.00000     0.00000     0.00000
    -5.58677     0.00000     0.00000     0.00000     0.00000
    -5.58486     0.00000     0.00000     0.00000     0.00000
    -5.58296     0.00000     0.00000     0.00000     0.00000
    -5.58106     0.00000     0.00000     0.00000     0.00000
    -5.57915     0.00000     0.00000     0.00000     0.00000
    -5.57725     0.00000     0.00000     0.00000     0.00000
    -5.57534     0.00000     0.00000     0.00000     0.00000
    -5.57344     0.00000     0.00000     0.00000     0.00000
    -5.57153     0.00000     0.00000     0.00000     0.00000
    -5.56963     0.00000     0.00000     0.00000     0.00000
    -5.56772     0.00000     0.00000     0.00000     0.00000
    -5.56582     0.00000     0.00000     0.00000     0.00000
    -5.56391     0.00000     0.00000     0.00000     0.00000
    -5.56201     0.00000     0.00000     0.00000     0.00000
    -5.56010     0.00000     0.00000     0.00000     0.00000
    -5.55820     0.00000     0.00000     0.00000     0.00000
    -5.55629     0.00000     0.00000     0.00000     0.00000
    -5.55439     0.00000     0.00000     0.00000     0.00000
    -5.55248     0.00000     0.00000     0.00000     0.00000
    -5.55058     0.00000     0.00000     0.00000     0.00000
    -5.54867     0.00000     0.00000     0.00000     0.00000
    -5.54677     0.00000     0.00000     0.00000     0.00000
    -5.54486     0.00000     0.00000     0.00000     0.00000
    -5.54296     0.00000     0.00000     0.00000     0.00000
    -5.54105     0.00000     0.00000     0.00000     0.00000
    -5.53915     0.00000     0.00000     0.00000     0.00000
    -5.53724     0.00000     0.00000     0.00000     0.00000
    -5.53534     0.00000     0.00000     0.00000     0.00000
    -5.53344     0.00000     0.00000     0.00000     0.00000
    -5.53153     0.00000     0.00000     0.00000     0.00000
    -5.52963     0.00000     0.00000     0.00000     0.00000
    -5.52772     0.00000     0.00000     0.00000     0.00000
    -5.52582     0.00000     0.00000     0.00000     0.00000
    -5.52391     0.00000     0.00000     0.00000     0.00000
    -5.52201     0.00000     0.00000     0.00000     0.00000
    -5.52010     0.00000     0.00000     0.00000     0.00000
    -5.51820     0.00000     0.00000     0.00000     0.00000
    -5.51629     0.00000     0.00000     0.00000     0.00000
    -5.51439     0.00000     0.00000     0.00000     0.00000
    -5.51248     0.00000     0.00000     0.00000     0.00000
    -5.51058     0.00000     0.00000     0.00000     0.00000
    -5.50867     0.00000     0.00000     0.00000     0.00000
    -5.50677     0.00000     0.00000     0.00000     0.00000
    -5.50486     0.00000     0.00000     0.00000     0.00000
    -5.50296     0.00000     0.00000     0.00000     0.00000
    -5.50105     0.00000     0.00000     0.00000     0.00000
    -5.49915     0.00000     0.00000     0.00000     0.00000
    -5.49724     0.00000     0.00000     0.00000     0.00000
    -5.49534     0.00000     0.00000     0.00000     0.00000
    -5.49343     0.00000     0.00000     0.00000     0.00000
    -5.49153     0.00000     0.00000     0.00000     0.00000
    -5.48963     0.00000     0.00000     0.00000     0.00000
    -5.48772     0.00000     0.00000     0.00000     0.00000
    -5.48582     0.00000     0.00000     0.00000     0.00000
    -5.48391     0.00000     0.00000     0.00000     0.00000
    -5.48201     0.00000     0.00000     0.00000     0.00000
    -5.48010     0.00000     0.00000     0.00000     0.00000
    -5.47820     0.00000     0.00000     0.00000     0.00000
    -5.47629     0.00000     0.00000     0.00000     0.00000
    -5.47439     0.00000     0.00000     0.00000     0.00000
    -5.47248     0.00000     0.00000     0.00000     0.00000
    -5.47058     0.00001     0.00000     0.00000     0.00000
    -5.46867     0.00001     0.00000     0.00000     0.00001
    -5.46677     0.00001     0.00000     0.00000     0.00001
    -5.46486     0.00002     0.00000     0.00000     0.00001
    -5.46296     0.00002     0.00000     0.00000     0.00002
    -5.46105     0.00003     0.00000     0.00000     0.00002
    -5.45915     0.00004     0.00001     0.00000     0.00003
    -5.45724     0.00006     0.00001     0.00000     0.00005
    -5.45534     0.00008     0.00001     0.00001     0.00006
    -5.45343     0.00010     0.00001     0.00001     0.00008
    -5.45153     0.00014     0.00002     0.00001     0.00011
    -5.44962     0.00018     0.00002     0.00001     0.00015
    -5.44772     0.00024     0.00003     0.00002     0.00019
    -5.44581     0.00032     0.00004     0.00002     0.00025
    -5.44391     0.00042     0.00006     0.00003     0.00033
    -5.44201     0.00054     0.00007     0.00004     0.00043
    -5.44010     0.00070     0.00009     0.00005     0.00056
    -5.43820     0.00091     0.00012     0.00006     0.00072
    -5.43629     0.00116     0.00016     0.00008     0.00093
    -5.43439     0.00148     0.00020     0.00010     0.00118
    -5.43248     0.00189     0.00026     0.00013     0.00150
    -5.43058     0.00239     0.00032     0.00016     0.00190
    -5.42867     0.00300     0.00041     0.00021     0.00238
    -5.42677     0.00376     0.00052     0.00026     0.00298
    -5.42486     0.00468     0.00065     0.00032     0.00371
    -5.42296     0.00581     0.00081     0.00040     0.00460
    -5.42105     0.00717     0.00100     0.00049     0.00567
    -5.41915     0.00881     0.00124     0.00061     0.00696
    -5.41724     0.01077     0.00153     0.00074     0.00850
    -5.41534     0.01311     0.00188     0.00090     0.01033
    -5.41343     0.01587     0.00229     0.00109     0.01248
    -5.41153     0.01912     0.00279     0.00131     0.01502
    -5.40962     0.02294     0.00338     0.00158     0.01798
    -5.40772     0.02738     0.00407     0.00188     0.02143
    -5.40581     0.03252     0.00489     0.00223     0.02540
    -5.40391     0.03845     0.00585     0.00264     0.02997
    -5.40200     0.04525     0.00697     0.00310     0.03518
    -5.40010     0.05300     0.00826     0.00363     0.04111
    -5.39819     0.06178     0.00977     0.00422     0.04779
    -5.39629     0.07168     0.01149     0.00489     0.05529
    -5.39439     0.08278     0.01348     0.00564     0.06366
    -5.39248     0.09515     0.01574     0.00648     0.07293
    -5.39058     0.10887     0.01831     0.00741     0.08315
    -5.38867     0.12398     0.02122     0.00842     0.09434
    -5.38677     0.14055     0.02450     0.00953     0.10652
    -5.38486     0.15860     0.02818     0.01074     0.11968
    -5.38296     0.17815     0.03230     0.01204     0.13381
    -5.38105     0.19921     0.03688     0.01344     0.14889
    -5.37915     0.22175     0.04197     0.01493     0.16486
    -5.37724     0.24575     0.04757     0.01651     0.18166
    -5.37534     0.27112     0.05374     0.01818     0.19920
    -5.37343     0.29780     0.06049     0.01992     0.21739
    -5.37153     0.32567     0.06785     0.02173     0.23609
    -5.36962     0.35461     0.07583     0.02360     0.25518
    -5.36772     0.38446     0.08447     0.02551     0.27448
    -5.36581     0.41505     0.09376     0.02745     0.29384
    -5.36391     0.44620     0.10372     0.02942     0.31307
    -5.36200     0.47771     0.11434     0.03139     0.33198
    -5.36010     0.50935     0.12562     0.03334     0.35038
    -5.35819     0.54091     0.13755     0.03527     0.36808
    -5.35629     0.57217     0.15011     0.03716     0.38490
    -5.35438     0.60289     0.16326     0.03898     0.40065
    -5.35248     0.63287     0.17698     0.04074     0.41516
    -5.35057     0.66191     0.19121     0.04240     0.42830
    -5.34867     0.68980     0.20591     0.04396     0.43993
    -5.34677     0.71640     0.22101     0.04541     0.44997
    -5.34486     0.74154     0.23645     0.04674     0.45835
    -5.34296     0.76514     0.25216     0.04794     0.46503
    -5.34105     0.78710     0.26807     0.04902     0.47002
    -5.33915     0.80738     0.28408     0.04996     0.47335
    -5.33724     0.82598     0.30012     0.05077     0.47510
    -5.33534     0.84293     0.31610     0.05145     0.47538
    -5.33343     0.85830     0.33195     0.05202     0.47434
    -5.33153     0.87220     0.34757     0.05247     0.47215
    -5.32962     0.88477     0.36291     0.05283     0.46903
    -5.32772     0.89617     0.37787     0.05311     0.46519
    -5.32581     0.90663     0.39241     0.05332     0.46089
    -5.32391     0.91634     0.40647     0.05348     0.45639
    -5.32200     0.92556     0.42000     0.05361     0.45196
    -5.32010     0.93454     0.43296     0.05372     0.44786
    -5.31819     0.94353     0.44532     0.05384     0.44436
    -5.31629     0.95276     0.45707     0.05399     0.44170
    -5.31438     0.96249     0.46821     0.05418     0.44010
    -5.31248     0.97292     0.47872     0.05443     0.43977
    -5.31057     0.98424     0.48861     0.05475     0.44088
    -5.30867     0.99660     0.49790     0.05515     0.44355
    -5.30676     1.01010     0.50659     0.05564     0.44788
    -5.30486     1.02482     0.51470     0.05623     0.45390
    -5.30295     1.04076     0.52223     0.05691     0.46161
    -5.30105     1.05787     0.52921     0.05769     0.47097
    -5.29915     1.07606     0.53563     0.05856     0.48187
    -5.29724     1.09517     0.54148     0.05951     0.49418
    -5.29534     1.11497     0.54674     0.06053     0.50770
    -5.29343     1.13521     0.55141     0.06160     0.52221
    -5.29153     1.15557     0.55543     0.06269     0.53744
    -5.28962     1.17568     0.55877     0.06380     0.55312
    -5.28772     1.19517     0.56137     0.06489     0.56892
    -5.28581     1.21362     0.56316     0.06593     0.58453
    -5.28391     1.23060     0.56408     0.06691     0.59960
    -5.28200     1.24567     0.56405     0.06780     0.61382
    -5.28010     1.25841     0.56300     0.06856     0.62686
    -5.27819     1.26842     0.56084     0.06917     0.63841
    -5.27629     1.27533     0.55752     0.06961     0.64821
    -5.27438     1.27880     0.55296     0.06985     0.65600
    -5.27248     1.27857     0.54711     0.06989     0.66157
    -5.27057     1.27441     0.53995     0.06969     0.66477
    -5.26867     1.26618     0.53144     0.06926     0.66548
    -5.26676     1.25381     0.52158     0.06859     0.66364
    -5.26486     1.23730     0.51040     0.06766     0.65923
    -5.26295     1.21673     0.49793     0.06649     0.65231
    -5.26105     1.19228     0.48425     0.06508     0.64295
    -5.25914     1.16418     0.46942     0.06344     0.63131
    -5.25724     1.13274     0.45357     0.06159     0.61758
    -5.25533     1.09835     0.43681     0.05953     0.60200
    -5.25343     1.06144     0.41929     0.05730     0.58484
    -5.25153     1.02251     0.40118     0.05492     0.56641
    -5.24962     0.98207     0.38263     0.05241     0.54703
    -5.24772     0.94070     0.36383     0.04981     0.52706
    -5.24581     0.89896     0.34497     0.04713     0.50685
    -5.24391     0.85743     0.32623     0.04442     0.48678
    -5.24200     0.81670     0.30779     0.04170     0.46721
    -5.24010     0.77733     0.28984     0.03899     0.44850
    -5.23819     0.73986     0.27254     0.03634     0.43098
    -5.23629     0.70481     0.25604     0.03377     0.41500
    -5.23438     0.67264     0.24051     0.03130     0.40083
    -5.23248     0.64378     0.22605     0.02896     0.38878
    -5.23057     0.61862     0.21278     0.02677     0.37907
    -5.22867     0.59748     0.20080     0.02476     0.37192
    -5.22676     0.58064     0.19018     0.02295     0.36751
    -5.22486     0.56833     0.18097     0.02135     0.36601
    -5.22295     0.56071     0.17321     0.01998     0.36751
    -5.22105     0.55791     0.16692     0.01887     0.37212
    -5.21914     0.56001     0.16210     0.01802     0.37989
    -5.21724     0.56703     0.15872     0.01745     0.39086
    -5.21533     0.57898     0.15678     0.01717     0.40503
    -5.21343     0.59583     0.15623     0.01721     0.42239
    -5.21152     0.61750     0.15701     0.01756     0.44293
    -5.20962     0.64392     0.15908     0.01825     0.46659
    -5.20772     0.67497     0.16237     0.01928     0.49332
    -5.20581     0.71055     0.16681     0.02068     0.52306
    -5.20391     0.75052     0.17234     0.02244     0.55574
    -5.20200     0.79474     0.17887     0.02458     0.59129
    -5.20010     0.84309     0.18635     0.02711     0.62964
    -5.19819     0.89540     0.19469     0.03003     0.67069
    -5.19629     0.95155     0.20383     0.03336     0.71437
    -5.19438     1.01138     0.21370     0.03709     0.76059
    -5.19248     1.07472     0.22423     0.04123     0.80927
    -5.19057     1.14142     0.23536     0.04577     0.86029
    -5.18867     1.21130     0.24703     0.05071     0.91356
    -5.18676     1.28418     0.25918     0.05604     0.96896
    -5.18486     1.35983     0.27175     0.06174     1.02634
    -5.18295     1.43802     0.28467     0.06779     1.08556
    -5.18105     1.51850     0.29789     0.07417     1.14644
    -5.17914     1.60097     0.31133     0.08086     1.20878
    -5.17724     1.68509     0.32494     0.08781     1.27234
    -5.17533     1.77050     0.33865     0.09498     1.33687
    -5.17343     1.85679     0.35238     0.10233     1.40208
    -5.17152     1.94350     0.36606     0.10981     1.46763
    -5.16962     2.03014     0.37959     0.11737     1.53318
    -5.16771     2.11617     0.39291     0.12494     1.59832
    -5.16581     2.20103     0.40591     0.13247     1.66265
    -5.16390     2.28411     0.41850     0.13990     1.72571
    -5.16200     2.36478     0.43059     0.14715     1.78703
    -5.16010     2.44239     0.44208     0.15417     1.84614
    -5.15819     2.51628     0.45286     0.16089     1.90253
    -5.15629     2.58580     0.46284     0.16724     1.95572
    -5.15438     2.65030     0.47193     0.17316     2.00521
    -5.15248     2.70915     0.48002     0.17861     2.05052
    -5.15057     2.76175     0.48704     0.18352     2.09119
    -5.14867     2.80756     0.49290     0.18785     2.12680
    -5.14676     2.84607     0.49754     0.19155     2.15697
    -5.14486     2.87685     0.50090     0.19460     2.18135
    -5.14295     2.89955     0.50293     0.19696     2.19966
    -5.14105     2.91387     0.50359     0.19862     2.21166
    -5.13914     2.91961     0.50286     0.19956     2.21719
    -5.13724     2.91668     0.50075     0.19978     2.21616
    -5.13533     2.90507     0.49725     0.19928     2.20854
    -5.13343     2.88484     0.49238     0.19808     2.19438
    -5.13152     2.85617     0.48620     0.19619     2.17378
    -5.12962     2.81932     0.47874     0.19365     2.14694
    -5.12771     2.77464     0.47007     0.19048     2.11409
    -5.12581     2.72255     0.46027     0.18673     2.07555
    -5.12390     2.66353     0.44941     0.18244     2.03168
    -5.12200     2.59814     0.43760     0.17766     1.98289
    -5.12009     2.52698     0.42493     0.17244     1.92961
    -5.11819     2.45069     0.41151     0.16683     1.87235
    -5.11628     2.36993     0.39745     0.16090     1.81159
    -5.11438     2.28539     0.38285     0.15469     1.74785
    -5.11248     2.19776     0.36783     0.14826     1.68167
    -5.11057     2.10773     0.35250     0.14167     1.61356
    -5.10867     2.01596     0.33695     0.13498     1.54403
    -5.10676     1.92311     0.32129     0.12823     1.47360
    -5.10486     1.82980     0.30561     0.12146     1.40273
    -5.10295     1.73662     0.29001     0.11473     1.33187
    -5.10105     1.64410     0.27456     0.10808     1.26147
    -5.09914     1.55276     0.25933     0.10153     1.19189
    -5.09724     1.46304     0.24440     0.09513     1.12351
    -5.09533     1.37537     0.22981     0.08890     1.05665
    -5.09343     1.29010     0.21563     0.08287     0.99160
    -5.09152     1.20756     0.20190     0.07705     0.92861
    -5.08962     1.12802     0.18864     0.07146     0.86792
    -5.08771     1.05172     0.17590     0.06611     0.80971
    -5.08581     0.97888     0.16370     0.06102     0.75417
    -5.08390     0.90967     0.15205     0.05618     0.70144
    -5.08200     0.84423     0.14098     0.05159     0.65165
    -5.08009     0.78269     0.13050     0.04727     0.60492
    -5.07819     0.72516     0.12061     0.04321     0.56135
    -5.07628     0.67174     0.11132     0.03939     0.52102
    -5.07438     0.62250     0.10264     0.03583     0.48403
    -5.07247     0.57751     0.09457     0.03250     0.45044
    -5.07057     0.53685     0.08710     0.02941     0.42034
    -5.06866     0.50057     0.08025     0.02654     0.39378
    -5.06676     0.46874     0.07400     0.02389     0.37085
    -5.06486     0.44140     0.06835     0.02145     0.35160
    -5.06295     0.41860     0.06330     0.01920     0.33610
    -5.06105     0.40039     0.05886     0.01713     0.32440
    -5.05914     0.38681     0.05500     0.01525     0.31656
    -5.05724     0.37787     0.05172     0.01353     0.31262
    -5.05533     0.37360     0.04902     0.01197     0.31262
    -5.05343     0.37400     0.04688     0.01056     0.31657
    -5.05152     0.37905     0.04529     0.00928     0.32448
    -5.04962     0.38871     0.04424     0.00814     0.33634
    -5.04771     0.40292     0.04370     0.00712     0.35211
    -5.04581     0.42161     0.04366     0.00621     0.37174
    -5.04390     0.44465     0.04409     0.00541     0.39515
    -5.04200     0.47190     0.04496     0.00471     0.42222
    -5.04009     0.50319     0.04625     0.00411     0.45282
    -5.03819     0.53832     0.04792     0.00360     0.48679
    -5.03628     0.57706     0.04993     0.00318     0.52395
    -5.03438     0.61915     0.05225     0.00284     0.56407
    -5.03247     0.66432     0.05482     0.00258     0.60692
    -5.03057     0.71226     0.05760     0.00240     0.65227
    -5.02866     0.76268     0.06054     0.00229     0.69985
    -5.02676     0.81526     0.06359     0.00227     0.74940
    -5.02485     0.86969     0.06669     0.00234     0.80067
    -5.02295     0.92568     0.06980     0.00248     0.85340
    -5.02104     0.98296     0.07285     0.00272     0.90739
    -5.01914     1.04127     0.07580     0.00305     0.96242
    -5.01724     1.10042     0.07860     0.00348     1.01834
    -5.01533     1.16025     0.08119     0.00402     1.07504
    -5.01343     1.22066     0.08353     0.00467     1.13246
    -5.01152     1.28161     0.08557     0.00545     1.19059
    -5.00962     1.34313     0.08728     0.00636     1.24949
    -5.00771     1.40532     0.08864     0.00741     1.30928
    -5.00581     1.46833     0.08960     0.00861     1.37012
    -5.00390     1.53239     0.09015     0.00996     1.43227
    -5.00200     1.59779     0.09029     0.01149     1.49601
    -5.00009     1.66485     0.08999     0.01319     1.56167
    -4.99819     1.73395     0.08928     0.01507     1.62961
    -4.99628     1.80548     0.08814     0.01714     1.70021
    -4.99438     1.87984     0.08660     0.01940     1.77385
    -4.99247     1.95742     0.08468     0.02184     1.85090
    -4.99057     2.03856     0.08239     0.02448     1.93169
    -4.98866     2.12356     0.07979     0.02729     2.01648
    -4.98676     2.21266     0.07688     0.03029     2.10548
    -4.98485     2.30598     0.07373     0.03345     2.19880
    -4.98295     2.40354     0.07036     0.03676     2.29642
    -4.98104     2.50523     0.06681     0.04021     2.39821
    -4.97914     2.61082     0.06314     0.04377     2.50391
    -4.97723     2.71988     0.05938     0.04742     2.61309
    -4.97533     2.83188     0.05556     0.05113     2.72518
    -4.97343     2.94609     0.05174     0.05488     2.83947
    -4.97152     3.06166     0.04795     0.05862     2.95509
    -4.96962     3.17757     0.04422     0.06232     3.07103
    -4.96771     3.29268     0.04058     0.06596     3.18615
    -4.96581     3.40575     0.03705     0.06948     3.29922
    -4.96390     3.51544     0.03367     0.07285     3.40892
    -4.96200     3.62034     0.03045     0.07603     3.51386
    -4.96009     3.71902     0.02740     0.07899     3.61263
    -4.95819     3.81004     0.02453     0.08169     3.70381
    -4.95628     3.89199     0.02186     0.08410     3.78603
    -4.95438     3.96354     0.01939     0.08618     3.85797
    -4.95247     4.02342     0.01711     0.08792     3.91840
    -4.95057     4.07052     0.01502     0.08928     3.96622
    -4.94866     4.10385     0.01312     0.09026     4.00047
    -4.94676     4.12262     0.01141     0.09083     4.02038
    -4.94485     4.12622     0.00987     0.09100     4.02535
    -4.94295     4.11425     0.00850     0.09075     4.01499
    -4.94104     4.08654     0.00728     0.09011     3.98915
    -4.93914     4.04313     0.00621     0.08906     3.94786
    -4.93723     3.98431     0.00527     0.08764     3.89140
    -4.93533     3.91055     0.00445     0.08585     3.82024
    -4.93342     3.82254     0.00374     0.08373     3.73508
    -4.93152     3.72119     0.00313     0.08130     3.63676
    -4.92961     3.60752     0.00260     0.07858     3.52634
    -4.92771     3.48276     0.00215     0.07562     3.40498
    -4.92581     3.34821     0.00177     0.07245     3.27399
    -4.92390     3.20529     0.00145     0.06911     3.13473
    -4.92200     3.05548     0.00119     0.06562     2.98867
    -4.92009     2.90028     0.00096     0.06204     2.83728
    -4.91819     2.74122     0.00078     0.05840     2.68205
    -4.91628     2.57980     0.00063     0.05473     2.52445
    -4.91438     2.41746     0.00050     0.05106     2.36590
    -4.91247     2.25559     0.00040     0.04743     2.20776
    -4.91057     2.09548     0.00032     0.04387     2.05130
    -4.90866     1.93832     0.00025     0.04039     1.89768
    -4.90676     1.78519     0.00020     0.03703     1.74797
    -4.90485     1.63702     0.00015     0.03380     1.60307
    -4.90295     1.49463     0.00012     0.03071     1.46380
    -4.90104     1.35868     0.00009     0.02779     1.33081
    -4.89914     1.22972     0.00007     0.02503     1.20462
    -4.89723     1.10813     0.00005     0.02245     1.08563
    -4.89533     0.99420     0.00004     0.02004     0.97412
    -4.89342     0.88808     0.00003     0.01782     0.87023
    -4.89152     0.78980     0.00002     0.01577     0.77401
    -4.88961     0.69931     0.00002     0.01390     0.68540
    -4.88771     0.61647     0.00001     0.01219     0.60426
    -4.88580     0.54104     0.00001     0.01065     0.53038
    -4.88390     0.47274     0.00001     0.00926     0.46347
    -4.88199     0.41124     0.00001     0.00802     0.40322
    -4.88009     0.35616     0.00000     0.00691     0.34924
    -4.87819     0.30708     0.00000     0.00593     0.30114
    -4.87628     0.26359     0.00000     0.00507     0.25852
    -4.87438     0.22525     0.00000     0.00431     0.22093
    -4.87247     0.19163     0.00000     0.00365     0.18797
    -4.87057     0.16230     0.00000     0.00308     0.15921
    -4.86866     0.13684     0.00000     0.00259     0.13425
    -4.86676     0.11486     0.00000     0.00216     0.11269
    -4.86485     0.09597     0.00000     0.00180     0.09417
    -4.86295     0.07983     0.00000     0.00149     0.07834
    -4.86104     0.06611     0.00000     0.00123     0.06488
    -4.85914     0.05449     0.00000     0.00101     0.05348
    -4.85723     0.04472     0.00000     0.00083     0.04389
    -4.85533     0.03653     0.00000     0.00067     0.03586
    -4.85342     0.02970     0.00000     0.00054     0.02916
    -4.85152     0.02404     0.00000     0.00044     0.02360
    -4.84961     0.01937     0.00000     0.00035     0.01902
    -4.84771     0.01554     0.00000     0.00028     0.01526
    -4.84580     0.01241     0.00000     0.00022     0.01218
    -4.84390     0.00986     0.00000     0.00018     0.00968
    -4.84199     0.00780     0.00000     0.00014     0.00766
    -4.84009     0.00614     0.00000     0.00011     0.00603
    -4.83818     0.00481     0.00000     0.00009     0.00473
    -4.83628     0.00376     0.00000     0.00007     0.00369
    -4.83437     0.00292     0.00000     0.00005     0.00286
    -4.83247     0.00225     0.00000     0.00004     0.00221
    -4.83057     0.00173     0.00000     0.00003     0.00170
    -4.82866     0.00133     0.00000     0.00002     0.00130
    -4.82676     0.00101     0.00000     0.00002     0.00099
    -4.82485     0.00077     0.00000     0.00001     0.00075
    -4.82295     0.00058     0.00000     0.00001     0.00057
    -4.82104     0.00044     0.00000     0.00001     0.00043
    -4.81914     0.00033     0.00000     0.00001     0.00032
    -4.81723     0.00024     0.00000     0.00000     0.00024
    -4.81533     0.00018     0.00000     0.00000     0.00018
    -4.81342     0.00014     0.00000     0.00000     0.00013
    -4.81152     0.00010     0.00000     0.00000     0.00010
    -4.80961     0.00008     0.00000     0.00000     0.00008
    -4.80771     0.00006     0.00000     0.00000     0.00006
    -4.80580     0.00005     0.00000     0.00000     0.00005
    -4.80390     0.00004     0.00000     0.00000     0.00004
    -4.80199     0.00004     0.00000     0.00000     0.00004
    -4.80009     0.00004     0.00000     0.00000     0.00004
    -4.79818     0.00005     0.00000     0.00000     0.00004
    -4.79628     0.00006     0.00000     0.00000     0.00005
    -4.79437     0.00007     0.00000     0.00000     0.00007
    -4.79247     0.00009     0.00000     0.00000     0.00009
    -4.79056     0.00012     0.00001     0.00000     0.00011
    -4.78866     0.00016     0.00001     0.00001     0.00015
    -4.78675     0.00021     0.00001     0.00001     0.00020
    -4.78485     0.00028     0.00001     0.00001     0.00026
    -4.78295     0.00036     0.00002     0.00001     0.00033
    -4.78104     0.00047     0.00002     0.00002     0.00043
    -4.77914     0.00061     0.00003     0.00002     0.00056
    -4.77723     0.00079     0.00004     0.00003     0.00072
    -4.77533     0.00101     0.00005     0.00004     0.00092
    -4.77342     0.00129     0.00006     0.00005     0.00118
    -4.77152     0.00163     0.00008     0.00007     0.00149
    -4.76961     0.00207     0.00010     0.00009     0.00188
    -4.76771     0.00260     0.00012     0.00012     0.00236
    -4.76580     0.00325     0.00015     0.00015     0.00295
    -4.76390     0.00405     0.00019     0.00020     0.00367
    -4.76199     0.00503     0.00023     0.00025     0.00454
    -4.76009     0.00620     0.00029     0.00032     0.00560
    -4.75818     0.00762     0.00036     0.00041     0.00686
    -4.75628     0.00932     0.00044     0.00052     0.00837
    -4.75437     0.01134     0.00053     0.00065     0.01016
    -4.75247     0.01373     0.00064     0.00082     0.01227
    -4.75056     0.01655     0.00078     0.00102     0.01475
    -4.74866     0.01986     0.00094     0.00126     0.01765
    -4.74675     0.02371     0.00112     0.00156     0.02102
    -4.74485     0.02818     0.00134     0.00192     0.02491
    -4.74294     0.03333     0.00159     0.00236     0.02938
    -4.74104     0.03924     0.00188     0.00287     0.03449
    -4.73913     0.04598     0.00220     0.00348     0.04029
    -4.73723     0.05363     0.00258     0.00421     0.04684
    -4.73533     0.06226     0.00301     0.00506     0.05420
    -4.73342     0.07195     0.00349     0.00605     0.06241
    -4.73152     0.08275     0.00402     0.00720     0.07153
    -4.72961     0.09474     0.00462     0.00853     0.08159
    -4.72771     0.10796     0.00529     0.01005     0.09262
    -4.72580     0.12246     0.00602     0.01180     0.10464
    -4.72390     0.13827     0.00683     0.01378     0.11766
    -4.72199     0.15539     0.00771     0.01602     0.13167
    -4.72009     0.17384     0.00866     0.01853     0.14665
    -4.71818     0.19358     0.00969     0.02133     0.16257
    -4.71628     0.21459     0.01078     0.02443     0.17937
    -4.71437     0.23678     0.01195     0.02786     0.19696
    -4.71247     0.26008     0.01319     0.03162     0.21527
    -4.71056     0.28436     0.01449     0.03570     0.23417
    -4.70866     0.30951     0.01585     0.04013     0.25353
    -4.70675     0.33535     0.01726     0.04488     0.27321
    -4.70485     0.36171     0.01871     0.04996     0.29304
    -4.70294     0.38838     0.02019     0.05534     0.31284
    -4.70104     0.41513     0.02169     0.06101     0.33242
    -4.69913     0.44173     0.02321     0.06694     0.35159
    -4.69723     0.46792     0.02471     0.07309     0.37012
    -4.69532     0.49345     0.02620     0.07941     0.38784
    -4.69342     0.51805     0.02766     0.08587     0.40451
    -4.69152     0.54145     0.02907     0.09241     0.41996
    -4.68961     0.56338     0.03042     0.09897     0.43400
    -4.68771     0.58361     0.03169     0.10548     0.44644
    -4.68580     0.60189     0.03286     0.11188     0.45715
    -4.68390     0.61800     0.03394     0.11809     0.46598
    -4.68199     0.63176     0.03489     0.12405     0.47283
    -4.68009     0.64300     0.03571     0.12968     0.47761
    -4.67818     0.65160     0.03640     0.13491     0.48029
    -4.67628     0.65745     0.03693     0.13968     0.48084
    -4.67437     0.66051     0.03731     0.14393     0.47927
    -4.67247     0.66076     0.03753     0.14759     0.47564
    -4.67056     0.65824     0.03759     0.15063     0.47002
    -4.66866     0.65301     0.03748     0.15300     0.46253
    -4.66675     0.64519     0.03722     0.15467     0.45330
    -4.66485     0.63493     0.03680     0.15562     0.44251
    -4.66294     0.62243     0.03624     0.15585     0.43034
    -4.66104     0.60793     0.03553     0.15536     0.41703
    -4.65913     0.59167     0.03469     0.15417     0.40281
    -4.65723     0.57398     0.03374     0.15230     0.38794
    -4.65532     0.55515     0.03269     0.14979     0.37267
    -4.65342     0.53555     0.03155     0.14669     0.35730
    -4.65151     0.51552     0.03034     0.14307     0.34211
    -4.64961     0.49545     0.02908     0.13898     0.32739
    -4.64770     0.47572     0.02779     0.13450     0.31343
    -4.64580     0.45672     0.02648     0.12972     0.30052
    -4.64390     0.43882     0.02517     0.12472     0.28894
    -4.64199     0.42241     0.02388     0.11958     0.27895
    -4.64009     0.40785     0.02263     0.11439     0.27083
    -4.63818     0.39550     0.02143     0.10925     0.26483
    -4.63628     0.38569     0.02030     0.10423     0.26116
    -4.63437     0.37873     0.01925     0.09942     0.26005
    -4.63247     0.37488     0.01830     0.09490     0.26169
    -4.63056     0.37441     0.01746     0.09073     0.26622
    -4.62866     0.37751     0.01673     0.08697     0.27381
    -4.62675     0.38436     0.01613     0.08370     0.28454
    -4.62485     0.39508     0.01566     0.08094     0.29848
    -4.62294     0.40973     0.01532     0.07873     0.31568
    -4.62104     0.42834     0.01512     0.07710     0.33612
    -4.61913     0.45088     0.01505     0.07606     0.35976
    -4.61723     0.47725     0.01512     0.07563     0.38650
    -4.61532     0.50730     0.01531     0.07578     0.41621
    -4.61342     0.54082     0.01563     0.07651     0.44868
    -4.61151     0.57755     0.01607     0.07778     0.48370
    -4.60961     0.61714     0.01661     0.07957     0.52096
    -4.60770     0.65922     0.01725     0.08182     0.56015
    -4.60580     0.70333     0.01797     0.08448     0.60088
    -4.60389     0.74899     0.01876     0.08750     0.64274
    -4.60199     0.79567     0.01960     0.09080     0.68528
    -4.60008     0.84279     0.02048     0.09431     0.72800
    -4.59818     0.88976     0.02138     0.09796     0.77042
    -4.59628     0.93596     0.02228     0.10167     0.81200
    -4.59437     0.98077     0.02318     0.10537     0.85223
    -4.59247     1.02359     0.02404     0.10897     0.89057
    -4.59056     1.06380     0.02486     0.11240     0.92654
    -4.58866     1.10084     0.02561     0.11559     0.95964
    -4.58675     1.13419     0.02629     0.11846     0.98943
    -4.58485     1.16336     0.02689     0.12096     1.01552
    -4.58294     1.18796     0.02738     0.12303     1.03756
    -4.58104     1.20765     0.02775     0.12463     1.05527
    -4.57913     1.22218     0.02801     0.12570     1.06846
    -4.57723     1.23138     0.02815     0.12624     1.07699
    -4.57532     1.23519     0.02815     0.12621     1.08082
    -4.57342     1.23363     0.02803     0.12561     1.08000
    -4.57151     1.22684     0.02777     0.12444     1.07463
    -4.56961     1.21504     0.02739     0.12271     1.06494
    -4.56770     1.19854     0.02688     0.12044     1.05122
    -4.56580     1.17774     0.02626     0.11766     1.03382
    -4.56389     1.15311     0.02553     0.11440     1.01319
    -4.56199     1.12521     0.02470     0.11071     0.98980
    -4.56008     1.09464     0.02378     0.10665     0.96420
    -4.55818     1.06203     0.02279     0.10226     0.93697
    -4.55627     1.02806     0.02174     0.09761     0.90871
    -4.55437     0.99342     0.02064     0.09276     0.88003
    -4.55246     0.95881     0.01950     0.08776     0.85155
    -4.55056     0.92491     0.01835     0.08269     0.82388
    -4.54866     0.89238     0.01718     0.07760     0.79760
    -4.54675     0.86184     0.01603     0.07255     0.77326
    -4.54485     0.83387     0.01489     0.06761     0.75137
    -4.54294     0.80899     0.01378     0.06283     0.73238
    -4.54104     0.78766     0.01271     0.05827     0.71669
    -4.53913     0.77026     0.01168     0.05396     0.70462
    -4.53723     0.75712     0.01072     0.04996     0.69643
    -4.53532     0.74846     0.00983     0.04631     0.69232
    -4.53342     0.74446     0.00901     0.04304     0.69240
    -4.53151     0.74519     0.00827     0.04020     0.69672
    -4.52961     0.75066     0.00762     0.03781     0.70524
    -4.52770     0.76083     0.00705     0.03590     0.71788
    -4.52580     0.77556     0.00658     0.03450     0.73449
    -4.52389     0.79469     0.00621     0.03363     0.75485
    -4.52199     0.81798     0.00594     0.03333     0.77871
    -4.52008     0.84515     0.00577     0.03361     0.80578
    -4.51818     0.87591     0.00570     0.03449     0.83571
    -4.51627     0.90992     0.00575     0.03601     0.86816
    -4.51437     0.94682     0.00590     0.03817     0.90275
    -4.51246     0.98625     0.00617     0.04101     0.93908
    -4.51056     1.02785     0.00655     0.04454     0.97676
    -4.50865     1.07124     0.00704     0.04879     1.01541
    -4.50675     1.11605     0.00765     0.05377     1.05463
    -4.50484     1.16193     0.00837     0.05949     1.09406
    -4.50294     1.20853     0.00922     0.06598     1.13333
    -4.50104     1.25553     0.01018     0.07324     1.17212
    -4.49913     1.30261     0.01126     0.08127     1.21008
    -4.49723     1.34946     0.01245     0.09008     1.24693
    -4.49532     1.39579     0.01376     0.09965     1.28238
    -4.49342     1.44132     0.01518     0.10997     1.31617
    -4.49151     1.48577     0.01671     0.12102     1.34804
    -4.48961     1.52888     0.01834     0.13276     1.37779
    -4.48770     1.57039     0.02007     0.14514     1.40518
    -4.48580     1.61002     0.02188     0.15812     1.43002
    -4.48389     1.64750     0.02376     0.17163     1.45211
    -4.48199     1.68258     0.02571     0.18559     1.47128
    -4.48008     1.71499     0.02772     0.19990     1.48736
    -4.47818     1.74443     0.02976     0.21448     1.50019
    -4.47627     1.77066     0.03182     0.22922     1.50962
    -4.47437     1.79338     0.03389     0.24398     1.51551
    -4.47246     1.81234     0.03595     0.25865     1.51774
    -4.47056     1.82727     0.03797     0.27309     1.51621
    -4.46865     1.83794     0.03995     0.28716     1.51084
    -4.46675     1.84411     0.04185     0.30071     1.50155
    -4.46484     1.84560     0.04366     0.31362     1.48833
    -4.46294     1.84223     0.04535     0.32573     1.47115
    -4.46103     1.83389     0.04692     0.33690     1.45006
    -4.45913     1.82047     0.04834     0.34701     1.42512
    -4.45723     1.80195     0.04959     0.35594     1.39643
    -4.45532     1.77833     0.05065     0.36356     1.36412
    -4.45342     1.74969     0.05153     0.36979     1.32838
    -4.45151     1.71615     0.05219     0.37454     1.28942
    -4.44961     1.67788     0.05264     0.37775     1.24749
    -4.44770     1.63511     0.05287     0.37937     1.20288
    -4.44580     1.58814     0.05287     0.37937     1.15589
    -4.44389     1.53728     0.05265     0.37775     1.10688
    -4.44199     1.48292     0.05220     0.37453     1.05620
    -4.44008     1.42547     0.05153     0.36974     1.00421
    -4.43818     1.36537     0.05065     0.36343     0.95130
    -4.43627     1.30309     0.04956     0.35568     0.89785
    -4.43437     1.23912     0.04829     0.34658     0.84424
    -4.43246     1.17393     0.04685     0.33624     0.79084
    -4.43056     1.10802     0.04525     0.32477     0.73799
    -4.42865     1.04187     0.04351     0.31232     0.68603
    -4.42675     0.97594     0.04166     0.29902     0.63525
    -4.42484     0.91068     0.03971     0.28502     0.58595
    -4.42294     0.84649     0.03768     0.27047     0.53834
    -4.42103     0.78377     0.03559     0.25552     0.49266
    -4.41913     0.72285     0.03347     0.24031     0.44907
    -4.41722     0.66403     0.03134     0.22499     0.40770
    -4.41532     0.60758     0.02921     0.20970     0.36867
    -4.41341     0.55370     0.02710     0.19457     0.33204
    -4.41151     0.50258     0.02503     0.17971     0.29785
    -4.40961     0.45434     0.02301     0.16523     0.26610
    -4.40770     0.40906     0.02106     0.15123     0.23677
    -4.40580     0.36679     0.01918     0.13778     0.20983
    -4.40389     0.32754     0.01740     0.12495     0.18520
    -4.40199     0.29129     0.01570     0.11279     0.16279
    -4.40008     0.25798     0.01411     0.10135     0.14252
    -4.39818     0.22752     0.01262     0.09065     0.12426
    -4.39627     0.19983     0.01123     0.08070     0.10790
    -4.39437     0.17477     0.00995     0.07151     0.09331
    -4.39246     0.15221     0.00878     0.06307     0.08036
    -4.39056     0.13200     0.00771     0.05537     0.06893
    -4.38865     0.11399     0.00673     0.04838     0.05888
    -4.38675     0.09802     0.00586     0.04208     0.05009
    -4.38484     0.08392     0.00507     0.03642     0.04243
    -4.38294     0.07154     0.00437     0.03138     0.03580
    -4.38103     0.06073     0.00374     0.02691     0.03008
    -4.37913     0.05132     0.00320     0.02296     0.02517
    -4.37722     0.04319     0.00271     0.01951     0.02097
    -4.37532     0.03618     0.00229     0.01649     0.01740
    -4.37341     0.03018     0.00193     0.01387     0.01438
    -4.37151     0.02506     0.00162     0.01162     0.01183
    -4.36960     0.02072     0.00135     0.00968     0.00969
    -4.36770     0.01706     0.00112     0.00803     0.00791
    -4.36579     0.01398     0.00092     0.00663     0.00643
    -4.36389     0.01140     0.00076     0.00545     0.00520
    -4.36199     0.00926     0.00062     0.00445     0.00419
    -4.36008     0.00749     0.00050     0.00362     0.00336
    -4.35818     0.00603     0.00041     0.00293     0.00268
    -4.35627     0.00483     0.00033     0.00236     0.00213
    -4.35437     0.00385     0.00026     0.00190     0.00169
    -4.35246     0.00306     0.00021     0.00151     0.00133
    -4.35056     0.00242     0.00017     0.00120     0.00105
    -4.34865     0.00190     0.00013     0.00095     0.00082
    -4.34675     0.00149     0.00010     0.00075     0.00064
    -4.34484     0.00116     0.00008     0.00059     0.00049
    -4.34294     0.00090     0.00006     0.00046     0.00038
    -4.34103     0.00070     0.00005     0.00036     0.00029
    -4.33913     0.00054     0.00004     0.00027     0.00022
    -4.33722     0.00041     0.00003     0.00021     0.00017
    -4.33532     0.00032     0.00002     0.00016     0.00013
    -4.33341     0.00025     0.00002     0.00013     0.00010
    -4.33151     0.00019     0.00001     0.00010     0.00008
    -4.32960     0.00015     0.00001     0.00008     0.00006
    -4.32770     0.00013     0.00001     0.00006     0.00005
    -4.32579     0.00011     0.00001     0.00006     0.00005
    -4.32389     0.00010     0.00001     0.00005     0.00004
    -4.32198     0.00010     0.00001     0.00005     0.00004
    -4.32008     0.00011     0.00001     0.00006     0.00005
    -4.31817     0.00013     0.00001     0.00007     0.00006
    -4.31627     0.00016     0.00001     0.00008     0.00007
    -4.31437     0.00020     0.00001     0.00010     0.00009
    -4.31246     0.00026     0.00001     0.00013     0.00012
    -4.31056     0.00034     0.00002     0.00016     0.00015
    -4.30865     0.00043     0.00002     0.00021     0.00020
    -4.30675     0.00055     0.00003     0.00026     0.00026
    -4.30484     0.00071     0.00004     0.00034     0.00033
    -4.30294     0.00091     0.00005     0.00043     0.00043
    -4.30103     0.00115     0.00006     0.00054     0.00055
    -4.29913     0.00146     0.00008     0.00068     0.00070
    -4.29722     0.00184     0.00010     0.00086     0.00088
    -4.29532     0.00231     0.00012     0.00107     0.00112
    -4.29341     0.00289     0.00015     0.00133     0.00141
    -4.29151     0.00360     0.00019     0.00164     0.00176
    -4.28960     0.00446     0.00023     0.00202     0.00220
    -4.28770     0.00550     0.00029     0.00247     0.00274
    -4.28579     0.00675     0.00035     0.00301     0.00339
    -4.28389     0.00826     0.00042     0.00366     0.00418
    -4.28198     0.01006     0.00051     0.00441     0.00514
    -4.28008     0.01220     0.00061     0.00530     0.00629
    -4.27817     0.01473     0.00073     0.00634     0.00766
    -4.27627     0.01772     0.00087     0.00754     0.00931
    -4.27436     0.02122     0.00102     0.00894     0.01126
    -4.27246     0.02531     0.00120     0.01053     0.01357
    -4.27055     0.03006     0.00141     0.01236     0.01630
    -4.26865     0.03556     0.00164     0.01443     0.01949
    -4.26675     0.04190     0.00190     0.01678     0.02323
    -4.26484     0.04918     0.00219     0.01941     0.02758
    -4.26294     0.05748     0.00251     0.02235     0.03262
    -4.26103     0.06693     0.00286     0.02562     0.03844
    -4.25913     0.07762     0.00325     0.02923     0.04514
    -4.25722     0.08968     0.00368     0.03320     0.05280
    -4.25532     0.10320     0.00414     0.03753     0.06154
    -4.25341     0.11832     0.00463     0.04223     0.07145
    -4.25151     0.13513     0.00516     0.04731     0.08266
    -4.24960     0.15375     0.00572     0.05276     0.09527
    -4.24770     0.17428     0.00631     0.05857     0.10940
    -4.24579     0.19682     0.00693     0.06474     0.12515
    -4.24389     0.22143     0.00757     0.07123     0.14264
    -4.24198     0.24821     0.00823     0.07803     0.16195
    -4.24008     0.27719     0.00890     0.08510     0.18319
    -4.23817     0.30841     0.00958     0.09241     0.20642
    -4.23627     0.34189     0.01027     0.09990     0.23172
    -4.23436     0.37760     0.01095     0.10755     0.25911
    -4.23246     0.41550     0.01161     0.11528     0.28861
    -4.23055     0.45552     0.01226     0.12304     0.32022
    -4.22865     0.49756     0.01289     0.13077     0.35390
    -4.22674     0.54146     0.01347     0.13841     0.38957
    -4.22484     0.58704     0.01402     0.14589     0.42713
    -4.22293     0.63410     0.01452     0.15314     0.46643
    -4.22103     0.68237     0.01497     0.16010     0.50730
    -4.21913     0.73156     0.01536     0.16671     0.54949
    -4.21722     0.78134     0.01568     0.17289     0.59277
    -4.21532     0.83136     0.01594     0.17861     0.63682
    -4.21341     0.88123     0.01612     0.18379     0.68131
    -4.21151     0.93052     0.01624     0.18841     0.72588
    -4.20960     0.97882     0.01628     0.19241     0.77013
    -4.20770     1.02568     0.01625     0.19578     0.81366
    -4.20579     1.07066     0.01615     0.19848     0.85603
    -4.20389     1.11330     0.01599     0.20050     0.89681
    -4.20198     1.15319     0.01577     0.20185     0.93557
    -4.20008     1.18991     0.01550     0.20252     0.97189
    -4.19817     1.22309     0.01519     0.20253     1.00537
    -4.19627     1.25239     0.01483     0.20191     1.03565
    -4.19436     1.27754     0.01446     0.20070     1.06238
    -4.19246     1.29830     0.01407     0.19894     1.08529
    -4.19055     1.31450     0.01367     0.19668     1.10416
    -4.18865     1.32608     0.01329     0.19398     1.11881
    -4.18674     1.33299     0.01292     0.19092     1.12915
    -4.18484     1.33533     0.01259     0.18757     1.13516
    -4.18293     1.33321     0.01230     0.18401     1.13690
    -4.18103     1.32689     0.01207     0.18033     1.13448
    -4.17912     1.31664     0.01191     0.17662     1.12811
    -4.17722     1.30285     0.01183     0.17295     1.11806
    -4.17532     1.28596     0.01184     0.16943     1.10468
    -4.17341     1.26645     0.01196     0.16615     1.08835
    -4.17151     1.24489     0.01217     0.16317     1.06954
    -4.16960     1.22184     0.01251     0.16060     1.04873
    -4.16770     1.19792     0.01296     0.15850     1.02646
    -4.16579     1.17375     0.01354     0.15695     1.00326
    -4.16389     1.14995     0.01424     0.15599     0.97972
    -4.16198     1.12713     0.01507     0.15568     0.95637
    -4.16008     1.10588     0.01602     0.15606     0.93379
    -4.15817     1.08676     0.01710     0.15716     0.91251
    -4.15627     1.07028     0.01828     0.15898     0.89302
    -4.15436     1.05690     0.01957     0.16153     0.87580
    -4.15246     1.04703     0.02095     0.16480     0.86128
    -4.15055     1.04103     0.02242     0.16876     0.84985
    -4.14865     1.03916     0.02395     0.17338     0.84183
    -4.14674     1.04166     0.02553     0.17860     0.83752
    -4.14484     1.04868     0.02715     0.18438     0.83716
    -4.14293     1.06032     0.02877     0.19063     0.84092
    -4.14103     1.07665     0.03039     0.19730     0.84896
    -4.13912     1.09765     0.03198     0.20429     0.86137
    -4.13722     1.12329     0.03352     0.21154     0.87823
    -4.13531     1.15351     0.03499     0.21896     0.89956
    -4.13341     1.18820     0.03637     0.22646     0.92538
    -4.13150     1.22727     0.03763     0.23399     0.95566
    -4.12960     1.27059     0.03876     0.24146     0.99037
    -4.12770     1.31804     0.03974     0.24883     1.02947
    -4.12579     1.36950     0.04055     0.25605     1.07290
    -4.12389     1.42485     0.04118     0.26309     1.12057
    -4.12198     1.48397     0.04163     0.26994     1.17241
    -4.12008     1.54677     0.04188     0.27658     1.22831
    -4.11817     1.61314     0.04192     0.28305     1.28817
    -4.11627     1.68299     0.04176     0.28938     1.35185
    -4.11436     1.75621     0.04140     0.29561     1.41920
    -4.11246     1.83269     0.04084     0.30180     1.49004
    -4.11055     1.91230     0.04009     0.30805     1.56416
    -4.10865     1.99489     0.03916     0.31443     1.64130
    -4.10674     2.08029     0.03806     0.32106     1.72116
    -4.10484     2.16827     0.03681     0.32804     1.80342
    -4.10293     2.25857     0.03541     0.33547     1.88768
    -4.10103     2.35087     0.03390     0.34348     1.97349
    -4.09912     2.44482     0.03229     0.35217     2.06036
    -4.09722     2.53999     0.03060     0.36164     2.14775
    -4.09531     2.63590     0.02884     0.37199     2.23507
    -4.09341     2.73201     0.02705     0.38329     2.32167
    -4.09150     2.82774     0.02523     0.39562     2.40689
    -4.08960     2.92245     0.02340     0.40900     2.49004
    -4.08769     3.01546     0.02159     0.42347     2.57040
    -4.08579     3.10606     0.01981     0.43901     2.64724
    -4.08388     3.19353     0.01807     0.45560     2.71985
    -4.08198     3.27711     0.01639     0.47319     2.78753
    -4.08008     3.35607     0.01477     0.49168     2.84962
    -4.07817     3.42966     0.01323     0.51096     2.90547
    -4.07627     3.49719     0.01177     0.53089     2.95452
    -4.07436     3.55796     0.01040     0.55132     2.99623
    -4.07246     3.61135     0.00913     0.57204     3.03018
    -4.07055     3.65677     0.00794     0.59286     3.05598
    -4.06865     3.69372     0.00685     0.61353     3.07334
    -4.06674     3.72174     0.00586     0.63382     3.08207
    -4.06484     3.74047     0.00495     0.65347     3.08204
    -4.06293     3.74961     0.00414     0.67223     3.07324
    -4.06103     3.74895     0.00341     0.68984     3.05571
    -4.05912     3.73838     0.00277     0.70603     3.02959
    -4.05722     3.71786     0.00220     0.72055     2.99511
    -4.05531     3.68743     0.00170     0.73318     2.95255
    -4.05341     3.64723     0.00127     0.74370     2.90226
    -4.05150     3.59748     0.00090     0.75191     2.84467
    -4.04960     3.53845     0.00058     0.75764     2.78023
    -4.04769     3.47052     0.00032     0.76075     2.70945
    -4.04579     3.39413     0.00010     0.76115     2.63288
    -4.04388     3.30977    -0.00007     0.75875     2.55109
    -4.04198     3.21800    -0.00022     0.75354     2.46468
    -4.04007     3.11944    -0.00033     0.74552     2.37425
    -4.03817     3.01474    -0.00041     0.73473     2.28042
    -4.03626     2.90460    -0.00047     0.72125     2.18382
    -4.03436     2.78975    -0.00051     0.70520     2.08507
    -4.03246     2.67096    -0.00053     0.68673     1.98477
    -4.03055     2.54901    -0.00054     0.66602     1.88353
    -4.02865     2.42466    -0.00054     0.64328     1.78192
    -4.02674     2.29872    -0.00053     0.61874     1.68051
    -4.02484     2.17197    -0.00051     0.59265     1.57983
    -4.02293     2.04517    -0.00049     0.56527     1.48040
    -4.02103     1.91907    -0.00046     0.53686     1.38267
    -4.01912     1.79438    -0.00043     0.50770     1.28711
    -4.01722     1.67177    -0.00040     0.47806     1.19411
    -4.01531     1.55187    -0.00037     0.44821     1.10403
    -4.01341     1.43525    -0.00034     0.41839     1.01719
    -4.01150     1.32245    -0.00031     0.38886     0.93389
    -4.00960     1.21391    -0.00028     0.35983     0.85435
    -4.00769     1.11003    -0.00025     0.33150     0.77878
    -4.00579     1.01115    -0.00022     0.30407     0.70731
    -4.00388     0.91754    -0.00019     0.27767     0.64006
    -4.00198     0.82938    -0.00017     0.25246     0.57709
    -4.00007     0.74682    -0.00015     0.22853     0.51844
    -3.99817     0.66993    -0.00013     0.20597     0.46409
    -3.99626     0.59874    -0.00011     0.18484     0.41401
    -3.99436     0.53322    -0.00010     0.16519     0.36813
    -3.99245     0.47329    -0.00008     0.14702     0.32635
    -3.99055     0.41884    -0.00007     0.13034     0.28856
    -3.98864     0.36972    -0.00006     0.11514     0.25464
    -3.98674     0.32576    -0.00005     0.10138     0.22443
    -3.98484     0.28678    -0.00004     0.08903     0.19780
    -3.98293     0.25257    -0.00004     0.07803     0.17458
    -3.98103     0.22292    -0.00003     0.06832     0.15463
    -3.97912     0.19763    -0.00002     0.05985     0.13781
    -3.97722     0.17650    -0.00002     0.05255     0.12397
    -3.97531     0.15934    -0.00002     0.04635     0.11300
    -3.97341     0.14596    -0.00001     0.04121     0.10477
    -3.97150     0.13621    -0.00001     0.03704     0.09918
    -3.96960     0.12995    -0.00001     0.03380     0.09616
    -3.96769     0.12706    -0.00001     0.03143     0.09563
    -3.96579     0.12742    -0.00001     0.02989     0.09754
    -3.96388     0.13096    -0.00000     0.02912     0.10184
    -3.96198     0.13760    -0.00000     0.02909     0.10851
    -3.96007     0.14730    -0.00000     0.02977     0.11753
    -3.95817     0.16000    -0.00000     0.03112     0.12888
    -3.95626     0.17565    -0.00000     0.03311     0.14255
    -3.95436     0.19423    -0.00000     0.03572     0.15852
    -3.95245     0.21569    -0.00000     0.03892     0.17677
    -3.95055     0.23996    -0.00000     0.04269     0.19728
    -3.94864     0.26699    -0.00000     0.04700     0.21999
    -3.94674     0.29667    -0.00000     0.05182     0.24485
    -3.94483     0.32890    -0.00000     0.05714     0.27176
    -3.94293     0.36351    -0.00000     0.06290     0.30062
    -3.94103     0.40034    -0.00000     0.06907     0.33127
    -3.93912     0.43916    -0.00000     0.07561     0.36355
    -3.93722     0.47971    -0.00000     0.08247     0.39724
    -3.93531     0.52169    -0.00000     0.08960     0.43209
    -3.93341     0.56476    -0.00000     0.09692     0.46784
    -3.93150     0.60855    -0.00000     0.10438     0.50417
    -3.92960     0.65264    -0.00000     0.11191     0.54073
    -3.92769     0.69658    -0.00000     0.11941     0.57717
    -3.92579     0.73991    -0.00000     0.12681     0.61310
    -3.92388     0.78215    -0.00000     0.13403     0.64811
    -3.92198     0.82278    -0.00000     0.14098     0.68180
    -3.92007     0.86133    -0.00000     0.14758     0.71375
    -3.91817     0.89729    -0.00000     0.15373     0.74356
    -3.91626     0.93020    -0.00000     0.15937     0.77083
    -3.91436     0.95961    -0.00000     0.16440     0.79521
    -3.91245     0.98512    -0.00000     0.16877     0.81635
    -3.91055     1.00637    -0.00000     0.17241     0.83396
    -3.90864     1.02306    -0.00000     0.17527     0.84779
    -3.90674     1.03494    -0.00000     0.17730     0.85764
    -3.90483     1.04185    -0.00000     0.17848     0.86337
    -3.90293     1.04368    -0.00000     0.17879     0.86488
    -3.90102     1.04040    -0.00000     0.17823     0.86216
    -3.89912     1.03206    -0.00000     0.17680     0.85526
    -3.89721     1.01879    -0.00000     0.17453     0.84426
    -3.89531     1.00077    -0.00000     0.17144     0.82932
    -3.89341     0.97826    -0.00000     0.16759     0.81067
    -3.89150     0.95159     0.00000     0.16302     0.78857
    -3.88960     0.92112     0.00000     0.15780     0.76332
    -3.88769     0.88726     0.00000     0.15200     0.73527
    -3.88579     0.85048     0.00000     0.14570     0.70478
    -3.88388     0.81123     0.00000     0.13897     0.67226
    -3.88198     0.77002     0.00000     0.13191     0.63810
    -3.88007     0.72732     0.00000     0.12460     0.60272
    -3.87817     0.68363     0.00000     0.11711     0.56652
    -3.87626     0.63943     0.00000     0.10954     0.52989
    -3.87436     0.59516     0.00000     0.10196     0.49320
    -3.87245     0.55125     0.00000     0.09444     0.45682
    -3.87055     0.50809     0.00000     0.08704     0.42104
    -3.86864     0.46601     0.00000     0.07984     0.38618
    -3.86674     0.42534     0.00000     0.07287     0.35247
    -3.86483     0.38632     0.00000     0.06619     0.32013
    -3.86293     0.34916     0.00000     0.05983     0.28934
    -3.86102     0.31404     0.00000     0.05381     0.26023
    -3.85912     0.28108     0.00000     0.04817     0.23291
    -3.85721     0.25035     0.00000     0.04291     0.20744
    -3.85531     0.22191     0.00000     0.03805     0.18386
    -3.85340     0.19575     0.00000     0.03358     0.16216
    -3.85150     0.17184     0.00000     0.02950     0.14234
    -3.84959     0.15014     0.00000     0.02581     0.12434
    -3.84769     0.13058     0.00000     0.02249     0.10809
    -3.84579     0.11305     0.00000     0.01952     0.09353
    -3.84388     0.09746     0.00000     0.01690     0.08056
    -3.84198     0.08368     0.00000     0.01460     0.06908
    -3.84007     0.07160     0.00000     0.01261     0.05898
    -3.83817     0.06109     0.00000     0.01092     0.05017
    -3.83626     0.05204     0.00000     0.00950     0.04254
    -3.83436     0.04434     0.00000     0.00835     0.03598
    -3.83245     0.03787     0.00000     0.00746     0.03041
    -3.83055     0.03254     0.00000     0.00682     0.02572
    -3.82864     0.02826     0.00000     0.00642     0.02184
    -3.82674     0.02497     0.00000     0.00628     0.01869
    -3.82483     0.02261     0.00000     0.00639     0.01622
    -3.82293     0.02114     0.00000     0.00678     0.01436
    -3.82102     0.02055     0.00000     0.00746     0.01309
    -3.81912     0.02083     0.00000     0.00847     0.01236
    -3.81721     0.02200     0.00000     0.00983     0.01217
    -3.81531     0.02409     0.00000     0.01159     0.01250
    -3.81340     0.02718     0.00000     0.01381     0.01337
    -3.81150     0.03132     0.00000     0.01653     0.01479
    -3.80959     0.03664     0.00000     0.01984     0.01680
    -3.80769     0.04325     0.00000     0.02381     0.01943
    -3.80578     0.05128     0.00000     0.02853     0.02275
    -3.80388     0.06092     0.00000     0.03410     0.02682
    -3.80197     0.07233     0.00000     0.04062     0.03171
    -3.80007     0.08571     0.00000     0.04821     0.03751
    -3.79817     0.10129     0.00000     0.05698     0.04431
    -3.79626     0.11929     0.00000     0.06708     0.05221
    -3.79436     0.13995     0.00000     0.07862     0.06133
    -3.79245     0.16351     0.00000     0.09174     0.07176
    -3.79055     0.19021     0.00000     0.10659     0.08363
    -3.78864     0.22032     0.00000     0.12328     0.09704
    -3.78674     0.25404     0.00000     0.14194     0.11210
    -3.78483     0.29161     0.00000     0.16270     0.12890
    -3.78293     0.33321     0.00000     0.18566     0.14755
    -3.78102     0.37901     0.00000     0.21090     0.16811
    -3.77912     0.42914     0.00000     0.23850     0.19064
    -3.77721     0.48366     0.00000     0.26849     0.21518
    -3.77531     0.54261     0.00000     0.30088     0.24173
    -3.77340     0.60595     0.00000     0.33566     0.27029
    -3.77150     0.67357     0.00000     0.37278     0.30079
    -3.76959     0.74529     0.00000     0.41213     0.33315
    -3.76769     0.82084     0.00000     0.45359     0.36726
    -3.76578     0.89990     0.00000     0.49696     0.40294
    -3.76388     0.98202     0.00000     0.54202     0.44000
    -3.76197     1.06669     0.00000     0.58850     0.47819
    -3.76007     1.15332     0.00000     0.63609     0.51723
    -3.75816     1.24124     0.00000     0.68443     0.55681
    -3.75626     1.32970     0.00000     0.73313     0.59658
    -3.75435     1.41789     0.00000     0.78175     0.63615
    -3.75245     1.50496     0.00000     0.82984     0.67512
    -3.75055     1.59000     0.00000     0.87692     0.71308
    -3.74864     1.67209     0.00000     0.92249     0.74959
    -3.74674     1.75030     0.00000     0.96607     0.78423
    -3.74483     1.82371     0.00000     1.00715     0.81655
    -3.74293     1.89142     0.00000     1.04526     0.84617
    -3.74102     1.95260     0.00000     1.07992     0.87268
    -3.73912     2.00644     0.00000     1.11072     0.89572
    -3.73721     2.05226     0.00000     1.13726     0.91500
    -3.73531     2.08943     0.00000     1.15921     0.93022
    -3.73340     2.11746     0.00000     1.17627     0.94119
    -3.73150     2.13597     0.00000     1.18823     0.94774
    -3.72959     2.14470     0.00000     1.19493     0.94977
    -3.72769     2.14354     0.00000     1.19628     0.94726
    -3.72578     2.13251     0.00001     1.19227     0.94024
    -3.72388     2.11177     0.00001     1.18295     0.92881
    -3.72197     2.08161     0.00001     1.16847     0.91313
    -3.72007     2.04244     0.00002     1.14900     0.89342
    -3.71816     1.99481     0.00002     1.12483     0.86996
    -3.71626     1.93935     0.00003     1.09625     0.84307
    -3.71435     1.87680     0.00004     1.06365     0.81311
    -3.71245     1.80796     0.00005     1.02744     0.78048
    -3.71054     1.73371     0.00007     0.98805     0.74559
    -3.70864     1.65495     0.00009     0.94597     0.70888
    -3.70674     1.57260     0.00012     0.90169     0.67080
    -3.70483     1.48763     0.00015     0.85569     0.63179
    -3.70293     1.40094     0.00019     0.80847     0.59228
    -3.70102     1.31345     0.00025     0.76051     0.55269
    -3.69912     1.22602     0.00032     0.71227     0.51343
    -3.69721     1.13946     0.00040     0.66420     0.47486
    -3.69531     1.05454     0.00051     0.61670     0.43732
    -3.69340     0.97193     0.00065     0.57014     0.40114
    -3.69150     0.89226     0.00081     0.52486     0.36658
    -3.68959     0.81606     0.00101     0.48115     0.33390
    -3.68769     0.74381     0.00126     0.43927     0.30329
    -3.68578     0.67589     0.00156     0.39940     0.27493
    -3.68388     0.61263     0.00191     0.36173     0.24898
    -3.68197     0.55427     0.00234     0.32637     0.22555
    -3.68007     0.50102     0.00286     0.29342     0.20475
    -3.67816     0.45302     0.00346     0.26291     0.18664
    -3.67626     0.41035     0.00418     0.23488     0.17129
    -3.67435     0.37307     0.00502     0.20930     0.15875
    -3.67245     0.34120     0.00599     0.18614     0.14907
    -3.67054     0.31474     0.00712     0.16535     0.14227
    -3.66864     0.29366     0.00843     0.14685     0.13839
    -3.66673     0.27794     0.00992     0.13055     0.13747
    -3.66483     0.26751     0.01162     0.11636     0.13953
    -3.66292     0.26232     0.01355     0.10416     0.14461
    -3.66102     0.26233     0.01572     0.09386     0.15275
    -3.65912     0.26745     0.01814     0.08533     0.16398
    -3.65721     0.27764     0.02084     0.07846     0.17833
    -3.65531     0.29280     0.02382     0.07314     0.19583
    -3.65340     0.31285     0.02710     0.06925     0.21650
    -3.65150     0.33770     0.03068     0.06669     0.24033
    -3.64959     0.36723     0.03456     0.06535     0.26733
    -3.64769     0.40129     0.03874     0.06511     0.29744
    -3.64578     0.43972     0.04321     0.06589     0.33062
    -3.64388     0.48230     0.04796     0.06757     0.36677
    -3.64197     0.52880     0.05298     0.07007     0.40575
    -3.64007     0.57891     0.05823     0.07328     0.44740
    -3.63816     0.63230     0.06369     0.07710     0.49150
    -3.63626     0.68858     0.06933     0.08145     0.53780
    -3.63435     0.74729     0.07509     0.08622     0.58598
    -3.63245     0.80796     0.08094     0.09133     0.63569
    -3.63054     0.87002     0.08681     0.09666     0.68654
    -3.62864     0.93288     0.09266     0.10214     0.73808
    -3.62673     0.99591     0.09841     0.10767     0.78983
    -3.62483     1.05843     0.10402     0.11315     0.84127
    -3.62292     1.11975     0.10940     0.11850     0.89185
    -3.62102     1.17915     0.11450     0.12362     0.94103
    -3.61911     1.23592     0.11925     0.12844     0.98823
    -3.61721     1.28935     0.12359     0.13287     1.03289
    -3.61530     1.33875     0.12747     0.13684     1.07444
    -3.61340     1.38347     0.13082     0.14030     1.11235
    -3.61150     1.42291     0.13361     0.14317     1.14614
    -3.60959     1.45653     0.13578     0.14542     1.17533
    -3.60769     1.48386     0.13732     0.14700     1.19953
    -3.60578     1.50450     0.13820     0.14789     1.21841
    -3.60388     1.51817     0.13840     0.14807     1.23170
    -3.60197     1.52467     0.13793     0.14753     1.23921
    -3.60007     1.52390     0.13678     0.14629     1.24083
    -3.59816     1.51587     0.13498     0.14435     1.23654
    -3.59626     1.50071     0.13256     0.14174     1.22640
    -3.59435     1.47861     0.12954     0.13850     1.21056
    -3.59245     1.44990     0.12597     0.13468     1.18924
    -3.59054     1.41497     0.12190     0.13033     1.16274
    -3.58864     1.37431     0.11739     0.12550     1.13142
    -3.58673     1.32845     0.11249     0.12026     1.09571
    -3.58483     1.27801     0.10727     0.11467     1.05607
    -3.58292     1.22363     0.10179     0.10881     1.01303
    -3.58102     1.16598     0.09612     0.10275     0.96712
    -3.57911     1.10576     0.09032     0.09655     0.91890
    -3.57721     1.04366     0.08445     0.09028     0.86893
    -3.57530     0.98036     0.07858     0.08401     0.81777
    -3.57340     0.91651     0.07276     0.07778     0.76596
    -3.57149     0.85274     0.06705     0.07167     0.71402
    -3.56959     0.78964     0.06148     0.06572     0.66244
    -3.56768     0.72772     0.05609     0.05996     0.61166
    -3.56578     0.66747     0.05093     0.05445     0.56209
    -3.56388     0.60929     0.04602     0.04919     0.51408
    -3.56197     0.55354     0.04138     0.04423     0.46793
    -3.56007     0.50050     0.03702     0.03957     0.42390
    -3.55816     0.45039     0.03296     0.03524     0.38219
    -3.55626     0.40336     0.02920     0.03122     0.34294
    -3.55435     0.35953     0.02575     0.02752     0.30626
    -3.55245     0.31894     0.02259     0.02415     0.27220
    -3.55054     0.28158     0.01972     0.02108     0.24078
    -3.54864     0.24742     0.01714     0.01832     0.21197
    -3.54673     0.21637     0.01482     0.01584     0.18572
    -3.54483     0.18832     0.01275     0.01363     0.16195
    -3.54292     0.16313     0.01091     0.01166     0.14055
    -3.54102     0.14063     0.00930     0.00994     0.12140
    -3.53911     0.12067     0.00788     0.00843     0.10436
    -3.53721     0.10304     0.00665     0.00711     0.08929
    -3.53530     0.08758     0.00558     0.00597     0.07603
    -3.53340     0.07409     0.00466     0.00499     0.06444
    -3.53149     0.06239     0.00388     0.00414     0.05437
    -3.52959     0.05230     0.00321     0.00343     0.04566
    -3.52768     0.04364     0.00264     0.00282     0.03818
    -3.52578     0.03627     0.00216     0.00231     0.03179
    -3.52387     0.03002     0.00176     0.00189     0.02637
    -3.52197     0.02477     0.00143     0.00153     0.02181
    -3.52006     0.02038     0.00115     0.00124     0.01799
    -3.51816     0.01675     0.00093     0.00099     0.01483
    -3.51626     0.01377     0.00074     0.00079     0.01224
    -3.51435     0.01137     0.00059     0.00063     0.01015
    -3.51245     0.00947     0.00047     0.00050     0.00850
    -3.51054     0.00800     0.00037     0.00040     0.00723
    -3.50864     0.00691     0.00029     0.00031     0.00631
    -3.50673     0.00618     0.00023     0.00025     0.00571
    -3.50483     0.00576     0.00017     0.00019     0.00539
    -3.50292     0.00564     0.00014     0.00015     0.00535
    -3.50102     0.00581     0.00010     0.00012     0.00558
    -3.49911     0.00626     0.00008     0.00010     0.00608
    -3.49721     0.00701     0.00006     0.00008     0.00687
    -3.49530     0.00808     0.00005     0.00007     0.00796
    -3.49340     0.00948     0.00004     0.00007     0.00938
    -3.49149     0.01125     0.00003     0.00006     0.01115
    -3.48959     0.01342     0.00002     0.00006     0.01333
    -3.48768     0.01605     0.00002     0.00007     0.01596
    -3.48578     0.01919     0.00002     0.00007     0.01910
    -3.48387     0.02289     0.00002     0.00008     0.02279
    -3.48197     0.02722     0.00002     0.00010     0.02711
    -3.48006     0.03226     0.00002     0.00011     0.03213
    -3.47816     0.03807     0.00002     0.00013     0.03791
    -3.47625     0.04472     0.00003     0.00015     0.04454
    -3.47435     0.05231     0.00003     0.00018     0.05210
    -3.47244     0.06089     0.00004     0.00020     0.06065
    -3.47054     0.07056     0.00005     0.00024     0.07027
    -3.46864     0.08138     0.00007     0.00027     0.08104
    -3.46673     0.09342     0.00008     0.00031     0.09302
    -3.46483     0.10673     0.00011     0.00036     0.10626
    -3.46292     0.12137     0.00013     0.00041     0.12083
    -3.46102     0.13737     0.00016     0.00046     0.13674
    -3.45911     0.15475     0.00020     0.00052     0.15403
    -3.45721     0.17353     0.00025     0.00059     0.17269
    -3.45530     0.19368     0.00031     0.00066     0.19272
    -3.45340     0.21518     0.00037     0.00073     0.21407
    -3.45149     0.23797     0.00045     0.00081     0.23670
    -3.44959     0.26197     0.00055     0.00089     0.26053
    -3.44768     0.28710     0.00066     0.00098     0.28546
    -3.44578     0.31322     0.00078     0.00107     0.31136
    -3.44387     0.34020     0.00093     0.00117     0.33810
    -3.44197     0.36788     0.00110     0.00127     0.36550
    -3.44006     0.39606     0.00130     0.00137     0.39340
    -3.43816     0.42457     0.00152     0.00148     0.42157
    -3.43625     0.45319     0.00177     0.00159     0.44983
    -3.43435     0.48169     0.00205     0.00169     0.47794
    -3.43244     0.50985     0.00237     0.00180     0.50567
    -3.43054     0.53744     0.00272     0.00191     0.53280
    -3.42863     0.56423     0.00311     0.00202     0.55910
    -3.42673     0.59000     0.00354     0.00212     0.58433
    -3.42483     0.61454     0.00401     0.00223     0.60830
    -3.42292     0.63763     0.00452     0.00233     0.63079
    -3.42102     0.65911     0.00506     0.00243     0.65162
    -3.41911     0.67880     0.00565     0.00252     0.67063
    -3.41721     0.69656     0.00627     0.00261     0.68767
    -3.41530     0.71226     0.00693     0.00269     0.70264
    -3.41340     0.72581     0.00761     0.00277     0.71542
    -3.41149     0.73714     0.00833     0.00284     0.72596
    -3.40959     0.74619     0.00907     0.00291     0.73421
    -3.40768     0.75295     0.00982     0.00297     0.74016
    -3.40578     0.75741     0.01058     0.00302     0.74380
    -3.40387     0.75959     0.01135     0.00307     0.74517
    -3.40197     0.75953     0.01212     0.00310     0.74431
    -3.40006     0.75729     0.01287     0.00313     0.74128
    -3.39816     0.75293     0.01361     0.00315     0.73618
    -3.39625     0.74656     0.01431     0.00317     0.72908
    -3.39435     0.73825     0.01498     0.00317     0.72010
    -3.39244     0.72811     0.01560     0.00317     0.70934
    -3.39054     0.71626     0.01617     0.00316     0.69693
    -3.38863     0.70282     0.01668     0.00314     0.68300
    -3.38673     0.68791     0.01712     0.00311     0.66768
    -3.38482     0.67166     0.01748     0.00307     0.65110
    -3.38292     0.65421     0.01777     0.00303     0.63341
    -3.38101     0.63570     0.01797     0.00298     0.61475
    -3.37911     0.61627     0.01808     0.00292     0.59527
    -3.37721     0.59609     0.01811     0.00286     0.57512
    -3.37530     0.57530     0.01805     0.00279     0.55447
    -3.37340     0.55408     0.01790     0.00271     0.53347
    -3.37149     0.53261     0.01767     0.00263     0.51232
    -3.36959     0.51107     0.01735     0.00254     0.49117
    -3.36768     0.48965     0.01695     0.00246     0.47024
    -3.36578     0.46855     0.01649     0.00237     0.44970
    -3.36387     0.44800     0.01596     0.00228     0.42977
    -3.36197     0.42821     0.01537     0.00218     0.41067
    -3.36006     0.40942     0.01472     0.00209     0.39260
    -3.35816     0.39184     0.01404     0.00201     0.37579
    -3.35625     0.37572     0.01332     0.00192     0.36047
    -3.35435     0.36131     0.01258     0.00185     0.34688
    -3.35244     0.34883     0.01182     0.00178     0.33523
    -3.35054     0.33852     0.01106     0.00171     0.32575
    -3.34863     0.33060     0.01029     0.00166     0.31866
    -3.34673     0.32530     0.00953     0.00161     0.31416
    -3.34482     0.32280     0.00878     0.00158     0.31244
    -3.34292     0.32329     0.00805     0.00156     0.31368
    -3.34101     0.32691     0.00735     0.00155     0.31801
    -3.33911     0.33380     0.00667     0.00156     0.32557
    -3.33720     0.34405     0.00603     0.00158     0.33644
    -3.33530     0.35771     0.00542     0.00162     0.35067
    -3.33339     0.37480     0.00485     0.00167     0.36828
    -3.33149     0.39528     0.00432     0.00173     0.38923
    -3.32959     0.41908     0.00383     0.00181     0.41345
    -3.32768     0.44607     0.00337     0.00190     0.44080
    -3.32578     0.47608     0.00296     0.00201     0.47111
    -3.32387     0.50886     0.00258     0.00213     0.50415
    -3.32197     0.54413     0.00224     0.00226     0.53963
    -3.32006     0.58156     0.00194     0.00240     0.57722
    -3.31816     0.62076     0.00167     0.00255     0.61655
    -3.31625     0.66131     0.00143     0.00270     0.65717
    -3.31435     0.70272     0.00122     0.00286     0.69864
    -3.31244     0.74449     0.00103     0.00302     0.74044
    -3.31054     0.78610     0.00087     0.00319     0.78205
    -3.30863     0.82700     0.00073     0.00334     0.82292
    -3.30673     0.86662     0.00061     0.00350     0.86251
    -3.30482     0.90441     0.00051     0.00365     0.90025
    -3.30292     0.93981     0.00042     0.00379     0.93561
    -3.30101     0.97232     0.00035     0.00392     0.96805
    -3.29911     1.00142     0.00028     0.00403     0.99711
    -3.29720     1.02668     0.00023     0.00413     1.02232
    -3.29530     1.04769     0.00019     0.00421     1.04329
    -3.29339     1.06412     0.00015     0.00428     1.05969
    -3.29149     1.07568     0.00012     0.00432     1.07124
    -3.28958     1.08220     0.00010     0.00435     1.07775
    -3.28768     1.08354     0.00008     0.00436     1.07911
    -3.28577     1.07967     0.00006     0.00434     1.07526
    -3.28387     1.07061     0.00005     0.00431     1.06626
    -3.28197     1.05650     0.00004     0.00426     1.05221
    -3.28006     1.03752     0.00003     0.00418     1.03331
    -3.27816     1.01394     0.00002     0.00410     1.00982
    -3.27625     0.98607     0.00002     0.00399     0.98206
    -3.27435     0.95431     0.00001     0.00388     0.95042
    -3.27244     0.91907     0.00001     0.00375     0.91531
    -3.27054     0.88082     0.00001     0.00361     0.87721
    -3.26863     0.84006     0.00000     0.00347     0.83658
    -3.26673     0.79728    -0.00000     0.00333     0.79395
    -3.26482     0.75300    -0.00000     0.00319     0.74981
    -3.26292     0.70773    -0.00001     0.00306     0.70467
    -3.26101     0.66195    -0.00001     0.00294     0.65901
    -3.25911     0.61613    -0.00001     0.00284     0.61331
    -3.25720     0.57073    -0.00002     0.00276     0.56799
    -3.25530     0.52613    -0.00002     0.00270     0.52345
    -3.25339     0.48270    -0.00003     0.00268     0.48005
    -3.25149     0.44077    -0.00003     0.00270     0.43811
    -3.24958     0.40061    -0.00004     0.00277     0.39788
    -3.24768     0.36244    -0.00005     0.00290     0.35959
    -3.24577     0.32645    -0.00006     0.00310     0.32341
    -3.24387     0.29276    -0.00008     0.00337     0.28947
    -3.24196     0.26148    -0.00010     0.00374     0.25784
    -3.24006     0.23266    -0.00012     0.00421     0.22857
    -3.23815     0.20632    -0.00014     0.00481     0.20166
    -3.23625     0.18244    -0.00017     0.00553     0.17708
    -3.23435     0.16099    -0.00021     0.00641     0.15479
    -3.23244     0.14190    -0.00024     0.00745     0.13469
    -3.23054     0.12509    -0.00029     0.00869     0.11669
    -3.22863     0.11047    -0.00034     0.01013     0.10068
    -3.22673     0.09793    -0.00040     0.01180     0.08654
    -3.22482     0.08737    -0.00047     0.01371     0.07412
    -3.22292     0.07867    -0.00054     0.01590     0.06331
    -3.22101     0.07172    -0.00062     0.01837     0.05397
    -3.21911     0.06639    -0.00071     0.02114     0.04596
    -3.21720     0.06260    -0.00080     0.02424     0.03917
    -3.21530     0.06023    -0.00091     0.02766     0.03347
    -3.21339     0.05918    -0.00102     0.03144     0.02876
    -3.21149     0.05936    -0.00113     0.03556     0.02493
    -3.20958     0.06069    -0.00125     0.04005     0.02189
    -3.20768     0.06309    -0.00136     0.04488     0.01957
    -3.20577     0.06649    -0.00148     0.05006     0.01791
    -3.20387     0.07082    -0.00158     0.05557     0.01683
    -3.20196     0.07602    -0.00168     0.06139     0.01631
    -3.20006     0.08204    -0.00176     0.06749     0.01631
    -3.19815     0.08884    -0.00182     0.07384     0.01681
    -3.19625     0.09637    -0.00184     0.08040     0.01781
    -3.19434     0.10461    -0.00182     0.08712     0.01931
    -3.19244     0.11353    -0.00175     0.09395     0.02133
    -3.19054     0.12310    -0.00162     0.10081     0.02391
    -3.18863     0.13332    -0.00142     0.10766     0.02708
    -3.18673     0.14420    -0.00113     0.11442     0.03091
    -3.18482     0.15574    -0.00073     0.12102     0.03545
    -3.18292     0.16797    -0.00021     0.12738     0.04080
    -3.18101     0.18092     0.00045     0.13344     0.04704
    -3.17911     0.19465     0.00126     0.13911     0.05427
    -3.17720     0.20921     0.00225     0.14434     0.06262
    -3.17530     0.22469     0.00343     0.14905     0.07221
    -3.17339     0.24117     0.00483     0.15318     0.08316
    -3.17149     0.25877     0.00646     0.15669     0.09562
    -3.16958     0.27759     0.00834     0.15952     0.10973
    -3.16768     0.29777     0.01050     0.16165     0.12563
    -3.16577     0.31944     0.01293     0.16305     0.14346
    -3.16387     0.34274     0.01567     0.16371     0.16335
    -3.16196     0.36780     0.01872     0.16363     0.18545
    -3.16006     0.39474     0.02208     0.16281     0.20985
    -3.15815     0.42370     0.02577     0.16127     0.23666
    -3.15625     0.45478     0.02978     0.15905     0.26595
    -3.15434     0.48805     0.03411     0.15618     0.29776
    -3.15244     0.52357     0.03874     0.15272     0.33211
    -3.15053     0.56135     0.04367     0.14871     0.36897
    -3.14863     0.60138     0.04887     0.14423     0.40829
    -3.14672     0.64358     0.05431     0.13932     0.44995
    -3.14482     0.68785     0.05996     0.13407     0.49381
    -3.14292     0.73400     0.06579     0.12855     0.53966
    -3.14101     0.78182     0.07175     0.12281     0.58725
    -3.13911     0.83102     0.07780     0.11694     0.63628
    -3.13720     0.88128     0.08387     0.11100     0.68641
    -3.13530     0.93220     0.08992     0.10504     0.73724
    -3.13339     0.98336     0.09589     0.09913     0.78833
    -3.13149     1.03428     0.10173     0.09332     0.83924
    -3.12958     1.08445     0.10736     0.08764     0.88945
    -3.12768     1.13334     0.11274     0.08214     0.93845
    -3.12577     1.18039     0.11782     0.07685     0.98573
    -3.12387     1.22507     0.12253     0.07179     1.03075
    -3.12196     1.26682     0.12684     0.06699     1.07299
    -3.12006     1.30511     0.13070     0.06244     1.11197
    -3.11815     1.33945     0.13409     0.05816     1.14720
    -3.11625     1.36940     0.13698     0.05415     1.17827
    -3.11434     1.39455     0.13935     0.05041     1.20479
    -3.11244     1.41457     0.14120     0.04692     1.22645
    -3.11053     1.42919     0.14252     0.04369     1.24298
    -3.10863     1.43823     0.14333     0.04069     1.25421
    -3.10672     1.44159     0.14366     0.03792     1.26002
    -3.10482     1.43924     0.14352     0.03535     1.26038
    -3.10291     1.43126     0.14295     0.03298     1.25533
    -3.10101     1.41778     0.14199     0.03079     1.24501
    -3.09910     1.39904     0.14069     0.02876     1.22959
    -3.09720     1.37533     0.13910     0.02688     1.20935
    -3.09530     1.34701     0.13727     0.02515     1.18460
    -3.09339     1.31450     0.13524     0.02354     1.15572
    -3.09149     1.27826     0.13308     0.02205     1.12314
    -3.08958     1.23879     0.13082     0.02066     1.08730
    -3.08768     1.19659     0.12852     0.01937     1.04869
    -3.08577     1.15219     0.12621     0.01818     1.00780
    -3.08387     1.10612     0.12392     0.01707     0.96512
    -3.08196     1.05888     0.12169     0.01604     0.92115
    -3.08006     1.01097     0.11953     0.01508     0.87635
    -3.07815     0.96283     0.11746     0.01420     0.83118
    -3.07625     0.91490     0.11548     0.01337     0.78605
    -3.07434     0.86754     0.11359     0.01261     0.74134
    -3.07244     0.82109     0.11178     0.01190     0.69740
    -3.07053     0.77581     0.11005     0.01125     0.65451
    -3.06863     0.73194     0.10836     0.01065     0.61294
    -3.06672     0.68966     0.10670     0.01008     0.57287
    -3.06482     0.64908     0.10505     0.00956     0.53447
    -3.06291     0.61030     0.10337     0.00908     0.49785
    -3.06101     0.57336     0.10164     0.00863     0.46309
    -3.05910     0.53826     0.09983     0.00821     0.43022
    -3.05720     0.50498     0.09792     0.00781     0.39925
    -3.05529     0.47346     0.09589     0.00744     0.37014
    -3.05339     0.44365     0.09371     0.00708     0.34286
    -3.05148     0.41546     0.09138     0.00674     0.31734
    -3.04958     0.38879     0.08888     0.00641     0.29350
    -3.04768     0.36356     0.08621     0.00609     0.27125
    -3.04577     0.33966     0.08337     0.00579     0.25050
    -3.04387     0.31699     0.08036     0.00549     0.23115
    -3.04196     0.29549     0.07719     0.00519     0.21310
    -3.04006     0.27506     0.07389     0.00491     0.19626
    -3.03815     0.25563     0.07046     0.00462     0.18055
    -3.03625     0.23715     0.06693     0.00435     0.16587
    -3.03434     0.21956     0.06332     0.00407     0.15217
    -3.03244     0.20283     0.05966     0.00381     0.13936
    -3.03053     0.18691     0.05597     0.00355     0.12740
    -3.02863     0.17179     0.05228     0.00329     0.11622
    -3.02672     0.15745     0.04862     0.00304     0.10578
    -3.02482     0.14387     0.04502     0.00280     0.09605
    -3.02291     0.13104     0.04150     0.00257     0.08697
    -3.02101     0.11896     0.03807     0.00235     0.07853
    -3.01910     0.10761     0.03477     0.00214     0.07070
    -3.01720     0.09699     0.03161     0.00194     0.06344
    -3.01529     0.08709     0.02860     0.00175     0.05674
    -3.01339     0.07790     0.02576     0.00157     0.05057
    -3.01148     0.06940     0.02309     0.00141     0.04490
    -3.00958     0.06157     0.02059     0.00125     0.03972
    -3.00767     0.05440     0.01828     0.00111     0.03500
    -3.00577     0.04786     0.01615     0.00098     0.03072
    -3.00386     0.04192     0.01420     0.00086     0.02685
    -3.00196     0.03656     0.01243     0.00075     0.02338
    -3.00006     0.03174     0.01082     0.00065     0.02026
    -2.99815     0.02744     0.00938     0.00057     0.01749
    -2.99625     0.02361     0.00809     0.00049     0.01503
    -2.99434     0.02022     0.00694     0.00042     0.01285
    -2.99244     0.01724     0.00593     0.00036     0.01095
    -2.99053     0.01463     0.00504     0.00030     0.00928
    -2.98863     0.01235     0.00426     0.00026     0.00783
    -2.98672     0.01038     0.00359     0.00022     0.00658
    -2.98482     0.00869     0.00301     0.00018     0.00550
    -2.98291     0.00723     0.00251     0.00015     0.00458
    -2.98101     0.00600     0.00208     0.00013     0.00379
    -2.97910     0.00494     0.00172     0.00010     0.00313
    -2.97720     0.00406     0.00141     0.00008     0.00256
    -2.97529     0.00332     0.00115     0.00007     0.00209
    -2.97339     0.00270     0.00094     0.00006     0.00170
    -2.97148     0.00218     0.00076     0.00005     0.00138
    -2.96958     0.00176     0.00061     0.00004     0.00111
    -2.96767     0.00141     0.00049     0.00003     0.00089
    -2.96577     0.00112     0.00039     0.00002     0.00071
    -2.96386     0.00089     0.00031     0.00002     0.00056
    -2.96196     0.00070     0.00024     0.00001     0.00044
    -2.96005     0.00055     0.00019     0.00001     0.00035
    -2.95815     0.00043     0.00015     0.00001     0.00027
    -2.95624     0.00034     0.00012     0.00001     0.00021
    -2.95434     0.00026     0.00009     0.00001     0.00016
    -2.95244     0.00020     0.00007     0.00000     0.00013
    -2.95053     0.00015     0.00005     0.00000     0.00010
    -2.94863     0.00012     0.00004     0.00000     0.00007
    -2.94672     0.00009     0.00003     0.00000     0.00006
    -2.94482     0.00007     0.00002     0.00000     0.00004
    -2.94291     0.00005     0.00002     0.00000     0.00003
    -2.94101     0.00004     0.00001     0.00000     0.00002
    -2.93910     0.00003     0.00001     0.00000     0.00002
    -2.93720     0.00002     0.00001     0.00000     0.00001
    -2.93529     0.00002     0.00001     0.00000     0.00001
    -2.93339     0.00001     0.00000     0.00000     0.00001
    -2.93148     0.00001     0.00000     0.00000     0.00001
    -2.92958     0.00001     0.00000     0.00000     0.00000
    -2.92767     0.00000     0.00000     0.00000     0.00000
    -2.92577     0.00000     0.00000     0.00000     0.00000
    -2.92386     0.00000     0.00000     0.00000     0.00000
    -2.92196     0.00000     0.00000     0.00000     0.00000
    -2.92005     0.00000     0.00000     0.00000     0.00000
    -2.91815     0.00000     0.00000     0.00000     0.00000
    -2.91624     0.00000     0.00000     0.00000     0.00000
    -2.91434     0.00000     0.00000     0.00000     0.00000
    -2.91243     0.00000     0.00000     0.00000     0.00000
    -2.91053     0.00000     0.00000     0.00000     0.00000
    -2.90863     0.00000     0.00000     0.00000     0.00000
    -2.90672     0.00000     0.00000     0.00000     0.00000
    -2.90482     0.00000     0.00000     0.00000     0.00000
    -2.90291     0.00000     0.00000     0.00000     0.00000
    -2.90101     0.00000     0.00000     0.00000     0.00000
    -2.89910     0.00000     0.00000     0.00000     0.00000
    -2.89720     0.00000     0.00000     0.00000     0.00000
    -2.89529     0.00000     0.00000     0.00000     0.00000
    -2.89339     0.00000     0.00000     0.00000     0.00000
    -2.89148     0.00001    -0.00000     0.00000     0.00001
    -2.88958     0.00001    -0.00000     0.00000     0.00001
    -2.88767     0.00001    -0.00000     0.00000     0.00001
    -2.88577     0.00002    -0.00000     0.00000     0.00002
    -2.88386     0.00002    -0.00000     0.00000     0.00002
    -2.88196     0.00003    -0.00000     0.00000     0.00003
    -2.88005     0.00004    -0.00000     0.00000     0.00004
    -2.87815     0.00006    -0.00000     0.00000     0.00006
    -2.87624     0.00008    -0.00000     0.00000     0.00007
    -2.87434     0.00010    -0.00000     0.00000     0.00010
    -2.87243     0.00014    -0.00000     0.00001     0.00013
    -2.87053     0.00018    -0.00000     0.00001     0.00017
    -2.86862     0.00024    -0.00000     0.00001     0.00023
    -2.86672     0.00031    -0.00000     0.00001     0.00030
    -2.86481     0.00041    -0.00000     0.00002     0.00039
    -2.86291     0.00053    -0.00000     0.00003     0.00050
    -2.86101     0.00068    -0.00000     0.00004     0.00065
    -2.85910     0.00088    -0.00000     0.00005     0.00083
    -2.85720     0.00112    -0.00000     0.00007     0.00106
    -2.85529     0.00143    -0.00000     0.00009     0.00134
    -2.85339     0.00181    -0.00000     0.00011     0.00169
    -2.85148     0.00228    -0.00000     0.00015     0.00213
    -2.84958     0.00285    -0.00000     0.00020     0.00266
    -2.84767     0.00356    -0.00000     0.00026     0.00331
    -2.84577     0.00442    -0.00000     0.00033     0.00409
    -2.84386     0.00547    -0.00000     0.00043     0.00504
    -2.84196     0.00673    -0.00000     0.00055     0.00618
    -2.84005     0.00824    -0.00001     0.00070     0.00754
    -2.83815     0.01004    -0.00001     0.00089     0.00916
    -2.83624     0.01218    -0.00001     0.00112     0.01106
    -2.83434     0.01470    -0.00001     0.00141     0.01330
    -2.83243     0.01767    -0.00002     0.00177     0.01592
    -2.83053     0.02113    -0.00002     0.00220     0.01895
    -2.82862     0.02515    -0.00002     0.00273     0.02245
    -2.82672     0.02981    -0.00003     0.00336     0.02647
    -2.82481     0.03515    -0.00004     0.00413     0.03106
    -2.82291     0.04127    -0.00004     0.00504     0.03627
    -2.82100     0.04822    -0.00005     0.00613     0.04214
    -2.81910     0.05608    -0.00006     0.00742     0.04873
    -2.81719     0.06492    -0.00008     0.00893     0.05607
    -2.81529     0.07481    -0.00009     0.01069     0.06421
    -2.81339     0.08581    -0.00011     0.01274     0.07317
    -2.81148     0.09797    -0.00013     0.01511     0.08299
    -2.80958     0.11134    -0.00015     0.01784     0.09366
    -2.80767     0.12596    -0.00018     0.02095     0.10519
    -2.80577     0.14185    -0.00021     0.02448     0.11757
    -2.80386     0.15901    -0.00024     0.02848     0.13077
    -2.80196     0.17743    -0.00028     0.03296     0.14476
    -2.80005     0.19709    -0.00032     0.03796     0.15946
    -2.79815     0.21794    -0.00037     0.04350     0.17481
    -2.79624     0.23990    -0.00042     0.04961     0.19071
    -2.79434     0.26288    -0.00048     0.05631     0.20705
    -2.79243     0.28676    -0.00054     0.06359     0.22372
    -2.79053     0.31141    -0.00061     0.07146     0.24055
    -2.78862     0.33665    -0.00068     0.07992     0.25741
    -2.78672     0.36231    -0.00076     0.08894     0.27413
    -2.78481     0.38818    -0.00084     0.09850     0.29053
    -2.78291     0.41404    -0.00093     0.10854     0.30643
    -2.78100     0.43966    -0.00102     0.11903     0.32164
    -2.77910     0.46478    -0.00111     0.12990     0.33600
    -2.77719     0.48916    -0.00121     0.14106     0.34931
    -2.77529     0.51254    -0.00130     0.15243     0.36141
    -2.77338     0.53465    -0.00140     0.16392     0.37214
    -2.77148     0.55526    -0.00150     0.17541     0.38135
    -2.76957     0.57411    -0.00160     0.18678     0.38892
    -2.76767     0.59099    -0.00169     0.19793     0.39475
    -2.76577     0.60568    -0.00178     0.20871     0.39876
    -2.76386     0.61801    -0.00187     0.21900     0.40088
    -2.76196     0.62783    -0.00195     0.22868     0.40110
    -2.76005     0.63500    -0.00203     0.23762     0.39941
    -2.75815     0.63944    -0.00210     0.24570     0.39584
    -2.75624     0.64108    -0.00216     0.25281     0.39043
    -2.75434     0.63992    -0.00221     0.25886     0.38327
    -2.75243     0.63596    -0.00225     0.26376     0.37446
    -2.75053     0.62927    -0.00229     0.26744     0.36412
    -2.74862     0.61992    -0.00231     0.26984     0.35239
    -2.74672     0.60804    -0.00232     0.27093     0.33942
    -2.74481     0.59378    -0.00231     0.27070     0.32539
    -2.74291     0.57731    -0.00230     0.26915     0.31047
    -2.74100     0.55885    -0.00228     0.26629     0.29483
    -2.73910     0.53861    -0.00224     0.26218     0.27867
    -2.73719     0.51683    -0.00220     0.25687     0.26215
    -2.73529     0.49376    -0.00214     0.25044     0.24546
    -2.73338     0.46965    -0.00208     0.24298     0.22874
    -2.73148     0.44475    -0.00201     0.23458     0.21217
    -2.72957     0.41932    -0.00193     0.22537     0.19588
    -2.72767     0.39361    -0.00184     0.21547     0.17999
    -2.72576     0.36785    -0.00175     0.20499     0.16461
    -2.72386     0.34225    -0.00166     0.19406     0.14985
    -2.72195     0.31703    -0.00156     0.18283     0.13577
    -2.72005     0.29237    -0.00147     0.17140     0.12244
    -2.71815     0.26843    -0.00137     0.15989     0.10990
    -2.71624     0.24536    -0.00127     0.14844     0.09819
    -2.71434     0.22327    -0.00117     0.13713     0.08731
    -2.71243     0.20226    -0.00108     0.12606     0.07728
    -2.71053     0.18241    -0.00099     0.11532     0.06808
    -2.70862     0.16378    -0.00090     0.10498     0.05970
    -2.70672     0.14639    -0.00081     0.09509     0.05210
    -2.70481     0.13025    -0.00073     0.08572     0.04526
    -2.70291     0.11537    -0.00066     0.07690     0.03913
    -2.70100     0.10173    -0.00059     0.06864     0.03368
    -2.69910     0.08930    -0.00052     0.06097     0.02885
    -2.69719     0.07803    -0.00046     0.05390     0.02459
    -2.69529     0.06787    -0.00041     0.04741     0.02087
    -2.69338     0.05877    -0.00035     0.04150     0.01762
    -2.69148     0.05065    -0.00031     0.03615     0.01481
    -2.68957     0.04345    -0.00027     0.03133     0.01239
    -2.68767     0.03711    -0.00023     0.02703     0.01031
    -2.68576     0.03154    -0.00020     0.02320     0.00855
    -2.68386     0.02669    -0.00017     0.01981     0.00705
    -2.68195     0.02248    -0.00014     0.01684     0.00578
    -2.68005     0.01884    -0.00012     0.01424     0.00472
    -2.67814     0.01572    -0.00010     0.01199     0.00384
    -2.67624     0.01306    -0.00009     0.01004     0.00310
    -2.67434     0.01079    -0.00007     0.00837     0.00250
    -2.67243     0.00888    -0.00006     0.00694     0.00200
    -2.67053     0.00727    -0.00005     0.00573     0.00159
    -2.66862     0.00593    -0.00004     0.00471     0.00126
    -2.66672     0.00481    -0.00003     0.00385     0.00099
    -2.66481     0.00388    -0.00003     0.00313     0.00078
    -2.66291     0.00312    -0.00002     0.00253     0.00061
    -2.66100     0.00249    -0.00002     0.00204     0.00047
    -2.65910     0.00198    -0.00001     0.00163     0.00036
    -2.65719     0.00157    -0.00001     0.00130     0.00028
    -2.65529     0.00124    -0.00001     0.00103     0.00021
    -2.65338     0.00097    -0.00001     0.00082     0.00016
    -2.65148     0.00076    -0.00001     0.00064     0.00012
    -2.64957     0.00059    -0.00000     0.00050     0.00009
    -2.64767     0.00045    -0.00000     0.00039     0.00007
    -2.64576     0.00035    -0.00000     0.00030     0.00005
    -2.64386     0.00027    -0.00000     0.00023     0.00004
    -2.64195     0.00020    -0.00000     0.00018     0.00003
    -2.64005     0.00015    -0.00000     0.00014     0.00002
    -2.63814     0.00012    -0.00000     0.00010     0.00001
    -2.63624     0.00009    -0.00000     0.00008     0.00001
    -2.63433     0.00007    -0.00000     0.00006     0.00001
    -2.63243     0.00005    -0.00000     0.00004     0.00000
    -2.63052     0.00004    -0.00000     0.00003     0.00000
    -2.62862     0.00003    -0.00000     0.00003     0.00000
    -2.62672     0.00002     0.00000     0.00002     0.00000
    -2.62481     0.00002     0.00000     0.00002     0.00000
    -2.62291     0.00001     0.00000     0.00001     0.00000
    -2.62100     0.00001     0.00000     0.00001     0.00000
    -2.61910     0.00001     0.00000     0.00001     0.00000
    -2.61719     0.00001     0.00000     0.00001     0.00000
    -2.61529     0.00002     0.00000     0.00001     0.00000
    -2.61338     0.00002     0.00000     0.00002     0.00000
    -2.61148     0.00003     0.00000     0.00002     0.00000
    -2.60957     0.00003     0.00000     0.00003     0.00000
    -2.60767     0.00005     0.00000     0.00004     0.00000
    -2.60576     0.00006     0.00001     0.00005     0.00001
    -2.60386     0.00008     0.00001     0.00006     0.00001
    -2.60195     0.00010     0.00001     0.00008     0.00001
    -2.60005     0.00013     0.00001     0.00011     0.00001
    -2.59814     0.00017     0.00001     0.00014     0.00002
    -2.59624     0.00022     0.00002     0.00018     0.00002
    -2.59433     0.00029     0.00002     0.00023     0.00003
    -2.59243     0.00037     0.00003     0.00030     0.00004
    -2.59052     0.00047     0.00004     0.00038     0.00005
    -2.58862     0.00060     0.00005     0.00048     0.00007
    -2.58671     0.00076     0.00006     0.00060     0.00009
    -2.58481     0.00095     0.00008     0.00076     0.00011
    -2.58290     0.00119     0.00010     0.00095     0.00015
    -2.58100     0.00149     0.00012     0.00118     0.00019
    -2.57910     0.00185     0.00015     0.00146     0.00024
    -2.57719     0.00228     0.00018     0.00180     0.00030
    -2.57529     0.00281     0.00022     0.00221     0.00038
    -2.57338     0.00344     0.00027     0.00269     0.00047
    -2.57148     0.00419     0.00033     0.00327     0.00059
    -2.56957     0.00509     0.00040     0.00396     0.00073
    -2.56767     0.00615     0.00047     0.00477     0.00091
    -2.56576     0.00740     0.00056     0.00571     0.00112
    -2.56386     0.00886     0.00067     0.00682     0.00138
    -2.56195     0.01057     0.00079     0.00810     0.00168
    -2.56005     0.01255     0.00092     0.00957     0.00205
    -2.55814     0.01484     0.00108     0.01127     0.00249
    -2.55624     0.01747     0.00125     0.01320     0.00302
    -2.55433     0.02047     0.00145     0.01539     0.00363
    -2.55243     0.02390     0.00166     0.01787     0.00436
    -2.55052     0.02777     0.00191     0.02065     0.00522
    -2.54862     0.03215     0.00217     0.02376     0.00621
    -2.54671     0.03705     0.00246     0.02722     0.00737
    -2.54481     0.04253     0.00277     0.03104     0.00872
    -2.54290     0.04861     0.00311     0.03523     0.01027
    -2.54100     0.05535     0.00348     0.03982     0.01204
    -2.53909     0.06275     0.00387     0.04481     0.01408
    -2.53719     0.07087     0.00428     0.05020     0.01639
    -2.53528     0.07972     0.00471     0.05599     0.01902
    -2.53338     0.08932     0.00516     0.06218     0.02198
    -2.53148     0.09968     0.00562     0.06874     0.02532
    -2.52957     0.11082     0.00609     0.07568     0.02905
    -2.52767     0.12273     0.00658     0.08294     0.03321
    -2.52576     0.13541     0.00706     0.09052     0.03783
    -2.52386     0.14884     0.00755     0.09836     0.04293
    -2.52195     0.16299     0.00803     0.10641     0.04855
    -2.52005     0.17784     0.00850     0.11463     0.05471
    -2.51814     0.19334     0.00895     0.12296     0.06143
    -2.51624     0.20944     0.00938     0.13133     0.06873
    -2.51433     0.22607     0.00978     0.13967     0.07662
    -2.51243     0.24317     0.01015     0.14790     0.08511
    -2.51052     0.26066     0.01048     0.15596     0.09422
    -2.50862     0.27845     0.01077     0.16375     0.10393
    -2.50671     0.29646     0.01102     0.17121     0.11423
    -2.50481     0.31457     0.01121     0.17824     0.12512
    -2.50290     0.33269     0.01135     0.18478     0.13656
    -2.50100     0.35071     0.01144     0.19075     0.14852
    -2.49909     0.36851     0.01147     0.19608     0.16096
    -2.49719     0.38598     0.01145     0.20071     0.17383
    -2.49528     0.40299     0.01137     0.20457     0.18705
    -2.49338     0.41944     0.01123     0.20763     0.20057
    -2.49147     0.43520     0.01105     0.20985     0.21430
    -2.48957     0.45015     0.01081     0.21119     0.22815
    -2.48766     0.46418     0.01053     0.21164     0.24202
    -2.48576     0.47719     0.01020     0.21120     0.25580
    -2.48386     0.48907     0.00983     0.20986     0.26938
    -2.48195     0.49972     0.00944     0.20764     0.28264
    -2.48005     0.50905     0.00901     0.20458     0.29546
    -2.47814     0.51697     0.00856     0.20071     0.30771
    -2.47624     0.52342     0.00809     0.19607     0.31926
    -2.47433     0.52833     0.00762     0.19072     0.33000
    -2.47243     0.53165     0.00713     0.18472     0.33980
    -2.47052     0.53333     0.00664     0.17815     0.34854
    -2.46862     0.53335     0.00616     0.17107     0.35612
    -2.46671     0.53170     0.00568     0.16357     0.36245
    -2.46481     0.52838     0.00522     0.15572     0.36744
    -2.46290     0.52339     0.00477     0.14762     0.37101
    -2.46100     0.51678     0.00433     0.13933     0.37312
    -2.45909     0.50858     0.00392     0.13094     0.37372
    -2.45719     0.49886     0.00353     0.12253     0.37279
    -2.45528     0.48768     0.00316     0.11417     0.37035
    -2.45338     0.47513     0.00282     0.10592     0.36639
    -2.45147     0.46132     0.00250     0.09785     0.36097
    -2.44957     0.44635     0.00221     0.09002     0.35413
    -2.44766     0.43036     0.00194     0.08247     0.34595
    -2.44576     0.41347     0.00170     0.07525     0.33652
    -2.44385     0.39582     0.00148     0.06840     0.32594
    -2.44195     0.37756     0.00128     0.06194     0.31434
    -2.44004     0.35884     0.00110     0.05591     0.30183
    -2.43814     0.33981     0.00094     0.05030     0.28856
    -2.43624     0.32062     0.00081     0.04515     0.27467
    -2.43433     0.30144     0.00068     0.04045     0.26030
    -2.43243     0.28239     0.00058     0.03622     0.24559
    -2.43052     0.26362     0.00049     0.03244     0.23070
    -2.42862     0.24528     0.00041     0.02911     0.21576
    -2.42671     0.22747     0.00034     0.02623     0.20090
    -2.42481     0.21033     0.00029     0.02380     0.18624
    -2.42290     0.19394     0.00024     0.02180     0.17191
    -2.42100     0.17841     0.00020     0.02022     0.15799
    -2.41909     0.16381     0.00017     0.01905     0.14459
    -2.41719     0.15021     0.00014     0.01829     0.13178
    -2.41528     0.13766     0.00013     0.01792     0.11962
    -2.41338     0.12622     0.00011     0.01793     0.10817
    -2.41147     0.11589     0.00011     0.01833     0.09746
    -2.40957     0.10671     0.00010     0.01909     0.08752
    -2.40766     0.09868     0.00011     0.02021     0.07837
    -2.40576     0.09179     0.00012     0.02168     0.07000
    -2.40385     0.08604     0.00013     0.02350     0.06241
    -2.40195     0.08139     0.00015     0.02565     0.05559
    -2.40004     0.07781     0.00018     0.02812     0.04951
    -2.39814     0.07527     0.00022     0.03091     0.04415
    -2.39623     0.07373     0.00027     0.03399     0.03947
    -2.39433     0.07312     0.00032     0.03735     0.03545
    -2.39243     0.07341     0.00040     0.04097     0.03204
    -2.39052     0.07451     0.00048     0.04484     0.02920
    -2.38862     0.07639     0.00058     0.04891     0.02689
    -2.38671     0.07896     0.00070     0.05318     0.02508
    -2.38481     0.08216     0.00085     0.05760     0.02372
    -2.38290     0.08593     0.00101     0.06214     0.02277
    -2.38100     0.09019     0.00121     0.06677     0.02221
    -2.37909     0.09488     0.00143     0.07144     0.02200
    -2.37719     0.09992     0.00169     0.07612     0.02211
    -2.37528     0.10526     0.00199     0.08077     0.02251
    -2.37338     0.11083     0.00233     0.08533     0.02317
    -2.37147     0.11656     0.00271     0.08977     0.02408
    -2.36957     0.12239     0.00313     0.09405     0.02521
    -2.36766     0.12828     0.00361     0.09813     0.02654
    -2.36576     0.13417     0.00414     0.10197     0.02806
    -2.36385     0.14001     0.00472     0.10553     0.02975
    -2.36195     0.14576     0.00537     0.10879     0.03161
    -2.36004     0.15138     0.00606     0.11171     0.03360
    -2.35814     0.15684     0.00682     0.11429     0.03573
    -2.35623     0.16210     0.00763     0.11649     0.03798
    -2.35433     0.16714     0.00849     0.11830     0.04034
    -2.35242     0.17193     0.00941     0.11973     0.04279
    -2.35052     0.17646     0.01038     0.12077     0.04531
    -2.34861     0.18070     0.01139     0.12141     0.04790
    -2.34671     0.18465     0.01243     0.12168     0.05053
    -2.34481     0.18828     0.01351     0.12158     0.05318
    -2.34290     0.19157     0.01461     0.12112     0.05584
    -2.34100     0.19452     0.01572     0.12033     0.05847
    -2.33909     0.19711     0.01683     0.11923     0.06106
    -2.33719     0.19933     0.01793     0.11783     0.06357
    -2.33528     0.20115     0.01901     0.11615     0.06598
    -2.33338     0.20256     0.02006     0.11423     0.06826
    -2.33147     0.20354     0.02106     0.11209     0.07039
    -2.32957     0.20407     0.02201     0.10974     0.07233
    -2.32766     0.20414     0.02288     0.10720     0.07405
    -2.32576     0.20372     0.02367     0.10451     0.07554
    -2.32385     0.20280     0.02437     0.10167     0.07676
    -2.32195     0.20137     0.02497     0.09871     0.07770
    -2.32004     0.19942     0.02545     0.09564     0.07833
    -2.31814     0.19694     0.02582     0.09247     0.07864
    -2.31623     0.19392     0.02607     0.08922     0.07863
    -2.31433     0.19037     0.02619     0.08590     0.07828
    -2.31242     0.18629     0.02619     0.08252     0.07759
    -2.31052     0.18171     0.02605     0.07910     0.07657
    -2.30861     0.17665     0.02579     0.07563     0.07522
    -2.30671     0.17112     0.02541     0.07215     0.07356
    -2.30480     0.16516     0.02491     0.06865     0.07161
    -2.30290     0.15882     0.02430     0.06514     0.06939
    -2.30099     0.15214     0.02359     0.06164     0.06691
    -2.29909     0.14517     0.02278     0.05817     0.06422
    -2.29719     0.13796     0.02190     0.05472     0.06133
    -2.29528     0.13057     0.02095     0.05132     0.05830
    -2.29338     0.12305     0.01994     0.04797     0.05514
    -2.29147     0.11548     0.01889     0.04470     0.05189
    -2.28957     0.10789     0.01781     0.04150     0.04858
    -2.28766     0.10036     0.01670     0.03839     0.04526
    -2.28576     0.09293     0.01559     0.03539     0.04195
    -2.28385     0.08567     0.01448     0.03250     0.03868
    -2.28195     0.07860     0.01339     0.02973     0.03548
    -2.28004     0.07178     0.01231     0.02709     0.03237
    -2.27814     0.06524     0.01127     0.02459     0.02938
    -2.27623     0.05902     0.01027     0.02223     0.02652
    -2.27433     0.05313     0.00931     0.02001     0.02382
    -2.27242     0.04760     0.00839     0.01794     0.02127
    -2.27052     0.04243     0.00753     0.01601     0.01889
    -2.26861     0.03764     0.00673     0.01423     0.01668
    -2.26671     0.03324     0.00598     0.01260     0.01465
    -2.26480     0.02920     0.00529     0.01111     0.01281
    -2.26290     0.02554     0.00465     0.00976     0.01113
    -2.26099     0.02224     0.00408     0.00854     0.00963
    -2.25909     0.01929     0.00355     0.00744     0.00829
    -2.25718     0.01667     0.00308     0.00647     0.00712
    -2.25528     0.01437     0.00266     0.00562     0.00609
    -2.25337     0.01237     0.00228     0.00487     0.00522
    -2.25147     0.01066     0.00195     0.00423     0.00448
    -2.24957     0.00921     0.00166     0.00368     0.00387
    -2.24766     0.00802     0.00140     0.00323     0.00339
    -2.24576     0.00708     0.00118     0.00286     0.00303
    -2.24385     0.00637     0.00099     0.00258     0.00279
    -2.24195     0.00588     0.00083     0.00238     0.00267
    -2.24004     0.00562     0.00070     0.00226     0.00266
    -2.23814     0.00558     0.00059     0.00222     0.00277
    -2.23623     0.00576     0.00050     0.00226     0.00301
    -2.23433     0.00617     0.00042     0.00238     0.00337
    -2.23242     0.00683     0.00037     0.00258     0.00388
    -2.23052     0.00775     0.00034     0.00288     0.00453
    -2.22861     0.00894     0.00032     0.00326     0.00535
    -2.22671     0.01044     0.00032     0.00375     0.00636
    -2.22480     0.01227     0.00035     0.00436     0.00757
    -2.22290     0.01447     0.00039     0.00508     0.00900
    -2.22099     0.01707     0.00045     0.00593     0.01069
    -2.21909     0.02011     0.00054     0.00692     0.01265
    -2.21718     0.02364     0.00065     0.00806     0.01493
    -2.21528     0.02770     0.00079     0.00937     0.01754
    -2.21337     0.03235     0.00097     0.01086     0.02052
    -2.21147     0.03762     0.00119     0.01253     0.02389
    -2.20956     0.04356     0.00145     0.01441     0.02770
    -2.20766     0.05023     0.00176     0.01650     0.03198
    -2.20575     0.05766     0.00212     0.01880     0.03674
    -2.20385     0.06589     0.00254     0.02133     0.04202
    -2.20195     0.07496     0.00302     0.02410     0.04784
    -2.20004     0.08490     0.00358     0.02710     0.05422
    -2.19814     0.09571     0.00421     0.03033     0.06116
    -2.19623     0.10740     0.00493     0.03380     0.06868
    -2.19433     0.11997     0.00572     0.03748     0.07677
    -2.19242     0.13341     0.00661     0.04138     0.08541
    -2.19052     0.14767     0.00759     0.04548     0.09460
    -2.18861     0.16270     0.00866     0.04975     0.10430
    -2.18671     0.17845     0.00983     0.05417     0.11446
    -2.18480     0.19483     0.01108     0.05871     0.12504
    -2.18290     0.21173     0.01243     0.06334     0.13597
    -2.18099     0.22905     0.01386     0.06802     0.14717
    -2.17909     0.24665     0.01536     0.07272     0.15857
    -2.17718     0.26439     0.01694     0.07738     0.17007
    -2.17528     0.28210     0.01857     0.08196     0.18156
    -2.17337     0.29962     0.02025     0.08642     0.19295
    -2.17147     0.31676     0.02196     0.09070     0.20410
    -2.16956     0.33335     0.02368     0.09476     0.21491
    -2.16766     0.34919     0.02540     0.09855     0.22524
    -2.16575     0.36411     0.02710     0.10202     0.23499
    -2.16385     0.37792     0.02875     0.10513     0.24403
    -2.16194     0.39044     0.03035     0.10784     0.25225
    -2.16004     0.40153     0.03186     0.11012     0.25955
    -2.15814     0.41103     0.03327     0.11193     0.26582
    -2.15623     0.41881     0.03457     0.11325     0.27099
    -2.15433     0.42478     0.03572     0.11407     0.27499
    -2.15242     0.42884     0.03672     0.11437     0.27776
    -2.15052     0.43095     0.03755     0.11414     0.27926
    -2.14861     0.43108     0.03820     0.11341     0.27948
    -2.14671     0.42922     0.03866     0.11216     0.27840
    -2.14480     0.42541     0.03892     0.11043     0.27606
    -2.14290     0.41969     0.03898     0.10823     0.27248
    -2.14099     0.41216     0.03884     0.10560     0.26771
    -2.13909     0.40291     0.03851     0.10258     0.26182
    -2.13718     0.39208     0.03798     0.09920     0.25490
    -2.13528     0.37982     0.03727     0.09551     0.24705
    -2.13337     0.36629     0.03638     0.09156     0.23836
    -2.13147     0.35168     0.03533     0.08739     0.22896
    -2.12956     0.33618     0.03414     0.08306     0.21897
    -2.12766     0.31998     0.03283     0.07863     0.20853
    -2.12575     0.30329     0.03140     0.07413     0.19775
    -2.12385     0.28629     0.02989     0.06963     0.18677
    -2.12194     0.26920     0.02830     0.06517     0.17573
    -2.12004     0.25219     0.02666     0.06079     0.16473
    -2.11813     0.23545     0.02499     0.05655     0.15391
    -2.11623     0.21914     0.02331     0.05246     0.14337
    -2.11432     0.20341     0.02163     0.04858     0.13320
    -2.11242     0.18840     0.01997     0.04492     0.12350
    -2.11052     0.17422     0.01835     0.04152     0.11435
    -2.10861     0.16098     0.01678     0.03839     0.10582
    -2.10671     0.14877     0.01526     0.03555     0.09795
    -2.10480     0.13763     0.01381     0.03302     0.09080
    -2.10290     0.12762     0.01243     0.03079     0.08440
    -2.10099     0.11878     0.01114     0.02888     0.07875
    -2.09909     0.11110     0.00993     0.02728     0.07389
    -2.09718     0.10459     0.00881     0.02598     0.06980
    -2.09528     0.09923     0.00778     0.02498     0.06647
    -2.09337     0.09499     0.00683     0.02427     0.06388
    -2.09147     0.09182     0.00597     0.02384     0.06202
    -2.08956     0.08968     0.00519     0.02366     0.06084
    -2.08766     0.08851     0.00449     0.02372     0.06030
    -2.08575     0.08824     0.00387     0.02399     0.06038
    -2.08385     0.08879     0.00331     0.02447     0.06101
    -2.08194     0.09009     0.00282     0.02511     0.06215
    -2.08004     0.09206     0.00240     0.02591     0.06376
    -2.07813     0.09463     0.00202     0.02683     0.06577
    -2.07623     0.09771     0.00170     0.02785     0.06816
    -2.07432     0.10123     0.00142     0.02895     0.07086
    -2.07242     0.10513     0.00118     0.03010     0.07385
    -2.07051     0.10934     0.00098     0.03128     0.07708
    -2.06861     0.11380     0.00080     0.03248     0.08052
    -2.06670     0.11847     0.00066     0.03366     0.08415
    -2.06480     0.12330     0.00054     0.03482     0.08794
    -2.06290     0.12828     0.00044     0.03594     0.09190
    -2.06099     0.13338     0.00035     0.03700     0.09603
    -2.05909     0.13860     0.00028     0.03800     0.10032
    -2.05718     0.14396     0.00023     0.03894     0.10480
    -2.05528     0.14947     0.00018     0.03980     0.10950
    -2.05337     0.15517     0.00014     0.04059     0.11444
    -2.05147     0.16110     0.00011     0.04131     0.11968
    -2.04956     0.16731     0.00009     0.04197     0.12526
    -2.04766     0.17387     0.00007     0.04257     0.13123
    -2.04575     0.18084     0.00005     0.04313     0.13765
    -2.04385     0.18829     0.00004     0.04366     0.14459
    -2.04194     0.19628     0.00003     0.04417     0.15208
    -2.04004     0.20490     0.00002     0.04468     0.16019
    -2.03813     0.21419     0.00002     0.04520     0.16897
    -2.03623     0.22421     0.00001     0.04575     0.17845
    -2.03432     0.23501     0.00001     0.04634     0.18866
    -2.03242     0.24661     0.00001     0.04699     0.19961
    -2.03051     0.25901     0.00001     0.04770     0.21130
    -2.02861     0.27220     0.00000     0.04849     0.22371
    -2.02670     0.28616     0.00000     0.04935     0.23680
    -2.02480     0.30081     0.00000     0.05030     0.25051
    -2.02289     0.31608     0.00000     0.05133     0.26476
    -2.02099     0.33187     0.00000     0.05243     0.27944
    -2.01908     0.34802     0.00000     0.05359     0.29443
    -2.01718     0.36440     0.00000     0.05481     0.30959
    -2.01528     0.38083     0.00000     0.05607     0.32476
    -2.01337     0.39711     0.00000     0.05734     0.33977
    -2.01147     0.41304     0.00000     0.05861     0.35444
    -2.00956     0.42840     0.00000     0.05984     0.36856
    -2.00766     0.44297     0.00000     0.06102     0.38194
    -2.00575     0.45652     0.00000     0.06212     0.39440
    -2.00385     0.46884     0.00000     0.06312     0.40572
    -2.00194     0.47972     0.00000     0.06397     0.41575
    -2.00004     0.48896     0.00000     0.06467     0.42430
    -1.99813     0.49640     0.00000     0.06518     0.43122
    -1.99623     0.50188     0.00000     0.06549     0.43639
    -1.99432     0.50528     0.00000     0.06558     0.43971
    -1.99242     0.50652    -0.00000     0.06543     0.44109
    -1.99051     0.50553    -0.00000     0.06504     0.44049
    -1.98861     0.50229    -0.00000     0.06440     0.43789
    -1.98670     0.49683    -0.00000     0.06351     0.43332
    -1.98480     0.48918    -0.00000     0.06237     0.42681
    -1.98289     0.47943    -0.00000     0.06100     0.41843
    -1.98099     0.46770    -0.00000     0.05940     0.40830
    -1.97908     0.45413    -0.00000     0.05758     0.39655
    -1.97718     0.43889    -0.00000     0.05558     0.38331
    -1.97527     0.42217    -0.00000     0.05341     0.36876
    -1.97337     0.40419    -0.00000     0.05109     0.35310
    -1.97146     0.38516    -0.00000     0.04866     0.33650
    -1.96956     0.36531    -0.00000     0.04614     0.31917
    -1.96766     0.34489    -0.00000     0.04356     0.30133
    -1.96575     0.32412    -0.00000     0.04095     0.28317
    -1.96385     0.30322    -0.00000     0.03833     0.26489
    -1.96194     0.28244    -0.00000     0.03575     0.24669
    -1.96004     0.26196    -0.00000     0.03322     0.22874
    -1.95813     0.24199    -0.00000     0.03077     0.21122
    -1.95623     0.22271    -0.00000     0.02843     0.19428
    -1.95432     0.20427    -0.00000     0.02622     0.17805
    -1.95242     0.18682    -0.00000     0.02416     0.16266
    -1.95051     0.17049    -0.00000     0.02228     0.14822
    -1.94861     0.15539    -0.00001     0.02059     0.13481
    -1.94670     0.14160    -0.00001     0.01911     0.12250
    -1.94480     0.12921    -0.00001     0.01786     0.11135
    -1.94289     0.11826    -0.00001     0.01686     0.10141
    -1.94099     0.10881    -0.00001     0.01612     0.09271
    -1.93908     0.10090    -0.00002     0.01566     0.08525
    -1.93718     0.09455    -0.00002     0.01550     0.07907
    -1.93527     0.08978    -0.00003     0.01566     0.07415
    -1.93337     0.08660    -0.00003     0.01615     0.07049
    -1.93146     0.08503    -0.00004     0.01699     0.06807
    -1.92956     0.08506    -0.00005     0.01821     0.06690
    -1.92765     0.08670    -0.00006     0.01983     0.06693
    -1.92575     0.08995    -0.00007     0.02187     0.06815
    -1.92384     0.09479    -0.00008     0.02435     0.07053
    -1.92194     0.10122    -0.00010     0.02729     0.07403
    -1.92004     0.10923    -0.00012     0.03073     0.07862
    -1.91813     0.11880    -0.00014     0.03468     0.08426
    -1.91623     0.12990    -0.00016     0.03916     0.09090
    -1.91432     0.14250    -0.00019     0.04421     0.09849
    -1.91242     0.15657    -0.00022     0.04982     0.10697
    -1.91051     0.17204    -0.00025     0.05602     0.11628
    -1.90861     0.18886    -0.00029     0.06281     0.12634
    -1.90670     0.20695    -0.00033     0.07020     0.13708
    -1.90480     0.22621    -0.00037     0.07818     0.14840
    -1.90289     0.24655    -0.00042     0.08675     0.16022
    -1.90099     0.26783    -0.00048     0.09588     0.17242
    -1.89908     0.28991    -0.00053     0.10555     0.18490
    -1.89718     0.31264    -0.00060     0.11571     0.19753
    -1.89527     0.33585    -0.00066     0.12632     0.21019
    -1.89337     0.35934    -0.00073     0.13732     0.22276
    -1.89146     0.38293    -0.00080     0.14863     0.23509
    -1.88956     0.40638    -0.00087     0.16020     0.24706
    -1.88765     0.42949    -0.00095     0.17191     0.25853
    -1.88575     0.45203    -0.00103     0.18368     0.26938
    -1.88384     0.47377    -0.00111     0.19540     0.27948
    -1.88194     0.49448    -0.00119     0.20696     0.28870
    -1.88003     0.51394    -0.00126     0.21825     0.29695
    -1.87813     0.53193    -0.00134     0.22914     0.30413
    -1.87623     0.54827    -0.00142     0.23953     0.31015
    -1.87432     0.56275    -0.00149     0.24929     0.31495
    -1.87242     0.57523    -0.00155     0.25831     0.31847
    -1.87051     0.58556    -0.00161     0.26648     0.32069
    -1.86861     0.59364    -0.00167     0.27372     0.32159
    -1.86670     0.59939    -0.00171     0.27993     0.32116
    -1.86480     0.60275    -0.00175     0.28505     0.31945
    -1.86289     0.60373    -0.00178     0.28902     0.31649
    -1.86099     0.60235    -0.00180     0.29181     0.31235
    -1.85908     0.59867    -0.00181     0.29338     0.30709
    -1.85718     0.59277    -0.00181     0.29374     0.30083
    -1.85527     0.58480    -0.00180     0.29292     0.29368
    -1.85337     0.57491    -0.00177     0.29094     0.28574
    -1.85146     0.56330    -0.00174     0.28787     0.27717
    -1.84956     0.55018    -0.00169     0.28377     0.26810
    -1.84765     0.53580    -0.00163     0.27875     0.25868
    -1.84575     0.52041    -0.00156     0.27290     0.24907
    -1.84384     0.50428    -0.00148     0.26635     0.23941
    -1.84194     0.48770    -0.00139     0.25923     0.22986
    -1.84003     0.47094    -0.00129     0.25166     0.22057
    -1.83813     0.45429    -0.00118     0.24380     0.21167
    -1.83622     0.43803    -0.00106     0.23578     0.20330
    -1.83432     0.42241    -0.00093     0.22775     0.19559
    -1.83241     0.40768    -0.00080     0.21983     0.18864
    -1.83051     0.39406    -0.00066     0.21217     0.18255
    -1.82861     0.38175    -0.00052     0.20486     0.17740
    -1.82670     0.37091    -0.00037     0.19803     0.17325
    -1.82480     0.36168    -0.00022     0.19176     0.17014
    -1.82289     0.35417    -0.00006     0.18612     0.16811
    -1.82099     0.34844     0.00009     0.18118     0.16717
    -1.81908     0.34451     0.00024     0.17697     0.16729
    -1.81718     0.34237     0.00039     0.17351     0.16846
    -1.81527     0.34198     0.00054     0.17081     0.17063
    -1.81337     0.34327     0.00069     0.16885     0.17373
    -1.81146     0.34611     0.00083     0.16760     0.17768
    -1.80956     0.35036     0.00097     0.16700     0.18239
    -1.80765     0.35586     0.00110     0.16701     0.18775
    -1.80575     0.36241     0.00122     0.16754     0.19365
    -1.80384     0.36981     0.00134     0.16851     0.19996
    -1.80194     0.37782     0.00144     0.16983     0.20655
    -1.80003     0.38623     0.00154     0.17141     0.21328
    -1.79813     0.39479     0.00162     0.17315     0.22002
    -1.79622     0.40329     0.00170     0.17495     0.22664
    -1.79432     0.41149     0.00176     0.17673     0.23301
    -1.79241     0.41921     0.00181     0.17838     0.23902
    -1.79051     0.42624     0.00185     0.17983     0.24456
    -1.78860     0.43242     0.00188     0.18102     0.24953
    -1.78670     0.43763     0.00189     0.18187     0.25387
    -1.78479     0.44175     0.00190     0.18235     0.25750
    -1.78289     0.44472     0.00189     0.18242     0.26041
    -1.78099     0.44649     0.00187     0.18206     0.26255
    -1.77908     0.44707     0.00185     0.18128     0.26395
    -1.77718     0.44650     0.00181     0.18007     0.26462
    -1.77527     0.44484     0.00176     0.17846     0.26461
    -1.77337     0.44220     0.00171     0.17649     0.26399
    -1.77146     0.43871     0.00165     0.17421     0.26285
    -1.76956     0.43455     0.00159     0.17168     0.26128
    -1.76765     0.42989     0.00152     0.16896     0.25941
    -1.76575     0.42494     0.00144     0.16613     0.25737
    -1.76384     0.41993     0.00137     0.16327     0.25529
    -1.76194     0.41507     0.00129     0.16045     0.25332
    -1.76003     0.41060     0.00121     0.15777     0.25162
    -1.75813     0.40674     0.00113     0.15529     0.25032
    -1.75622     0.40371     0.00106     0.15309     0.24956
    -1.75432     0.40171     0.00099     0.15124     0.24948
    -1.75241     0.40092     0.00092     0.14980     0.25020
    -1.75051     0.40150     0.00085     0.14883     0.25182
    -1.74860     0.40357     0.00079     0.14835     0.25443
    -1.74670     0.40723     0.00073     0.14841     0.25809
    -1.74479     0.41254     0.00068     0.14903     0.26284
    -1.74289     0.41952     0.00063     0.15019     0.26870
    -1.74098     0.42815     0.00059     0.15190     0.27566
    -1.73908     0.43838     0.00055     0.15414     0.28368
    -1.73717     0.45010     0.00052     0.15688     0.29270
    -1.73527     0.46321     0.00050     0.16006     0.30264
    -1.73337     0.47752     0.00048     0.16365     0.31339
    -1.73146     0.49285     0.00047     0.16757     0.32481
    -1.72956     0.50898     0.00046     0.17176     0.33676
    -1.72765     0.52567     0.00046     0.17615     0.34906
    -1.72575     0.54266     0.00046     0.18065     0.36155
    -1.72384     0.55968     0.00047     0.18518     0.37403
    -1.72194     0.57646     0.00047     0.18967     0.38631
    -1.72003     0.59272     0.00049     0.19403     0.39820
    -1.71813     0.60819     0.00050     0.19819     0.40950
    -1.71622     0.62263     0.00052     0.20207     0.42004
    -1.71432     0.63577     0.00054     0.20560     0.42964
    -1.71241     0.64742     0.00055     0.20872     0.43814
    -1.71051     0.65736     0.00057     0.21138     0.44541
    -1.70860     0.66544     0.00059     0.21353     0.45132
    -1.70670     0.67152     0.00061     0.21514     0.45577
    -1.70479     0.67550     0.00063     0.21617     0.45870
    -1.70289     0.67731     0.00065     0.21661     0.46005
    -1.70098     0.67692     0.00066     0.21646     0.45980
    -1.69908     0.67433     0.00067     0.21571     0.45795
    -1.69717     0.66957     0.00068     0.21436     0.45453
    -1.69527     0.66273     0.00069     0.21245     0.44958
    -1.69336     0.65388     0.00069     0.20999     0.44319
    -1.69146     0.64315     0.00070     0.20702     0.43543
    -1.68955     0.63068     0.00069     0.20356     0.42642
    -1.68765     0.61663     0.00069     0.19967     0.41628
    -1.68575     0.60118     0.00068     0.19538     0.40512
    -1.68384     0.58450     0.00067     0.19074     0.39309
    -1.68194     0.56679     0.00065     0.18580     0.38034
    -1.68003     0.54823     0.00064     0.18060     0.36699
    -1.67813     0.52900     0.00062     0.17520     0.35319
    -1.67622     0.50930     0.00059     0.16963     0.33907
    -1.67432     0.48927     0.00057     0.16393     0.32477
    -1.67241     0.46910     0.00054     0.15816     0.31040
    -1.67051     0.44891     0.00052     0.15233     0.29606
    -1.66860     0.42884     0.00049     0.14649     0.28186
    -1.66670     0.40900     0.00046     0.14066     0.26788
    -1.66479     0.38950     0.00043     0.13487     0.25420
    -1.66289     0.37041     0.00040     0.12913     0.24088
    -1.66098     0.35179     0.00037     0.12346     0.22796
    -1.65908     0.33371     0.00034     0.11788     0.21549
    -1.65717     0.31621     0.00032     0.11239     0.20350
    -1.65527     0.29931     0.00029     0.10701     0.19201
    -1.65336     0.28303     0.00026     0.10173     0.18103
    -1.65146     0.26739     0.00024     0.09657     0.17058
    -1.64955     0.25239     0.00021     0.09152     0.16065
    -1.64765     0.23803     0.00019     0.08658     0.15126
    -1.64574     0.22433     0.00017     0.08176     0.14239
    -1.64384     0.21126     0.00015     0.07706     0.13405
    -1.64194     0.19885     0.00013     0.07248     0.12623
    -1.64003     0.18708     0.00012     0.06803     0.11894
    -1.63813     0.17597     0.00010     0.06369     0.11217
    -1.63622     0.16550     0.00009     0.05948     0.10593
    -1.63432     0.15569     0.00008     0.05541     0.10021
    -1.63241     0.14655     0.00007     0.05146     0.09502
    -1.63051     0.13808     0.00006     0.04766     0.09037
    -1.62860     0.13030     0.00005     0.04400     0.08626
    -1.62670     0.12321     0.00004     0.04048     0.08269
    -1.62479     0.11682     0.00004     0.03712     0.07966
    -1.62289     0.11113     0.00003     0.03391     0.07719
    -1.62098     0.10615     0.00002     0.03087     0.07526
    -1.61908     0.10188     0.00002     0.02798     0.07387
    -1.61717     0.09831     0.00002     0.02526     0.07302
    -1.61527     0.09542     0.00001     0.02271     0.07269
    -1.61336     0.09321     0.00001     0.02033     0.07287
    -1.61146     0.09164     0.00001     0.01811     0.07352
    -1.60955     0.09068     0.00001     0.01605     0.07462
    -1.60765     0.09031     0.00001     0.01416     0.07614
    -1.60574     0.09046     0.00000     0.01243     0.07803
    -1.60384     0.09110     0.00000     0.01084     0.08026
    -1.60193     0.09217     0.00000     0.00941     0.08275
    -1.60003     0.09360     0.00000     0.00812     0.08548
    -1.59812     0.09532     0.00000     0.00696     0.08836
    -1.59622     0.09728     0.00000     0.00593     0.09134
    -1.59432     0.09939     0.00000     0.00503     0.09436
    -1.59241     0.10159     0.00000     0.00424     0.09736
    -1.59051     0.10381     0.00000     0.00355     0.10026
    -1.58860     0.10598     0.00000     0.00297     0.10300
    -1.58670     0.10802     0.00000     0.00248     0.10554
    -1.58479     0.10988     0.00000     0.00207     0.10781
    -1.58289     0.11150     0.00000     0.00175     0.10975
    -1.58098     0.11283     0.00000     0.00149     0.11134
    -1.57908     0.11383     0.00000     0.00130     0.11253
    -1.57717     0.11445     0.00000     0.00117     0.11328
    -1.57527     0.11468     0.00000     0.00109     0.11358
    -1.57336     0.11449     0.00000     0.00107     0.11342
    -1.57146     0.11387     0.00000     0.00108     0.11278
    -1.56955     0.11282     0.00000     0.00114     0.11168
    -1.56765     0.11134     0.00000     0.00123     0.11011
    -1.56574     0.10945     0.00000     0.00135     0.10811
    -1.56384     0.10717     0.00000     0.00149     0.10568
    -1.56193     0.10453     0.00000     0.00165     0.10288
    -1.56003     0.10155     0.00000     0.00183     0.09972
    -1.55812     0.09827     0.00000     0.00202     0.09625
    -1.55622     0.09474     0.00000     0.00222     0.09251
    -1.55431     0.09098     0.00000     0.00242     0.08856
    -1.55241     0.08705     0.00000     0.00263     0.08442
    -1.55050     0.08299     0.00000     0.00283     0.08016
    -1.54860     0.07884     0.00000     0.00302     0.07581
    -1.54670     0.07463     0.00000     0.00321     0.07142
    -1.54479     0.07041     0.00000     0.00338     0.06703
    -1.54289     0.06622     0.00000     0.00354     0.06268
    -1.54098     0.06208     0.00000     0.00367     0.05840
    -1.53908     0.05802     0.00000     0.00379     0.05423
    -1.53717     0.05407     0.00000     0.00389     0.05018
    -1.53527     0.05025     0.00000     0.00397     0.04628
    -1.53336     0.04657     0.00000     0.00402     0.04255
    -1.53146     0.04305     0.00000     0.00405     0.03900
    -1.52955     0.03970     0.00000     0.00406     0.03564
    -1.52765     0.03652     0.00000     0.00404     0.03248
    -1.52574     0.03352     0.00000     0.00400     0.02952
    -1.52384     0.03070     0.00000     0.00394     0.02676
    -1.52193     0.02806     0.00000     0.00386     0.02420
    -1.52003     0.02559     0.00000     0.00376     0.02183
    -1.51812     0.02329     0.00000     0.00364     0.01965
    -1.51622     0.02116     0.00000     0.00351     0.01765
    -1.51431     0.01918     0.00000     0.00336     0.01582
    -1.51241     0.01735     0.00000     0.00321     0.01415
    -1.51050     0.01567     0.00000     0.00304     0.01263
    -1.50860     0.01412     0.00000     0.00287     0.01125
    -1.50669     0.01269     0.00000     0.00269     0.01000
    -1.50479     0.01139     0.00000     0.00252     0.00887
    -1.50288     0.01019     0.00000     0.00234     0.00786
    -1.50098     0.00910     0.00000     0.00216     0.00694
    -1.49908     0.00811     0.00000     0.00199     0.00612
    -1.49717     0.00720     0.00000     0.00182     0.00538
    -1.49527     0.00638     0.00000     0.00166     0.00473
    -1.49336     0.00564     0.00000     0.00150     0.00414
    -1.49146     0.00497     0.00000     0.00135     0.00362
    -1.48955     0.00436     0.00000     0.00121     0.00315
    -1.48765     0.00382     0.00000     0.00108     0.00274
    -1.48574     0.00334     0.00000     0.00096     0.00237
    -1.48384     0.00290     0.00000     0.00085     0.00205
    -1.48193     0.00252     0.00000     0.00075     0.00177
    -1.48003     0.00218     0.00000     0.00065     0.00152
    -1.47812     0.00187     0.00000     0.00057     0.00130
    -1.47622     0.00161     0.00000     0.00049     0.00112
    -1.47431     0.00138     0.00000     0.00043     0.00095
    -1.47241     0.00118     0.00000     0.00037     0.00082
    -1.47050     0.00101     0.00000     0.00031     0.00070
    -1.46860     0.00087     0.00000     0.00027     0.00060
    -1.46669     0.00074     0.00000     0.00022     0.00052
    -1.46479     0.00064     0.00000     0.00019     0.00046
    -1.46288     0.00056     0.00000     0.00016     0.00041
    -1.46098     0.00051     0.00000     0.00013     0.00037
    -1.45907     0.00046     0.00000     0.00011     0.00035
    -1.45717     0.00044     0.00000     0.00009     0.00035
    -1.45526     0.00044     0.00000     0.00008     0.00036
    -1.45336     0.00045     0.00000     0.00006     0.00039
    -1.45146     0.00049     0.00000     0.00005     0.00043
    -1.44955     0.00054     0.00000     0.00004     0.00050
    -1.44765     0.00062     0.00000     0.00004     0.00059
    -1.44574     0.00073     0.00000     0.00003     0.00070
    -1.44384     0.00086     0.00000     0.00003     0.00083
    -1.44193     0.00103     0.00000     0.00002     0.00100
    -1.44003     0.00123     0.00000     0.00002     0.00121
    -1.43812     0.00148     0.00000     0.00002     0.00146
    -1.43622     0.00177     0.00000     0.00002     0.00175
    -1.43431     0.00211     0.00000     0.00002     0.00209
    -1.43241     0.00252     0.00000     0.00002     0.00249
    -1.43050     0.00299     0.00000     0.00002     0.00296
    -1.42860     0.00353     0.00000     0.00003     0.00350
    -1.42669     0.00415     0.00000     0.00003     0.00412
    -1.42479     0.00486     0.00000     0.00004     0.00482
    -1.42288     0.00566     0.00000     0.00004     0.00562
    -1.42098     0.00656     0.00000     0.00005     0.00652
    -1.41907     0.00758     0.00000     0.00005     0.00752
    -1.41717     0.00870     0.00000     0.00006     0.00864
    -1.41526     0.00995     0.00000     0.00007     0.00988
    -1.41336     0.01131     0.00000     0.00008     0.01123
    -1.41145     0.01280     0.00000     0.00009     0.01272
    -1.40955     0.01442     0.00000     0.00010     0.01432
    -1.40764     0.01617     0.00000     0.00011     0.01605
    -1.40574     0.01803     0.00000     0.00012     0.01791
    -1.40384     0.02001     0.00000     0.00014     0.01987
    -1.40193     0.02210     0.00000     0.00015     0.02195
    -1.40003     0.02430     0.00000     0.00017     0.02413
    -1.39812     0.02657     0.00000     0.00018     0.02639
    -1.39622     0.02892     0.00000     0.00020     0.02872
    -1.39431     0.03132     0.00000     0.00022     0.03111
    -1.39241     0.03376     0.00000     0.00023     0.03353
    -1.39050     0.03621     0.00000     0.00025     0.03596
    -1.38860     0.03864     0.00000     0.00027     0.03838
    -1.38669     0.04104     0.00000     0.00028     0.04076
    -1.38479     0.04338     0.00000     0.00030     0.04308
    -1.38288     0.04562     0.00000     0.00031     0.04530
    -1.38098     0.04774     0.00000     0.00033     0.04741
    -1.37907     0.04972     0.00000     0.00034     0.04938
    -1.37717     0.05153     0.00000     0.00036     0.05117
    -1.37526     0.05314     0.00000     0.00037     0.05277
    -1.37336     0.05453     0.00000     0.00038     0.05416
    -1.37145     0.05569     0.00000     0.00038     0.05531
    -1.36955     0.05660     0.00000     0.00039     0.05620
    -1.36764     0.05723     0.00000     0.00039     0.05684
    -1.36574     0.05759     0.00000     0.00040     0.05720
    -1.36383     0.05768     0.00000     0.00040     0.05728
    -1.36193     0.05747     0.00000     0.00040     0.05708
    -1.36003     0.05699     0.00000     0.00039     0.05660
    -1.35812     0.05624     0.00000     0.00039     0.05585
    -1.35622     0.05523     0.00000     0.00038     0.05485
    -1.35431     0.05397     0.00000     0.00037     0.05359
    -1.35241     0.05248     0.00000     0.00036     0.05211
    -1.35050     0.05078     0.00000     0.00035     0.05043
    -1.34860     0.04889     0.00000     0.00034     0.04856
    -1.34669     0.04685     0.00000     0.00032     0.04653
    -1.34479     0.04467     0.00000     0.00031     0.04436
    -1.34288     0.04239     0.00000     0.00029     0.04210
    -1.34098     0.04002     0.00000     0.00028     0.03975
    -1.33907     0.03761     0.00000     0.00026     0.03735
    -1.33717     0.03516     0.00000     0.00024     0.03492
    -1.33526     0.03272     0.00000     0.00023     0.03249
    -1.33336     0.03029     0.00000     0.00021     0.03008
    -1.33145     0.02791     0.00000     0.00019     0.02772
    -1.32955     0.02559     0.00000     0.00018     0.02541
    -1.32764     0.02335     0.00000     0.00016     0.02319
    -1.32574     0.02120     0.00000     0.00015     0.02105
    -1.32383     0.01915     0.00000     0.00013     0.01902
    -1.32193     0.01722     0.00000     0.00012     0.01710
    -1.32002     0.01541     0.00000     0.00011     0.01530
    -1.31812     0.01372     0.00000     0.00009     0.01362
    -1.31621     0.01215     0.00000     0.00008     0.01207
    -1.31431     0.01071     0.00000     0.00007     0.01064
    -1.31241     0.00940     0.00000     0.00006     0.00933
    -1.31050     0.00820     0.00000     0.00006     0.00815
    -1.30860     0.00713     0.00000     0.00005     0.00708
    -1.30669     0.00616     0.00000     0.00004     0.00612
    -1.30479     0.00530     0.00000     0.00004     0.00526
    -1.30288     0.00454     0.00000     0.00003     0.00451
    -1.30098     0.00387     0.00000     0.00003     0.00384
    -1.29907     0.00328     0.00000     0.00002     0.00325
    -1.29717     0.00276     0.00000     0.00002     0.00275
    -1.29526     0.00232     0.00000     0.00002     0.00230
    -1.29336     0.00194     0.00000     0.00001     0.00193
    -1.29145     0.00161     0.00000     0.00001     0.00160
    -1.28955     0.00133     0.00000     0.00001     0.00132
    -1.28764     0.00110     0.00000     0.00001     0.00109
    -1.28574     0.00090     0.00000     0.00001     0.00089
    -1.28383     0.00073     0.00000     0.00001     0.00073
    -1.28193     0.00059     0.00000     0.00000     0.00059
    -1.28002     0.00048     0.00000     0.00000     0.00048
    -1.27812     0.00039     0.00000     0.00000     0.00038
    -1.27621     0.00031     0.00000     0.00000     0.00031
    -1.27431     0.00025     0.00000     0.00000     0.00024
    -1.27240     0.00019     0.00000     0.00000     0.00019
    -1.27050     0.00015     0.00000     0.00000     0.00015
    -1.26859     0.00012     0.00000     0.00000     0.00012
    -1.26669     0.00009     0.00000     0.00000     0.00009
    -1.26479     0.00007     0.00000     0.00000     0.00007
    -1.26288     0.00006     0.00000     0.00000     0.00006
    -1.26098     0.00005     0.00000     0.00000     0.00004
    -1.25907     0.00004     0.00000     0.00000     0.00003
    -1.25717     0.00003     0.00000     0.00000     0.00002
    -1.25526     0.00002     0.00000     0.00001     0.00002
    -1.25336     0.00002     0.00000     0.00001     0.00001
    -1.25145     0.00002     0.00000     0.00001     0.00001
    -1.24955     0.00002     0.00000     0.00001     0.00001
    -1.24764     0.00002     0.00000     0.00001     0.00001
    -1.24574     0.00002     0.00000     0.00002     0.00000
    -1.24383     0.00002     0.00000     0.00002     0.00000
    -1.24193     0.00003     0.00000     0.00003     0.00000
    -1.24002     0.00003     0.00000     0.00003     0.00000
    -1.23812     0.00004     0.00000     0.00004     0.00000
    -1.23621     0.00004     0.00000     0.00004     0.00000
    -1.23431     0.00005     0.00000     0.00005     0.00000
    -1.23240     0.00006     0.00000     0.00006     0.00000
    -1.23050     0.00007     0.00000     0.00007     0.00000
    -1.22859     0.00008     0.00000     0.00008     0.00000
    -1.22669     0.00010     0.00000     0.00010     0.00000
    -1.22478     0.00011     0.00000     0.00011     0.00000
    -1.22288     0.00013     0.00000     0.00013     0.00000
    -1.22097     0.00015     0.00000     0.00015     0.00000
    -1.21907     0.00017     0.00000     0.00017     0.00000
    -1.21717     0.00020     0.00000     0.00020     0.00000
    -1.21526     0.00022     0.00000     0.00022     0.00000
    -1.21336     0.00025     0.00000     0.00025     0.00000
    -1.21145     0.00028     0.00000     0.00028     0.00000
    -1.20955     0.00032     0.00000     0.00032     0.00000
    -1.20764     0.00035     0.00000     0.00035     0.00000
    -1.20574     0.00039     0.00000     0.00039     0.00000
    -1.20383     0.00043     0.00000     0.00043     0.00000
    -1.20193     0.00047     0.00000     0.00047     0.00000
    -1.20002     0.00051     0.00000     0.00051     0.00000
    -1.19812     0.00056     0.00000     0.00056     0.00000
    -1.19621     0.00061     0.00000     0.00061     0.00000
    -1.19431     0.00066     0.00000     0.00065     0.00000
    -1.19240     0.00071     0.00000     0.00070     0.00001
    -1.19050     0.00076     0.00000     0.00076     0.00001
    -1.18859     0.00082     0.00000     0.00081     0.00001
    -1.18669     0.00087     0.00000     0.00086     0.00001
    -1.18478     0.00093     0.00000     0.00092     0.00002
    -1.18288     0.00100     0.00000     0.00098     0.00002
    -1.18097     0.00106     0.00000     0.00104     0.00002
    -1.17907     0.00113     0.00000     0.00110     0.00003
    -1.17716     0.00120     0.00000     0.00117     0.00004
    -1.17526     0.00128     0.00000     0.00124     0.00004
    -1.17335     0.00137     0.00000     0.00132     0.00005
    -1.17145     0.00147     0.00000     0.00140     0.00007
    -1.16955     0.00157     0.00000     0.00149     0.00008
    -1.16764     0.00169     0.00000     0.00160     0.00010
    -1.16574     0.00183     0.00000     0.00172     0.00012
    -1.16383     0.00198     0.00000     0.00185     0.00014
    -1.16193     0.00216     0.00000     0.00200     0.00016
    -1.16002     0.00236     0.00000     0.00217     0.00019
    -1.15812     0.00259     0.00000     0.00236     0.00023
    -1.15621     0.00284     0.00000     0.00258     0.00027
    -1.15431     0.00313     0.00000     0.00282     0.00031
    -1.15240     0.00346     0.00000     0.00310     0.00036
    -1.15050     0.00383     0.00000     0.00342     0.00041
    -1.14859     0.00424     0.00000     0.00377     0.00048
    -1.14669     0.00470     0.00000     0.00416     0.00054
    -1.14478     0.00521     0.00000     0.00459     0.00062
    -1.14288     0.00576     0.00000     0.00506     0.00070
    -1.14097     0.00637     0.00000     0.00559     0.00079
    -1.13907     0.00703     0.00000     0.00615     0.00088
    -1.13716     0.00775     0.00000     0.00676     0.00099
    -1.13526     0.00851     0.00000     0.00742     0.00109
    -1.13335     0.00933     0.00000     0.00812     0.00121
    -1.13145     0.01020     0.00000     0.00887     0.00133
    -1.12954     0.01111     0.00000     0.00965     0.00146
    -1.12764     0.01206     0.00000     0.01047     0.00159
    -1.12574     0.01304     0.00000     0.01132     0.00172
    -1.12383     0.01406     0.00000     0.01220     0.00186
    -1.12193     0.01511     0.00000     0.01311     0.00200
    -1.12002     0.01617     0.00000     0.01403     0.00214
    -1.11812     0.01724     0.00000     0.01496     0.00228
    -1.11621     0.01832     0.00000     0.01590     0.00242
    -1.11431     0.01939     0.00000     0.01683     0.00256
    -1.11240     0.02046     0.00000     0.01776     0.00270
    -1.11050     0.02151     0.00000     0.01868     0.00283
    -1.10859     0.02253     0.00000     0.01958     0.00296
    -1.10669     0.02353     0.00000     0.02045     0.00308
    -1.10478     0.02449     0.00000     0.02130     0.00319
    -1.10288     0.02541     0.00000     0.02211     0.00330
    -1.10097     0.02630     0.00000     0.02289     0.00341
    -1.09907     0.02713     0.00000     0.02363     0.00351
    -1.09716     0.02793     0.00000     0.02433     0.00360
    -1.09526     0.02868     0.00000     0.02499     0.00368
    -1.09335     0.02938     0.00000     0.02562     0.00376
    -1.09145     0.03004     0.00000     0.02620     0.00384
    -1.08954     0.03066     0.00000     0.02675     0.00391
    -1.08764     0.03125     0.00000     0.02726     0.00398
    -1.08573     0.03180     0.00000     0.02775     0.00405
    -1.08383     0.03232     0.00000     0.02820     0.00412
    -1.08192     0.03282     0.00000     0.02863     0.00419
    -1.08002     0.03329     0.00000     0.02903     0.00426
    -1.07812     0.03375     0.00000     0.02941     0.00434
    -1.07621     0.03419     0.00000     0.02977     0.00442
    -1.07431     0.03463     0.00000     0.03012     0.00451
    -1.07240     0.03505     0.00000     0.03045     0.00460
    -1.07050     0.03545     0.00000     0.03076     0.00470
    -1.06859     0.03585     0.00000     0.03105     0.00480
    -1.06669     0.03624     0.00000     0.03133     0.00491
    -1.06478     0.03661     0.00000     0.03158     0.00503
    -1.06288     0.03696     0.00000     0.03181     0.00515
    -1.06097     0.03729     0.00000     0.03202     0.00527
    -1.05907     0.03758     0.00000     0.03219     0.00540
    -1.05716     0.03784     0.00000     0.03232     0.00552
    -1.05526     0.03806     0.00000     0.03241     0.00565
    -1.05335     0.03822     0.00000     0.03245     0.00577
    -1.05145     0.03832     0.00000     0.03244     0.00589
    -1.04954     0.03836     0.00000     0.03236     0.00600
    -1.04764     0.03832     0.00000     0.03223     0.00610
    -1.04573     0.03821     0.00000     0.03202     0.00618
    -1.04383     0.03800     0.00000     0.03175     0.00625
    -1.04192     0.03770     0.00000     0.03139     0.00631
    -1.04002     0.03731     0.00000     0.03096     0.00635
    -1.03811     0.03682     0.00000     0.03046     0.00636
    -1.03621     0.03622     0.00000     0.02987     0.00636
    -1.03430     0.03553     0.00000     0.02921     0.00633
    -1.03240     0.03474     0.00000     0.02847     0.00628
    -1.03050     0.03386     0.00000     0.02766     0.00620
    -1.02859     0.03288     0.00000     0.02678     0.00610
    -1.02669     0.03182     0.00000     0.02584     0.00598
    -1.02478     0.03068     0.00000     0.02484     0.00584
    -1.02288     0.02947     0.00000     0.02380     0.00567
    -1.02097     0.02821     0.00000     0.02271     0.00549
    -1.01907     0.02689     0.00000     0.02160     0.00529
    -1.01716     0.02553     0.00000     0.02046     0.00508
    -1.01526     0.02415     0.00000     0.01930     0.00485
    -1.01335     0.02275     0.00000     0.01814     0.00461
    -1.01145     0.02134     0.00000     0.01698     0.00436
    -1.00954     0.01993     0.00000     0.01582     0.00411
    -1.00764     0.01854     0.00000     0.01469     0.00385
    -1.00573     0.01718     0.00000     0.01358     0.00360
    -1.00383     0.01584     0.00000     0.01250     0.00334
    -1.00192     0.01455     0.00000     0.01146     0.00309
    -1.00002     0.01331     0.00000     0.01046     0.00284
    -0.99811     0.01211     0.00000     0.00951     0.00261
    -0.99621     0.01098     0.00000     0.00860     0.00238
    -0.99430     0.00991     0.00000     0.00775     0.00216
    -0.99240     0.00890     0.00000     0.00695     0.00195
    -0.99049     0.00796     0.00000     0.00621     0.00175
    -0.98859     0.00709     0.00000     0.00552     0.00156
    -0.98668     0.00628     0.00000     0.00489     0.00139
    -0.98478     0.00554     0.00000     0.00431     0.00123
    -0.98288     0.00487     0.00000     0.00378     0.00109
    -0.98097     0.00425     0.00000     0.00330     0.00095
    -0.97907     0.00370     0.00000     0.00287     0.00083
    -0.97716     0.00321     0.00000     0.00248     0.00072
    -0.97526     0.00276     0.00000     0.00214     0.00063
    -0.97335     0.00237     0.00000     0.00183     0.00054
    -0.97145     0.00203     0.00000     0.00156     0.00046
    -0.96954     0.00172     0.00000     0.00133     0.00039
    -0.96764     0.00146     0.00000     0.00112     0.00033
    -0.96573     0.00123     0.00000     0.00094     0.00028
    -0.96383     0.00103     0.00000     0.00079     0.00024
    -0.96192     0.00086     0.00000     0.00066     0.00020
    -0.96002     0.00071     0.00000     0.00055     0.00016
    -0.95811     0.00059     0.00000     0.00045     0.00014
    -0.95621     0.00048     0.00000     0.00037     0.00011
    -0.95430     0.00040     0.00000     0.00030     0.00009
    -0.95240     0.00032     0.00000     0.00025     0.00008
    -0.95049     0.00026     0.00000     0.00020     0.00006
    -0.94859     0.00021     0.00000     0.00016     0.00005
    -0.94668     0.00017     0.00000     0.00013     0.00004
    -0.94478     0.00014     0.00000     0.00010     0.00003
    -0.94287     0.00011     0.00000     0.00008     0.00003
    -0.94097     0.00009     0.00000     0.00007     0.00002
    -0.93906     0.00007     0.00000     0.00005     0.00002
    -0.93716     0.00005     0.00000     0.00004     0.00001
    -0.93526     0.00004     0.00000     0.00003     0.00001
    -0.93335     0.00003     0.00000     0.00002     0.00001
    -0.93145     0.00002     0.00000     0.00002     0.00001
    -0.92954     0.00002     0.00000     0.00001     0.00000
    -0.92764     0.00001     0.00000     0.00001     0.00000
    -0.92573     0.00001     0.00000     0.00001     0.00000
    -0.92383     0.00001     0.00000     0.00001     0.00000
    -0.92192     0.00001     0.00000     0.00000     0.00000
    -0.92002     0.00000     0.00000     0.00000     0.00000
    -0.91811     0.00000     0.00000     0.00000     0.00000
    -0.91621     0.00000     0.00000     0.00000     0.00000
    -0.91430     0.00000     0.00000     0.00000     0.00000
    -0.91240     0.00000     0.00000     0.00000     0.00000
    -0.91049     0.00000     0.00000     0.00000     0.00000
    -0.90859     0.00000     0.00000     0.00000     0.00000
    -0.90668     0.00000     0.00000     0.00000     0.00000
    -0.90478     0.00000     0.00000     0.00000     0.00000
    -0.90287     0.00000     0.00000     0.00000     0.00000
    -0.90097     0.00000     0.00000     0.00000     0.00000
    -0.89906     0.00000     0.00000     0.00000     0.00000
    -0.89716     0.00000     0.00000     0.00000     0.00000
    -0.89525     0.00000     0.00000     0.00000     0.00000
    -0.89335     0.00000     0.00000     0.00000     0.00000
    -0.89145     0.00000     0.00000     0.00000     0.00000
    -0.88954     0.00000     0.00000     0.00000     0.00000
    -0.88764     0.00000     0.00000     0.00000     0.00000
    -0.88573     0.00000     0.00000     0.00000     0.00000
    -0.88383     0.00000     0.00000     0.00000     0.00000
    -0.88192     0.00000     0.00000     0.00000     0.00000
    -0.88002     0.00000     0.00000     0.00000     0.00000
    -0.87811     0.00000     0.00000     0.00000     0.00000
    -0.87621     0.00000     0.00000     0.00000     0.00000
    -0.87430     0.00000     0.00000     0.00000     0.00000
    -0.87240     0.00000     0.00000     0.00000     0.00000
    -0.87049     0.00000     0.00000     0.00000     0.00000
    -0.86859     0.00000     0.00000     0.00000     0.00000
    -0.86668     0.00000     0.00000     0.00000     0.00000
    -0.86478     0.00000     0.00000     0.00000     0.00000
    -0.86287     0.00000     0.00000     0.00000     0.00000
    -0.86097     0.00000     0.00000     0.00000     0.00000
    -0.85906     0.00000     0.00000     0.00000     0.00000
    -0.85716     0.00000     0.00000     0.00000     0.00000
    -0.85525     0.00000     0.00000     0.00000     0.00000
    -0.85335     0.00000     0.00000     0.00000     0.00000
    -0.85144     0.00000     0.00000     0.00000     0.00000
    -0.84954     0.00000     0.00000     0.00000     0.00000
    -0.84763     0.00000     0.00000     0.00000     0.00000
    -0.84573     0.00000     0.00000     0.00000     0.00000
    -0.84383     0.00000     0.00000     0.00000     0.00000
    -0.84192     0.00000     0.00000     0.00000     0.00000
    -0.84002     0.00000     0.00000     0.00000     0.00000
    -0.83811     0.00000     0.00000     0.00000     0.00000
    -0.83621     0.00000     0.00000     0.00000     0.00000
    -0.83430     0.00000     0.00000     0.00000     0.00000
    -0.83240     0.00000     0.00000     0.00000     0.00000
    -0.83049     0.00000     0.00000     0.00000     0.00000
    -0.82859     0.00000     0.00000     0.00000     0.00000
    -0.82668     0.00000     0.00000     0.00000     0.00000
    -0.82478     0.00000     0.00000     0.00000     0.00000
    -0.82287     0.00000     0.00000     0.00000     0.00000
    -0.82097     0.00000     0.00000     0.00000     0.00000
    -0.81906     0.00000     0.00000     0.00000     0.00000
    -0.81716     0.00000     0.00000     0.00000     0.00000
    -0.81525     0.00000     0.00000     0.00000     0.00000
    -0.81335     0.00000     0.00000     0.00000     0.00000
    -0.81144     0.00000     0.00000     0.00000     0.00000
    -0.80954     0.00000     0.00000     0.00000     0.00000
    -0.80763     0.00000     0.00000     0.00000     0.00000
    -0.80573     0.00000     0.00000     0.00000     0.00000
    -0.80382     0.00000     0.00000     0.00000     0.00000
    -0.80192     0.00000     0.00000     0.00000     0.00000
    -0.80001     0.00000     0.00000     0.00000     0.00000
    -0.79811     0.00000     0.00000     0.00000     0.00000
    -0.79621     0.00000     0.00000     0.00000     0.00000
    -0.79430     0.00000     0.00000     0.00000     0.00000
    -0.79240     0.00000     0.00000     0.00000     0.00000
    -0.79049     0.00000     0.00000     0.00000     0.00000
    -0.78859     0.00000     0.00000     0.00000     0.00000
    -0.78668     0.00000     0.00000     0.00000     0.00000
    -0.78478     0.00000     0.00000     0.00000     0.00000
    -0.78287     0.00000     0.00000     0.00000     0.00000
    -0.78097     0.00000     0.00000     0.00000     0.00000
    -0.77906     0.00000     0.00000     0.00000     0.00000
    -0.77716     0.00000     0.00000     0.00000     0.00000
    -0.77525     0.00000     0.00000     0.00000     0.00000
    -0.77335     0.00000     0.00000     0.00000     0.00000
    -0.77144     0.00000     0.00000     0.00000     0.00000
    -0.76954     0.00000     0.00000     0.00000     0.00000
    -0.76763     0.00000     0.00000     0.00000     0.00000
    -0.76573     0.00000     0.00000     0.00000     0.00000
    -0.76382     0.00000     0.00000     0.00000     0.00000
    -0.76192     0.00000     0.00000     0.00000     0.00000
    -0.76001     0.00000     0.00000     0.00000     0.00000
    -0.75811     0.00000     0.00000     0.00000     0.00000
    -0.75620     0.00000     0.00000     0.00000     0.00000
    -0.75430     0.00000     0.00000     0.00000     0.00000
    -0.75239     0.00000     0.00000     0.00000     0.00000
    -0.75049     0.00000     0.00000     0.00000     0.00000
    -0.74859     0.00000     0.00000     0.00000     0.00000
    -0.74668     0.00000     0.00000     0.00000     0.00000
    -0.74478     0.00000     0.00000     0.00000     0.00000
    -0.74287     0.00000     0.00000     0.00000     0.00000
    -0.74097     0.00000     0.00000     0.00000     0.00000
    -0.73906     0.00000     0.00000     0.00000     0.00000
    -0.73716     0.00000     0.00000     0.00000     0.00000
    -0.73525     0.00000     0.00000     0.00000     0.00000
    -0.73335     0.00000     0.00000     0.00000     0.00000
    -0.73144     0.00000     0.00000     0.00000     0.00000
    -0.72954     0.00000     0.00000     0.00000     0.00000
    -0.72763     0.00000     0.00000     0.00000     0.00000
    -0.72573     0.00000     0.00000     0.00000     0.00000
    -0.72382     0.00000     0.00000     0.00000     0.00000
    -0.72192     0.00000     0.00000     0.00000     0.00000
    -0.72001     0.00000     0.00000     0.00000     0.00000
    -0.71811     0.00000     0.00000     0.00000     0.00000
    -0.71620     0.00000     0.00000     0.00000     0.00000
    -0.71430     0.00000     0.00000     0.00000     0.00000
    -0.71239     0.00000     0.00000     0.00000     0.00000
    -0.71049     0.00000     0.00000     0.00000     0.00000
    -0.70858     0.00000     0.00000     0.00000     0.00000
    -0.70668     0.00000     0.00000     0.00000     0.00000
    -0.70477     0.00000     0.00000     0.00000     0.00000
    -0.70287     0.00000     0.00000     0.00000     0.00000
    -0.70097     0.00000     0.00000     0.00000     0.00000
    -0.69906     0.00000     0.00000     0.00000     0.00000
    -0.69716     0.00000     0.00000     0.00000     0.00000
    -0.69525     0.00000     0.00000     0.00000     0.00000
    -0.69335     0.00000     0.00000     0.00000     0.00000
    -0.69144     0.00000     0.00000     0.00000     0.00000
    -0.68954     0.00000     0.00000     0.00000     0.00000
    -0.68763     0.00000     0.00000     0.00000     0.00000
    -0.68573     0.00000     0.00000     0.00000     0.00000
    -0.68382     0.00000     0.00000     0.00000     0.00000
    -0.68192     0.00000     0.00000     0.00000     0.00000
    -0.68001     0.00000     0.00000     0.00000     0.00000
    -0.67811     0.00000     0.00000     0.00000     0.00000
    -0.67620     0.00000     0.00000     0.00000     0.00000
    -0.67430     0.00000     0.00000     0.00000     0.00000
    -0.67239     0.00000     0.00000     0.00000     0.00000
    -0.67049     0.00000     0.00000     0.00000     0.00000
    -0.66858     0.00000     0.00000     0.00000     0.00000
    -0.66668     0.00000     0.00000     0.00000     0.00000
    -0.66477     0.00000     0.00000     0.00000     0.00000
    -0.66287     0.00000     0.00000     0.00000     0.00000
    -0.66096     0.00000     0.00000     0.00000     0.00000
    -0.65906     0.00000     0.00000     0.00000     0.00000
    -0.65715     0.00000     0.00000     0.00000     0.00000
    -0.65525     0.00000     0.00000     0.00000     0.00000
    -0.65335     0.00000     0.00000     0.00000     0.00000
    -0.65144     0.00000     0.00000     0.00000     0.00000
    -0.64954     0.00000     0.00000     0.00000     0.00000
    -0.64763     0.00000     0.00000     0.00000     0.00000
    -0.64573     0.00000     0.00000     0.00000     0.00000
    -0.64382     0.00000     0.00000     0.00000     0.00000
    -0.64192     0.00000     0.00000     0.00000     0.00000
    -0.64001     0.00000     0.00000     0.00000     0.00000
    -0.63811     0.00000     0.00000     0.00000     0.00000
    -0.63620     0.00000     0.00000     0.00000     0.00000
    -0.63430     0.00000     0.00000     0.00000     0.00000
    -0.63239     0.00000     0.00000     0.00000     0.00000
    -0.63049     0.00000     0.00000     0.00000     0.00000
    -0.62858     0.00000     0.00000     0.00000     0.00000
    -0.62668     0.00000     0.00000     0.00000     0.00000
    -0.62477     0.00000     0.00000     0.00000     0.00000
    -0.62287     0.00000     0.00000     0.00000     0.00000
    -0.62096     0.00000     0.00000     0.00000     0.00000
    -0.61906     0.00000     0.00000     0.00000     0.00000
    -0.61715     0.00000     0.00000     0.00000     0.00000
    -0.61525     0.00000     0.00000     0.00000     0.00000
    -0.61334     0.00000     0.00000     0.00000     0.00000
    -0.61144     0.00000     0.00000     0.00000     0.00000
    -0.60954     0.00000     0.00000     0.00000     0.00000
    -0.60763     0.00000     0.00000     0.00000     0.00000
    -0.60573     0.00000     0.00000     0.00000     0.00000
    -0.60382     0.00000     0.00000     0.00000     0.00000
    -0.60192     0.00000     0.00000     0.00000     0.00000
    -0.60001     0.00000     0.00000     0.00000     0.00000
    -0.59811     0.00000     0.00000     0.00000     0.00000
    -0.59620     0.00000     0.00000     0.00000     0.00000
    -0.59430     0.00000     0.00000     0.00000     0.00000
    -0.59239     0.00000     0.00000     0.00000     0.00000
    -0.59049     0.00000     0.00000     0.00000     0.00000
    -0.58858     0.00000     0.00000     0.00000     0.00000
    -0.58668     0.00000     0.00000     0.00000     0.00000
    -0.58477     0.00000     0.00000     0.00000     0.00000
    -0.58287     0.00000     0.00000     0.00000     0.00000
    -0.58096     0.00000     0.00000     0.00000     0.00000
    -0.57906     0.00000     0.00000     0.00000     0.00000
    -0.57715     0.00000     0.00000     0.00000     0.00000
    -0.57525     0.00000     0.00000     0.00000     0.00000
    -0.57334     0.00000     0.00000     0.00000     0.00000
    -0.57144     0.00000     0.00000     0.00000     0.00000
    -0.56953     0.00000     0.00000     0.00000     0.00000
    -0.56763     0.00000     0.00000     0.00000     0.00000
    -0.56572     0.00000     0.00000     0.00000     0.00000
    -0.56382     0.00000     0.00000     0.00000     0.00000
    -0.56192     0.00000     0.00000     0.00000     0.00000
    -0.56001     0.00000     0.00000     0.00000     0.00000
    -0.55811     0.00000     0.00000     0.00000     0.00000
    -0.55620     0.00000     0.00000     0.00000     0.00000
    -0.55430     0.00000     0.00000     0.00000     0.00000
    -0.55239     0.00000     0.00000     0.00000     0.00000
    -0.55049     0.00000     0.00000     0.00000     0.00000
    -0.54858     0.00000     0.00000     0.00000     0.00000
    -0.54668     0.00000     0.00000     0.00000     0.00000
    -0.54477     0.00000     0.00000     0.00000     0.00000
    -0.54287     0.00000     0.00000     0.00000     0.00000
    -0.54096     0.00000     0.00000     0.00000     0.00000
    -0.53906     0.00000     0.00000     0.00000     0.00000
    -0.53715     0.00000     0.00000     0.00000     0.00000
    -0.53525     0.00000     0.00000     0.00000     0.00000
    -0.53334     0.00000     0.00000     0.00000     0.00000
    -0.53144     0.00000     0.00000     0.00000     0.00000
    -0.52953     0.00000     0.00000     0.00000     0.00000
    -0.52763     0.00000     0.00000     0.00000     0.00000
    -0.52572     0.00000     0.00000     0.00000     0.00000
    -0.52382     0.00000     0.00000     0.00000     0.00000
    -0.52191     0.00000     0.00000     0.00000     0.00000
    -0.52001     0.00000     0.00000     0.00000     0.00000
    -0.51810     0.00000     0.00000     0.00000     0.00000
    -0.51620     0.00000     0.00000     0.00000     0.00000
    -0.51430     0.00000     0.00000     0.00000     0.00000
    -0.51239     0.00000     0.00000     0.00000     0.00000
    -0.51049     0.00000     0.00000     0.00000     0.00000
    -0.50858     0.00000     0.00000     0.00000     0.00000
    -0.50668     0.00000     0.00000     0.00000     0.00000
    -0.50477     0.00000     0.00000     0.00000     0.00000
    -0.50287     0.00000     0.00000     0.00000     0.00000
    -0.50096     0.00000     0.00000     0.00000     0.00000
    -0.49906     0.00000     0.00000     0.00000     0.00000
    -0.49715     0.00000     0.00000     0.00000     0.00000
    -0.49525     0.00000     0.00000     0.00000     0.00000
    -0.49334     0.00000     0.00000     0.00000     0.00000
    -0.49144     0.00000     0.00000     0.00000     0.00000
    -0.48953     0.00000     0.00000     0.00000     0.00000
    -0.48763     0.00000     0.00000     0.00000     0.00000
    -0.48572     0.00000     0.00000     0.00000     0.00000
    -0.48382     0.00000     0.00000     0.00000     0.00000
    -0.48191     0.00000     0.00000     0.00000     0.00000
    -0.48001     0.00000     0.00000     0.00000     0.00000
    -0.47810     0.00000     0.00000     0.00000     0.00000
    -0.47620     0.00000     0.00000     0.00000     0.00000
    -0.47429     0.00000     0.00000     0.00000     0.00000
    -0.47239     0.00000     0.00000     0.00000     0.00000
    -0.47048     0.00000     0.00000     0.00000     0.00000
    -0.46858     0.00000     0.00000     0.00000     0.00000
    -0.46668     0.00000     0.00000     0.00000     0.00000
    -0.46477     0.00000     0.00000     0.00000     0.00000
    -0.46287     0.00000     0.00000     0.00000     0.00000
    -0.46096     0.00000     0.00000     0.00000     0.00000
    -0.45906     0.00000     0.00000     0.00000     0.00000
    -0.45715     0.00000     0.00000     0.00000     0.00000
    -0.45525     0.00000     0.00000     0.00000     0.00000
    -0.45334     0.00000     0.00000     0.00000     0.00000
    -0.45144     0.00000     0.00000     0.00000     0.00000
    -0.44953     0.00000     0.00000     0.00000     0.00000
    -0.44763     0.00000     0.00000     0.00000     0.00000
    -0.44572     0.00000     0.00000     0.00000     0.00000
    -0.44382     0.00000     0.00000     0.00000     0.00000
    -0.44191     0.00000     0.00000     0.00000     0.00000
    -0.44001     0.00000     0.00000     0.00000     0.00000
    -0.43810     0.00000     0.00000     0.00000     0.00000
    -0.43620     0.00000     0.00000     0.00000     0.00000
    -0.43429     0.00000     0.00000     0.00000     0.00000
    -0.43239     0.00000     0.00000     0.00000     0.00000
    -0.43048     0.00000     0.00000     0.00000     0.00000
    -0.42858     0.00000     0.00000     0.00000     0.00000
    -0.42667     0.00000     0.00000     0.00000     0.00000
    -0.42477     0.00000     0.00000     0.00000     0.00000
    -0.42286     0.00000     0.00000     0.00000     0.00000
    -0.42096     0.00000     0.00000     0.00000     0.00000
    -0.41906     0.00000     0.00000     0.00000     0.00000
    -0.41715     0.00000     0.00000     0.00000     0.00000
    -0.41525     0.00000     0.00000     0.00000     0.00000
    -0.41334     0.00000     0.00000     0.00000     0.00000
    -0.41144     0.00000     0.00000     0.00000     0.00000
    -0.40953     0.00000     0.00000     0.00000     0.00000
    -0.40763     0.00000     0.00000     0.00000     0.00000
    -0.40572     0.00000     0.00000     0.00000     0.00000
    -0.40382     0.00000     0.00000     0.00000     0.00000
    -0.40191     0.00000     0.00000     0.00000     0.00000
    -0.40001     0.00000     0.00000     0.00000     0.00000
    -0.39810     0.00000     0.00000     0.00000     0.00000
    -0.39620     0.00000     0.00000     0.00000     0.00000
    -0.39429     0.00000     0.00000     0.00000     0.00000
    -0.39239     0.00000     0.00000     0.00000     0.00000
    -0.39048     0.00000     0.00000     0.00000     0.00000
    -0.38858     0.00000     0.00000     0.00000     0.00000
    -0.38667     0.00000     0.00000     0.00000     0.00000
    -0.38477     0.00000     0.00000     0.00000     0.00000
    -0.38286     0.00000     0.00000     0.00000     0.00000
    -0.38096     0.00000     0.00000     0.00000     0.00000
    -0.37905     0.00000     0.00000     0.00000     0.00000
    -0.37715     0.00000     0.00000     0.00000     0.00000
    -0.37525     0.00000     0.00000     0.00000     0.00000
    -0.37334     0.00000     0.00000     0.00000     0.00000
    -0.37144     0.00000     0.00000     0.00000     0.00000
    -0.36953     0.00000     0.00000     0.00000     0.00000
    -0.36763     0.00000     0.00000     0.00000     0.00000
    -0.36572     0.00000     0.00000     0.00000     0.00000
    -0.36382     0.00000     0.00000     0.00000     0.00000
    -0.36191     0.00000     0.00000     0.00000     0.00000
    -0.36001     0.00000     0.00000     0.00000     0.00000
    -0.35810     0.00000     0.00000     0.00000     0.00000
    -0.35620     0.00000     0.00000     0.00000     0.00000
    -0.35429     0.00000     0.00000     0.00000     0.00000
    -0.35239     0.00000     0.00000     0.00000     0.00000
    -0.35048     0.00000     0.00000     0.00000     0.00000
    -0.34858     0.00000     0.00000     0.00000     0.00000
    -0.34667     0.00000     0.00000     0.00000     0.00000
    -0.34477     0.00000     0.00000     0.00000     0.00000
    -0.34286     0.00000     0.00000     0.00000     0.00000
    -0.34096     0.00000     0.00000     0.00000     0.00000
    -0.33905     0.00000     0.00000     0.00000     0.00000
    -0.33715     0.00000     0.00000     0.00000     0.00000
    -0.33524     0.00000     0.00000     0.00000     0.00000
    -0.33334     0.00000     0.00000     0.00000     0.00000
    -0.33143     0.00000     0.00000     0.00000     0.00000
    -0.32953     0.00000     0.00000     0.00000     0.00000
    -0.32763     0.00000     0.00000     0.00000     0.00000
    -0.32572     0.00000     0.00000     0.00000     0.00000
    -0.32382     0.00000     0.00000     0.00000     0.00000
    -0.32191     0.00000     0.00000     0.00000     0.00000
    -0.32001     0.00000     0.00000     0.00000     0.00000
    -0.31810     0.00000     0.00000     0.00000     0.00000
    -0.31620     0.00000     0.00000     0.00000     0.00000
    -0.31429     0.00000     0.00000     0.00000     0.00000
    -0.31239     0.00000     0.00000     0.00000     0.00000
    -0.31048     0.00000     0.00000     0.00000     0.00000
    -0.30858     0.00000     0.00000     0.00000     0.00000
    -0.30667     0.00000     0.00000     0.00000     0.00000
    -0.30477     0.00000     0.00000     0.00000     0.00000
    -0.30286     0.00000     0.00000     0.00000     0.00000
    -0.30096     0.00000     0.00000     0.00000     0.00000
    -0.29905     0.00000     0.00000     0.00000     0.00000
    -0.29715     0.00000     0.00000     0.00000     0.00000
    -0.29524     0.00000     0.00000     0.00000     0.00000
    -0.29334     0.00000     0.00000     0.00000     0.00000
    -0.29143     0.00000     0.00000     0.00000     0.00000
    -0.28953     0.00000     0.00000     0.00000     0.00000
    -0.28762     0.00000     0.00000     0.00000     0.00000
    -0.28572     0.00000     0.00000     0.00000     0.00000
    -0.28381     0.00000     0.00000     0.00000     0.00000
    -0.28191     0.00000     0.00000     0.00000     0.00000
    -0.28001     0.00000     0.00000     0.00000     0.00000
    -0.27810     0.00000     0.00000     0.00000     0.00000
    -0.27620     0.00000     0.00000     0.00000     0.00000
    -0.27429     0.00000     0.00000     0.00000     0.00000
    -0.27239     0.00000     0.00000     0.00000     0.00000
    -0.27048     0.00000     0.00000     0.00000     0.00000
    -0.26858     0.00000     0.00000     0.00000     0.00000
    -0.26667     0.00000     0.00000     0.00000     0.00000
    -0.26477     0.00000     0.00000     0.00000     0.00000
    -0.26286     0.00000     0.00000     0.00000     0.00000
    -0.26096     0.00000     0.00000     0.00000     0.00000
    -0.25905     0.00000     0.00000     0.00000     0.00000
    -0.25715     0.00000     0.00000     0.00000     0.00000
    -0.25524     0.00000     0.00000     0.00000     0.00000
    -0.25334     0.00000     0.00000     0.00000     0.00000
    -0.25143     0.00000     0.00000     0.00000     0.00000
    -0.24953     0.00000     0.00000     0.00000     0.00000
    -0.24762     0.00000     0.00000     0.00000     0.00000
    -0.24572     0.00000     0.00000     0.00000     0.00000
    -0.24381     0.00000     0.00000     0.00000     0.00000
    -0.24191     0.00000     0.00000     0.00000     0.00000
    -0.24000     0.00000     0.00000     0.00000     0.00000
    -0.23810     0.00000     0.00000     0.00000     0.00000
    -0.23619     0.00000     0.00000     0.00000     0.00000
    -0.23429     0.00000     0.00000     0.00000     0.00000
    -0.23239     0.00000     0.00000     0.00000     0.00000
    -0.23048     0.00000     0.00000     0.00000     0.00000
    -0.22858     0.00000     0.00000     0.00000     0.00000
    -0.22667     0.00000     0.00000     0.00000     0.00000
    -0.22477     0.00000     0.00000     0.00000     0.00000
    -0.22286     0.00000     0.00000     0.00000     0.00000
    -0.22096     0.00000     0.00000     0.00000     0.00000
    -0.21905     0.00000     0.00000     0.00000     0.00000
    -0.21715     0.00000     0.00000     0.00000     0.00000
    -0.21524     0.00000     0.00000     0.00000     0.00000
    -0.21334     0.00000     0.00000     0.00000     0.00000
    -0.21143     0.00000     0.00000     0.00000     0.00000
    -0.20953     0.00000     0.00000     0.00000     0.00000
    -0.20762     0.00000     0.00000     0.00000     0.00000
    -0.20572     0.00000     0.00000     0.00000     0.00000
    -0.20381     0.00000     0.00000     0.00000     0.00000
    -0.20191     0.00000     0.00000     0.00000     0.00000
    -0.20000     0.00000     0.00000     0.00000     0.00000
    -0.19810     0.00000     0.00000     0.00000     0.00000
    -0.19619     0.00000     0.00000     0.00000     0.00000
    -0.19429     0.00000     0.00000     0.00000     0.00000
    -0.19238     0.00000     0.00000     0.00000     0.00000
    -0.19048     0.00000     0.00000     0.00000     0.00000
    -0.18857     0.00000     0.00000     0.00000     0.00000
    -0.18667     0.00000     0.00000     0.00000     0.00000
    -0.18477     0.00000     0.00000     0.00000     0.00000
    -0.18286     0.00000     0.00000     0.00000     0.00000
    -0.18096     0.00000     0.00000     0.00000     0.00000
    -0.17905     0.00000     0.00000     0.00000     0.00000
    -0.17715     0.00000     0.00000     0.00000     0.00000
    -0.17524     0.00000     0.00000     0.00000     0.00000
    -0.17334     0.00000     0.00000     0.00000     0.00000
    -0.17143     0.00000     0.00000     0.00000     0.00000
    -0.16953     0.00000     0.00000     0.00000     0.00000
    -0.16762     0.00000     0.00000     0.00000     0.00000
    -0.16572     0.00000     0.00000     0.00000     0.00000
    -0.16381     0.00000     0.00000     0.00000     0.00000
    -0.16191     0.00000     0.00000     0.00000     0.00000
    -0.16000     0.00000     0.00000     0.00000     0.00000
    -0.15810     0.00000     0.00000     0.00000     0.00000
    -0.15619     0.00000     0.00000     0.00000     0.00000
    -0.15429     0.00000     0.00000     0.00000     0.00000
    -0.15238     0.00000     0.00000     0.00000     0.00000
    -0.15048     0.00000     0.00000     0.00000     0.00000
    -0.14857     0.00000     0.00000     0.00000     0.00000
    -0.14667     0.00000     0.00000     0.00000     0.00000
    -0.14476     0.00000     0.00000     0.00000     0.00000
    -0.14286     0.00000     0.00000     0.00000     0.00000
    -0.14095     0.00000     0.00000     0.00000     0.00000
    -0.13905     0.00000     0.00000     0.00000     0.00000
    -0.13715     0.00000     0.00000     0.00000     0.00000
    -0.13524     0.00000     0.00000     0.00000     0.00000
    -0.13334     0.00000     0.00000     0.00000     0.00000
    -0.13143     0.00000     0.00000     0.00000     0.00000
    -0.12953     0.00000     0.00000     0.00000     0.00000
    -0.12762     0.00000     0.00000     0.00000     0.00000
    -0.12572     0.00000     0.00000     0.00000     0.00000
    -0.12381     0.00000     0.00000     0.00000     0.00000
    -0.12191     0.00000     0.00000     0.00000     0.00000
    -0.12000     0.00000     0.00000     0.00000     0.00000
    -0.11810     0.00000     0.00000     0.00000     0.00000
    -0.11619     0.00000     0.00000     0.00000     0.00000
    -0.11429     0.00000     0.00000     0.00000     0.00000
    -0.11238     0.00000     0.00000     0.00000     0.00000
    -0.11048     0.00000     0.00000     0.00000     0.00000
    -0.10857     0.00000     0.00000     0.00000     0.00000
    -0.10667     0.00000     0.00000     0.00000     0.00000
    -0.10476     0.00000     0.00000     0.00000     0.00000
    -0.10286     0.00000     0.00000     0.00000     0.00000
    -0.10095     0.00000     0.00000     0.00000     0.00000
    -0.09905     0.00000     0.00000     0.00000     0.00000
    -0.09714     0.00000     0.00000     0.00000     0.00000
    -0.09524     0.00000     0.00000     0.00000     0.00000
    -0.09334     0.00000     0.00000     0.00000     0.00000
    -0.09143     0.00000     0.00000     0.00000     0.00000
    -0.08953     0.00000     0.00000     0.00000     0.00000
    -0.08762     0.00000     0.00000     0.00000     0.00000
    -0.08572     0.00000     0.00000     0.00000     0.00000
    -0.08381     0.00000     0.00000     0.00000     0.00000
    -0.08191     0.00000     0.00000     0.00000     0.00000
    -0.08000     0.00000     0.00000     0.00000     0.00000
    -0.07810     0.00000     0.00000     0.00000     0.00000
    -0.07619     0.00000     0.00000     0.00000     0.00000
    -0.07429     0.00000     0.00000     0.00000     0.00000
    -0.07238     0.00000     0.00000     0.00000     0.00000
    -0.07048     0.00000     0.00000     0.00000     0.00000
    -0.06857     0.00000     0.00000     0.00000     0.00000
    -0.06667     0.00000     0.00000     0.00000     0.00000
    -0.06476     0.00000     0.00000     0.00000     0.00000
    -0.06286     0.00000     0.00000     0.00000     0.00000
    -0.06095     0.00000     0.00000     0.00000     0.00000
    -0.05905     0.00000     0.00000     0.00000     0.00000
    -0.05714     0.00000     0.00000     0.00000     0.00000
    -0.05524     0.00000     0.00000     0.00000     0.00000
    -0.05333     0.00000     0.00000     0.00000     0.00000
    -0.05143     0.00000     0.00000     0.00000     0.00000
    -0.04952     0.00000     0.00000     0.00000     0.00000
    -0.04762     0.00000     0.00000     0.00000     0.00000
    -0.04572     0.00000     0.00000     0.00000     0.00000
    -0.04381     0.00000     0.00000     0.00000     0.00000
    -0.04191     0.00000     0.00000     0.00000     0.00000
    -0.04000     0.00000     0.00000     0.00000     0.00000
    -0.03810     0.00000     0.00000     0.00000     0.00000
    -0.03619     0.00000     0.00000     0.00000     0.00000
    -0.03429     0.00000     0.00000     0.00000     0.00000
    -0.03238     0.00000     0.00000     0.00000     0.00000
    -0.03048     0.00000     0.00000     0.00000     0.00000
    -0.02857     0.00000     0.00000     0.00000     0.00000
    -0.02667     0.00000     0.00000     0.00000     0.00000
    -0.02476     0.00000     0.00000     0.00000     0.00000
    -0.02286     0.00000     0.00000     0.00000     0.00000
    -0.02095     0.00000     0.00000     0.00000     0.00000
    -0.01905     0.00000     0.00000     0.00000     0.00000
    -0.01714     0.00000     0.00000     0.00000     0.00000
    -0.01524     0.00000     0.00000     0.00000     0.00000
    -0.01333     0.00000     0.00000     0.00000     0.00000
    -0.01143     0.00000     0.00000     0.00000     0.00000
    -0.00952     0.00000     0.00000     0.00000     0.00000
    -0.00762     0.00000     0.00000     0.00000     0.00000
    -0.00571     0.00000     0.00000     0.00000     0.00000
    -0.00381     0.00000     0.00000     0.00000     0.00000
    -0.00190     0.00000     0.00000     0.00000     0.00000
     0.00000     0.00000     0.00000     0.00000     0.00000
     0.00190     0.00000     0.00000     0.00000     0.00000
     0.00381     0.00000     0.00000     0.00000     0.00000
     0.00571     0.00000     0.00000     0.00000     0.00000
     0.00762     0.00000     0.00000     0.00000     0.00000
     0.00952     0.00000     0.00000     0.00000     0.00000
     0.01143     0.00000     0.00000     0.00000     0.00000
     0.01333     0.00000     0.00000     0.00000     0.00000
     0.01524     0.00000     0.00000     0.00000     0.00000
     0.01714     0.00000     0.00000     0.00000     0.00000
     0.01905     0.00000     0.00000     0.00000     0.00000
     0.02095     0.00000     0.00000     0.00000     0.00000
     0.02286     0.00000     0.00000     0.00000     0.00000
     0.02476     0.00000     0.00000     0.00000     0.00000
     0.02667     0.00000     0.00000     0.00000     0.00000
     0.02857     0.00000     0.00000     0.00000     0.00000
     0.03048     0.00000     0.00000     0.00000     0.00000
     0.03238     0.00000     0.00000     0.00000     0.00000
     0.03429     0.00000     0.00000     0.00000     0.00000
     0.03619     0.00000     0.00000     0.00000     0.00000
     0.03810     0.00000     0.00000     0.00000     0.00000
     0.04000     0.00000     0.00000     0.00000     0.00000
     0.04191     0.00000     0.00000     0.00000     0.00000
     0.04381     0.00000     0.00000     0.00000     0.00000
     0.04572     0.00000     0.00000     0.00000     0.00000
     0.04762     0.00000     0.00000     0.00000     0.00000
     0.04952     0.00000     0.00000     0.00000     0.00000
     0.05143     0.00000     0.00000     0.00000     0.00000
     0.05333     0.00000     0.00000     0.00000     0.00000
     0.05524     0.00000     0.00000     0.00000     0.00000
     0.05714     0.00000     0.00000     0.00000     0.00000
     0.05905     0.00000     0.00000     0.00000     0.00000
     0.06095     0.00000     0.00000     0.00000     0.00000
     0.06286     0.00000     0.00000     0.00000     0.00000
     0.06476     0.00000     0.00000     0.00000     0.00000
     0.06667     0.00000     0.00000     0.00000     0.00000
     0.06857     0.00000     0.00000     0.00000     0.00000
     0.07048     0.00000     0.00000     0.00000     0.00000
     0.07238     0.00000     0.00000     0.00000     0.00000
     0.07429     0.00000     0.00000     0.00000     0.00000
     0.07619     0.00000     0.00000     0.00000     0.00000
     0.07810     0.00000     0.00000     0.00000     0.00000
     0.08000     0.00000     0.00000     0.00000     0.00000
     0.08191     0.00000     0.00000     0.00000     0.00000
     0.08381     0.00000     0.00000     0.00000     0.00000
     0.08572     0.00000     0.00000     0.00000     0.00000
     0.08762     0.00000     0.00000     0.00000     0.00000
     0.08953     0.00000     0.00000     0.00000     0.00000
     0.09143     0.00000     0.00000     0.00000     0.00000
     0.09334     0.00000     0.00000     0.00000     0.00000
     0.09524     0.00000     0.00000     0.00000     0.00000
     0.09714     0.00000     0.00000     0.00000     0.00000
     0.09905     0.00000     0.00000     0.00000     0.00000
     0.10095     0.00000     0.00000     0.00000     0.00000
     0.10286     0.00000     0.00000     0.00000     0.00000
     0.10476     0.00000     0.00000     0.00000     0.00000
     0.10667     0.00000     0.00000     0.00000     0.00000
     0.10857     0.00000     0.00000     0.00000     0.00000
     0.11048     0.00000     0.00000     0.00000     0.00000
     0.11238     0.00000     0.00000     0.00000     0.00000
     0.11429     0.00000     0.00000     0.00000     0.00000
     0.11619     0.00000     0.00000     0.00000     0.00000
     0.11810     0.00000     0.00000     0.00000     0.00000
     0.12000     0.00000     0.00000     0.00000     0.00000
     0.12191     0.00000     0.00000     0.00000     0.00000
     0.12381     0.00000     0.00000     0.00000     0.00000
     0.12572     0.00000     0.00000     0.00000     0.00000
     0.12762     0.00000     0.00000     0.00000     0.00000
     0.12953     0.00000     0.00000     0.00000     0.00000
     0.13143     0.00000     0.00000     0.00000     0.00000
     0.13334     0.00000     0.00000     0.00000     0.00000
     0.13524     0.00000     0.00000     0.00000     0.00000
     0.13715     0.00000     0.00000     0.00000     0.00000
     0.13905     0.00000     0.00000     0.00000     0.00000
     0.14095     0.00000     0.00000     0.00000     0.00000
     0.14286     0.00000     0.00000     0.00000     0.00000
     0.14476     0.00000     0.00000     0.00000     0.00000
     0.14667     0.00000     0.00000     0.00000     0.00000
     0.14857     0.00000     0.00000     0.00000     0.00000
     0.15048     0.00000     0.00000     0.00000     0.00000
     0.15238     0.00000     0.00000     0.00000     0.00000
     0.15429     0.00000     0.00000     0.00000     0.00000
     0.15619     0.00000     0.00000     0.00000     0.00000
     0.15810     0.00000     0.00000     0.00000     0.00000
     0.16000     0.00000     0.00000     0.00000     0.00000
     0.16191     0.00000     0.00000     0.00000     0.00000
     0.16381     0.00000     0.00000     0.00000     0.00000
     0.16572     0.00000     0.00000     0.00000     0.00000
     0.16762     0.00000     0.00000     0.00000     0.00000
     0.16953     0.00000     0.00000     0.00000     0.00000
     0.17143     0.00000     0.00000     0.00000     0.00000
     0.17334     0.00000     0.00000     0.00000     0.00000
     0.17524     0.00000     0.00000     0.00000     0.00000
     0.17715     0.00000     0.00000     0.00000     0.00000
     0.17905     0.00000     0.00000     0.00000     0.00000
     0.18096     0.00000     0.00000     0.00000     0.00000
     0.18286     0.00000     0.00000     0.00000     0.00000
     0.18477     0.00000     0.00000     0.00000     0.00000
     0.18667     0.00000     0.00000     0.00000     0.00000
     0.18857     0.00000     0.00000     0.00000     0.00000
     0.19048     0.00000     0.00000     0.00000     0.00000
     0.19238     0.00000     0.00000     0.00000     0.00000
     0.19429     0.00000     0.00000     0.00000     0.00000
     0.19619     0.00000     0.00000     0.00000     0.00000
     0.19810     0.00000     0.00000     0.00000     0.00000
     0.20000     0.00000     0.00000     0.00000     0.00000
     0.20191     0.00000     0.00000     0.00000     0.00000
     0.20381     0.00000     0.00000     0.00000     0.00000
     0.20572     0.00000     0.00000     0.00000     0.00000
     0.20762     0.00000     0.00000     0.00000     0.00000
     0.20953     0.00000     0.00000     0.00000     0.00000
     0.21143     0.00000     0.00000     0.00000     0.00000
     0.21334     0.00000     0.00000     0.00000     0.00000
     0.21524     0.00000     0.00000     0.00000     0.00000
     0.21715     0.00000     0.00000     0.00000     0.00000
     0.21905     0.00000     0.00000     0.00000     0.00000
     0.22096     0.00000     0.00000     0.00000     0.00000
     0.22286     0.00000     0.00000     0.00000     0.00000
     0.22477     0.00000     0.00000     0.00000     0.00000
     0.22667     0.00000     0.00000     0.00000     0.00000
     0.22858     0.00000     0.00000     0.00000     0.00000
     0.23048     0.00000     0.00000     0.00000     0.00000
     0.23239     0.00000     0.00000     0.00000     0.00000
     0.23429     0.00000     0.00000     0.00000     0.00000
     0.23619     0.00000     0.00000     0.00000     0.00000
     0.23810     0.00000     0.00000     0.00000     0.00000
     0.24000     0.00000     0.00000     0.00000     0.00000
     0.24191     0.00000     0.00000     0.00000     0.00000
     0.24381     0.00000     0.00000     0.00000     0.00000
     0.24572     0.00000     0.00000     0.00000     0.00000
     0.24762     0.00000     0.00000     0.00000     0.00000
     0.24953     0.00000     0.00000     0.00000     0.00000
     0.25143     0.00000     0.00000     0.00000     0.00000
     0.25334     0.00000     0.00000     0.00000     0.00000
     0.25524     0.00000     0.00000     0.00000     0.00000
     0.25715     0.00000     0.00000     0.00000     0.00000
     0.25905     0.00000     0.00000     0.00000     0.00000
     0.26096     0.00000     0.00000     0.00000     0.00000
     0.26286     0.00000     0.00000     0.00000     0.00000
     0.26477     0.00000     0.00000     0.00000     0.00000
     0.26667     0.00000     0.00000     0.00000     0.00000
     0.26858     0.00000     0.00000     0.00000     0.00000
     0.27048     0.00000     0.00000     0.00000     0.00000
     0.27239     0.00000     0.00000     0.00000     0.00000
     0.27429     0.00000     0.00000     0.00000     0.00000
     0.27620     0.00000     0.00000     0.00000     0.00000
     0.27810     0.00000     0.00000     0.00000     0.00000
     0.28001     0.00000     0.00000     0.00000     0.00000
     0.28191     0.00000     0.00000     0.00000     0.00000
     0.28381     0.00000     0.00000     0.00000     0.00000
     0.28572     0.00000     0.00000     0.00000     0.00000
     0.28762     0.00000     0.00000     0.00000     0.00000
     0.28953     0.00000     0.00000     0.00000     0.00000
     0.29143     0.00000     0.00000     0.00000     0.00000
     0.29334     0.00000     0.00000     0.00000     0.00000
     0.29524     0.00000     0.00000     0.00000     0.00000
     0.29715     0.00000     0.00000     0.00000     0.00000
     0.29905     0.00000     0.00000     0.00000     0.00000
     0.30096     0.00000     0.00000     0.00000     0.00000
     0.30286     0.00000     0.00000     0.00000     0.00000
     0.30477     0.00000     0.00000     0.00000     0.00000
     0.30667     0.00000     0.00000     0.00000     0.00000
     0.30858     0.00000     0.00000     0.00000     0.00000
     0.31048     0.00000     0.00000     0.00000     0.00000
     0.31239     0.00000     0.00000     0.00000     0.00000
     0.31429     0.00000     0.00000     0.00000     0.00000
     0.31620     0.00000     0.00000     0.00000     0.00000
     0.31810     0.00000     0.00000     0.00000     0.00000
     0.32001     0.00000     0.00000     0.00000     0.00000
     0.32191     0.00000     0.00000     0.00000     0.00000
     0.32382     0.00000     0.00000     0.00000     0.00000
     0.32572     0.00000     0.00000     0.00000     0.00000
     0.32763     0.00000     0.00000     0.00000     0.00000
     0.32953     0.00000     0.00000     0.00000     0.00000
     0.33143     0.00000     0.00000     0.00000     0.00000
     0.33334     0.00000     0.00000     0.00000     0.00000
     0.33524     0.00000     0.00000     0.00000     0.00000
     0.33715     0.00000     0.00000     0.00000     0.00000
     0.33905     0.00000     0.00000     0.00000     0.00000
     0.34096     0.00000     0.00000     0.00000     0.00000
     0.34286     0.00000     0.00000     0.00000     0.00000
     0.34477     0.00000     0.00000     0.00000     0.00000
     0.34667     0.00000     0.00000     0.00000     0.00000
     0.34858     0.00000     0.00000     0.00000     0.00000
     0.35048     0.00000     0.00000     0.00000     0.00000
     0.35239     0.00000     0.00000     0.00000     0.00000
     0.35429     0.00000     0.00000     0.00000     0.00000
     0.35620     0.00000     0.00000     0.00000     0.00000
     0.35810     0.00000     0.00000     0.00000     0.00000
     0.36001     0.00000     0.00000     0.00000     0.00000
     0.36191     0.00000     0.00000     0.00000     0.00000
     0.36382     0.00000     0.00000     0.00000     0.00000
     0.36572     0.00000     0.00000     0.00000     0.00000
     0.36763     0.00000     0.00000     0.00000     0.00000
     0.36953     0.00000     0.00000     0.00000     0.00000
     0.37144     0.00000     0.00000     0.00000     0.00000
     0.37334     0.00000     0.00000     0.00000     0.00000
     0.37525     0.00000     0.00000     0.00000     0.00000
     0.37715     0.00000     0.00000     0.00000     0.00000
     0.37905     0.00000     0.00000     0.00000     0.00000
     0.38096     0.00000     0.00000     0.00000     0.00000
     0.38286     0.00000     0.00000     0.00000     0.00000
     0.38477     0.00000     0.00000     0.00000     0.00000
     0.38667     0.00000     0.00000     0.00000     0.00000
     0.38858     0.00000     0.00000     0.00000     0.00000
     0.39048     0.00000     0.00000     0.00000     0.00000
     0.39239     0.00000     0.00000     0.00000     0.00000
     0.39429     0.00000     0.00000     0.00000     0.00000
     0.39620     0.00000     0.00000     0.00000     0.00000
     0.39810     0.00000     0.00000     0.00000     0.00000
     0.40001     0.00000     0.00000     0.00000     0.00000
     0.40191     0.00000     0.00000     0.00000     0.00000
     0.40382     0.00000     0.00000     0.00000     0.00000
     0.40572     0.00000     0.00000     0.00000     0.00000
     0.40763     0.00000     0.00000     0.00000     0.00000
     0.40953     0.00000     0.00000     0.00000     0.00000
     0.41144     0.00000     0.00000     0.00000     0.00000
     0.41334     0.00000     0.00000     0.00000     0.00000
     0.41525     0.00000     0.00000     0.00000     0.00000
     0.41715     0.00000     0.00000     0.00000     0.00000
     0.41906     0.00000     0.00000     0.00000     0.00000
     0.42096     0.00000     0.00000     0.00000     0.00000
     0.42286     0.00000     0.00000     0.00000     0.00000
     0.42477     0.00000     0.00000     0.00000     0.00000
     0.42667     0.00000     0.00000     0.00000     0.00000
     0.42858     0.00000     0.00000     0.00000     0.00000
     0.43048     0.00000     0.00000     0.00000     0.00000
     0.43239     0.00000     0.00000     0.00000     0.00000
     0.43429     0.00000     0.00000     0.00000     0.00000
     0.43620     0.00000     0.00000     0.00000     0.00000
     0.43810     0.00000     0.00000     0.00000     0.00000
     0.44001     0.00000     0.00000     0.00000     0.00000
     0.44191     0.00000     0.00000     0.00000     0.00000
     0.44382     0.00000     0.00000     0.00000     0.00000
     0.44572     0.00000     0.00000     0.00000     0.00000
     0.44763     0.00000     0.00000     0.00000     0.00000
     0.44953     0.00000     0.00000     0.00000     0.00000
     0.45144     0.00000     0.00000     0.00000     0.00000
     0.45334     0.00000     0.00000     0.00000     0.00000
     0.45525     0.00000     0.00000     0.00000     0.00000
     0.45715     0.00000     0.00000     0.00000     0.00000
     0.45906     0.00000     0.00000     0.00000     0.00000
     0.46096     0.00000     0.00000     0.00000     0.00000
     0.46287     0.00000     0.00000     0.00000     0.00000
     0.46477     0.00000     0.00000     0.00000     0.00000
     0.46668     0.00000     0.00000     0.00000     0.00000
     0.46858     0.00000     0.00000     0.00000     0.00000
     0.47048     0.00000     0.00000     0.00000     0.00000
     0.47239     0.00000     0.00000     0.00000     0.00000
     0.47429     0.00000     0.00000     0.00000     0.00000
     0.47620     0.00000     0.00000     0.00000     0.00000
     0.47810     0.00000     0.00000     0.00000     0.00000
     0.48001     0.00000     0.00000     0.00000     0.00000
     0.48191     0.00000     0.00000     0.00000     0.00000
     0.48382     0.00000     0.00000     0.00000     0.00000
     0.48572     0.00000     0.00000     0.00000     0.00000
     0.48763     0.00000     0.00000     0.00000     0.00000
     0.48953     0.00000     0.00000     0.00000     0.00000
     0.49144     0.00000     0.00000     0.00000     0.00000
     0.49334     0.00000     0.00000     0.00000     0.00000
     0.49525     0.00000     0.00000     0.00000     0.00000
     0.49715     0.00000     0.00000     0.00000     0.00000
     0.49906     0.00000     0.00000     0.00000     0.00000
     0.50096     0.00000     0.00000     0.00000     0.00000
     0.50287     0.00000     0.00000     0.00000     0.00000
     0.50477     0.00000     0.00000     0.00000     0.00000
     0.50668     0.00000     0.00000     0.00000     0.00000
     0.50858     0.00000     0.00000     0.00000     0.00000
     0.51049     0.00000     0.00000     0.00000     0.00000
     0.51239     0.00000     0.00000     0.00000     0.00000
     0.51430     0.00000     0.00000     0.00000     0.00000
     0.51620     0.00000     0.00000     0.00000     0.00000
     0.51810     0.00000     0.00000     0.00000     0.00000
     0.52001     0.00000     0.00000     0.00000     0.00000
     0.52191     0.00000     0.00000     0.00000     0.00000
     0.52382     0.00000     0.00000     0.00000     0.00000
     0.52572     0.00000     0.00000     0.00000     0.00000
     0.52763     0.00000     0.00000     0.00000     0.00000
     0.52953     0.00000     0.00000     0.00000     0.00000
     0.53144     0.00000     0.00000     0.00000     0.00000
     0.53334     0.00000     0.00000     0.00000     0.00000
     0.53525     0.00000     0.00000     0.00000     0.00000
     0.53715     0.00000     0.00000     0.00000     0.00000
     0.53906     0.00000     0.00000     0.00000     0.00000
     0.54096     0.00000     0.00000     0.00000     0.00000
     0.54287     0.00000     0.00000     0.00000     0.00000
     0.54477     0.00000     0.00000     0.00000     0.00000
     0.54668     0.00000     0.00000     0.00000     0.00000
     0.54858     0.00000     0.00000     0.00000     0.00000
     0.55049     0.00000     0.00000     0.00000     0.00000
     0.55239     0.00000     0.00000     0.00000     0.00000
     0.55430     0.00000     0.00000     0.00000     0.00000
     0.55620     0.00000     0.00000     0.00000     0.00000
     0.55811     0.00000     0.00000     0.00000     0.00000
     0.56001     0.00000     0.00000     0.00000     0.00000
     0.56192     0.00000     0.00000     0.00000     0.00000
     0.56382     0.00000     0.00000     0.00000     0.00000
     0.56572     0.00000     0.00000     0.00000     0.00000
     0.56763     0.00000     0.00000     0.00000     0.00000
     0.56953     0.00000     0.00000     0.00000     0.00000
     0.57144     0.00000     0.00000     0.00000     0.00000
     0.57334     0.00000     0.00000     0.00000     0.00000
     0.57525     0.00000     0.00000     0.00000     0.00000
     0.57715     0.00000     0.00000     0.00000     0.00000
     0.57906     0.00000     0.00000     0.00000     0.00000
     0.58096     0.00000     0.00000     0.00000     0.00000
     0.58287     0.00000     0.00000     0.00000     0.00000
     0.58477     0.00000     0.00000     0.00000     0.00000
     0.58668     0.00000     0.00000     0.00000     0.00000
     0.58858     0.00000     0.00000     0.00000     0.00000
     0.59049     0.00000     0.00000     0.00000     0.00000
     0.59239     0.00000     0.00000     0.00000     0.00000
     0.59430     0.00000     0.00000     0.00000     0.00000
     0.59620     0.00000     0.00000     0.00000     0.00000
     0.59811     0.00000     0.00000     0.00000     0.00000
     0.60001     0.00000     0.00000     0.00000     0.00000
     0.60192     0.00000     0.00000     0.00000     0.00000
     0.60382     0.00000     0.00000     0.00000     0.00000
     0.60573     0.00000     0.00000     0.00000     0.00000
     0.60763     0.00000     0.00000     0.00000     0.00000
     0.60954     0.00000     0.00000     0.00000     0.00000
     0.61144     0.00000     0.00000     0.00000     0.00000
     0.61334     0.00000     0.00000     0.00000     0.00000
     0.61525     0.00000     0.00000     0.00000     0.00000
     0.61715     0.00000     0.00000     0.00000     0.00000
     0.61906     0.00000     0.00000     0.00000     0.00000
     0.62096     0.00000     0.00000     0.00000     0.00000
     0.62287     0.00000     0.00000     0.00000     0.00000
     0.62477     0.00000     0.00000     0.00000     0.00000
     0.62668     0.00000     0.00000     0.00000     0.00000
     0.62858     0.00000     0.00000     0.00000     0.00000
     0.63049     0.00000     0.00000     0.00000     0.00000
     0.63239     0.00000     0.00000     0.00000     0.00000
     0.63430     0.00000     0.00000     0.00000     0.00000
     0.63620     0.00000     0.00000     0.00000     0.00000
     0.63811     0.00000     0.00000     0.00000     0.00000
     0.64001     0.00000     0.00000     0.00000     0.00000
     0.64192     0.00000     0.00000     0.00000     0.00000
     0.64382     0.00000     0.00000     0.00000     0.00000
     0.64573     0.00000     0.00000     0.00000     0.00000
     0.64763     0.00000     0.00000     0.00000     0.00000
     0.64954     0.00000     0.00000     0.00000     0.00000
     0.65144     0.00000     0.00000     0.00000     0.00000
     0.65335     0.00000     0.00000     0.00000     0.00000
     0.65525     0.00000     0.00000     0.00000     0.00000
     0.65715     0.00000     0.00000     0.00000     0.00000
     0.65906     0.00000     0.00000     0.00000     0.00000
     0.66096     0.00000     0.00000     0.00000     0.00000
     0.66287     0.00000     0.00000     0.00000     0.00000
     0.66477     0.00000     0.00000     0.00000     0.00000
     0.66668     0.00000     0.00000     0.00000     0.00000
     0.66858     0.00000     0.00000     0.00000     0.00000
     0.67049     0.00000     0.00000     0.00000     0.00000
     0.67239     0.00000     0.00000     0.00000     0.00000
     0.67430     0.00000     0.00000     0.00000     0.00000
     0.67620     0.00000     0.00000     0.00000     0.00000
     0.67811     0.00000     0.00000     0.00000     0.00000
     0.68001     0.00000     0.00000     0.00000     0.00000
     0.68192     0.00000     0.00000     0.00000     0.00000
     0.68382     0.00000     0.00000     0.00000     0.00000
     0.68573     0.00000     0.00000     0.00000     0.00000
     0.68763     0.00000     0.00000     0.00000     0.00000
     0.68954     0.00000     0.00000     0.00000     0.00000
     0.69144     0.00000     0.00000     0.00000     0.00000
     0.69335     0.00000     0.00000     0.00000     0.00000
     0.69525     0.00000     0.00000     0.00000     0.00000
     0.69716     0.00000     0.00000     0.00000     0.00000
     0.69906     0.00000     0.00000     0.00000     0.00000
     0.70097     0.00000     0.00000     0.00000     0.00000
     0.70287     0.00000     0.00000     0.00000     0.00000
     0.70477     0.00000     0.00000     0.00000     0.00000
     0.70668     0.00000     0.00000     0.00000     0.00000
     0.70858     0.00000     0.00000     0.00000     0.00000
     0.71049     0.00000     0.00000     0.00000     0.00000
     0.71239     0.00000     0.00000     0.00000     0.00000
     0.71430     0.00000     0.00000     0.00000     0.00000
     0.71620     0.00000     0.00000     0.00000     0.00000
     0.71811     0.00000     0.00000     0.00000     0.00000
     0.72001     0.00000     0.00000     0.00000     0.00000
     0.72192     0.00000     0.00000     0.00000     0.00000
     0.72382     0.00000     0.00000     0.00000     0.00000
     0.72573     0.00000     0.00000     0.00000     0.00000
     0.72763     0.00000     0.00000     0.00000     0.00000
     0.72954     0.00000     0.00000     0.00000     0.00000
     0.73144     0.00000     0.00000     0.00000     0.00000
     0.73335     0.00000     0.00000     0.00000     0.00000
     0.73525     0.00000     0.00000     0.00000     0.00000
     0.73716     0.00000     0.00000     0.00000     0.00000
     0.73906     0.00000     0.00000     0.00000     0.00000
     0.74097     0.00000     0.00000     0.00000     0.00000
     0.74287     0.00000     0.00000     0.00000     0.00000
     0.74478     0.00000     0.00000     0.00000     0.00000
     0.74668     0.00000     0.00000     0.00000     0.00000
     0.74859     0.00000     0.00000     0.00000     0.00000
     0.75049     0.00000     0.00000     0.00000     0.00000
     0.75239     0.00000     0.00000     0.00000     0.00000
     0.75430     0.00000     0.00000     0.00000     0.00000
     0.75620     0.00000     0.00000     0.00000     0.00000
     0.75811     0.00000     0.00000     0.00000     0.00000
     0.76001     0.00000     0.00000     0.00000     0.00000
     0.76192     0.00000     0.00000     0.00000     0.00000
     0.76382     0.00000     0.00000     0.00000     0.00000
     0.76573     0.00000     0.00000     0.00000     0.00000
     0.76763     0.00000     0.00000     0.00000     0.00000
     0.76954     0.00000     0.00000     0.00000     0.00000
     0.77144     0.00000     0.00000     0.00000     0.00000
     0.77335     0.00000     0.00000     0.00000     0.00000
     0.77525     0.00000     0.00000     0.00000     0.00000
     0.77716     0.00000     0.00000     0.00000     0.00000
     0.77906     0.00000    -0.00000     0.00000     0.00000
     0.78097     0.00000    -0.00000     0.00000     0.00000
     0.78287     0.00000    -0.00000     0.00000     0.00000
     0.78478     0.00000    -0.00000     0.00000     0.00000
     0.78668     0.00000    -0.00000     0.00000     0.00000
     0.78859     0.00000    -0.00000     0.00000     0.00000
     0.79049     0.00000    -0.00000     0.00000     0.00000
     0.79240     0.00000    -0.00000     0.00000     0.00000
     0.79430     0.00000    -0.00000     0.00000     0.00000
     0.79621     0.00000    -0.00000     0.00000     0.00000
     0.79811     0.00000    -0.00000     0.00000     0.00000
     0.80001     0.00000    -0.00000     0.00000     0.00000
     0.80192     0.00000    -0.00000     0.00000     0.00000
     0.80382     0.00000    -0.00000     0.00000     0.00000
     0.80573     0.00000    -0.00000     0.00000     0.00000
     0.80763     0.00000    -0.00000     0.00000     0.00000
     0.80954     0.00001    -0.00000     0.00000     0.00001
     0.81144     0.00001    -0.00000     0.00000     0.00001
     0.81335     0.00001    -0.00000     0.00000     0.00001
     0.81525     0.00001    -0.00000     0.00000     0.00001
     0.81716     0.00002    -0.00000     0.00000     0.00002
     0.81906     0.00003    -0.00000     0.00000     0.00003
     0.82097     0.00004    -0.00000     0.00000     0.00004
     0.82287     0.00005    -0.00000     0.00000     0.00005
     0.82478     0.00007    -0.00000     0.00000     0.00007
     0.82668     0.00009    -0.00000     0.00000     0.00009
     0.82859     0.00012    -0.00000     0.00000     0.00012
     0.83049     0.00016    -0.00000     0.00000     0.00016
     0.83240     0.00021    -0.00000     0.00000     0.00021
     0.83430     0.00028    -0.00000     0.00000     0.00028
     0.83621     0.00037    -0.00000     0.00000     0.00037
     0.83811     0.00048    -0.00000     0.00000     0.00048
     0.84002     0.00063    -0.00000     0.00000     0.00063
     0.84192     0.00081    -0.00000     0.00000     0.00081
     0.84383     0.00105    -0.00000     0.00000     0.00105
     0.84573     0.00134    -0.00000     0.00000     0.00134
     0.84763     0.00171    -0.00000     0.00000     0.00171
     0.84954     0.00217    -0.00000     0.00000     0.00217
     0.85144     0.00275    -0.00000     0.00000     0.00275
     0.85335     0.00346    -0.00000     0.00000     0.00346
     0.85525     0.00432    -0.00000     0.00000     0.00432
     0.85716     0.00538    -0.00000     0.00000     0.00538
     0.85906     0.00667    -0.00000     0.00000     0.00667
     0.86097     0.00822    -0.00000     0.00000     0.00822
     0.86287     0.01009    -0.00000     0.00000     0.01009
     0.86478     0.01232    -0.00000     0.00000     0.01232
     0.86668     0.01497    -0.00000     0.00000     0.01497
     0.86859     0.01810    -0.00000     0.00000     0.01810
     0.87049     0.02177    -0.00000     0.00000     0.02177
     0.87240     0.02607    -0.00000     0.00000     0.02607
     0.87430     0.03106    -0.00000     0.00000     0.03106
     0.87621     0.03683    -0.00000     0.00000     0.03683
     0.87811     0.04345    -0.00000     0.00000     0.04345
     0.88002     0.05102    -0.00000     0.00000     0.05102
     0.88192     0.05962    -0.00000     0.00000     0.05962
     0.88383     0.06933    -0.00000     0.00000     0.06933
     0.88573     0.08022    -0.00000     0.00000     0.08022
     0.88764     0.09238    -0.00000     0.00000     0.09238
     0.88954     0.10587    -0.00000     0.00000     0.10587
     0.89145     0.12074    -0.00000     0.00000     0.12074
     0.89335     0.13704    -0.00000     0.00000     0.13704
     0.89525     0.15480    -0.00000     0.00000     0.15480
     0.89716     0.17401    -0.00000     0.00000     0.17401
     0.89906     0.19468    -0.00000     0.00000     0.19468
     0.90097     0.21678    -0.00000     0.00000     0.21678
     0.90287     0.24024    -0.00000     0.00000     0.24024
     0.90478     0.26499    -0.00000     0.00000     0.26499
     0.90668     0.29092    -0.00000     0.00000     0.29092
     0.90859     0.31792    -0.00000     0.00000     0.31792
     0.91049     0.34582    -0.00000     0.00000     0.34582
     0.91240     0.37447    -0.00000     0.00000     0.37447
     0.91430     0.40368    -0.00000     0.00000     0.40368
     0.91621     0.43324    -0.00000     0.00000     0.43324
     0.91811     0.46294    -0.00000     0.00000     0.46294
     0.92002     0.49258    -0.00000     0.00000     0.49258
     0.92192     0.52193    -0.00000     0.00000     0.52193
     0.92383     0.55079    -0.00000     0.00000     0.55079
     0.92573     0.57897    -0.00000     0.00000     0.57897
     0.92764     0.60629    -0.00000     0.00000     0.60629
     0.92954     0.63260    -0.00000     0.00000     0.63260
     0.93145     0.65779    -0.00000     0.00000     0.65779
     0.93335     0.68177    -0.00000     0.00000     0.68177
     0.93526     0.70451    -0.00000     0.00000     0.70451
     0.93716     0.72600    -0.00000     0.00000     0.72600
     0.93906     0.74629    -0.00000     0.00000     0.74629
     0.94097     0.76547    -0.00000     0.00000     0.76547
     0.94287     0.78367    -0.00000     0.00000     0.78367
     0.94478     0.80106    -0.00000     0.00000     0.80106
     0.94668     0.81786    -0.00000     0.00000     0.81786
     0.94859     0.83428    -0.00000     0.00000     0.83428
     0.95049     0.85059    -0.00000     0.00000     0.85059
     0.95240     0.86706    -0.00000     0.00000     0.86706
     0.95430     0.88395    -0.00000     0.00000     0.88395
     0.95621     0.90152    -0.00000     0.00000     0.90152
     0.95811     0.92001    -0.00000     0.00000     0.92001
     0.96002     0.93962    -0.00000     0.00000     0.93962
     0.96192     0.96054    -0.00000     0.00000     0.96054
     0.96383     0.98286    -0.00000     0.00000     0.98286
     0.96573     1.00665    -0.00000     0.00000     1.00665
     0.96764     1.03190    -0.00000     0.00000     1.03190
     0.96954     1.05854    -0.00000     0.00000     1.05854
     0.97145     1.08641    -0.00000     0.00000     1.08641
     0.97335     1.11529    -0.00000     0.00000     1.11529
     0.97526     1.14489    -0.00000     0.00000     1.14489
     0.97716     1.17485    -0.00000     0.00000     1.17485
     0.97907     1.20476    -0.00000     0.00000     1.20476
     0.98097     1.23414    -0.00000     0.00000     1.23414
     0.98288     1.26248    -0.00000     0.00000     1.26248
     0.98478     1.28927    -0.00000     0.00000     1.28927
     0.98668     1.31395    -0.00000     0.00000     1.31395
     0.98859     1.33597     0.00000     0.00000     1.33597
     0.99049     1.35482     0.00000     0.00000     1.35482
     0.99240     1.37000     0.00000     0.00000     1.37000
     0.99430     1.38106     0.00000     0.00000     1.38106
     0.99621     1.38762     0.00000     0.00000     1.38762
     0.99811     1.38936     0.00000     0.00000     1.38936
     1.00002     1.38605     0.00000     0.00000     1.38605
     1.00192     1.37753     0.00000     0.00000     1.37753
     1.00383     1.36376     0.00000     0.00000     1.36376
     1.00573     1.34478     0.00000     0.00000     1.34478
     1.00764     1.32074     0.00000     0.00000     1.32074
     1.00954     1.29186     0.00000     0.00000     1.29186
     1.01145     1.25847     0.00000     0.00000     1.25847
     1.01335     1.22098     0.00000     0.00000     1.22098
     1.01526     1.17988     0.00000     0.00000     1.17988
     1.01716     1.13573     0.00000     0.00000     1.13573
     1.01907     1.08912     0.00000     0.00000     1.08912
     1.02097     1.04071     0.00000     0.00000     1.04071
     1.02288     0.99117     0.00000     0.00000     0.99117
     1.02478     0.94121     0.00000     0.00000     0.94121
     1.02669     0.89152     0.00000     0.00000     0.89152
     1.02859     0.84281     0.00000     0.00000     0.84281
     1.03050     0.79575     0.00000     0.00000     0.79575
     1.03240     0.75100     0.00000     0.00000     0.75100
     1.03430     0.70917     0.00000     0.00000     0.70917
     1.03621     0.67085     0.00000     0.00000     0.67085
     1.03811     0.63654     0.00000     0.00000     0.63654
     1.04002     0.60671     0.00000     0.00000     0.60671
     1.04192     0.58176     0.00000     0.00000     0.58176
     1.04383     0.56203     0.00000     0.00000     0.56203
     1.04573     0.54778     0.00000     0.00000     0.54778
     1.04764     0.53920     0.00000     0.00000     0.53920
     1.04954     0.53641     0.00000     0.00000     0.53641
     1.05145     0.53947     0.00000     0.00000     0.53947
     1.05335     0.54833     0.00000     0.00000     0.54833
     1.05526     0.56288     0.00000     0.00000     0.56288
     1.05716     0.58296     0.00000     0.00000     0.58296
     1.05907     0.60829     0.00000     0.00000     0.60829
     1.06097     0.63855     0.00000     0.00000     0.63855
     1.06288     0.67335     0.00000     0.00000     0.67335
     1.06478     0.71220     0.00000     0.00000     0.71220
     1.06669     0.75459     0.00000     0.00000     0.75459
     1.06859     0.79992     0.00000     0.00000     0.79992
     1.07050     0.84756     0.00000     0.00000     0.84756
     1.07240     0.89683     0.00000     0.00000     0.89683
     1.07431     0.94700     0.00000     0.00000     0.94700
     1.07621     0.99734     0.00000     0.00000     0.99734
     1.07812     1.04708     0.00000     0.00000     1.04708
     1.08002     1.09547     0.00000     0.00000     1.09547
     1.08192     1.14175     0.00000     0.00000     1.14175
     1.08383     1.18520     0.00000     0.00000     1.18520
     1.08573     1.22512     0.00000     0.00000     1.22512
     1.08764     1.26086     0.00000     0.00000     1.26086
     1.08954     1.29183     0.00000     0.00000     1.29183
     1.09145     1.31752     0.00000     0.00000     1.31752
     1.09335     1.33749     0.00000     0.00000     1.33749
     1.09526     1.35139     0.00000     0.00000     1.35139
     1.09716     1.35897     0.00000     0.00000     1.35897
     1.09907     1.36007     0.00000     0.00000     1.36007
     1.10097     1.35465     0.00000     0.00000     1.35465
     1.10288     1.34274     0.00000     0.00000     1.34274
     1.10478     1.32452     0.00000     0.00000     1.32452
     1.10669     1.30021     0.00000     0.00000     1.30021
     1.10859     1.27015     0.00000     0.00000     1.27015
     1.11050     1.23475     0.00000     0.00000     1.23475
     1.11240     1.19450     0.00000     0.00000     1.19450
     1.11431     1.14993     0.00000     0.00000     1.14993
     1.11621     1.10162     0.00000     0.00000     1.10162
     1.11812     1.05020     0.00000     0.00000     1.05020
     1.12002     0.99629     0.00000     0.00000     0.99629
     1.12193     0.94053     0.00000     0.00000     0.94053
     1.12383     0.88356     0.00000     0.00000     0.88356
     1.12574     0.82598     0.00000     0.00000     0.82598
     1.12764     0.76839     0.00000     0.00000     0.76839
     1.12954     0.71131     0.00000     0.00000     0.71131
     1.13145     0.65526     0.00000     0.00000     0.65526
     1.13335     0.60068     0.00000     0.00000     0.60068
     1.13526     0.54795     0.00000     0.00000     0.54795
     1.13716     0.49741     0.00000     0.00000     0.49741
     1.13907     0.44932     0.00000     0.00000     0.44932
     1.14097     0.40390     0.00000     0.00000     0.40390
     1.14288     0.36129     0.00000     0.00000     0.36129
     1.14478     0.32160     0.00000     0.00000     0.32160
     1.14669     0.28487     0.00000     0.00000     0.28487
     1.14859     0.25111     0.00000     0.00000     0.25111
     1.15050     0.22026     0.00000     0.00000     0.22026
     1.15240     0.19226     0.00000     0.00000     0.19226
     1.15431     0.16699     0.00000     0.00000     0.16699
     1.15621     0.14434     0.00000     0.00000     0.14434
     1.15812     0.12415     0.00000     0.00000     0.12415
     1.16002     0.10627     0.00000     0.00000     0.10627
     1.16193     0.09051     0.00000     0.00000     0.09051
     1.16383     0.07672     0.00000     0.00000     0.07672
     1.16574     0.06470     0.00000     0.00000     0.06470
     1.16764     0.05431     0.00000     0.00000     0.05431
     1.16955     0.04536     0.00000     0.00000     0.04536
     1.17145     0.03770     0.00000     0.00000     0.03770
     1.17335     0.03118     0.00000     0.00000     0.03118
     1.17526     0.02566     0.00000     0.00000     0.02566
     1.17716     0.02102     0.00000     0.00000     0.02102
     1.17907     0.01713     0.00000     0.00000     0.01713
     1.18097     0.01389     0.00000     0.00000     0.01389
     1.18288     0.01121     0.00000     0.00000     0.01121
     1.18478     0.00900     0.00000     0.00000     0.00900
     1.18669     0.00720     0.00000     0.00000     0.00720
     1.18859     0.00572     0.00000     0.00000     0.00572
     1.19050     0.00453     0.00000     0.00000     0.00453
     1.19240     0.00357     0.00000     0.00000     0.00357
     1.19431     0.00279     0.00000     0.00000     0.00279
     1.19621     0.00218     0.00000     0.00000     0.00218
     1.19812     0.00169     0.00000     0.00000     0.00169
     1.20002     0.00131     0.00000     0.00000     0.00131
     1.20193     0.00100     0.00000     0.00000     0.00100
     1.20383     0.00077     0.00000     0.00000     0.00077
     1.20574     0.00058     0.00000     0.00000     0.00058
     1.20764     0.00044     0.00000     0.00000     0.00044
     1.20955     0.00033     0.00000     0.00000     0.00033
     1.21145     0.00025     0.00000     0.00000     0.00025
     1.21336     0.00019     0.00000     0.00000     0.00019
     1.21526     0.00014     0.00000     0.00000     0.00014
     1.21717     0.00010     0.00000     0.00000     0.00010
     1.21907     0.00008     0.00000     0.00000     0.00008
     1.22097     0.00006     0.00000     0.00000     0.00006
     1.22288     0.00004     0.00000     0.00000     0.00004
     1.22478     0.00003     0.00000     0.00000     0.00003
     1.22669     0.00002     0.00000     0.00000     0.00002
     1.22859     0.00002     0.00000     0.00000     0.00002
     1.23050     0.00001     0.00000     0.00000     0.00001
     1.23240     0.00001     0.00000     0.00000     0.00001
     1.23431     0.00001     0.00000     0.00000     0.00001
     1.23621     0.00000     0.00000     0.00000     0.00000
     1.23812     0.00000     0.00000     0.00000     0.00000
     1.24002     0.00000     0.00000     0.00000     0.00000
     1.24193     0.00000     0.00000     0.00000     0.00000
     1.24383     0.00000     0.00000     0.00000     0.00000
     1.24574     0.00000     0.00000     0.00000     0.00000
     1.24764     0.00000     0.00000     0.00000     0.00000
     1.24955     0.00000     0.00000     0.00000     0.00000
     1.25145     0.00000     0.00000     0.00000     0.00000
     1.25336     0.00000     0.00000     0.00000     0.00000
     1.25526     0.00000     0.00000     0.00000     0.00000
     1.25717     0.00000     0.00000     0.00000     0.00000
     1.25907     0.00000     0.00000     0.00000     0.00000
     1.26098     0.00000     0.00000     0.00000     0.00000
     1.26288     0.00000     0.00000     0.00000     0.00000
     1.26479     0.00000     0.00000     0.00000     0.00000
     1.26669     0.00000     0.00000     0.00000     0.00000
     1.26859     0.00000     0.00000     0.00000     0.00000
     1.27050     0.00000     0.00000     0.00000     0.00000
     1.27240     0.00000     0.00000     0.00000     0.00000
     1.27431     0.00000     0.00000     0.00000     0.00000
     1.27621     0.00000     0.00000     0.00000     0.00000
     1.27812     0.00000     0.00000     0.00000     0.00000
     1.28002     0.00000     0.00000     0.00000     0.00000
     1.28193     0.00000     0.00000     0.00000     0.00000
     1.28383     0.00000     0.00000     0.00000     0.00000
     1.28574     0.00000     0.00000     0.00000     0.00000
     1.28764     0.00000     0.00000     0.00000     0.00000
     1.28955     0.00000     0.00000     0.00000     0.00000
     1.29145     0.00000     0.00000     0.00000     0.00000
     1.29336     0.00000     0.00000     0.00000     0.00000
     1.29526     0.00000     0.00000     0.00000     0.00000
     1.29717     0.00000     0.00000     0.00000     0.00000
     1.29907     0.00000     0.00000     0.00000     0.00000
     1.30098     0.00000     0.00000     0.00000     0.00000
     1.30288     0.00000     0.00000     0.00000     0.00000
     1.30479     0.00000     0.00000     0.00000     0.00000
     1.30669     0.00000     0.00000     0.00000     0.00000
     1.30860     0.00000     0.00000     0.00000     0.00000
     1.31050     0.00000     0.00000     0.00000     0.00000
     1.31241     0.00000     0.00000     0.00000     0.00000
     1.31431     0.00000     0.00000     0.00000     0.00000
     1.31621     0.00000     0.00000     0.00000     0.00000
     1.31812     0.00000     0.00000     0.00000     0.00000
     1.32002     0.00000     0.00000     0.00000     0.00000
     1.32193     0.00000     0.00000     0.00000     0.00000
     1.32383     0.00000     0.00000     0.00000     0.00000
     1.32574     0.00000     0.00000     0.00000     0.00000
     1.32764     0.00000     0.00000     0.00000     0.00000
     1.32955     0.00000     0.00000     0.00000     0.00000
     1.33145     0.00000     0.00000     0.00000     0.00000
     1.33336     0.00000     0.00000     0.00000     0.00000
     1.33526     0.00000     0.00000     0.00000     0.00000
     1.33717     0.00000     0.00000     0.00000     0.00000
     1.33907     0.00000     0.00000     0.00000     0.00000
     1.34098     0.00000     0.00000     0.00000     0.00000
     1.34288     0.00000     0.00000     0.00000     0.00000
     1.34479     0.00000     0.00000     0.00000     0.00000
     1.34669     0.00000     0.00000     0.00000     0.00000
     1.34860     0.00000     0.00000     0.00000     0.00000
     1.35050     0.00000     0.00000     0.00000     0.00000
     1.35241     0.00000     0.00000     0.00000     0.00000
     1.35431     0.00000     0.00000     0.00000     0.00000
     1.35622     0.00000     0.00000     0.00000     0.00000
     1.35812     0.00000     0.00000     0.00000     0.00000
     1.36003     0.00000     0.00000     0.00000     0.00000
     1.36193     0.00000     0.00000     0.00000     0.00000
     1.36383     0.00000     0.00000     0.00000     0.00000
     1.36574     0.00000     0.00000     0.00000     0.00000
     1.36764     0.00000     0.00000     0.00000     0.00000
     1.36955     0.00000     0.00000     0.00000     0.00000
     1.37145     0.00000     0.00000     0.00000     0.00000
     1.37336     0.00000     0.00000     0.00000     0.00000
     1.37526     0.00000     0.00000     0.00000     0.00000
     1.37717     0.00000     0.00000     0.00000     0.00000
     1.37907     0.00000     0.00000     0.00000     0.00000
     1.38098     0.00000     0.00000     0.00000     0.00000
     1.38288     0.00000     0.00000     0.00000     0.00000
     1.38479     0.00000     0.00000     0.00000     0.00000
     1.38669     0.00000     0.00000     0.00000     0.00000
     1.38860     0.00000     0.00000     0.00000     0.00000
     1.39050     0.00000     0.00000     0.00000     0.00000
     1.39241     0.00000     0.00000     0.00000     0.00000
     1.39431     0.00000     0.00000     0.00000     0.00000
     1.39622     0.00000     0.00000     0.00000     0.00000
     1.39812     0.00000     0.00000     0.00000     0.00000
     1.40003     0.00000     0.00000     0.00000     0.00000
     1.40193     0.00000     0.00000     0.00000     0.00000
     1.40384     0.00000     0.00000     0.00000     0.00000
     1.40574     0.00000     0.00000     0.00000     0.00000
     1.40764     0.00000     0.00000     0.00000     0.00000
     1.40955     0.00000     0.00000     0.00000     0.00000
     1.41145     0.00000     0.00000     0.00000     0.00000
     1.41336     0.00000     0.00000     0.00000     0.00000
     1.41526     0.00000     0.00000     0.00000     0.00000
     1.41717     0.00000     0.00000     0.00000     0.00000
     1.41907     0.00000     0.00000     0.00000     0.00000
     1.42098     0.00000     0.00000     0.00000     0.00000
     1.42288     0.00000     0.00000     0.00000     0.00000
     1.42479     0.00000     0.00000     0.00000     0.00000
     1.42669     0.00000     0.00000     0.00000     0.00000
     1.42860     0.00000     0.00000     0.00000     0.00000
     1.43050     0.00000     0.00000     0.00000     0.00000
     1.43241     0.00000     0.00000     0.00000     0.00000
     1.43431     0.00000     0.00000     0.00000     0.00000
     1.43622     0.00000     0.00000     0.00000     0.00000
     1.43812     0.00000     0.00000     0.00000     0.00000
     1.44003     0.00000     0.00000     0.00000     0.00000
     1.44193     0.00000     0.00000     0.00000     0.00000
     1.44384     0.00000     0.00000     0.00000     0.00000
     1.44574     0.00000     0.00000     0.00000     0.00000
     1.44765     0.00000     0.00000     0.00000     0.00000
     1.44955     0.00000     0.00000     0.00000     0.00000
     1.45146     0.00000     0.00000     0.00000     0.00000
     1.45336     0.00000     0.00000     0.00000     0.00000
     1.45526     0.00000     0.00000     0.00000     0.00000
     1.45717     0.00000     0.00000     0.00000     0.00000
     1.45907     0.00000     0.00000     0.00000     0.00000
     1.46098     0.00000     0.00000     0.00000     0.00000
     1.46288     0.00000     0.00000     0.00000     0.00000
     1.46479     0.00000     0.00000     0.00000     0.00000
     1.46669     0.00000     0.00000     0.00000     0.00000
     1.46860     0.00000     0.00000     0.00000     0.00000
     1.47050     0.00000     0.00000     0.00000     0.00000
     1.47241     0.00000     0.00000     0.00000     0.00000
     1.47431     0.00000     0.00000     0.00000     0.00000
     1.47622     0.00000     0.00000     0.00000     0.00000
     1.47812     0.00000     0.00000     0.00000     0.00000
     1.48003     0.00000     0.00000     0.00000     0.00000
     1.48193     0.00000     0.00000     0.00000     0.00000
     1.48384     0.00000     0.00000     0.00000     0.00000
     1.48574     0.00000     0.00000     0.00000     0.00000
     1.48765     0.00000     0.00000     0.00000     0.00000
     1.48955     0.00000     0.00000     0.00000     0.00000
     1.49146     0.00000     0.00000     0.00000     0.00000
     1.49336     0.00000     0.00000     0.00000     0.00000
     1.49527     0.00000     0.00000     0.00000     0.00000
     1.49717     0.00000     0.00000     0.00000     0.00000
     1.49908     0.00000     0.00000     0.00000     0.00000
     1.50098     0.00000     0.00000     0.00000     0.00000
     1.50288     0.00000     0.00000     0.00000     0.00000
     1.50479     0.00000     0.00000     0.00000     0.00000
     1.50669     0.00000     0.00000     0.00000     0.00000
     1.50860     0.00000     0.00000     0.00000     0.00000
     1.51050     0.00000     0.00000     0.00000     0.00000
     1.51241     0.00000     0.00000     0.00000     0.00000
     1.51431     0.00000     0.00000     0.00000     0.00000
     1.51622     0.00000     0.00000     0.00000     0.00000
     1.51812     0.00000     0.00000     0.00000     0.00000
     1.52003     0.00000     0.00000     0.00000     0.00000
     1.52193     0.00000     0.00000     0.00000     0.00000
     1.52384     0.00000     0.00000     0.00000     0.00000
     1.52574     0.00000     0.00000     0.00000     0.00000
     1.52765     0.00000     0.00000     0.00000     0.00000
     1.52955     0.00000     0.00000     0.00000     0.00000
     1.53146     0.00000     0.00000     0.00000     0.00000
     1.53336     0.00000     0.00000     0.00000     0.00000
     1.53527     0.00000     0.00000     0.00000     0.00000
     1.53717     0.00000     0.00000     0.00000     0.00000
     1.53908     0.00000     0.00000     0.00000     0.00000
     1.54098     0.00000     0.00000     0.00000     0.00000
     1.54289     0.00000     0.00000     0.00000     0.00000
     1.54479     0.00000     0.00000     0.00000     0.00000
     1.54670     0.00000     0.00000     0.00000     0.00000
     1.54860     0.00000     0.00000     0.00000     0.00000
     1.55050     0.00000     0.00000     0.00000     0.00000
     1.55241     0.00000     0.00000     0.00000     0.00000
     1.55431     0.00001     0.00000     0.00000     0.00001
     1.55622     0.00001     0.00000     0.00000     0.00001
     1.55812     0.00001     0.00000     0.00000     0.00001
     1.56003     0.00002     0.00000     0.00000     0.00002
     1.56193     0.00002     0.00000     0.00000     0.00002
     1.56384     0.00003     0.00000     0.00000     0.00003
     1.56574     0.00005     0.00000     0.00000     0.00005
     1.56765     0.00006     0.00000     0.00000     0.00006
     1.56955     0.00009     0.00000     0.00000     0.00009
     1.57146     0.00012     0.00000     0.00000     0.00012
     1.57336     0.00016     0.00000     0.00000     0.00016
     1.57527     0.00022     0.00000     0.00000     0.00022
     1.57717     0.00029     0.00000     0.00000     0.00029
     1.57908     0.00040     0.00000     0.00000     0.00039
     1.58098     0.00053     0.00000     0.00000     0.00052
     1.58289     0.00070     0.00000     0.00000     0.00070
     1.58479     0.00093     0.00000     0.00001     0.00092
     1.58670     0.00122     0.00000     0.00001     0.00121
     1.58860     0.00160     0.00000     0.00001     0.00159
     1.59051     0.00209     0.00000     0.00001     0.00207
     1.59241     0.00270     0.00000     0.00002     0.00269
     1.59432     0.00349     0.00000     0.00002     0.00347
     1.59622     0.00448     0.00000     0.00003     0.00446
     1.59812     0.00573     0.00000     0.00003     0.00570
     1.60003     0.00729     0.00000     0.00004     0.00725
     1.60193     0.00923     0.00000     0.00006     0.00917
     1.60384     0.01162     0.00000     0.00007     0.01155
     1.60574     0.01457     0.00000     0.00009     0.01448
     1.60765     0.01817     0.00000     0.00011     0.01806
     1.60955     0.02256     0.00000     0.00014     0.02242
     1.61146     0.02786     0.00000     0.00017     0.02769
     1.61336     0.03425     0.00000     0.00021     0.03404
     1.61527     0.04190     0.00000     0.00025     0.04164
     1.61717     0.05100     0.00000     0.00031     0.05070
     1.61908     0.06179     0.00000     0.00037     0.06141
     1.62098     0.07449     0.00000     0.00045     0.07404
     1.62289     0.08936     0.00000     0.00054     0.08883
     1.62479     0.10669     0.00000     0.00064     0.10605
     1.62670     0.12677     0.00000     0.00076     0.12601
     1.62860     0.14990     0.00000     0.00090     0.14900
     1.63051     0.17639     0.00000     0.00106     0.17533
     1.63241     0.20657     0.00000     0.00124     0.20533
     1.63432     0.24075     0.00000     0.00145     0.23931
     1.63622     0.27925     0.00000     0.00168     0.27758
     1.63813     0.32236     0.00000     0.00193     0.32043
     1.64003     0.37036     0.00000     0.00222     0.36814
     1.64194     0.42348     0.00000     0.00254     0.42094
     1.64384     0.48194     0.00000     0.00288     0.47905
     1.64574     0.54588     0.00000     0.00327     0.54262
     1.64765     0.61542     0.00000     0.00368     0.61174
     1.64955     0.69058     0.00000     0.00412     0.68645
     1.65146     0.77132     0.00000     0.00460     0.76672
     1.65336     0.85754     0.00000     0.00511     0.85244
     1.65527     0.94904     0.00000     0.00564     0.94340
     1.65717     1.04554     0.00000     0.00621     1.03933
     1.65908     1.14667     0.00000     0.00680     1.13987
     1.66098     1.25198     0.00000     0.00741     1.24457
     1.66289     1.36093     0.00000     0.00804     1.35289
     1.66479     1.47292     0.00000     0.00868     1.46424
     1.66670     1.58727     0.00000     0.00933     1.57794
     1.66860     1.70325     0.00000     0.00998     1.69327
     1.67051     1.82009     0.00000     0.01063     1.80946
     1.67241     1.93698     0.00000     0.01127     1.92571
     1.67432     2.05311     0.00000     0.01190     2.04121
     1.67622     2.16766     0.00000     0.01251     2.15514
     1.67813     2.27982     0.00000     0.01310     2.26672
     1.68003     2.38883     0.00000     0.01365     2.37518
     1.68194     2.49399     0.00000     0.01417     2.47981
     1.68384     2.59462     0.00000     0.01466     2.57997
     1.68575     2.69016     0.00000     0.01509     2.67507
     1.68765     2.78010     0.00000     0.01548     2.76461
     1.68955     2.86402     0.00000     0.01582     2.84820
     1.69146     2.94162     0.00000     0.01611     2.92551
     1.69336     3.01265     0.00000     0.01634     2.99631
     1.69527     3.07697     0.00000     0.01652     3.06045
     1.69717     3.13452     0.00000     0.01665     3.11787
     1.69908     3.18530     0.00000     0.01673     3.16857
     1.70098     3.22938     0.00000     0.01675     3.21263
     1.70289     3.26688     0.00000     0.01673     3.25015
     1.70479     3.29793     0.00000     0.01665     3.28128
     1.70670     3.32273     0.00000     0.01654     3.30619
     1.70860     3.34144     0.00000     0.01639     3.32506
     1.71051     3.35425     0.00000     0.01619     3.33806
     1.71241     3.36132     0.00000     0.01597     3.34535
     1.71432     3.36282     0.00000     0.01572     3.34710
     1.71622     3.35887     0.00000     0.01544     3.34343
     1.71813     3.34958     0.00000     0.01513     3.33445
     1.72003     3.33505     0.00000     0.01481     3.32024
     1.72194     3.31538     0.00000     0.01447     3.30090
     1.72384     3.29064     0.00000     0.01412     3.27651
     1.72575     3.26093     0.00000     0.01376     3.24717
     1.72765     3.22637     0.00000     0.01339     3.21298
     1.72956     3.18714     0.00000     0.01302     3.17413
     1.73146     3.14347     0.00000     0.01264     3.13083
     1.73337     3.09564     0.00000     0.01226     3.08338
     1.73527     3.04405     0.00000     0.01188     3.03218
     1.73717     2.98921     0.00000     0.01150     2.97771
     1.73908     2.93173     0.00000     0.01113     2.92059
     1.74098     2.87233     0.00000     0.01077     2.86156
     1.74289     2.81189     0.00000     0.01043     2.80146
     1.74479     2.75140     0.00000     0.01009     2.74131
     1.74670     2.69197     0.00000     0.00978     2.68219
     1.74860     2.63484     0.00000     0.00948     2.62536
     1.75051     2.58133     0.00000     0.00921     2.57211
     1.75241     2.53285     0.00000     0.00897     2.52388
     1.75432     2.49088     0.00000     0.00877     2.48211
     1.75622     2.45691     0.00000     0.00860     2.44832
     1.75813     2.43246     0.00000     0.00847     2.42399
     1.76003     2.41898     0.00000     0.00838     2.41060
     1.76194     2.41790     0.00000     0.00834     2.40956
     1.76384     2.43054     0.00000     0.00835     2.42218
     1.76575     2.45806     0.00000     0.00842     2.44964
     1.76765     2.50148     0.00000     0.00854     2.49295
     1.76956     2.56163     0.00000     0.00871     2.55292
     1.77146     2.63908     0.00000     0.00894     2.63014
     1.77337     2.73417     0.00000     0.00923     2.72495
     1.77527     2.84695     0.00000     0.00956     2.83739
     1.77718     2.97718     0.00000     0.00995     2.96723
     1.77908     3.12432     0.00000     0.01039     3.11392
     1.78099     3.28749     0.00000     0.01087     3.27662
     1.78289     3.46554     0.00000     0.01139     3.45415
     1.78479     3.65698     0.00000     0.01194     3.64504
     1.78670     3.86004     0.00000     0.01251     3.84753
     1.78860     4.07268     0.00000     0.01310     4.05958
     1.79051     4.29262     0.00000     0.01369     4.27893
     1.79241     4.51737     0.00000     0.01429     4.50308
     1.79432     4.74424     0.00000     0.01487     4.72937
     1.79622     4.97045     0.00000     0.01543     4.95502
     1.79813     5.19310     0.00000     0.01596     5.17715
     1.80003     5.40929     0.00000     0.01645     5.39284
     1.80194     5.61610     0.00000     0.01689     5.59921
     1.80384     5.81071     0.00000     0.01727     5.79344
     1.80575     5.99041     0.00000     0.01759     5.97281
     1.80765     6.15264     0.00000     0.01784     6.13480
     1.80956     6.29510     0.00000     0.01802     6.27708
     1.81146     6.41569     0.00000     0.01811     6.39758
     1.81337     6.51267     0.00000     0.01813     6.49454
     1.81527     6.58456     0.00000     0.01806     6.56650
     1.81718     6.63028     0.00000     0.01791     6.61237
     1.81908     6.64908     0.00000     0.01767     6.63140
     1.82099     6.64060     0.00000     0.01736     6.62324
     1.82289     6.60485     0.00000     0.01697     6.58788
     1.82480     6.54222     0.00000     0.01651     6.52571
     1.82670     6.45343     0.00000     0.01598     6.43745
     1.82861     6.33956     0.00000     0.01540     6.32416
     1.83051     6.20197     0.00000     0.01477     6.18720
     1.83241     6.04231     0.00000     0.01409     6.02822
     1.83432     5.86246     0.00000     0.01338     5.84908
     1.83622     5.66450     0.00000     0.01264     5.65186
     1.83813     5.45067     0.00000     0.01189     5.43878
     1.84003     5.22330     0.00000     0.01113     5.21218
     1.84194     4.98482     0.00000     0.01036     4.97445
     1.84384     4.73765     0.00000     0.00960     4.72805
     1.84575     4.48422     0.00000     0.00886     4.47536
     1.84765     4.22690     0.00000     0.00813     4.21877
     1.84956     3.96797     0.00000     0.00742     3.96054
     1.85146     3.70958     0.00000     0.00675     3.70283
     1.85337     3.45375     0.00000     0.00610     3.44765
     1.85527     3.20233     0.00000     0.00549     3.19684
     1.85718     2.95698     0.00000     0.00492     2.95206
     1.85908     2.71916     0.00000     0.00438     2.71478
     1.86099     2.49015     0.00000     0.00389     2.48626
     1.86289     2.27098     0.00000     0.00343     2.26756
     1.86480     2.06253     0.00000     0.00301     2.05952
     1.86670     1.86542     0.00000     0.00263     1.86279
     1.86861     1.68013     0.00000     0.00229     1.67784
     1.87051     1.50693     0.00000     0.00198     1.50495
     1.87242     1.34592     0.00000     0.00171     1.34422
     1.87432     1.19708     0.00000     0.00146     1.19562
     1.87623     1.06021     0.00000     0.00125     1.05896
     1.87813     0.93502     0.00000     0.00106     0.93396
     1.88003     0.82112     0.00000     0.00089     0.82023
     1.88194     0.71803     0.00000     0.00075     0.71728
     1.88384     0.62520     0.00000     0.00063     0.62458
     1.88575     0.54204     0.00000     0.00052     0.54152
     1.88765     0.46793     0.00000     0.00043     0.46749
     1.88956     0.40220     0.00000     0.00036     0.40184
     1.89146     0.34421     0.00000     0.00029     0.34392
     1.89337     0.29330     0.00000     0.00024     0.29306
     1.89527     0.24883     0.00000     0.00019     0.24863
     1.89718     0.21017     0.00000     0.00016     0.21002
     1.89908     0.17674     0.00000     0.00013     0.17662
     1.90099     0.14798     0.00000     0.00010     0.14788
     1.90289     0.12334     0.00000     0.00008     0.12326
     1.90480     0.10235     0.00000     0.00006     0.10229
     1.90670     0.08455     0.00000     0.00005     0.08450
     1.90861     0.06954     0.00000     0.00004     0.06950
     1.91051     0.05693     0.00000     0.00003     0.05690
     1.91242     0.04640     0.00000     0.00002     0.04638
     1.91432     0.03765     0.00000     0.00002     0.03763
     1.91623     0.03041     0.00000     0.00001     0.03039
     1.91813     0.02445     0.00000     0.00001     0.02444
     1.92004     0.01956     0.00000     0.00001     0.01956
     1.92194     0.01559     0.00000     0.00001     0.01558
     1.92384     0.01236     0.00000     0.00000     0.01236
     1.92575     0.00976     0.00000     0.00000     0.00975
     1.92765     0.00767     0.00000     0.00000     0.00767
     1.92956     0.00600     0.00000     0.00000     0.00600
     1.93146     0.00467     0.00000     0.00000     0.00467
     1.93337     0.00362     0.00000     0.00000     0.00362
     1.93527     0.00280     0.00000     0.00000     0.00280
     1.93718     0.00216     0.00000     0.00000     0.00216
     1.93908     0.00166     0.00000     0.00000     0.00166
     1.94099     0.00128     0.00000     0.00000     0.00128
     1.94289     0.00099     0.00000     0.00000     0.00099
     1.94480     0.00077     0.00000     0.00000     0.00077
     1.94670     0.00062     0.00000     0.00000     0.00062
     1.94861     0.00052     0.00000     0.00000     0.00052
     1.95051     0.00046     0.00000     0.00000     0.00046
     1.95242     0.00044     0.00000     0.00000     0.00044
     1.95432     0.00047     0.00000     0.00000     0.00046
     1.95623     0.00053     0.00000     0.00000     0.00053
     1.95813     0.00064     0.00000     0.00001     0.00063
     1.96004     0.00081     0.00000     0.00001     0.00080
     1.96194     0.00103     0.00000     0.00001     0.00102
     1.96385     0.00134     0.00000     0.00002     0.00132
     1.96575     0.00175     0.00000     0.00002     0.00173
     1.96766     0.00228     0.00000     0.00003     0.00225
     1.96956     0.00296     0.00001     0.00003     0.00292
     1.97146     0.00384     0.00001     0.00005     0.00379
     1.97337     0.00496     0.00001     0.00006     0.00489
     1.97527     0.00638     0.00001     0.00008     0.00629
     1.97718     0.00816     0.00002     0.00010     0.00804
     1.97908     0.01039     0.00002     0.00012     0.01024
     1.98099     0.01316     0.00002     0.00016     0.01298
     1.98289     0.01660     0.00003     0.00020     0.01637
     1.98480     0.02083     0.00004     0.00025     0.02054
     1.98670     0.02602     0.00005     0.00031     0.02566
     1.98861     0.03234     0.00006     0.00039     0.03189
     1.99051     0.04000     0.00007     0.00049     0.03945
     1.99242     0.04924     0.00008     0.00060     0.04856
     1.99432     0.06032     0.00010     0.00074     0.05949
     1.99623     0.07354     0.00012     0.00090     0.07253
     1.99813     0.08922     0.00014     0.00109     0.08799
     2.00004     0.10773     0.00016     0.00133     0.10624
     2.00194     0.12944     0.00019     0.00160     0.12765
     2.00385     0.15478     0.00023     0.00192     0.15264
     2.00575     0.18418     0.00026     0.00229     0.18163
     2.00766     0.21811     0.00030     0.00271     0.21509
     2.00956     0.25704     0.00035     0.00321     0.25348
     2.01147     0.30146     0.00040     0.00377     0.29729
     2.01337     0.35184     0.00045     0.00442     0.34698
     2.01528     0.40867     0.00051     0.00515     0.40302
     2.01718     0.47238     0.00057     0.00597     0.46585
     2.01908     0.54339     0.00063     0.00688     0.53588
     2.02099     0.62206     0.00070     0.00790     0.61346
     2.02289     0.70868     0.00077     0.00903     0.69888
     2.02480     0.80347     0.00084     0.01027     0.79235
     2.02670     0.90654     0.00092     0.01162     0.89400
     2.02861     1.01789     0.00099     0.01309     1.00381
     2.03051     1.13741     0.00106     0.01467     1.12168
     2.03242     1.26483     0.00113     0.01636     1.24734
     2.03432     1.39975     0.00120     0.01816     1.38039
     2.03623     1.54159     0.00125     0.02007     1.52027
     2.03813     1.68961     0.00131     0.02206     1.66625
     2.04004     1.84293     0.00135     0.02414     1.81744
     2.04194     2.00046     0.00139     0.02628     1.97280
     2.04385     2.16100     0.00141     0.02847     2.13112
     2.04575     2.32318     0.00142     0.03071     2.29106
     2.04766     2.48551     0.00142     0.03295     2.45114
     2.04956     2.64638     0.00140     0.03519     2.60979
     2.05147     2.80410     0.00137     0.03741     2.76533
     2.05337     2.95695     0.00132     0.03957     2.91607
     2.05528     3.10314     0.00125     0.04165     3.06024
     2.05718     3.24093     0.00117     0.04363     3.19613
     2.05909     3.36862     0.00107     0.04549     3.32206
     2.06099     3.48457     0.00096     0.04719     3.43641
     2.06290     3.58729     0.00084     0.04873     3.53772
     2.06480     3.67543     0.00070     0.05007     3.62465
     2.06670     3.74782     0.00055     0.05121     3.69606
     2.06861     3.80354     0.00040     0.05212     3.75103
     2.07051     3.84188     0.00023     0.05279     3.78886
     2.07242     3.86240     0.00007     0.05321     3.80912
     2.07432     3.86494    -0.00010     0.05337     3.81167
     2.07623     3.84963    -0.00027     0.05329     3.79661
     2.07813     3.81688    -0.00043     0.05295     3.76436
     2.08004     3.76737    -0.00059     0.05236     3.71560
     2.08194     3.70207    -0.00074     0.05153     3.65128
     2.08385     3.62219    -0.00088     0.05047     3.57260
     2.08575     3.52917    -0.00101     0.04920     3.48098
     2.08766     3.42466    -0.00113     0.04774     3.37805
     2.08956     3.31048    -0.00123     0.04611     3.26560
     2.09147     3.18857    -0.00131     0.04432     3.14556
     2.09337     3.06100    -0.00138     0.04241     3.01997
     2.09528     2.92988    -0.00144     0.04040     2.89091
     2.09718     2.79734    -0.00147     0.03832     2.76049
     2.09909     2.66551    -0.00150     0.03618     2.63083
     2.10099     2.53648    -0.00150     0.03402     2.50395
     2.10290     2.41222    -0.00149     0.03186     2.38185
     2.10480     2.29461    -0.00147     0.02973     2.26636
     2.10671     2.18538    -0.00144     0.02763     2.15919
     2.10861     2.08609    -0.00140     0.02560     2.06190
     2.11052     1.99811    -0.00135     0.02364     1.97582
     2.11242     1.92260    -0.00129     0.02178     1.90210
     2.11432     1.86048    -0.00122     0.02002     1.84168
     2.11623     1.81246    -0.00116     0.01838     1.79523
     2.11813     1.77899    -0.00109     0.01687     1.76321
     2.12004     1.76030    -0.00102     0.01547     1.74584
     2.12194     1.75636    -0.00095     0.01421     1.74310
     2.12385     1.76691    -0.00088     0.01308     1.75471
     2.12575     1.79147    -0.00082     0.01208     1.78021
     2.12766     1.82932    -0.00077     0.01121     1.81888
     2.12956     1.87957    -0.00072     0.01046     1.86983
     2.13147     1.94113    -0.00068     0.00983     1.93198
     2.13337     2.01275    -0.00065     0.00930     2.00410
     2.13528     2.09305    -0.00063     0.00889     2.08480
     2.13718     2.18053    -0.00063     0.00856     2.17260
     2.13909     2.27362    -0.00065     0.00833     2.26594
     2.14099     2.37069    -0.00068     0.00818     2.36320
     2.14290     2.47013    -0.00074     0.00810     2.46276
     2.14480     2.57029    -0.00082     0.00809     2.56303
     2.14671     2.66964    -0.00093     0.00814     2.66243
     2.14861     2.76669    -0.00107     0.00824     2.75952
     2.15052     2.86010    -0.00124     0.00839     2.85295
     2.15242     2.94867    -0.00146     0.00859     2.94154
     2.15433     3.03139    -0.00172     0.00883     3.02429
     2.15623     3.10746    -0.00203     0.00911     3.10038
     2.15814     3.17630    -0.00240     0.00944     3.16927
     2.16004     3.23757    -0.00284     0.00981     3.23060
     2.16194     3.29118    -0.00334     0.01022     3.28431
     2.16385     3.33731    -0.00392     0.01068     3.33055
     2.16575     3.37635    -0.00459     0.01119     3.36975
     2.16766     3.40895    -0.00535     0.01176     3.40254
     2.16956     3.43597    -0.00620     0.01239     3.42978
     2.17147     3.45844    -0.00716     0.01308     3.45252
     2.17337     3.47757    -0.00823     0.01385     3.47195
     2.17528     3.49466    -0.00942     0.01470     3.48937
     2.17718     3.51109    -0.01072     0.01563     3.50618
     2.17909     3.52827    -0.01215     0.01665     3.52376
     2.18099     3.54758    -0.01370     0.01777     3.54350
     2.18290     3.57032    -0.01537     0.01898     3.56672
     2.18480     3.59770    -0.01716     0.02028     3.59458
     2.18671     3.63074    -0.01907     0.02168     3.62813
     2.18861     3.67025    -0.02109     0.02317     3.66817
     2.19052     3.71682    -0.02321     0.02475     3.71528
     2.19242     3.77075    -0.02542     0.02640     3.76977
     2.19433     3.83207    -0.02770     0.02813     3.83164
     2.19623     3.90048    -0.03004     0.02991     3.90061
     2.19814     3.97539    -0.03241     0.03173     3.97607
     2.20004     4.05590    -0.03481     0.03358     4.05713
     2.20195     4.14085    -0.03719     0.03543     4.14261
     2.20385     4.22878    -0.03955     0.03727     4.23106
     2.20575     4.31805    -0.04185     0.03908     4.32082
     2.20766     4.40679    -0.04407     0.04082     4.41004
     2.20956     4.49302    -0.04618     0.04248     4.49671
     2.21147     4.57467    -0.04815     0.04404     4.57878
     2.21337     4.64963    -0.04997     0.04548     4.65412
     2.21528     4.71582    -0.05159     0.04676     4.72065
     2.21718     4.77125    -0.05301     0.04787     4.77639
     2.21909     4.81404    -0.05420     0.04880     4.81945
     2.22099     4.84253    -0.05515     0.04952     4.84816
     2.22290     4.85525    -0.05584     0.05003     4.86107
     2.22480     4.85104    -0.05627     0.05032     4.85699
     2.22671     4.82900    -0.05642     0.05037     4.83505
     2.22861     4.78857    -0.05629     0.05019     4.79467
     2.23052     4.72952    -0.05589     0.04977     4.73564
     2.23242     4.65196    -0.05522     0.04913     4.65805
     2.23433     4.55631    -0.05429     0.04826     4.56234
     2.23623     4.44333    -0.05312     0.04718     4.44926
     2.23814     4.31405    -0.05171     0.04591     4.31986
     2.24004     4.16979    -0.05010     0.04446     4.17543
     2.24195     4.01206    -0.04830     0.04284     4.01752
     2.24385     3.84258    -0.04634     0.04109     3.84783
     2.24576     3.66320    -0.04424     0.03921     3.66823
     2.24766     3.47589    -0.04203     0.03724     3.48068
     2.24957     3.28264    -0.03974     0.03520     3.28718
     2.25147     3.08547    -0.03739     0.03311     3.08974
     2.25337     2.88635    -0.03500     0.03099     2.89036
     2.25528     2.68719    -0.03260     0.02887     2.69093
     2.25718     2.48979    -0.03023     0.02676     2.49325
     2.25909     2.29580    -0.02788     0.02468     2.29900
     2.26099     2.10672    -0.02560     0.02266     2.10966
     2.26290     1.92388    -0.02338     0.02070     1.92657
     2.26480     1.74841    -0.02126     0.01881     1.75085
     2.26671     1.58124    -0.01923     0.01702     1.58346
     2.26861     1.42312    -0.01731     0.01532     1.42512
     2.27052     1.27459    -0.01551     0.01372     1.27638
     2.27242     1.13602    -0.01382     0.01223     1.13761
     2.27433     1.00758    -0.01226     0.01085     1.00899
     2.27623     0.88931    -0.01082     0.00958     0.89056
     2.27814     0.78110    -0.00951     0.00841     0.78219
     2.28004     0.68271    -0.00831     0.00735     0.68367
     2.28195     0.59381    -0.00723     0.00640     0.59464
     2.28385     0.51396    -0.00626     0.00554     0.51468
     2.28576     0.44268    -0.00539     0.00477     0.44330
     2.28766     0.37942    -0.00462     0.00409     0.37996
     2.28957     0.32362    -0.00394     0.00349     0.32407
     2.29147     0.27467    -0.00334     0.00296     0.27506
     2.29338     0.23199    -0.00282     0.00250     0.23232
     2.29528     0.19499    -0.00237     0.00210     0.19526
     2.29719     0.16308    -0.00199     0.00176     0.16331
     2.29909     0.13573    -0.00165     0.00146     0.13592
     2.30099     0.11242    -0.00137     0.00121     0.11258
     2.30290     0.09265    -0.00113     0.00100     0.09278
     2.30480     0.07599    -0.00093     0.00082     0.07610
     2.30671     0.06202    -0.00076     0.00067     0.06211
     2.30861     0.05037    -0.00061     0.00054     0.05044
     2.31052     0.04071    -0.00050     0.00044     0.04077
     2.31242     0.03274    -0.00040     0.00035     0.03279
     2.31433     0.02620    -0.00032     0.00028     0.02624
     2.31623     0.02087    -0.00025     0.00022     0.02090
     2.31814     0.01654    -0.00020     0.00018     0.01656
     2.32004     0.01304    -0.00016     0.00014     0.01306
     2.32195     0.01023    -0.00012     0.00011     0.01025
     2.32385     0.00799    -0.00010     0.00009     0.00800
     2.32576     0.00621    -0.00008     0.00007     0.00622
     2.32766     0.00480    -0.00006     0.00005     0.00481
     2.32957     0.00370    -0.00005     0.00004     0.00370
     2.33147     0.00283    -0.00003     0.00003     0.00283
     2.33338     0.00216    -0.00003     0.00002     0.00216
     2.33528     0.00164    -0.00002     0.00002     0.00164
     2.33719     0.00123    -0.00002     0.00001     0.00124
     2.33909     0.00093    -0.00001     0.00001     0.00093
     2.34100     0.00069    -0.00001     0.00001     0.00069
     2.34290     0.00052    -0.00001     0.00001     0.00052
     2.34481     0.00038    -0.00000     0.00000     0.00038
     2.34671     0.00028    -0.00000     0.00000     0.00028
     2.34861     0.00021    -0.00000     0.00000     0.00021
     2.35052     0.00015    -0.00000     0.00000     0.00015
     2.35242     0.00011    -0.00000     0.00000     0.00011
     2.35433     0.00008    -0.00000     0.00000     0.00008
     2.35623     0.00006    -0.00000     0.00000     0.00006
     2.35814     0.00004    -0.00000     0.00000     0.00004
     2.36004     0.00003    -0.00000     0.00000     0.00003
     2.36195     0.00002    -0.00000     0.00000     0.00002
     2.36385     0.00001    -0.00000     0.00000     0.00001
     2.36576     0.00001    -0.00000     0.00000     0.00001
     2.36766     0.00001    -0.00000     0.00000     0.00001
     2.36957     0.00000    -0.00000     0.00000     0.00000
     2.37147     0.00000    -0.00000     0.00000     0.00000
     2.37338     0.00000    -0.00000     0.00000     0.00000
     2.37528     0.00000    -0.00000     0.00000     0.00000
     2.37719     0.00000    -0.00000     0.00000     0.00000
     2.37909     0.00000    -0.00000     0.00000     0.00000
     2.38100     0.00000    -0.00000     0.00000     0.00000
     2.38290     0.00000    -0.00000     0.00000     0.00000
     2.38481     0.00000    -0.00000     0.00000     0.00000
     2.38671     0.00000    -0.00000     0.00000     0.00000
     2.38862     0.00000    -0.00000     0.00000     0.00000
     2.39052     0.00000     0.00000     0.00000     0.00000
     2.39243     0.00000     0.00000     0.00000     0.00000
     2.39433     0.00000     0.00000     0.00000     0.00000
     2.39623     0.00000     0.00000     0.00000     0.00000
     2.39814     0.00000     0.00000     0.00000     0.00000
     2.40004     0.00000     0.00000     0.00000     0.00000
     2.40195     0.00000     0.00000     0.00000     0.00000
     2.40385     0.00000     0.00000     0.00000     0.00000
     2.40576     0.00000     0.00000     0.00000     0.00000
     2.40766     0.00000     0.00000     0.00000     0.00000
     2.40957     0.00000     0.00000     0.00000     0.00000
     2.41147     0.00000     0.00000     0.00000     0.00000
     2.41338     0.00000     0.00000     0.00000     0.00000
     2.41528     0.00000     0.00000     0.00000     0.00000
     2.41719     0.00000     0.00000     0.00000     0.00000
     2.41909     0.00000     0.00000     0.00000     0.00000
     2.42100     0.00000     0.00000     0.00000     0.00000
     2.42290     0.00000     0.00000     0.00000     0.00000
     2.42481     0.00000     0.00000     0.00000     0.00000
     2.42671     0.00000     0.00000     0.00000     0.00000
     2.42862     0.00000     0.00000     0.00000     0.00000
     2.43052     0.00000     0.00000     0.00000     0.00000
     2.43243     0.00000     0.00000     0.00000     0.00000
     2.43433     0.00000     0.00000     0.00000     0.00000
     2.43624     0.00000     0.00000     0.00000     0.00000
     2.43814     0.00000     0.00000     0.00000     0.00000
     2.44004     0.00000     0.00000     0.00000     0.00000
     2.44195     0.00000     0.00000     0.00000     0.00000
     2.44385     0.00000     0.00000     0.00000     0.00000
     2.44576     0.00000     0.00000     0.00000     0.00000
     2.44766     0.00000     0.00000     0.00000     0.00000
     2.44957     0.00000     0.00000     0.00000     0.00000
     2.45147     0.00000     0.00000     0.00000     0.00000
     2.45338     0.00000     0.00000     0.00000     0.00000
     2.45528     0.00000     0.00000     0.00000     0.00000
     2.45719     0.00000     0.00000     0.00000     0.00000
     2.45909     0.00000     0.00000     0.00000     0.00000
     2.46100     0.00000     0.00000     0.00000     0.00000
     2.46290     0.00000     0.00000     0.00000     0.00000
     2.46481     0.00000     0.00000     0.00000     0.00000
     2.46671     0.00000     0.00000     0.00000     0.00000
     2.46862     0.00000     0.00000     0.00000     0.00000
     2.47052     0.00000     0.00000     0.00000     0.00000
     2.47243     0.00000     0.00000     0.00000     0.00000
     2.47433     0.00000     0.00000     0.00000     0.00000
     2.47624     0.00000     0.00000     0.00000     0.00000
     2.47814     0.00000     0.00000     0.00000     0.00000
     2.48005     0.00000     0.00000     0.00000     0.00000
     2.48195     0.00000     0.00000     0.00000     0.00000
     2.48386     0.00000     0.00000     0.00000     0.00000
     2.48576     0.00000     0.00000     0.00000     0.00000
     2.48766     0.00000     0.00000     0.00000     0.00000
     2.48957     0.00000     0.00000     0.00000     0.00000
     2.49147     0.00000     0.00000     0.00000     0.00000
     2.49338     0.00000     0.00000     0.00000     0.00000
     2.49528     0.00000     0.00000     0.00000     0.00000
     2.49719     0.00000     0.00000     0.00000     0.00000
     2.49909     0.00000     0.00000     0.00000     0.00000
     2.50100     0.00000     0.00000     0.00000     0.00000
     2.50290     0.00000     0.00000     0.00000     0.00000
     2.50481     0.00000     0.00000     0.00000     0.00000
     2.50671     0.00000     0.00000     0.00000     0.00000
     2.50862     0.00000     0.00000     0.00000     0.00000
     2.51052     0.00000     0.00000     0.00000     0.00000
     2.51243     0.00000     0.00000     0.00000     0.00000
     2.51433     0.00000     0.00000     0.00000     0.00000
     2.51624     0.00000     0.00000     0.00000     0.00000
     2.51814     0.00000     0.00000     0.00000     0.00000
     2.52005     0.00000     0.00000     0.00000     0.00000
     2.52195     0.00000     0.00000     0.00000     0.00000
     2.52386     0.00000     0.00000     0.00000     0.00000
     2.52576     0.00000     0.00000     0.00000     0.00000
     2.52767     0.00000     0.00000     0.00000     0.00000
     2.52957     0.00000     0.00000     0.00000     0.00000
     2.53148     0.00000     0.00000     0.00000     0.00000
     2.53338     0.00000     0.00000     0.00000     0.00000
     2.53528     0.00000     0.00000     0.00000     0.00000
     2.53719     0.00000     0.00000     0.00000     0.00000
     2.53909     0.00000     0.00000     0.00000     0.00000
     2.54100     0.00000     0.00000     0.00000     0.00000
     2.54290     0.00000     0.00000     0.00000     0.00000
     2.54481     0.00000     0.00000     0.00000     0.00000
     2.54671     0.00000     0.00000     0.00000     0.00000
     2.54862     0.00000     0.00000     0.00000     0.00000
     2.55052     0.00000     0.00000     0.00000     0.00000
     2.55243     0.00000     0.00000     0.00000     0.00000
     2.55433     0.00000     0.00000     0.00000     0.00000
     2.55624     0.00000     0.00000     0.00000     0.00000
     2.55814     0.00000     0.00000     0.00000     0.00000
     2.56005     0.00000     0.00000     0.00000     0.00000
     2.56195     0.00000     0.00000     0.00000     0.00000
     2.56386     0.00000     0.00000     0.00000     0.00000
     2.56576     0.00000     0.00000     0.00000     0.00000
     2.56767     0.00000     0.00000     0.00000     0.00000
     2.56957     0.00000     0.00000     0.00000     0.00000
     2.57148     0.00000     0.00000     0.00000     0.00000
     2.57338     0.00000     0.00000     0.00000     0.00000
     2.57529     0.00000     0.00000     0.00000     0.00000
     2.57719     0.00000     0.00000     0.00000     0.00000
     2.57910     0.00000     0.00000     0.00000     0.00000
     2.58100     0.00000    -0.00000     0.00000     0.00000
     2.58290     0.00000    -0.00000     0.00000     0.00000
     2.58481     0.00000    -0.00000     0.00000     0.00000
     2.58671     0.00000    -0.00000     0.00000     0.00000
     2.58862     0.00000    -0.00000     0.00000     0.00000
     2.59052     0.00000    -0.00000     0.00000     0.00000
     2.59243     0.00000    -0.00000     0.00000     0.00000
     2.59433     0.00000     0.00000     0.00000     0.00000
     2.59624     0.00000     0.00000     0.00000     0.00000
     2.59814     0.00000     0.00000     0.00000     0.00000
     2.60005     0.00000     0.00000     0.00000     0.00000
     2.60195     0.00000     0.00000     0.00000     0.00000
     2.60386     0.00001     0.00000     0.00000     0.00001
     2.60576     0.00001     0.00000     0.00000     0.00001
     2.60767     0.00001     0.00000     0.00000     0.00001
     2.60957     0.00002     0.00000     0.00000     0.00002
     2.61148     0.00002     0.00000     0.00000     0.00002
     2.61338     0.00003     0.00000     0.00000     0.00003
     2.61529     0.00004     0.00000     0.00000     0.00004
     2.61719     0.00006     0.00000     0.00000     0.00006
     2.61910     0.00008     0.00000     0.00000     0.00008
     2.62100     0.00012     0.00000     0.00000     0.00011
     2.62291     0.00016     0.00000     0.00000     0.00016
     2.62481     0.00022     0.00000     0.00000     0.00022
     2.62672     0.00030     0.00000     0.00000     0.00030
     2.62862     0.00041     0.00000     0.00000     0.00041
     2.63052     0.00055     0.00000     0.00000     0.00055
     2.63243     0.00074     0.00000     0.00000     0.00074
     2.63433     0.00100     0.00000     0.00000     0.00100
     2.63624     0.00133     0.00000     0.00000     0.00133
     2.63814     0.00177     0.00000     0.00000     0.00177
     2.64005     0.00234     0.00000     0.00001     0.00234
     2.64195     0.00309     0.00000     0.00001     0.00308
     2.64386     0.00405     0.00000     0.00001     0.00404
     2.64576     0.00528     0.00000     0.00001     0.00527
     2.64767     0.00686     0.00000     0.00002     0.00684
     2.64957     0.00886     0.00000     0.00002     0.00884
     2.65148     0.01140     0.00000     0.00003     0.01137
     2.65338     0.01460     0.00000     0.00003     0.01456
     2.65529     0.01861     0.00000     0.00004     0.01856
     2.65719     0.02360     0.00000     0.00005     0.02355
     2.65910     0.02980     0.00000     0.00007     0.02973
     2.66100     0.03745     0.00000     0.00009     0.03736
     2.66291     0.04684     0.00000     0.00011     0.04673
     2.66481     0.05831     0.00000     0.00013     0.05818
     2.66672     0.07226     0.00000     0.00016     0.07210
     2.66862     0.08912     0.00000     0.00020     0.08892
     2.67053     0.10941     0.00000     0.00024     0.10917
     2.67243     0.13369     0.00000     0.00029     0.13340
     2.67434     0.16261     0.00000     0.00036     0.16225
     2.67624     0.19686     0.00000     0.00043     0.19643
     2.67814     0.23721     0.00000     0.00051     0.23670
     2.68005     0.28452     0.00000     0.00061     0.28391
     2.68195     0.33967     0.00000     0.00072     0.33895
     2.68386     0.40364     0.00000     0.00085     0.40279
     2.68576     0.47744     0.00000     0.00100     0.47644
     2.68767     0.56213     0.00000     0.00117     0.56095
     2.68957     0.65877     0.00000     0.00137     0.65741
     2.69148     0.76848     0.00000     0.00158     0.76689
     2.69338     0.89232     0.00000     0.00182     0.89049
     2.69529     1.03135     0.00000     0.00209     1.02926
     2.69719     1.18657     0.00000     0.00239     1.18418
     2.69910     1.35888     0.00000     0.00272     1.35616
     2.70100     1.54909     0.00000     0.00308     1.54601
     2.70291     1.75785     0.00000     0.00346     1.75438
     2.70481     1.98562     0.00000     0.00388     1.98174
     2.70672     2.23269     0.00000     0.00433     2.22836
     2.70862     2.49909     0.00000     0.00481     2.49428
     2.71053     2.78458     0.00000     0.00532     2.77926
     2.71243     3.08863     0.00000     0.00585     3.08278
     2.71434     3.41041     0.00000     0.00641     3.40401
     2.71624     3.74877     0.00000     0.00698     3.74178
     2.71815     4.10219     0.00000     0.00758     4.09462
     2.72005     4.46886     0.00000     0.00818     4.46068
     2.72195     4.84660     0.00000     0.00879     4.83780
     2.72386     5.23294     0.00001     0.00940     5.22353
     2.72576     5.62511     0.00001     0.01001     5.61509
     2.72767     6.02009     0.00001     0.01061     6.00947
     2.72957     6.41462     0.00001     0.01119     6.40341
     2.73148     6.80529     0.00002     0.01175     6.79352
     2.73338     7.18858     0.00002     0.01229     7.17628
     2.73529     7.56091     0.00003     0.01278     7.54810
     2.73719     7.91871     0.00003     0.01324     7.90544
     2.73910     8.25849     0.00004     0.01365     8.24480
     2.74100     8.57693     0.00005     0.01400     8.56288
     2.74291     8.87091     0.00006     0.01430     8.85654
     2.74481     9.13762     0.00008     0.01455     9.12299
     2.74672     9.37456     0.00010     0.01473     9.35973
     2.74862     9.57966     0.00012     0.01485     9.56469
     2.75053     9.75129     0.00015     0.01490     9.73624
     2.75243     9.88829     0.00018     0.01489     9.87323
     2.75434     9.99003     0.00022     0.01481     9.97500
     2.75624    10.05639     0.00026     0.01468    10.04145
     2.75815    10.08777     0.00031     0.01449    10.07297
     2.76005    10.08508     0.00037     0.01425    10.07047
     2.76196    10.04975     0.00043     0.01395    10.03536
     2.76386     9.98364     0.00051     0.01362     9.96951
     2.76577     9.88905     0.00060     0.01325     9.87520
     2.76767     9.76863     0.00070     0.01285     9.75508
     2.76957     9.62535     0.00081     0.01243     9.61211
     2.77148     9.46242     0.00094     0.01200     9.44949
     2.77338     9.28323     0.00108     0.01155     9.27060
     2.77529     9.09127     0.00123     0.01111     9.07893
     2.77719     8.89005     0.00140     0.01068     8.87798
     2.77910     8.68309     0.00158     0.01026     8.67125
     2.78100     8.47375     0.00178     0.00985     8.46212
     2.78291     8.26528     0.00200     0.00948     8.25381
     2.78481     8.06069     0.00222     0.00913     8.04933
     2.78672     7.86272     0.00247     0.00882     7.85143
     2.78862     7.67382     0.00272     0.00855     7.66255
     2.79053     7.49610     0.00299     0.00831     7.48480
     2.79243     7.33133     0.00326     0.00812     7.31995
     2.79434     7.18090     0.00354     0.00797     7.16938
     2.79624     7.04583     0.00382     0.00786     7.03414
     2.79815     6.92680     0.00411     0.00780     6.91489
     2.80005     6.82415     0.00439     0.00777     6.81198
     2.80196     6.73788     0.00467     0.00779     6.72542
     2.80386     6.66775     0.00494     0.00783     6.65497
     2.80577     6.61323     0.00519     0.00791     6.60012
     2.80767     6.57363     0.00543     0.00802     6.56018
     2.80958     6.54808     0.00564     0.00816     6.53427
     2.81148     6.53560     0.00583     0.00832     6.52145
     2.81339     6.53516     0.00599     0.00849     6.52068
     2.81529     6.54572     0.00612     0.00869     6.53092
     2.81719     6.56625     0.00620     0.00889     6.55116
     2.81910     6.59579     0.00625     0.00910     6.58044
     2.82100     6.63346     0.00626     0.00932     6.61789
     2.82291     6.67852     0.00621     0.00954     6.66277
     2.82481     6.73035     0.00613     0.00976     6.71446
     2.82672     6.78846     0.00599     0.00998     6.77249
     2.82862     6.85251     0.00581     0.01019     6.83650
     2.83053     6.92228     0.00559     0.01041     6.90629
     2.83243     6.99766     0.00531     0.01062     6.98173
     2.83434     7.07862     0.00499     0.01082     7.06280
     2.83624     7.16518     0.00464     0.01102     7.14953
     2.83815     7.25739     0.00424     0.01121     7.24194
     2.84005     7.35525     0.00381     0.01140     7.34004
     2.84196     7.45871     0.00335     0.01158     7.44379
     2.84386     7.56763     0.00287     0.01175     7.55301
     2.84577     7.68171     0.00236     0.01192     7.66743
     2.84767     7.80049     0.00184     0.01208     7.78657
     2.84958     7.92332     0.00131     0.01223     7.90978
     2.85148     8.04933     0.00077     0.01237     8.03619
     2.85339     8.17744     0.00024     0.01250     8.16470
     2.85529     8.30634    -0.00030     0.01263     8.29401
     2.85720     8.43454    -0.00082     0.01274     8.42262
     2.85910     8.56032    -0.00133     0.01284     8.54881
     2.86101     8.68185    -0.00183     0.01293     8.67075
     2.86291     8.79716    -0.00231     0.01300     8.78647
     2.86481     8.90423    -0.00277     0.01306     8.89394
     2.86672     9.00101    -0.00322     0.01311     8.99112
     2.86862     9.08550    -0.00365     0.01314     9.07601
     2.87053     9.15580    -0.00406     0.01316     9.14671
     2.87243     9.21019    -0.00447     0.01317     9.20149
     2.87434     9.24715    -0.00486     0.01316     9.23885
     2.87624     9.26544    -0.00525     0.01315     9.25754
     2.87815     9.26413    -0.00564     0.01313     9.25664
     2.88005     9.24266    -0.00604     0.01311     9.23559
     2.88196     9.20087    -0.00645     0.01309     9.19423
     2.88386     9.13898    -0.00689     0.01308     9.13279
     2.88577     9.05764    -0.00735     0.01308     9.05192
     2.88767     8.95791    -0.00785     0.01309     8.95268
     2.88958     8.84125    -0.00840     0.01312     8.83653
     2.89148     8.70947    -0.00900     0.01318     8.70529
     2.89339     8.56472    -0.00967     0.01328     8.56111
     2.89529     8.40943    -0.01039     0.01341     8.40642
     2.89720     8.24625    -0.01120     0.01357     8.24388
     2.89910     8.07801    -0.01207     0.01379     8.07629
     2.90101     7.90760    -0.01303     0.01405     7.90658
     2.90291     7.73797    -0.01407     0.01436     7.73769
     2.90482     7.57201    -0.01520     0.01472     7.57249
     2.90672     7.41251    -0.01640     0.01512     7.41378
     2.90863     7.26206    -0.01767     0.01558     7.26416
     2.91053     7.12304    -0.01902     0.01607     7.12599
     2.91243     6.99753    -0.02043     0.01661     7.00135
     2.91434     6.88728    -0.02189     0.01717     6.89200
     2.91624     6.79367    -0.02339     0.01776     6.79931
     2.91815     6.71772    -0.02492     0.01836     6.72428
     2.92005     6.66000    -0.02646     0.01896     6.66750
     2.92196     6.62072    -0.02799     0.01955     6.62916
     2.92386     6.59965    -0.02950     0.02012     6.60904
     2.92577     6.59621    -0.03097     0.02065     6.60653
     2.92767     6.60945    -0.03238     0.02113     6.62070
     2.92958     6.63809    -0.03371     0.02155     6.65025
     2.93148     6.68057    -0.03494     0.02189     6.69361
     2.93339     6.73507    -0.03605     0.02215     6.74897
     2.93529     6.79958    -0.03703     0.02230     6.81431
     2.93720     6.87194    -0.03787     0.02234     6.88746
     2.93910     6.94987    -0.03854     0.02227     6.96614
     2.94101     7.03103    -0.03904     0.02207     7.04801
     2.94291     7.11309    -0.03937     0.02174     7.13071
     2.94482     7.19371    -0.03950     0.02128     7.21193
     2.94672     7.27061    -0.03945     0.02069     7.28937
     2.94863     7.34162    -0.03921     0.01997     7.36086
     2.95053     7.40470    -0.03879     0.01913     7.42435
     2.95244     7.45791    -0.03818     0.01818     7.47791
     2.95434     7.49951    -0.03741     0.01711     7.51980
     2.95624     7.52793    -0.03647     0.01596     7.54844
     2.95815     7.54179    -0.03538     0.01472     7.56245
     2.96005     7.53989    -0.03416     0.01341     7.56064
     2.96196     7.52127    -0.03282     0.01206     7.54203
     2.96386     7.48515    -0.03138     0.01067     7.50586
     2.96577     7.43097    -0.02985     0.00926     7.45157
     2.96767     7.35838    -0.02827     0.00785     7.37880
     2.96958     7.26724    -0.02663     0.00646     7.28741
     2.97148     7.15761    -0.02497     0.00510     7.17748
     2.97339     7.02977    -0.02330     0.00379     7.04928
     2.97529     6.88418    -0.02163     0.00253     6.90327
     2.97720     6.72150    -0.01998     0.00135     6.74013
     2.97910     6.54258    -0.01837     0.00025     6.56070
     2.98101     6.34843    -0.01681    -0.00075     6.36600
     2.98291     6.14025    -0.01531    -0.00166     6.15722
     2.98482     5.91935    -0.01387    -0.00247     5.93569
     2.98672     5.68720    -0.01250    -0.00318     5.70288
     2.98863     5.44537    -0.01122    -0.00378     5.46037
     2.99053     5.19552    -0.01001    -0.00428     5.20981
     2.99244     4.93938    -0.00890    -0.00467     4.95295
     2.99434     4.67873    -0.00787    -0.00497     4.69157
     2.99625     4.41536    -0.00692    -0.00518     4.42746
     2.99815     4.15104    -0.00606    -0.00531     4.16240
     3.00006     3.88753    -0.00528    -0.00536     3.89816
     3.00196     3.62651    -0.00458    -0.00533     3.63642
     3.00386     3.36958    -0.00395    -0.00525     3.37878
     3.00577     3.11825    -0.00339    -0.00512     3.12676
     3.00767     2.87389    -0.00290    -0.00494     2.88172
     3.00958     2.63773    -0.00246    -0.00472     2.64491
     3.01148     2.41084    -0.00208    -0.00448     2.41740
     3.01339     2.19415    -0.00175    -0.00421     2.20012
     3.01529     1.98839    -0.00147    -0.00393     1.99380
     3.01720     1.79415    -0.00122    -0.00365     1.79902
     3.01910     1.61183    -0.00102    -0.00336     1.61620
     3.02101     1.44166    -0.00084    -0.00307     1.44557
     3.02291     1.28375    -0.00069    -0.00279     1.28723
     3.02482     1.13803    -0.00056    -0.00252     1.14111
     3.02672     1.00431    -0.00046    -0.00226     1.00703
     3.02863     0.88230    -0.00037    -0.00202     0.88469
     3.03053     0.77158    -0.00030    -0.00179     0.77366
     3.03244     0.67166    -0.00024    -0.00158     0.67348
     3.03434     0.58199    -0.00019    -0.00138     0.58357
     3.03625     0.50197    -0.00015    -0.00121     0.50332
     3.03815     0.43093    -0.00012    -0.00105     0.43210
     3.04006     0.36822    -0.00009    -0.00090     0.36922
     3.04196     0.31317    -0.00007    -0.00077     0.31402
     3.04387     0.26510    -0.00006    -0.00066     0.26581
     3.04577     0.22334    -0.00004    -0.00056     0.22395
     3.04768     0.18728    -0.00003    -0.00047     0.18778
     3.04958     0.15629    -0.00003    -0.00040     0.15672
     3.05148     0.12982    -0.00002    -0.00033     0.13017
     3.05339     0.10731    -0.00002    -0.00027     0.10760
     3.05529     0.08828    -0.00001    -0.00023     0.08852
     3.05720     0.07228    -0.00001    -0.00019     0.07248
     3.05910     0.05890    -0.00001    -0.00015     0.05906
     3.06101     0.04777    -0.00000    -0.00012     0.04790
     3.06291     0.03856    -0.00000    -0.00010     0.03866
     3.06482     0.03097    -0.00000    -0.00008     0.03106
     3.06672     0.02477    -0.00000    -0.00006     0.02484
     3.06863     0.01972    -0.00000    -0.00005     0.01977
     3.07053     0.01563    -0.00000    -0.00004     0.01567
     3.07244     0.01234    -0.00000    -0.00003     0.01237
     3.07434     0.00972    -0.00000    -0.00003     0.00974
     3.07625     0.00764    -0.00000    -0.00002     0.00766
     3.07815     0.00601    -0.00000    -0.00001     0.00602
     3.08006     0.00474    -0.00000    -0.00001     0.00475
     3.08196     0.00379     0.00000    -0.00001     0.00379
     3.08387     0.00308     0.00000    -0.00001     0.00309
     3.08577     0.00259     0.00000    -0.00000     0.00260
     3.08768     0.00229     0.00000    -0.00000     0.00230
     3.08958     0.00216     0.00000     0.00000     0.00216
     3.09149     0.00219     0.00000     0.00000     0.00219
     3.09339     0.00238     0.00000     0.00000     0.00238
     3.09530     0.00274     0.00000     0.00001     0.00273
     3.09720     0.00327     0.00000     0.00001     0.00326
     3.09910     0.00402     0.00000     0.00001     0.00401
     3.10101     0.00501     0.00000     0.00002     0.00499
     3.10291     0.00628     0.00000     0.00002     0.00626
     3.10482     0.00789     0.00000     0.00003     0.00786
     3.10672     0.00991     0.00001     0.00003     0.00987
     3.10863     0.01241     0.00001     0.00004     0.01236
     3.11053     0.01549     0.00001     0.00005     0.01543
     3.11244     0.01925     0.00001     0.00006     0.01917
     3.11434     0.02381     0.00001     0.00008     0.02372
     3.11625     0.02933     0.00002     0.00010     0.02922
     3.11815     0.03595     0.00002     0.00012     0.03581
     3.12006     0.04385     0.00003     0.00014     0.04368
     3.12196     0.05323     0.00003     0.00017     0.05303
     3.12387     0.06431     0.00004     0.00021     0.06406
     3.12577     0.07731     0.00005     0.00025     0.07701
     3.12768     0.09248     0.00006     0.00030     0.09212
     3.12958     0.11009     0.00007     0.00036     0.10966
     3.13149     0.13042     0.00008     0.00043     0.12991
     3.13339     0.15374     0.00010     0.00050     0.15314
     3.13530     0.18035     0.00011     0.00059     0.17965
     3.13720     0.21053     0.00013     0.00069     0.20971
     3.13911     0.24456     0.00015     0.00080     0.24361
     3.14101     0.28271     0.00017     0.00092     0.28161
     3.14292     0.32521     0.00020     0.00106     0.32395
     3.14482     0.37228     0.00023     0.00122     0.37083
     3.14672     0.42407     0.00026     0.00138     0.42243
     3.14863     0.48072     0.00030     0.00157     0.47885
     3.15053     0.54228     0.00034     0.00177     0.54017
     3.15244     0.60874     0.00038     0.00199     0.60638
     3.15434     0.68002     0.00042     0.00222     0.67738
     3.15625     0.75595     0.00047     0.00247     0.75302
     3.15815     0.83628     0.00052     0.00273     0.83303
     3.16006     0.92065     0.00057     0.00300     0.91708
     3.16196     1.00863     0.00062     0.00329     1.00471
     3.16387     1.09967     0.00068     0.00359     1.09540
     3.16577     1.19314     0.00074     0.00389     1.18851
     3.16768     1.28832     0.00080     0.00420     1.28332
     3.16958     1.38443     0.00086     0.00451     1.37906
     3.17149     1.48059     0.00091     0.00483     1.47485
     3.17339     1.57592     0.00097     0.00514     1.56981
     3.17530     1.66945     0.00103     0.00544     1.66298
     3.17720     1.76024     0.00109     0.00573     1.75342
     3.17911     1.84734     0.00114     0.00602     1.84019
     3.18101     1.92984     0.00119     0.00628     1.92237
     3.18292     2.00686     0.00124     0.00653     1.99910
     3.18482     2.07764     0.00128     0.00675     2.06961
     3.18673     2.14150     0.00132     0.00696     2.13323
     3.18863     2.19788     0.00135     0.00713     2.18940
     3.19054     2.24639     0.00138     0.00728     2.23773
     3.19244     2.28678     0.00140     0.00740     2.27798
     3.19434     2.31899     0.00142     0.00749     2.31008
     3.19625     2.34316     0.00143     0.00755     2.33418
     3.19815     2.35961     0.00143     0.00758     2.35059
     3.20006     2.36886     0.00144     0.00759     2.35984
     3.20196     2.37164     0.00143     0.00757     2.36264
     3.20387     2.36884     0.00142     0.00753     2.35989
     3.20577     2.36154     0.00141     0.00747     2.35266
     3.20768     2.35095     0.00140     0.00739     2.34217
     3.20958     2.33843     0.00138     0.00730     2.32975
     3.21149     2.32542     0.00136     0.00720     2.31687
     3.21339     2.31344     0.00134     0.00710     2.30501
     3.21530     2.30404     0.00132     0.00699     2.29573
     3.21720     2.29874     0.00130     0.00690     2.29055
     3.21911     2.29906     0.00128     0.00681     2.29097
     3.22101     2.30639     0.00126     0.00673     2.29839
     3.22292     2.32204     0.00125     0.00668     2.31411
     3.22482     2.34712     0.00124     0.00664     2.33924
     3.22673     2.38259     0.00124     0.00663     2.37472
     3.22863     2.42916     0.00124     0.00665     2.42127
     3.23054     2.48729     0.00125     0.00669     2.47935
     3.23244     2.55718     0.00126     0.00677     2.54916
     3.23435     2.63874     0.00128     0.00687     2.63059
     3.23625     2.73157     0.00130     0.00701     2.72327
     3.23815     2.83499     0.00133     0.00717     2.82650
     3.24006     2.94802     0.00136     0.00736     2.93930
     3.24196     3.06940     0.00140     0.00757     3.06043
     3.24387     3.19760     0.00144     0.00780     3.18835
     3.24577     3.33086     0.00149     0.00805     3.32132
     3.24768     3.46722     0.00153     0.00831     3.45737
     3.24958     3.60455     0.00158     0.00858     3.59438
     3.25149     3.74060     0.00163     0.00885     3.73012
     3.25339     3.87306     0.00168     0.00912     3.86226
     3.25530     3.99958     0.00173     0.00937     3.98848
     3.25720     4.11783     0.00177     0.00961     4.10645
     3.25911     4.22559     0.00181     0.00984     4.21395
     3.26101     4.32075     0.00185     0.01003     4.30887
     3.26292     4.40137     0.00187     0.01019     4.38930
     3.26482     4.46574     0.00190     0.01032     4.45352
     3.26673     4.51243     0.00191     0.01042     4.50010
     3.26863     4.54027     0.00192     0.01047     4.52788
     3.27054     4.54842     0.00192     0.01047     4.53602
     3.27244     4.53637     0.00191     0.01044     4.52401
     3.27435     4.50395     0.00190     0.01036     4.49170
     3.27625     4.45136     0.00187     0.01023     4.43926
     3.27816     4.37909     0.00184     0.01006     4.36719
     3.28006     4.28798     0.00180     0.00984     4.27634
     3.28197     4.17915     0.00175     0.00959     4.16781
     3.28387     4.05400     0.00169     0.00930     4.04301
     3.28577     3.91415     0.00162     0.00897     3.90355
     3.28768     3.76142     0.00155     0.00862     3.75125
     3.28958     3.59778     0.00147     0.00824     3.58806
     3.29149     3.42530     0.00139     0.00785     3.41607
     3.29339     3.24613     0.00130     0.00743     3.23739
     3.29530     3.06242     0.00121     0.00701     3.05421
     3.29720     2.87633     0.00111     0.00658     2.86864
     3.29911     2.68994     0.00101     0.00615     2.68279
     3.30101     2.50526     0.00090     0.00572     2.49864
     3.30292     2.32418     0.00079     0.00529     2.31809
     3.30482     2.14844     0.00068     0.00488     2.14287
     3.30673     1.97964     0.00057     0.00449     1.97459
     3.30863     1.81922     0.00045     0.00411     1.81467
     3.31054     1.66842     0.00032     0.00375     1.66435
     3.31244     1.52832     0.00019     0.00341     1.52472
     3.31435     1.39983     0.00005     0.00309     1.39668
     3.31625     1.28368    -0.00009     0.00280     1.28097
     3.31816     1.18044    -0.00024     0.00253     1.17815
     3.32006     1.09056    -0.00039     0.00229     1.08866
     3.32197     1.01431    -0.00056     0.00207     1.01280
     3.32387     0.95189    -0.00073     0.00188     0.95074
     3.32578     0.90335    -0.00092     0.00171     0.90256
     3.32768     0.86867    -0.00112     0.00156     0.86824
     3.32959     0.84776    -0.00133     0.00143     0.84766
     3.33149     0.84042    -0.00155     0.00131     0.84066
     3.33339     0.84645    -0.00178     0.00122     0.84701
     3.33530     0.86554    -0.00203     0.00113     0.86643
     3.33720     0.89736    -0.00228     0.00106     0.89859
     3.33911     0.94156    -0.00255     0.00100     0.94312
     3.34101     0.99771    -0.00283     0.00094     0.99960
     3.34292     1.06536    -0.00312     0.00088     1.06759
     3.34482     1.14401    -0.00341     0.00082     1.14660
     3.34673     1.23314    -0.00371     0.00076     1.23609
     3.34863     1.33215    -0.00402     0.00070     1.33547
     3.35054     1.44042    -0.00433     0.00062     1.44412
     3.35244     1.55726    -0.00463     0.00054     1.56135
     3.35435     1.68192    -0.00493     0.00044     1.68641
     3.35625     1.81361    -0.00522     0.00032     1.81851
     3.35816     1.95148    -0.00550     0.00019     1.95680
     3.36006     2.09461    -0.00577     0.00003     2.10035
     3.36197     2.24203    -0.00602    -0.00014     2.24819
     3.36387     2.39271    -0.00624    -0.00034     2.39930
     3.36578     2.54559    -0.00645    -0.00056     2.55260
     3.36768     2.69955    -0.00663    -0.00081     2.70699
     3.36959     2.85347    -0.00678    -0.00107     2.86132
     3.37149     3.00618    -0.00690    -0.00136     3.01443
     3.37340     3.15652    -0.00699    -0.00166     3.16517
     3.37530     3.30336    -0.00704    -0.00199     3.31239
     3.37721     3.44557    -0.00706    -0.00232     3.45495
     3.37911     3.58206    -0.00704    -0.00267     3.59178
     3.38101     3.71184    -0.00700    -0.00303     3.72186
     3.38292     3.83397    -0.00691    -0.00339     3.84426
     3.38482     3.94760    -0.00680    -0.00374     3.95814
     3.38673     4.05201    -0.00665    -0.00410     4.06276
     3.38863     4.14662    -0.00647    -0.00444     4.15753
     3.39054     4.23095    -0.00627    -0.00477     4.24199
     3.39244     4.30471    -0.00605    -0.00508     4.31583
     3.39435     4.36773    -0.00580    -0.00537     4.37891
     3.39625     4.42004    -0.00554    -0.00563     4.43121
     3.39816     4.46179    -0.00526    -0.00586     4.47292
     3.40006     4.49330    -0.00498    -0.00606     4.50434
     3.40197     4.51504    -0.00468    -0.00622     4.52594
     3.40387     4.52758    -0.00438    -0.00634     4.53831
     3.40578     4.53165    -0.00408    -0.00643     4.54216
     3.40768     4.52803    -0.00379    -0.00647     4.53828
     3.40959     4.51758    -0.00349    -0.00648     4.52755
     3.41149     4.50122    -0.00321    -0.00644     4.51087
     3.41340     4.47986    -0.00293    -0.00637     4.48917
     3.41530     4.45442    -0.00266    -0.00626     4.46335
     3.41721     4.42577    -0.00241    -0.00612     4.43430
     3.41911     4.39470    -0.00217    -0.00595     4.40282
     3.42102     4.36192    -0.00194    -0.00575     4.36961
     3.42292     4.32803    -0.00173    -0.00553     4.33529
     3.42483     4.29350    -0.00154    -0.00528     4.30032
     3.42673     4.25864    -0.00136    -0.00502     4.26502
     3.42863     4.22363    -0.00119    -0.00475     4.22957
     3.43054     4.18848    -0.00104    -0.00446     4.19399
     3.43244     4.15307    -0.00091    -0.00418     4.15815
     3.43435     4.11711    -0.00078    -0.00389     4.12178
     3.43625     4.08021    -0.00068    -0.00360     4.08448
     3.43816     4.04185    -0.00058    -0.00331     4.04574
     3.44006     4.00143    -0.00049    -0.00303     4.00496
     3.44197     3.95829    -0.00042    -0.00276     3.96147
     3.44387     3.91174    -0.00035    -0.00250     3.91459
     3.44578     3.86106    -0.00030    -0.00226     3.86361
     3.44768     3.80558    -0.00025    -0.00203     3.80786
     3.44959     3.74467    -0.00021    -0.00181     3.74669
     3.45149     3.67779    -0.00017    -0.00161     3.67956
     3.45340     3.60446    -0.00014    -0.00142     3.60602
     3.45530     3.52436    -0.00012    -0.00125     3.52573
     3.45721     3.43730    -0.00009    -0.00109     3.43848
     3.45911     3.34320    -0.00008    -0.00095     3.34423
     3.46102     3.24217    -0.00006    -0.00082     3.24306
     3.46292     3.13445    -0.00005    -0.00071     3.13521
     3.46483     3.02043    -0.00004    -0.00061     3.02108
     3.46673     2.90064    -0.00003    -0.00052     2.90119
     3.46864     2.77572    -0.00003    -0.00044     2.77618
     3.47054     2.64643    -0.00002    -0.00037     2.64682
     3.47244     2.51361    -0.00002    -0.00031     2.51394
     3.47435     2.37819    -0.00001    -0.00026     2.37847
     3.47625     2.24112    -0.00001    -0.00022     2.24135
     3.47816     2.10337    -0.00001    -0.00018     2.10356
     3.48006     1.96593    -0.00001    -0.00015     1.96608
     3.48197     1.82975    -0.00000    -0.00012     1.82988
     3.48387     1.69575    -0.00000    -0.00010     1.69585
     3.48578     1.56478    -0.00000    -0.00008     1.56487
     3.48768     1.43763    -0.00000    -0.00006     1.43770
     3.48959     1.31500    -0.00000    -0.00005     1.31506
     3.49149     1.19749    -0.00000    -0.00004     1.19753
     3.49340     1.08560    -0.00000    -0.00003     1.08563
     3.49530     0.97973    -0.00000    -0.00003     0.97976
     3.49721     0.88018    -0.00000    -0.00002     0.88020
     3.49911     0.78714    -0.00000    -0.00002     0.78716
     3.50102     0.70072    -0.00000    -0.00001     0.70073
     3.50292     0.62092    -0.00000    -0.00001     0.62093
     3.50483     0.54767    -0.00000    -0.00001     0.54768
     3.50673     0.48083    -0.00000    -0.00001     0.48083
     3.50864     0.42018    -0.00000    -0.00000     0.42019
     3.51054     0.36548    -0.00000    -0.00000     0.36548
     3.51245     0.31641    -0.00000    -0.00000     0.31642
     3.51435     0.27266    -0.00000    -0.00000     0.27266
     3.51626     0.23385    -0.00000    -0.00000     0.23385
     3.51816     0.19963    -0.00000    -0.00000     0.19963
     3.52006     0.16961    -0.00000    -0.00000     0.16961
     3.52197     0.14343    -0.00000    -0.00000     0.14343
     3.52387     0.12072    -0.00000    -0.00000     0.12072
     3.52578     0.10112    -0.00000    -0.00000     0.10112
     3.52768     0.08431    -0.00000    -0.00000     0.08431
     3.52959     0.06996    -0.00000    -0.00000     0.06996
     3.53149     0.05778    -0.00000    -0.00000     0.05778
     3.53340     0.04749    -0.00000    -0.00000     0.04749
     3.53530     0.03885    -0.00000    -0.00000     0.03885
     3.53721     0.03163    -0.00000    -0.00000     0.03163
     3.53911     0.02563    -0.00000    -0.00000     0.02563
     3.54102     0.02067     0.00000    -0.00000     0.02067
     3.54292     0.01659     0.00000    -0.00000     0.01659
     3.54483     0.01325     0.00000    -0.00000     0.01325
     3.54673     0.01054     0.00000    -0.00000     0.01054
     3.54864     0.00834     0.00000    -0.00000     0.00834
     3.55054     0.00657     0.00000    -0.00000     0.00657
     3.55245     0.00515     0.00000    -0.00000     0.00515
     3.55435     0.00401     0.00000    -0.00000     0.00401
     3.55626     0.00312     0.00000    -0.00000     0.00312
     3.55816     0.00241     0.00000    -0.00000     0.00241
     3.56007     0.00185     0.00000    -0.00000     0.00185
     3.56197     0.00142     0.00000    -0.00000     0.00142
     3.56388     0.00108     0.00000    -0.00000     0.00108
     3.56578     0.00082     0.00000     0.00000     0.00082
     3.56768     0.00062     0.00000     0.00000     0.00062
     3.56959     0.00046     0.00000     0.00000     0.00046
     3.57149     0.00035     0.00000     0.00000     0.00035
     3.57340     0.00026     0.00000     0.00000     0.00026
     3.57530     0.00019     0.00000     0.00000     0.00019
     3.57721     0.00014     0.00000     0.00000     0.00014
     3.57911     0.00010     0.00000     0.00000     0.00010
     3.58102     0.00007     0.00000     0.00000     0.00007
     3.58292     0.00005     0.00000     0.00000     0.00005
     3.58483     0.00004     0.00000     0.00000     0.00004
     3.58673     0.00003     0.00000     0.00000     0.00003
     3.58864     0.00002     0.00000     0.00000     0.00002
     3.59054     0.00001     0.00000     0.00000     0.00001
     3.59245     0.00001     0.00000     0.00000     0.00001
     3.59435     0.00001     0.00000     0.00000     0.00001
     3.59626     0.00001     0.00000     0.00000     0.00001
     3.59816     0.00000     0.00000     0.00000     0.00000
     3.60007     0.00000     0.00000     0.00000     0.00000
     3.60197     0.00000     0.00000     0.00000     0.00000
     3.60388     0.00000     0.00000     0.00000     0.00000
     3.60578     0.00000     0.00000     0.00000     0.00000
     3.60769     0.00000     0.00000     0.00000     0.00000
     3.60959     0.00000     0.00000     0.00000     0.00000
     3.61150     0.00000     0.00000     0.00000     0.00000
     3.61340     0.00000     0.00000     0.00000     0.00000
     3.61530     0.00000     0.00000     0.00000     0.00000
     3.61721     0.00000     0.00000     0.00000     0.00000
     3.61911     0.00000     0.00000     0.00000     0.00000
     3.62102     0.00000     0.00000     0.00000     0.00000
     3.62292     0.00000     0.00000     0.00000     0.00000
     3.62483     0.00000     0.00000     0.00000     0.00000
     3.62673     0.00000     0.00000     0.00000     0.00000
     3.62864     0.00000     0.00000     0.00000     0.00000
     3.63054     0.00000     0.00000     0.00000     0.00000
     3.63245     0.00000     0.00000     0.00000     0.00000
     3.63435     0.00000     0.00000     0.00000     0.00000
     3.63626     0.00000     0.00000     0.00000     0.00000
     3.63816     0.00000     0.00000     0.00000     0.00000
     3.64007     0.00000     0.00000     0.00000     0.00000
     3.64197     0.00000     0.00000     0.00000     0.00000
     3.64388     0.00000     0.00000     0.00000     0.00000
     3.64578     0.00000     0.00000     0.00000     0.00000
     3.64769     0.00000     0.00000     0.00000     0.00000
     3.64959     0.00000     0.00000     0.00000     0.00000
     3.65150     0.00000     0.00000     0.00000     0.00000
     3.65340     0.00000     0.00000     0.00000     0.00000
     3.65531     0.00000     0.00000     0.00000     0.00000
     3.65721     0.00000     0.00000     0.00000     0.00000
     3.65912     0.00000     0.00000     0.00000     0.00000
     3.66102     0.00000     0.00000     0.00000     0.00000
     3.66292     0.00000     0.00000     0.00000     0.00000
     3.66483     0.00000     0.00000     0.00000     0.00000
     3.66673     0.00000     0.00000     0.00000     0.00000
     3.66864     0.00000     0.00000     0.00000     0.00000
     3.67054     0.00000     0.00000     0.00000     0.00000
     3.67245     0.00000     0.00000     0.00000     0.00000
     3.67435     0.00000     0.00000     0.00000     0.00000
     3.67626     0.00000     0.00000     0.00000     0.00000
     3.67816     0.00000     0.00000     0.00000     0.00000
     3.68007     0.00000     0.00000     0.00000     0.00000
     3.68197     0.00000     0.00000     0.00000     0.00000
     3.68388     0.00000     0.00000     0.00000     0.00000
     3.68578     0.00000     0.00000     0.00000     0.00000
     3.68769     0.00000     0.00000     0.00000     0.00000
     3.68959     0.00000     0.00000     0.00000     0.00000
     3.69150     0.00000     0.00000     0.00000     0.00000
     3.69340     0.00000     0.00000     0.00000     0.00000
     3.69531     0.00000     0.00000     0.00000     0.00000
     3.69721     0.00000     0.00000     0.00000     0.00000
     3.69912     0.00000     0.00000     0.00000     0.00000
     3.70102     0.00000     0.00000     0.00000     0.00000
     3.70293     0.00000     0.00000     0.00000     0.00000
     3.70483     0.00000     0.00000     0.00000     0.00000
     3.70674     0.00000     0.00000     0.00000     0.00000
     3.70864     0.00000     0.00000     0.00000     0.00000
     3.71054     0.00000     0.00000     0.00000     0.00000
     3.71245     0.00000     0.00000     0.00000     0.00000
     3.71435     0.00000     0.00000     0.00000     0.00000
     3.71626     0.00000     0.00000     0.00000     0.00000
     3.71816     0.00000     0.00000     0.00000     0.00000
     3.72007     0.00000     0.00000     0.00000     0.00000
     3.72197     0.00000     0.00000     0.00000     0.00000
     3.72388     0.00000     0.00000     0.00000     0.00000
     3.72578     0.00000     0.00000     0.00000     0.00000
     3.72769     0.00000     0.00000     0.00000     0.00000
     3.72959     0.00000     0.00000     0.00000     0.00000
     3.73150     0.00000     0.00000     0.00000     0.00000
     3.73340     0.00000     0.00000     0.00000     0.00000
     3.73531     0.00000     0.00000     0.00000     0.00000
     3.73721     0.00000     0.00000     0.00000     0.00000
     3.73912     0.00000     0.00000     0.00000     0.00000
     3.74102     0.00000     0.00000     0.00000     0.00000
     3.74293     0.00000     0.00000     0.00000     0.00000
     3.74483     0.00000     0.00000     0.00000     0.00000
     3.74674     0.00000     0.00000     0.00000     0.00000
     3.74864     0.00000     0.00000     0.00000     0.00000
     3.75055     0.00000     0.00000     0.00000     0.00000
     3.75245     0.00000     0.00000     0.00000     0.00000
     3.75435     0.00000     0.00000     0.00000     0.00000
     3.75626     0.00000     0.00000     0.00000     0.00000
     3.75816     0.00000     0.00000     0.00000     0.00000
     3.76007     0.00000     0.00000     0.00000     0.00000
     3.76197     0.00000     0.00000     0.00000     0.00000
     3.76388     0.00000     0.00000     0.00000     0.00000
     3.76578     0.00000     0.00000     0.00000     0.00000
     3.76769     0.00000     0.00000     0.00000     0.00000
     3.76959     0.00000     0.00000     0.00000     0.00000
     3.77150     0.00000     0.00000     0.00000     0.00000
     3.77340     0.00000     0.00000     0.00000     0.00000
     3.77531     0.00000     0.00000     0.00000     0.00000
     3.77721     0.00000     0.00000     0.00000     0.00000
     3.77912     0.00000     0.00000     0.00000     0.00000
     3.78102     0.00000     0.00000     0.00000     0.00000
     3.78293     0.00000     0.00000     0.00000     0.00000
     3.78483     0.00000     0.00000     0.00000     0.00000
     3.78674     0.00000     0.00000     0.00000     0.00000
     3.78864     0.00000     0.00000     0.00000     0.00000
     3.79055     0.00001     0.00000     0.00000     0.00001
     3.79245     0.00001     0.00000     0.00000     0.00001
     3.79436     0.00001     0.00000     0.00000     0.00001
     3.79626     0.00002     0.00000     0.00000     0.00002
     3.79817     0.00003     0.00000     0.00000     0.00003
     3.80007     0.00004     0.00000     0.00000     0.00003
     3.80197     0.00005     0.00000     0.00000     0.00005
     3.80388     0.00007     0.00000     0.00000     0.00007
     3.80578     0.00009     0.00000     0.00000     0.00009
     3.80769     0.00013     0.00000     0.00000     0.00013
     3.80959     0.00017     0.00000     0.00000     0.00017
     3.81150     0.00023     0.00000     0.00000     0.00023
     3.81340     0.00032     0.00000     0.00000     0.00031
     3.81531     0.00042     0.00000     0.00000     0.00042
     3.81721     0.00057     0.00000     0.00000     0.00056
     3.81912     0.00075     0.00001     0.00000     0.00075
     3.82102     0.00100     0.00001     0.00000     0.00099
     3.82293     0.00131     0.00001     0.00000     0.00130
     3.82483     0.00172     0.00002     0.00000     0.00170
     3.82674     0.00224     0.00002     0.00000     0.00222
     3.82864     0.00290     0.00003     0.00000     0.00287
     3.83055     0.00374     0.00003     0.00000     0.00371
     3.83245     0.00480     0.00004     0.00000     0.00476
     3.83436     0.00614     0.00005     0.00000     0.00608
     3.83626     0.00780     0.00007     0.00000     0.00773
     3.83817     0.00987     0.00009     0.00000     0.00978
     3.84007     0.01243     0.00011     0.00001     0.01232
     3.84198     0.01558     0.00014     0.00001     0.01543
     3.84388     0.01942     0.00017     0.00001     0.01924
     3.84579     0.02409     0.00021     0.00001     0.02387
     3.84769     0.02975     0.00026     0.00001     0.02947
     3.84959     0.03655     0.00032     0.00001     0.03621
     3.85150     0.04468     0.00039     0.00002     0.04427
     3.85340     0.05436     0.00048     0.00002     0.05386
     3.85531     0.06581     0.00058     0.00003     0.06520
     3.85721     0.07928     0.00070     0.00003     0.07855
     3.85912     0.09504     0.00084     0.00004     0.09417
     3.86102     0.11339     0.00100     0.00005     0.11234
     3.86293     0.13461     0.00119     0.00005     0.13337
     3.86483     0.15902     0.00140     0.00006     0.15755
     3.86674     0.18694     0.00165     0.00008     0.18522
     3.86864     0.21869     0.00193     0.00009     0.21667
     3.87055     0.25458     0.00224     0.00010     0.25223
     3.87245     0.29491     0.00260     0.00012     0.29219
     3.87436     0.33996     0.00300     0.00014     0.33682
     3.87626     0.38997     0.00344     0.00016     0.38638
     3.87817     0.44516     0.00392     0.00018     0.44106
     3.88007     0.50567     0.00446     0.00020     0.50101
     3.88198     0.57161     0.00504     0.00023     0.56634
     3.88388     0.64298     0.00567     0.00026     0.63705
     3.88579     0.71972     0.00634     0.00029     0.71309
     3.88769     0.80169     0.00706     0.00032     0.79430
     3.88960     0.88863     0.00783     0.00036     0.88044
     3.89150     0.98019     0.00864     0.00040     0.97115
     3.89341     1.07589     0.00948     0.00043     1.06597
     3.89531     1.17516     0.01036     0.00047     1.16433
     3.89721     1.27732     0.01126     0.00052     1.26555
     3.89912     1.38157     0.01218     0.00056     1.36884
     3.90102     1.48703     0.01310     0.00060     1.47332
     3.90293     1.59271     0.01404     0.00064     1.57803
     3.90483     1.69757     0.01496     0.00069     1.68192
     3.90674     1.80048     0.01587     0.00073     1.78389
     3.90864     1.90030     0.01675     0.00077     1.88279
     3.91055     1.99585     0.01759     0.00081     1.97746
     3.91245     2.08596     0.01838     0.00084     2.06674
     3.91436     2.16948     0.01912     0.00088     2.14949
     3.91626     2.24532     0.01979     0.00091     2.22463
     3.91817     2.31245     0.02038     0.00093     2.29114
     3.92007     2.36995     0.02089     0.00096     2.34811
     3.92198     2.41700     0.02130     0.00098     2.39473
     3.92388     2.45294     0.02162     0.00099     2.43034
     3.92579     2.47725     0.02183     0.00100     2.45442
     3.92769     2.48958     0.02194     0.00100     2.46664
     3.92960     2.48974     0.02194     0.00100     2.46680
     3.93150     2.47774     0.02183     0.00100     2.45490
     3.93341     2.45375     0.02162     0.00099     2.43114
     3.93531     2.41813     0.02131     0.00098     2.39585
     3.93722     2.37140     0.02090     0.00096     2.34954
     3.93912     2.31422     0.02039     0.00093     2.29289
     3.94103     2.24741     0.01980     0.00091     2.22670
     3.94293     2.17191     0.01914     0.00088     2.15190
     3.94483     2.08875     0.01840     0.00084     2.06950
     3.94674     1.99902     0.01761     0.00081     1.98060
     3.94864     1.90390     0.01677     0.00077     1.88636
     3.95055     1.80458     0.01589     0.00073     1.78796
     3.95245     1.70227     0.01499     0.00069     1.68659
     3.95436     1.59814     0.01407     0.00065     1.58342
     3.95626     1.49335     0.01314     0.00060     1.47961
     3.95817     1.38902     0.01222     0.00056     1.37624
     3.96007     1.28618     0.01130     0.00052     1.27436
     3.96198     1.18580     0.01041     0.00048     1.17492
     3.96388     1.08877     0.00954     0.00044     1.07879
     3.96579     0.99588     0.00871     0.00041     0.98677
     3.96769     0.90784     0.00791     0.00037     0.89955
     3.96960     0.82526     0.00716     0.00034     0.81776
     3.97150     0.74870     0.00646     0.00031     0.74193
     3.97341     0.67860     0.00581     0.00028     0.67251
     3.97531     0.61536     0.00521     0.00026     0.60989
     3.97722     0.55932     0.00467     0.00024     0.55442
     3.97912     0.51077     0.00418     0.00022     0.50638
     3.98103     0.46997     0.00374     0.00021     0.46602
     3.98293     0.43715     0.00337     0.00020     0.43359
     3.98484     0.41254     0.00305     0.00019     0.40930
     3.98674     0.39636     0.00278     0.00019     0.39339
     3.98864     0.38884     0.00257     0.00020     0.38608
     3.99055     0.39024     0.00241     0.00021     0.38762
     3.99245     0.40080     0.00231     0.00022     0.39827
     3.99436     0.42083     0.00226     0.00024     0.41833
     3.99626     0.45061     0.00227     0.00026     0.44808
     3.99817     0.49047     0.00232     0.00029     0.48786
     4.00007     0.54074     0.00243     0.00033     0.53798
     4.00198     0.60173     0.00259     0.00037     0.59876
     4.00388     0.67374     0.00281     0.00042     0.67052
     4.00579     0.75706     0.00307     0.00048     0.75351
     4.00769     0.85190     0.00338     0.00054     0.84798
     4.00960     0.95842     0.00375     0.00061     0.95406
     4.01150     1.07668     0.00416     0.00069     1.07183
     4.01341     1.20664     0.00463     0.00077     1.20124
     4.01531     1.34812     0.00514     0.00086     1.34211
     4.01722     1.50077     0.00570     0.00096     1.49412
     4.01912     1.66412     0.00630     0.00107     1.65675
     4.02103     1.83746     0.00694     0.00118     1.82934
     4.02293     2.01992     0.00761     0.00130     2.01101
     4.02484     2.21041     0.00832     0.00142     2.20067
     4.02674     2.40764     0.00906     0.00155     2.39704
     4.02865     2.61012     0.00981     0.00168     2.59863
     4.03055     2.81614     0.01058     0.00181     2.80375
     4.03246     3.02386     0.01136     0.00194     3.01056
     4.03436     3.23123     0.01213     0.00208     3.21702
     4.03626     3.43611     0.01290     0.00221     3.42100
     4.03817     3.63624     0.01365     0.00234     3.62025
     4.04007     3.82931     0.01438     0.00246     3.81247
     4.04198     4.01298     0.01506     0.00258     3.99534
     4.04388     4.18496     0.01571     0.00269     4.16656
     4.04579     4.34302     0.01630     0.00279     4.32392
     4.04769     4.48504     0.01683     0.00288     4.46532
     4.04960     4.60908     0.01730     0.00296     4.58882
     4.05150     4.71342     0.01769     0.00303     4.69270
     4.05341     4.79657     0.01800     0.00308     4.77549
     4.05531     4.85734     0.01823     0.00312     4.83598
     4.05722     4.89484     0.01837     0.00315     4.87332
     4.05912     4.90852     0.01842     0.00316     4.88694
     4.06103     4.89818     0.01838     0.00315     4.87665
     4.06293     4.86397     0.01826     0.00313     4.84259
     4.06484     4.80640     0.01804     0.00309     4.78527
     4.06674     4.72629     0.01774     0.00304     4.70551
     4.06865     4.62480     0.01736     0.00297     4.60447
     4.07055     4.50337     0.01690     0.00290     4.48357
     4.07246     4.36370     0.01638     0.00281     4.34451
     4.07436     4.20768     0.01579     0.00271     4.18919
     4.07627     4.03742     0.01515     0.00260     4.01967
     4.07817     3.85511     0.01447     0.00248     3.83816
     4.08008     3.66303     0.01375     0.00236     3.64693
     4.08198     3.46352     0.01300     0.00223     3.44829
     4.08388     3.25886     0.01223     0.00210     3.24453
     4.08579     3.05131     0.01145     0.00196     3.03790
     4.08769     2.84301     0.01067     0.00183     2.83051
     4.08960     2.63599     0.00989     0.00169     2.62440
     4.09150     2.43209     0.00913     0.00156     2.42140
     4.09341     2.23299     0.00838     0.00144     2.22318
     4.09531     2.04018     0.00766     0.00131     2.03121
     4.09722     1.85490     0.00696     0.00119     1.84674
     4.09912     1.67820     0.00630     0.00108     1.67082
     4.10103     1.51092     0.00567     0.00097     1.50427
     4.10293     1.35366     0.00508     0.00087     1.34771
     4.10484     1.20684     0.00453     0.00078     1.20153
     4.10674     1.07068     0.00402     0.00069     1.06597
     4.10865     0.94524     0.00355     0.00061     0.94109
     4.11055     0.83042     0.00312     0.00053     0.82677
     4.11246     0.72599     0.00272     0.00047     0.72279
     4.11436     0.63158     0.00237     0.00041     0.62880
     4.11627     0.54676     0.00205     0.00035     0.54436
     4.11817     0.47102     0.00177     0.00030     0.46895
     4.12008     0.40379     0.00152     0.00026     0.40202
     4.12198     0.34447     0.00129     0.00022     0.34295
     4.12389     0.29242     0.00110     0.00019     0.29113
     4.12579     0.24702     0.00093     0.00016     0.24594
     4.12770     0.20765     0.00078     0.00013     0.20674
     4.12960     0.17371     0.00065     0.00011     0.17294
     4.13150     0.14460     0.00054     0.00009     0.14396
     4.13341     0.11978     0.00045     0.00008     0.11925
     4.13531     0.09874     0.00037     0.00006     0.09830
     4.13722     0.08099     0.00030     0.00005     0.08064
     4.13912     0.06611     0.00025     0.00004     0.06582
     4.14103     0.05370     0.00020     0.00003     0.05346
     4.14293     0.04341     0.00016     0.00003     0.04322
     4.14484     0.03491     0.00013     0.00002     0.03476
     4.14674     0.02795     0.00010     0.00002     0.02782
     4.14865     0.02226     0.00008     0.00001     0.02216
     4.15055     0.01764     0.00007     0.00001     0.01757
     4.15246     0.01392     0.00005     0.00001     0.01386
     4.15436     0.01092     0.00004     0.00001     0.01088
     4.15627     0.00853     0.00003     0.00001     0.00849
     4.15817     0.00663     0.00002     0.00000     0.00660
     4.16008     0.00513     0.00002     0.00000     0.00511
     4.16198     0.00395     0.00001     0.00000     0.00393
     4.16389     0.00302     0.00001     0.00000     0.00301
     4.16579     0.00230     0.00001     0.00000     0.00229
     4.16770     0.00175     0.00001     0.00000     0.00174
     4.16960     0.00132     0.00000     0.00000     0.00131
     4.17151     0.00099     0.00000     0.00000     0.00099
     4.17341     0.00074     0.00000     0.00000     0.00074
     4.17532     0.00055     0.00000     0.00000     0.00055
     4.17722     0.00041     0.00000     0.00000     0.00041
     4.17912     0.00030     0.00000     0.00000     0.00030
     4.18103     0.00022     0.00000     0.00000     0.00022
     4.18293     0.00016     0.00000     0.00000     0.00016
     4.18484     0.00012     0.00000     0.00000     0.00012
     4.18674     0.00008     0.00000     0.00000     0.00008
     4.18865     0.00006     0.00000     0.00000     0.00006
     4.19055     0.00004     0.00000     0.00000     0.00004
     4.19246     0.00003     0.00000     0.00000     0.00003
     4.19436     0.00002     0.00000     0.00000     0.00002
     4.19627     0.00002     0.00000     0.00000     0.00002
     4.19817     0.00001     0.00000     0.00000     0.00001
     4.20008     0.00001     0.00000     0.00000     0.00001
     4.20198     0.00001     0.00000     0.00000     0.00001
     4.20389     0.00000     0.00000     0.00000     0.00000
     4.20579     0.00000     0.00000     0.00000     0.00000
     4.20770     0.00000     0.00000     0.00000     0.00000
     4.20960     0.00000     0.00000     0.00000     0.00000
     4.21151     0.00000     0.00000     0.00000     0.00000
     4.21341     0.00000     0.00000     0.00000     0.00000
     4.21532     0.00000     0.00000     0.00000     0.00000
     4.21722     0.00000     0.00000     0.00000     0.00000
     4.21913     0.00000     0.00000     0.00000     0.00000
     4.22103     0.00000     0.00000     0.00000     0.00000
     4.22293     0.00000     0.00000     0.00000     0.00000
     4.22484     0.00000     0.00000     0.00000     0.00000
     4.22674     0.00000     0.00000     0.00000     0.00000
     4.22865     0.00000     0.00000     0.00000     0.00000
     4.23055     0.00000     0.00000     0.00000     0.00000
     4.23246     0.00000     0.00000     0.00000     0.00000
     4.23436     0.00000     0.00000     0.00000     0.00000
     4.23627     0.00000     0.00000     0.00000     0.00000
     4.23817     0.00000     0.00000     0.00000     0.00000
     4.24008     0.00000     0.00000     0.00000     0.00000
     4.24198     0.00000     0.00000     0.00000     0.00000
     4.24389     0.00000     0.00000     0.00000     0.00000
     4.24579     0.00000     0.00000     0.00000     0.00000
     4.24770     0.00001     0.00000     0.00000     0.00001
     4.24960     0.00001     0.00000     0.00000     0.00001
     4.25151     0.00001     0.00000     0.00000     0.00001
     4.25341     0.00002     0.00000     0.00000     0.00002
     4.25532     0.00003     0.00000     0.00000     0.00003
     4.25722     0.00004     0.00000     0.00000     0.00004
     4.25913     0.00005     0.00000     0.00000     0.00005
     4.26103     0.00007     0.00000     0.00000     0.00007
     4.26294     0.00010     0.00000     0.00000     0.00010
     4.26484     0.00013     0.00000     0.00000     0.00013
     4.26675     0.00018     0.00000     0.00000     0.00018
     4.26865     0.00024     0.00000     0.00000     0.00024
     4.27055     0.00033     0.00000     0.00000     0.00032
     4.27246     0.00044     0.00000     0.00000     0.00043
     4.27436     0.00058     0.00001     0.00000     0.00058
     4.27627     0.00077     0.00001     0.00000     0.00076
     4.27817     0.00102     0.00001     0.00000     0.00101
     4.28008     0.00134     0.00001     0.00000     0.00133
     4.28198     0.00175     0.00002     0.00000     0.00173
     4.28389     0.00228     0.00002     0.00000     0.00226
     4.28579     0.00295     0.00003     0.00000     0.00292
     4.28770     0.00380     0.00004     0.00000     0.00377
     4.28960     0.00488     0.00005     0.00000     0.00483
     4.29151     0.00623     0.00006     0.00000     0.00616
     4.29341     0.00791     0.00008     0.00000     0.00783
     4.29532     0.00999     0.00010     0.00000     0.00989
     4.29722     0.01257     0.00013     0.00000     0.01244
     4.29913     0.01573     0.00016     0.00000     0.01557
     4.30103     0.01959     0.00020     0.00000     0.01939
     4.30294     0.02427     0.00024     0.00000     0.02403
     4.30484     0.02993     0.00030     0.00000     0.02963
     4.30675     0.03674     0.00037     0.00000     0.03636
     4.30865     0.04486     0.00045     0.00000     0.04441
     4.31056     0.05452     0.00055     0.00001     0.05397
     4.31246     0.06593     0.00066     0.00001     0.06526
     4.31437     0.07935     0.00080     0.00001     0.07854
     4.31627     0.09503     0.00095     0.00001     0.09406
     4.31817     0.11325     0.00114     0.00001     0.11210
     4.32008     0.13431     0.00135     0.00001     0.13295
     4.32198     0.15852     0.00159     0.00002     0.15691
     4.32389     0.18618     0.00187     0.00002     0.18429
     4.32579     0.21761     0.00219     0.00002     0.21540
     4.32770     0.25310     0.00255     0.00003     0.25053
     4.32960     0.29297     0.00295     0.00003     0.28999
     4.33151     0.33747     0.00340     0.00004     0.33404
     4.33341     0.38686     0.00390     0.00004     0.38293
     4.33532     0.44134     0.00445     0.00005     0.43685
     4.33722     0.50107     0.00505     0.00005     0.49596
     4.33913     0.56615     0.00572     0.00006     0.56038
     4.34103     0.63662     0.00643     0.00007     0.63012
     4.34294     0.71244     0.00721     0.00008     0.70515
     4.34484     0.79348     0.00804     0.00009     0.78536
     4.34675     0.87955     0.00892     0.00010     0.87053
     4.34865     0.97033     0.00986     0.00011     0.96036
     4.35056     1.06543     0.01085     0.00012     1.05447
     4.35246     1.16436     0.01188     0.00013     1.15235
     4.35437     1.26652     0.01295     0.00014     1.25343
     4.35627     1.37124     0.01405     0.00015     1.35703
     4.35818     1.47776     0.01519     0.00017     1.46240
     4.36008     1.58524     0.01634     0.00018     1.56871
     4.36199     1.69279     0.01751     0.00020     1.67508
     4.36389     1.79947     0.01869     0.00021     1.78057
     4.36579     1.90432     0.01986     0.00023     1.88423
     4.36770     2.00636     0.02102     0.00025     1.98509
     4.36960     2.10462     0.02217     0.00026     2.08219
     4.37151     2.19816     0.02329     0.00028     2.17459
     4.37341     2.28609     0.02437     0.00030     2.26142
     4.37532     2.36759     0.02542     0.00032     2.34186
     4.37722     2.44193     0.02642     0.00034     2.41517
     4.37913     2.50847     0.02737     0.00035     2.48074
     4.38103     2.56667     0.02827     0.00037     2.53803
     4.38294     2.61616     0.02910     0.00039     2.58666
     4.38484     2.65664     0.02988     0.00041     2.62635
     4.38675     2.68799     0.03059     0.00043     2.65696
     4.38865     2.71019     0.03124     0.00046     2.67849
     4.39056     2.72336     0.03183     0.00048     2.69105
     4.39246     2.72773     0.03236     0.00050     2.69488
     4.39437     2.72364     0.03282     0.00052     2.69030
     4.39627     2.71152     0.03322     0.00054     2.67776
     4.39818     2.69188     0.03357     0.00056     2.65775
     4.40008     2.66529     0.03386     0.00058     2.63085
     4.40199     2.63234     0.03410     0.00061     2.59764
     4.40389     2.59368     0.03428     0.00063     2.55877
     4.40580     2.54992     0.03441     0.00065     2.51486
     4.40770     2.50169     0.03448     0.00067     2.46654
     4.40961     2.44958     0.03451     0.00068     2.41439
     4.41151     2.39416     0.03448     0.00070     2.35898
     4.41341     2.33593     0.03439     0.00072     2.30082
     4.41532     2.27536     0.03425     0.00073     2.24037
     4.41722     2.21282     0.03406     0.00074     2.17803
     4.41913     2.14868     0.03380     0.00075     2.11413
     4.42103     2.08322     0.03348     0.00076     2.04898
     4.42294     2.01666     0.03309     0.00077     1.98280
     4.42484     1.94919     0.03263     0.00077     1.91579
     4.42675     1.88096     0.03211     0.00077     1.84808
     4.42865     1.81210     0.03152     0.00077     1.77982
     4.43056     1.74270     0.03085     0.00076     1.71108
     4.43246     1.67284     0.03012     0.00075     1.64197
     4.43437     1.60261     0.02932     0.00074     1.57255
     4.43627     1.53210     0.02845     0.00073     1.50293
     4.43818     1.46141     0.02752     0.00071     1.43319
     4.44008     1.39066     0.02653     0.00069     1.36344
     4.44199     1.31997     0.02548     0.00067     1.29382
     4.44389     1.24951     0.02439     0.00064     1.22448
     4.44580     1.17946     0.02326     0.00062     1.15559
     4.44770     1.11002     0.02209     0.00059     1.08733
     4.44961     1.04140     0.02091     0.00056     1.01993
     4.45151     0.97383     0.01970     0.00053     0.95359
     4.45342     0.90755     0.01849     0.00050     0.88855
     4.45532     0.84280     0.01729     0.00047     0.82504
     4.45723     0.77982     0.01609     0.00044     0.76329
     4.45913     0.71884     0.01491     0.00041     0.70352
     4.46103     0.66007     0.01375     0.00038     0.64594
     4.46294     0.60371     0.01263     0.00035     0.59073
     4.46484     0.54993     0.01155     0.00032     0.53806
     4.46675     0.49888     0.01052     0.00029     0.48807
     4.46865     0.45067     0.00953     0.00026     0.44087
     4.47056     0.40537     0.00860     0.00024     0.39654
     4.47246     0.36306     0.00772     0.00021     0.35512
     4.47437     0.32373     0.00690     0.00019     0.31664
     4.47627     0.28738     0.00614     0.00017     0.28108
     4.47818     0.25397     0.00543     0.00015     0.24839
     4.48008     0.22343     0.00479     0.00013     0.21851
     4.48199     0.19567     0.00420     0.00012     0.19135
     4.48389     0.17057     0.00366     0.00010     0.16680
     4.48580     0.14800     0.00318     0.00009     0.14472
     4.48770     0.12781     0.00275     0.00008     0.12498
     4.48961     0.10987     0.00237     0.00007     0.10743
     4.49151     0.09400     0.00203     0.00006     0.09191
     4.49342     0.08004     0.00173     0.00005     0.07826
     4.49532     0.06783     0.00147     0.00004     0.06632
     4.49723     0.05721     0.00124     0.00003     0.05594
     4.49913     0.04802     0.00104     0.00003     0.04696
     4.50104     0.04012     0.00087     0.00002     0.03923
     4.50294     0.03335     0.00072     0.00002     0.03261
     4.50484     0.02760     0.00060     0.00002     0.02698
     4.50675     0.02272     0.00049     0.00001     0.02222
     4.50865     0.01862     0.00040     0.00001     0.01820
     4.51056     0.01518     0.00033     0.00001     0.01484
     4.51246     0.01232     0.00027     0.00001     0.01204
     4.51437     0.00994     0.00022     0.00001     0.00972
     4.51627     0.00799     0.00017     0.00000     0.00781
     4.51818     0.00638     0.00014     0.00000     0.00624
     4.52008     0.00507     0.00011     0.00000     0.00496
     4.52199     0.00401     0.00009     0.00000     0.00392
     4.52389     0.00315     0.00007     0.00000     0.00308
     4.52580     0.00245     0.00005     0.00000     0.00240
     4.52770     0.00190     0.00004     0.00000     0.00185
     4.52961     0.00145     0.00003     0.00000     0.00142
     4.53151     0.00109     0.00003     0.00000     0.00107
     4.53342     0.00081     0.00002     0.00000     0.00079
     4.53532     0.00058     0.00001     0.00000     0.00056
     4.53723     0.00039     0.00001     0.00000     0.00038
     4.53913     0.00024     0.00001     0.00000     0.00023
     4.54104     0.00011     0.00001     0.00000     0.00010
     4.54294    -0.00001     0.00000     0.00000    -0.00001
     4.54485    -0.00010     0.00000     0.00000    -0.00011
     4.54675    -0.00020     0.00000     0.00000    -0.00020
     4.54866    -0.00028     0.00000     0.00000    -0.00029
     4.55056    -0.00037     0.00000     0.00000    -0.00037
     4.55246    -0.00046     0.00000     0.00000    -0.00046
     4.55437    -0.00055     0.00000     0.00000    -0.00055
     4.55627    -0.00065     0.00000     0.00000    -0.00065
     4.55818    -0.00076     0.00000     0.00000    -0.00076
     4.56008    -0.00087     0.00000     0.00000    -0.00087
     4.56199    -0.00099     0.00000     0.00000    -0.00099
     4.56389    -0.00112     0.00000     0.00000    -0.00112
     4.56580    -0.00126     0.00000     0.00000    -0.00126
     4.56770    -0.00141     0.00000     0.00000    -0.00141
     4.56961    -0.00156     0.00000     0.00000    -0.00156
     4.57151    -0.00173     0.00000     0.00000    -0.00173
     4.57342    -0.00190     0.00000     0.00000    -0.00190
     4.57532    -0.00208     0.00000     0.00000    -0.00208
     4.57723    -0.00227     0.00000     0.00000    -0.00227
     4.57913    -0.00246     0.00000     0.00000    -0.00246
     4.58104    -0.00265     0.00000     0.00000    -0.00265
     4.58294    -0.00285     0.00000     0.00000    -0.00285
     4.58485    -0.00304     0.00000     0.00000    -0.00304
     4.58675    -0.00323     0.00000     0.00000    -0.00323
     4.58866    -0.00342     0.00000     0.00000    -0.00342
     4.59056    -0.00360     0.00000     0.00000    -0.00360
     4.59247    -0.00377     0.00000     0.00000    -0.00377
     4.59437    -0.00393     0.00000     0.00000    -0.00393
     4.59628    -0.00407     0.00000     0.00000    -0.00407
     4.59818    -0.00420     0.00000     0.00000    -0.00420
     4.60008    -0.00432     0.00000     0.00000    -0.00432
     4.60199    -0.00441     0.00000     0.00000    -0.00441
     4.60389    -0.00449     0.00000     0.00000    -0.00449
     4.60580    -0.00454     0.00000     0.00000    -0.00454
     4.60770    -0.00457     0.00000     0.00000    -0.00457
     4.60961    -0.00458     0.00000     0.00000    -0.00458
     4.61151    -0.00457     0.00000     0.00000    -0.00457
     4.61342    -0.00454     0.00000     0.00000    -0.00454
     4.61532    -0.00448     0.00000     0.00000    -0.00448
     4.61723    -0.00440     0.00000     0.00000    -0.00440
     4.61913    -0.00430     0.00000     0.00000    -0.00430
     4.62104    -0.00419     0.00000     0.00000    -0.00419
     4.62294    -0.00406     0.00000     0.00000    -0.00406
     4.62485    -0.00391     0.00000     0.00000    -0.00391
     4.62675    -0.00375     0.00000     0.00000    -0.00375
     4.62866    -0.00358     0.00000     0.00000    -0.00358
     4.63056    -0.00340     0.00000     0.00000    -0.00340
     4.63247    -0.00321     0.00000     0.00000    -0.00321
     4.63437    -0.00302     0.00000     0.00000    -0.00302
     4.63628    -0.00282     0.00000     0.00000    -0.00282
     4.63818    -0.00263     0.00000     0.00000    -0.00263
     4.64009    -0.00244     0.00000     0.00000    -0.00244
     4.64199    -0.00225     0.00000     0.00000    -0.00225
     4.64390    -0.00206     0.00000     0.00000    -0.00206
     4.64580    -0.00188     0.00000     0.00000    -0.00188
     4.64770    -0.00171     0.00000     0.00000    -0.00171
     4.64961    -0.00155     0.00000     0.00000    -0.00155
     4.65151    -0.00139     0.00000     0.00000    -0.00139
     4.65342    -0.00125     0.00000     0.00000    -0.00125
     4.65532    -0.00111     0.00000     0.00000    -0.00111
     4.65723    -0.00098     0.00000     0.00000    -0.00098
     4.65913    -0.00087     0.00000     0.00000    -0.00087
     4.66104    -0.00076     0.00000     0.00000    -0.00076
     4.66294    -0.00067     0.00000     0.00000    -0.00067
     4.66485    -0.00058     0.00000     0.00000    -0.00058
     4.66675    -0.00050     0.00000     0.00000    -0.00050
     4.66866    -0.00043     0.00000     0.00000    -0.00043
     4.67056    -0.00037     0.00000     0.00000    -0.00037
     4.67247    -0.00031     0.00000     0.00000    -0.00031
     4.67437    -0.00027     0.00000     0.00000    -0.00027
     4.67628    -0.00023     0.00000     0.00000    -0.00023
     4.67818    -0.00019     0.00000     0.00000    -0.00019
     4.68009    -0.00016     0.00000     0.00000    -0.00016
     4.68199    -0.00013     0.00000     0.00000    -0.00013
     4.68390    -0.00011     0.00000     0.00000    -0.00011
     4.68580    -0.00009     0.00000     0.00000    -0.00009
     4.68771    -0.00007     0.00000     0.00000    -0.00007
     4.68961    -0.00006     0.00000     0.00000    -0.00006
     4.69152    -0.00005     0.00000     0.00000    -0.00005
     4.69342    -0.00004     0.00000     0.00000    -0.00004
     4.69532    -0.00003     0.00000     0.00000    -0.00003
     4.69723    -0.00003     0.00000     0.00000    -0.00003
     4.69913    -0.00002     0.00000     0.00000    -0.00002
     4.70104    -0.00002     0.00000     0.00000    -0.00002
     4.70294    -0.00001     0.00000     0.00000    -0.00001
     4.70485    -0.00001     0.00000     0.00000    -0.00001
     4.70675    -0.00001     0.00000     0.00000    -0.00001
     4.70866    -0.00001     0.00000     0.00000    -0.00001
     4.71056    -0.00000     0.00000     0.00000    -0.00000
     4.71247    -0.00000     0.00000     0.00000    -0.00000
     4.71437    -0.00000     0.00000     0.00000    -0.00000
     4.71628    -0.00000     0.00000     0.00000    -0.00000
     4.71818    -0.00000     0.00000     0.00000    -0.00000
     4.72009    -0.00000     0.00000     0.00000    -0.00000
     4.72199    -0.00000     0.00000     0.00000    -0.00000
     4.72390    -0.00000     0.00000     0.00000    -0.00000
     4.72580    -0.00000     0.00000     0.00000    -0.00000
     4.72771    -0.00000     0.00000     0.00000    -0.00000
     4.72961    -0.00000     0.00000     0.00000    -0.00000
     4.73152    -0.00000     0.00000     0.00000    -0.00000
     4.73342    -0.00000     0.00000     0.00000    -0.00000
     4.73533    -0.00000     0.00000     0.00000    -0.00000
     4.73723    -0.00000     0.00000     0.00000    -0.00000
     4.73913    -0.00000     0.00000     0.00000    -0.00000
     4.74104    -0.00000     0.00000     0.00000    -0.00000
     4.74294    -0.00000     0.00000     0.00000    -0.00000
     4.74485    -0.00000     0.00000     0.00000    -0.00000
     4.74675    -0.00000     0.00000     0.00000    -0.00000
     4.74866    -0.00000     0.00000     0.00000    -0.00000
     4.75056    -0.00000     0.00000     0.00000    -0.00000
     4.75247    -0.00000     0.00000     0.00000    -0.00000
     4.75437    -0.00000     0.00000     0.00000    -0.00000
     4.75628    -0.00000     0.00000     0.00000    -0.00000
     4.75818    -0.00000     0.00000     0.00000    -0.00000
     4.76009    -0.00000     0.00000     0.00000    -0.00000
     4.76199    -0.00000     0.00000     0.00000    -0.00000
     4.76390    -0.00000     0.00000     0.00000    -0.00000
     4.76580    -0.00000     0.00000     0.00000    -0.00000
     4.76771    -0.00000     0.00000     0.00000    -0.00000
     4.76961    -0.00000     0.00000     0.00000    -0.00000
     4.77152     0.00000     0.00000     0.00000     0.00000
     4.77342     0.00000     0.00000     0.00000     0.00000
     4.77533     0.00000     0.00000     0.00000     0.00000
     4.77723     0.00000     0.00000     0.00000     0.00000
     4.77914     0.00000     0.00000     0.00000     0.00000
     4.78104     0.00000     0.00000     0.00000     0.00000
     4.78295     0.00000     0.00000     0.00000     0.00000
     4.78485     0.00000     0.00000     0.00000     0.00000
     4.78675     0.00000     0.00000     0.00000     0.00000
     4.78866     0.00000     0.00000     0.00000     0.00000
     4.79056     0.00000     0.00000     0.00000     0.00000
     4.79247     0.00000     0.00000     0.00000     0.00000
     4.79437     0.00000     0.00000     0.00000     0.00000
     4.79628     0.00000     0.00000     0.00000     0.00000
     4.79818     0.00000     0.00000     0.00000     0.00000
     4.80009     0.00000     0.00000     0.00000     0.00000
     4.80199     0.00000     0.00000     0.00000     0.00000
     4.80390     0.00000     0.00000     0.00000     0.00000
     4.80580     0.00000     0.00000     0.00000     0.00000
     4.80771     0.00000     0.00000     0.00000     0.00000
     4.80961     0.00000     0.00000     0.00000     0.00000
     4.81152     0.00000     0.00000     0.00000     0.00000
     4.81342     0.00000     0.00000     0.00000     0.00000
     4.81533     0.00000     0.00000     0.00000     0.00000
     4.81723     0.00000     0.00000     0.00000     0.00000
     4.81914     0.00000     0.00000     0.00000     0.00000
     4.82104     0.00000     0.00000     0.00000     0.00000
     4.82295     0.00000     0.00000     0.00000     0.00000
     4.82485     0.00000     0.00000     0.00000     0.00000
     4.82676     0.00000     0.00000     0.00000     0.00000
     4.82866     0.00000     0.00000     0.00000     0.00000
     4.83057     0.00000     0.00000     0.00000     0.00000
     4.83247     0.00000     0.00000     0.00000     0.00000
     4.83437     0.00000     0.00000     0.00000     0.00000
     4.83628     0.00000     0.00000     0.00000     0.00000
     4.83818     0.00000     0.00000     0.00000     0.00000
     4.84009     0.00000     0.00000     0.00000     0.00000
     4.84199     0.00000     0.00000     0.00000     0.00000
     4.84390     0.00000     0.00000     0.00000     0.00000
     4.84580     0.00000     0.00000     0.00000     0.00000
     4.84771     0.00000     0.00000     0.00000     0.00000
     4.84961     0.00000     0.00000     0.00000     0.00000
     4.85152     0.00000     0.00000     0.00000     0.00000
     4.85342     0.00000     0.00000     0.00000     0.00000
     4.85533     0.00000     0.00000     0.00000     0.00000
     4.85723     0.00000     0.00000     0.00000     0.00000
     4.85914     0.00000     0.00000     0.00000     0.00000
     4.86104     0.00000     0.00000     0.00000     0.00000
     4.86295     0.00000     0.00000     0.00000     0.00000
     4.86485     0.00000     0.00000     0.00000     0.00000
     4.86676     0.00000     0.00000     0.00000     0.00000
     4.86866     0.00001     0.00000     0.00000     0.00001
     4.87057     0.00001     0.00000     0.00000     0.00001
     4.87247     0.00001     0.00000     0.00000     0.00001
     4.87438     0.00002     0.00000     0.00000     0.00002
     4.87628     0.00003     0.00000     0.00000     0.00003
     4.87819     0.00004     0.00000     0.00000     0.00004
     4.88009     0.00005     0.00000     0.00000     0.00005
     4.88199     0.00007     0.00000     0.00000     0.00007
     4.88390     0.00010     0.00000     0.00000     0.00010
     4.88580     0.00014     0.00000     0.00000     0.00013
     4.88771     0.00019     0.00000     0.00000     0.00019
     4.88961     0.00025     0.00000     0.00000     0.00025
     4.89152     0.00035     0.00000     0.00000     0.00034
     4.89342     0.00047     0.00000     0.00000     0.00047
     4.89533     0.00063     0.00000     0.00000     0.00063
     4.89723     0.00085     0.00000     0.00001     0.00084
     4.89914     0.00113     0.00000     0.00001     0.00112
     4.90104     0.00150     0.00000     0.00001     0.00149
     4.90295     0.00198     0.00000     0.00001     0.00197
     4.90485     0.00261     0.00000     0.00002     0.00259
     4.90676     0.00342     0.00000     0.00002     0.00340
     4.90866     0.00445     0.00000     0.00003     0.00442
     4.91057     0.00577     0.00000     0.00003     0.00573
     4.91247     0.00744     0.00000     0.00004     0.00740
     4.91438     0.00955     0.00000     0.00006     0.00950
     4.91628     0.01221     0.00000     0.00007     0.01214
     4.91819     0.01553     0.00000     0.00009     0.01543
     4.92009     0.01965     0.00000     0.00012     0.01953
     4.92200     0.02475     0.00000     0.00015     0.02461
     4.92390     0.03103     0.00000     0.00019     0.03085
     4.92581     0.03872     0.00000     0.00023     0.03849
     4.92771     0.04809     0.00000     0.00029     0.04780
     4.92961     0.05943     0.00000     0.00036     0.05908
     4.93152     0.07311     0.00000     0.00044     0.07267
     4.93342     0.08952     0.00000     0.00054     0.08898
     4.93533     0.10910     0.00000     0.00066     0.10844
     4.93723     0.13233     0.00000     0.00080     0.13153
     4.93914     0.15977     0.00000     0.00096     0.15880
     4.94104     0.19199     0.00000     0.00116     0.19084
     4.94295     0.22966     0.00000     0.00138     0.22827
     4.94485     0.27344     0.00000     0.00165     0.27179
     4.94676     0.32407     0.00000     0.00195     0.32211
     4.94866     0.38231     0.00000     0.00230     0.38001
     4.95057     0.44897     0.00000     0.00271     0.44626
     4.95247     0.52484     0.00000     0.00317     0.52168
     4.95438     0.61077     0.00000     0.00369     0.60708
     4.95628     0.70755     0.00000     0.00427     0.70328
     4.95819     0.81599     0.00000     0.00493     0.81106
     4.96009     0.93685     0.00000     0.00566     0.93119
     4.96200     1.07082     0.00000     0.00647     1.06434
     4.96390     1.21853     0.00000     0.00737     1.21116
     4.96581     1.38051     0.00000     0.00835     1.37215
     4.96771     1.55717     0.00000     0.00943     1.54775
     4.96962     1.74879     0.00000     0.01059     1.73820
     4.97152     1.95549     0.00000     0.01185     1.94364
     4.97343     2.17721     0.00000     0.01320     2.16400
     4.97533     2.41368     0.00000     0.01464     2.39904
     4.97723     2.66446     0.00000     0.01618     2.64829
     4.97914     2.92887     0.00000     0.01779     2.91107
     4.98104     3.20598     0.00000     0.01949     3.18649
     4.98295     3.49467     0.00000     0.02126     3.47341
     4.98485     3.79355     0.00000     0.02309     3.77045
     4.98676     4.10102     0.00000     0.02498     4.07603
     4.98866     4.41525     0.00000     0.02692     4.38834
     4.99057     4.73423     0.00000     0.02888     4.70534
     4.99247     5.05572     0.00000     0.03087     5.02485
     4.99438     5.37734     0.00000     0.03286     5.34448
     4.99628     5.69658     0.00000     0.03484     5.66174
     4.99819     6.01080     0.00000     0.03679     5.97401
     5.00009     6.31730     0.00000     0.03870     6.27860
     5.00200     6.61334     0.00000     0.04055     6.57279
     5.00390     6.89619     0.00000     0.04232     6.85387
     5.00581     7.16314     0.00000     0.04399     7.11915
     5.00771     7.41159     0.00000     0.04556     7.36603
     5.00962     7.63905     0.00000     0.04700     7.59205
     5.01152     7.84318     0.00000     0.04830     7.79488
     5.01343     8.02186     0.00000     0.04944     7.97242
     5.01533     8.17319     0.00000     0.05042     8.12277
     5.01724     8.29553     0.00000     0.05122     8.24431
     5.01914     8.38754     0.00000     0.05183     8.33571
     5.02104     8.44820     0.00000     0.05225     8.39595
     5.02295     8.47682     0.00000     0.05247     8.42435
     5.02485     8.47304     0.00000     0.05249     8.42055
     5.02676     8.43687     0.00000     0.05231     8.38456
     5.02866     8.36866     0.00000     0.05193     8.31674
     5.03057     8.26913     0.00000     0.05135     8.21778
     5.03247     8.13931     0.00000     0.05058     8.08873
     5.03438     7.98057     0.00000     0.04963     7.93094
     5.03628     7.79457     0.00000     0.04851     7.74606
     5.03819     7.58326     0.00000     0.04723     7.53603
     5.04009     7.34880     0.00000     0.04580     7.30299
     5.04200     7.09358     0.00000     0.04424     7.04934
     5.04390     6.82015     0.00000     0.04256     6.77759
     5.04581     6.53119     0.00000     0.04078     6.49041
     5.04771     6.22947     0.00000     0.03892     6.19055
     5.04962     5.91779     0.00000     0.03699     5.88079
     5.05152     5.59895     0.00000     0.03502     5.56393
     5.05343     5.27572     0.00000     0.03301     5.24271
     5.05533     4.95078     0.00000     0.03099     4.91979
     5.05724     4.62670     0.00000     0.02898     4.59773
     5.05914     4.30589     0.00000     0.02698     4.27892
     5.06105     3.99060     0.00000     0.02501     3.96559
     5.06295     3.68285     0.00000     0.02309     3.65976
     5.06486     3.38447     0.00000     0.02123     3.36325
     5.06676     3.09704     0.00000     0.01943     3.07761
     5.06866     2.82189     0.00000     0.01771     2.80418
     5.07057     2.56012     0.00000     0.01607     2.54405
     5.07247     2.31259     0.00000     0.01452     2.29807
     5.07438     2.07990     0.00000     0.01306     2.06684
     5.07628     1.86243     0.00000     0.01170     1.85074
     5.07819     1.66038     0.00000     0.01043     1.64995
     5.08009     1.47370     0.00000     0.00926     1.46444
     5.08200     1.30220     0.00000     0.00818     1.29402
     5.08390     1.14552     0.00000     0.00720     1.13833
     5.08581     1.00319     0.00000     0.00630     0.99688
     5.08771     0.87458     0.00000     0.00550     0.86908
     5.08962     0.75901     0.00000     0.00477     0.75424
     5.09152     0.65573     0.00000     0.00412     0.65161
     5.09343     0.56392     0.00000     0.00354     0.56038
     5.09533     0.48275     0.00000     0.00303     0.47972
     5.09724     0.41137     0.00000     0.00259     0.40879
     5.09914     0.34893     0.00000     0.00219     0.34674
     5.10105     0.29460     0.00000     0.00185     0.29275
     5.10295     0.24758     0.00000     0.00156     0.24603
     5.10486     0.20710     0.00000     0.00130     0.20580
     5.10676     0.17243     0.00000     0.00108     0.17135
     5.10867     0.14290     0.00000     0.00090     0.14200
     5.11057     0.11787     0.00000     0.00074     0.11713
     5.11248     0.09677     0.00000     0.00061     0.09616
     5.11438     0.07907     0.00000     0.00050     0.07858
     5.11628     0.06431     0.00000     0.00040     0.06391
     5.11819     0.05206     0.00000     0.00033     0.05173
     5.12009     0.04194     0.00000     0.00026     0.04167
     5.12200     0.03363     0.00000     0.00021     0.03342
     5.12390     0.02684     0.00000     0.00017     0.02667
     5.12581     0.02131     0.00000     0.00013     0.02118
     5.12771     0.01685     0.00000     0.00010     0.01675
     5.12962     0.01326     0.00000     0.00008     0.01318
     5.13152     0.01038     0.00000     0.00006     0.01032
     5.13343     0.00809     0.00000     0.00004     0.00805
     5.13533     0.00628     0.00000     0.00003     0.00625
     5.13724     0.00485     0.00000     0.00002     0.00483
     5.13914     0.00374     0.00001     0.00000     0.00373
     5.14105     0.00287     0.00001    -0.00001     0.00287
     5.14295     0.00220     0.00001    -0.00002     0.00220
     5.14486     0.00168     0.00001    -0.00003     0.00170
     5.14676     0.00129     0.00002    -0.00004     0.00132
     5.14867     0.00100     0.00002    -0.00006     0.00104
     5.15057     0.00078     0.00003    -0.00008     0.00084
     5.15248     0.00063     0.00003    -0.00011     0.00070
     5.15438     0.00053     0.00004    -0.00014     0.00062
     5.15629     0.00046     0.00005    -0.00017     0.00058
     5.15819     0.00044     0.00006    -0.00022     0.00059
     5.16010     0.00044     0.00008    -0.00027     0.00063
     5.16200     0.00046     0.00010    -0.00033     0.00070
     5.16390     0.00052     0.00012    -0.00041     0.00081
     5.16581     0.00059     0.00015    -0.00051     0.00095
     5.16771     0.00070     0.00018    -0.00062     0.00113
     5.16962     0.00083     0.00022    -0.00075     0.00136
     5.17152     0.00098     0.00027    -0.00091     0.00163
     5.17343     0.00117     0.00032    -0.00110     0.00195
     5.17533     0.00140     0.00039    -0.00132     0.00232
     5.17724     0.00166     0.00046    -0.00157     0.00276
     5.17914     0.00196     0.00055    -0.00186     0.00327
     5.18105     0.00231     0.00065    -0.00220     0.00386
     5.18295     0.00270     0.00076    -0.00258     0.00453
     5.18486     0.00315     0.00089    -0.00302     0.00528
     5.18676     0.00366     0.00103    -0.00351     0.00614
     5.18867     0.00423     0.00119    -0.00406     0.00710
     5.19057     0.00486     0.00137    -0.00468     0.00817
     5.19248     0.00556     0.00158    -0.00537     0.00935
     5.19438     0.00633     0.00180    -0.00612     0.01066
     5.19629     0.00717     0.00204    -0.00695     0.01208
     5.19819     0.00808     0.00231    -0.00785     0.01363
     5.20010     0.00906     0.00259    -0.00883     0.01530
     5.20200     0.01011     0.00290    -0.00987     0.01709
     5.20391     0.01123     0.00323    -0.01099     0.01899
     5.20581     0.01240     0.00358    -0.01218     0.02100
     5.20772     0.01363     0.00394    -0.01342     0.02311
     5.20962     0.01491     0.00432    -0.01472     0.02531
     5.21152     0.01622     0.00472    -0.01607     0.02757
     5.21343     0.01756     0.00513    -0.01746     0.02989
     5.21533     0.01892     0.00554    -0.01887     0.03225
     5.21724     0.02028     0.00596    -0.02030     0.03461
     5.21914     0.02162     0.00638    -0.02173     0.03697
     5.22105     0.02294     0.00680    -0.02315     0.03929
     5.22295     0.02422     0.00721    -0.02453     0.04155
     5.22486     0.02544     0.00760    -0.02588     0.04371
     5.22676     0.02658     0.00798    -0.02716     0.04577
     5.22867     0.02764     0.00833    -0.02837     0.04767
     5.23057     0.02859     0.00866    -0.02949     0.04941
     5.23248     0.02942     0.00896    -0.03050     0.05096
     5.23438     0.03012     0.00922    -0.03139     0.05230
     5.23629     0.03068     0.00944    -0.03215     0.05339
     5.23819     0.03110     0.00963    -0.03277     0.05424
     5.24010     0.03135     0.00976    -0.03324     0.05483
     5.24200     0.03145     0.00985    -0.03355     0.05514
     5.24391     0.03138     0.00990    -0.03369     0.05518
     5.24581     0.03115     0.00989    -0.03368     0.05493
     5.24772     0.03076     0.00984    -0.03349     0.05442
     5.24962     0.03022     0.00974    -0.03315     0.05363
     5.25153     0.02953     0.00959    -0.03265     0.05259
     5.25343     0.02871     0.00940    -0.03199     0.05130
     5.25533     0.02776     0.00916    -0.03120     0.04980
     5.25724     0.02670     0.00889    -0.03028     0.04809
     5.25914     0.02555     0.00859    -0.02925     0.04620
     5.26105     0.02431     0.00825    -0.02811     0.04416
     5.26295     0.02301     0.00789    -0.02688     0.04200
     5.26486     0.02167     0.00751    -0.02558     0.03973
     5.26676     0.02029     0.00711    -0.02422     0.03740
     5.26867     0.01889     0.00670    -0.02283     0.03502
     5.27057     0.01750     0.00629    -0.02141     0.03262
     5.27248     0.01612     0.00587    -0.01998     0.03023
     5.27438     0.01476     0.00545    -0.01855     0.02787
     5.27629     0.01345     0.00503    -0.01714     0.02555
     5.27819     0.01218     0.00463    -0.01576     0.02331
     5.28010     0.01097     0.00424    -0.01442     0.02115
     5.28200     0.00982     0.00386    -0.01313     0.01910
     5.28391     0.00874     0.00350    -0.01190     0.01715
     5.28581     0.00773     0.00315    -0.01073     0.01531
     5.28772     0.00680     0.00283    -0.00963     0.01360
     5.28962     0.00594     0.00253    -0.00860     0.01202
     5.29153     0.00516     0.00224    -0.00764     0.01056
     5.29343     0.00446     0.00198    -0.00676     0.00923
     5.29534     0.00382     0.00175    -0.00594     0.00802
     5.29724     0.00326     0.00153    -0.00521     0.00694
     5.29915     0.00276     0.00133    -0.00454     0.00596
     5.30105     0.00232     0.00115    -0.00393     0.00510
     5.30295     0.00193     0.00099    -0.00339     0.00433
     5.30486     0.00160     0.00085    -0.00291     0.00366
     5.30676     0.00131     0.00073    -0.00249     0.00308
     5.30867     0.00107     0.00062    -0.00212     0.00257
     5.31057     0.00086     0.00052    -0.00179     0.00213
     5.31248     0.00069     0.00043    -0.00151     0.00176
     5.31438     0.00054     0.00036    -0.00126     0.00145
     5.31629     0.00042     0.00029    -0.00105     0.00118
     5.31819     0.00031     0.00023    -0.00087     0.00096
     5.32010     0.00023     0.00018    -0.00072     0.00077
     5.32200     0.00015     0.00013    -0.00059     0.00062
     5.32391     0.00009     0.00008    -0.00048     0.00049
     5.32581     0.00003     0.00004    -0.00039     0.00039
     5.32772    -0.00002    -0.00001    -0.00032     0.00030
     5.32962    -0.00007    -0.00005    -0.00026     0.00024
     5.33153    -0.00013    -0.00010    -0.00021     0.00018
     5.33343    -0.00018    -0.00016    -0.00016     0.00014
     5.33534    -0.00025    -0.00022    -0.00013     0.00011
     5.33724    -0.00032    -0.00029    -0.00010     0.00008
     5.33915    -0.00040    -0.00038    -0.00008     0.00006
     5.34105    -0.00051    -0.00049    -0.00006     0.00004
     5.34296    -0.00063    -0.00061    -0.00005     0.00003
     5.34486    -0.00077    -0.00076    -0.00004     0.00002
     5.34677    -0.00094    -0.00093    -0.00003     0.00002
     5.34867    -0.00115    -0.00114    -0.00002     0.00001
     5.35057    -0.00139    -0.00138    -0.00002     0.00001
     5.35248    -0.00168    -0.00167    -0.00001     0.00001
     5.35438    -0.00202    -0.00201    -0.00001     0.00000
     5.35629    -0.00241    -0.00240    -0.00001     0.00000
     5.35819    -0.00286    -0.00286    -0.00001     0.00000
     5.36010    -0.00339    -0.00339    -0.00000     0.00000
     5.36200    -0.00399    -0.00399    -0.00000     0.00000
     5.36391    -0.00467    -0.00467    -0.00000     0.00000
     5.36581    -0.00545    -0.00545    -0.00000     0.00000
     5.36772    -0.00632    -0.00632    -0.00000     0.00000
     5.36962    -0.00730    -0.00730    -0.00000     0.00000
     5.37153    -0.00839    -0.00839    -0.00000     0.00000
     5.37343    -0.00959    -0.00959    -0.00000     0.00000
     5.37534    -0.01091    -0.01091    -0.00000     0.00000
     5.37724    -0.01236    -0.01236    -0.00000     0.00000
     5.37915    -0.01392    -0.01392    -0.00000     0.00000
     5.38105    -0.01561    -0.01561    -0.00000     0.00000
     5.38296    -0.01742    -0.01742    -0.00000     0.00000
     5.38486    -0.01934    -0.01934    -0.00000     0.00000
     5.38677    -0.02136    -0.02137     0.00000     0.00001
     5.38867    -0.02349    -0.02350     0.00000     0.00001
     5.39058    -0.02569    -0.02571     0.00000     0.00001
     5.39248    -0.02797    -0.02799     0.00000     0.00002
     5.39439    -0.03030    -0.03032     0.00000     0.00003
     5.39629    -0.03265    -0.03269     0.00000     0.00004
     5.39819    -0.03502    -0.03508     0.00000     0.00006
     5.40010    -0.03737    -0.03745     0.00000     0.00008
     5.40200    -0.03968    -0.03978     0.00000     0.00011
     5.40391    -0.04191    -0.04206     0.00000     0.00015
     5.40581    -0.04404    -0.04424     0.00000     0.00020
     5.40772    -0.04604    -0.04632     0.00000     0.00027
     5.40962    -0.04788    -0.04825     0.00000     0.00037
     5.41153    -0.04952    -0.05002     0.00000     0.00049
     5.41343    -0.05093    -0.05159     0.00001     0.00066
     5.41534    -0.05207    -0.05296     0.00001     0.00088
     5.41724    -0.05291    -0.05409     0.00001     0.00117
     5.41915    -0.05341    -0.05497     0.00001     0.00155
     5.42105    -0.05354    -0.05559     0.00002     0.00203
     5.42296    -0.05326    -0.05594     0.00002     0.00266
     5.42486    -0.05252    -0.05601     0.00003     0.00346
     5.42677    -0.05127    -0.05579     0.00004     0.00449
     5.42867    -0.04946    -0.05530     0.00005     0.00579
     5.43058    -0.04703    -0.05453     0.00007     0.00743
     5.43248    -0.04391    -0.05349     0.00008     0.00950
     5.43439    -0.04001    -0.05220     0.00011     0.01208
     5.43629    -0.03523    -0.05066     0.00014     0.01529
     5.43820    -0.02945    -0.04890     0.00018     0.01927
     5.44010    -0.02253    -0.04693     0.00023     0.02417
     5.44201    -0.01431    -0.04477     0.00029     0.03017
     5.44391    -0.00459    -0.04245     0.00036     0.03749
     5.44581     0.00684    -0.03998     0.00046     0.04636
     5.44772     0.02025    -0.03739     0.00057     0.05707
     5.44962     0.03593    -0.03469     0.00071     0.06991
     5.45153     0.05421    -0.03191     0.00087     0.08525
     5.45343     0.07546    -0.02907     0.00107     0.10346
     5.45534     0.10011    -0.02617     0.00131     0.12497
     5.45724     0.12861    -0.02324     0.00160     0.15025
     5.45915     0.16144    -0.02029     0.00193     0.17979
     5.46105     0.19915    -0.01732     0.00233     0.21413
     5.46296     0.24229    -0.01434     0.00279     0.25384
     5.46486     0.29146    -0.01136     0.00333     0.29949
     5.46677     0.34726    -0.00839     0.00396     0.35169
     5.46867     0.41030    -0.00543     0.00468     0.41105
     5.47058     0.48120    -0.00248     0.00550     0.47818
     5.47248     0.56054     0.00046     0.00644     0.55365
     5.47439     0.64889     0.00339     0.00749     0.63801
     5.47629     0.74675     0.00630     0.00868     0.73177
     5.47820     0.85457     0.00919     0.01001     0.83536
     5.48010     0.97268     0.01206     0.01149     0.94913
     5.48201     1.10133     0.01490     0.01312     1.07331
     5.48391     1.24064     0.01770     0.01491     1.20803
     5.48582     1.39056     0.02046     0.01685     1.35324
     5.48772     1.55090     0.02317     0.01896     1.50877
     5.48963     1.72128     0.02581     0.02123     1.67424
     5.49153     1.90110     0.02836     0.02365     1.84909
     5.49343     2.08960     0.03081     0.02623     2.03256
     5.49534     2.28576     0.03314     0.02893     2.22369
     5.49724     2.48840     0.03533     0.03177     2.42130
     5.49915     2.69608     0.03737     0.03471     2.62401
     5.50105     2.90720     0.03922     0.03773     2.83025
     5.50296     3.11996     0.04087     0.04082     3.03827
     5.50486     3.33239     0.04231     0.04394     3.24614
     5.50677     3.54240     0.04351     0.04708     3.45181
     5.50867     3.74778     0.04446     0.05019     3.65313
     5.51058     3.94627     0.04515     0.05324     3.84788
     5.51248     4.13556     0.04556     0.05620     4.03380
     5.51439     4.31339     0.04570     0.05904     4.20865
     5.51629     4.47752     0.04555     0.06172     4.37025
     5.51820     4.62584     0.04513     0.06420     4.51651
     5.52010     4.75640     0.04444     0.06646     4.64550
     5.52201     4.86742     0.04349     0.06846     4.75548
     5.52391     4.95738     0.04229     0.07017     4.84492
     5.52582     5.02501     0.04087     0.07158     4.91257
     5.52772     5.06936     0.03924     0.07266     4.95747
     5.52963     5.08978     0.03742     0.07339     4.97897
     5.53153     5.08598     0.03546     0.07377     4.97675
     5.53344     5.05799     0.03337     0.07378     4.95083
     5.53534     5.00620     0.03118     0.07344     4.90158
     5.53724     4.93134     0.02893     0.07274     4.82968
     5.53915     4.83446     0.02663     0.07169     4.73613
     5.54105     4.71688     0.02433     0.07032     4.62222
     5.54296     4.58021     0.02205     0.06863     4.48952
     5.54486     4.42627     0.01982     0.06666     4.33980
     5.54677     4.25710     0.01765     0.06442     4.17502
     5.54867     4.07483     0.01557     0.06196     3.99730
     5.55058     3.88173     0.01359     0.05930     3.80884
     5.55248     3.68010     0.01173     0.05648     3.61189
     5.55439     3.47226     0.01000     0.05352     3.40874
     5.55629     3.26049     0.00841     0.05048     3.20160
     5.55820     3.04698     0.00696     0.04737     2.99265
     5.56010     2.83381     0.00565     0.04424     2.78392
     5.56201     2.62294     0.00449     0.04111     2.57733
     5.56391     2.41612     0.00346     0.03802     2.37463
     5.56582     2.21494     0.00257     0.03499     2.17737
     5.56772     2.02077     0.00181     0.03204     1.98692
     5.56963     1.83477     0.00116     0.02920     1.80441
     5.57153     1.65790     0.00063     0.02648     1.63080
     5.57344     1.49089     0.00019     0.02389     1.46681
     5.57534     1.33426    -0.00016     0.02146     1.31296
     5.57725     1.18835    -0.00042     0.01917     1.16960
     5.57915     1.05330    -0.00062     0.01705     1.03688
     5.58106     0.92912    -0.00076     0.01509     0.91479
     5.58296     0.81563    -0.00085     0.01328     0.80320
     5.58486     0.71256    -0.00090     0.01164     0.70182
     5.58677     0.61951    -0.00092     0.01015     0.61028
     5.58867     0.53603    -0.00090     0.00881     0.52812
     5.59058     0.46156    -0.00087     0.00760     0.45482
     5.59248     0.39552    -0.00083     0.00653     0.38981
     5.59439     0.33729    -0.00077     0.00559     0.33248
     5.59629     0.28625    -0.00071     0.00475     0.28221
     5.59820     0.24176    -0.00064     0.00402     0.23838
     5.60010     0.20320    -0.00058     0.00339     0.20039
     5.60201     0.16997    -0.00051     0.00284     0.16764
     5.60391     0.14148    -0.00045     0.00237     0.13956
     5.60582     0.11720    -0.00039     0.00197     0.11563
     5.60772     0.09662    -0.00034     0.00163     0.09534
     5.60963     0.07927    -0.00029     0.00134     0.07822
     5.61153     0.06472    -0.00025     0.00109     0.06387
     5.61344     0.05258    -0.00021     0.00089     0.05190
     5.61534     0.04252    -0.00018     0.00072     0.04197
     5.61725     0.03421    -0.00015     0.00058     0.03378
     5.61915     0.02740    -0.00012     0.00047     0.02705
     5.62106     0.02183    -0.00010     0.00037     0.02156
     5.62296     0.01731    -0.00008     0.00030     0.01710
     5.62487     0.01366    -0.00007     0.00023     0.01350
     5.62677     0.01073    -0.00006     0.00018     0.01060
     5.62868     0.00839    -0.00005     0.00014     0.00829
     5.63058     0.00653    -0.00004     0.00011     0.00645
     5.63248     0.00506    -0.00003     0.00009     0.00500
     5.63439     0.00390    -0.00003     0.00006     0.00386
     5.63629     0.00299    -0.00002     0.00005     0.00297
     5.63820     0.00229    -0.00002     0.00004     0.00228
     5.64010     0.00175    -0.00002     0.00002     0.00174
     5.64201     0.00133    -0.00002     0.00002     0.00134
     5.64391     0.00102    -0.00003     0.00001     0.00103
     5.64582     0.00078    -0.00003     0.00000     0.00081
     5.64772     0.00061    -0.00004    -0.00001     0.00065
     5.64963     0.00048    -0.00005    -0.00001     0.00054
     5.65153     0.00040    -0.00006    -0.00002     0.00048
     5.65344     0.00034    -0.00007    -0.00003     0.00045
     5.65534     0.00032    -0.00009    -0.00004     0.00045
     5.65725     0.00032    -0.00012    -0.00005     0.00048
     5.65915     0.00033    -0.00015    -0.00006     0.00054
     5.66106     0.00037    -0.00018    -0.00008     0.00063
     5.66296     0.00043    -0.00022    -0.00010     0.00075
     5.66487     0.00051    -0.00028    -0.00012     0.00091
     5.66677     0.00061    -0.00034    -0.00015     0.00110
     5.66868     0.00073    -0.00042    -0.00018     0.00133
     5.67058     0.00088    -0.00051    -0.00022     0.00162
     5.67249     0.00107    -0.00062    -0.00027     0.00195
     5.67439     0.00128    -0.00074    -0.00033     0.00235
     5.67630     0.00153    -0.00089    -0.00039     0.00282
     5.67820     0.00183    -0.00106    -0.00047     0.00336
     5.68010     0.00217    -0.00126    -0.00056     0.00399
     5.68201     0.00257    -0.00149    -0.00066     0.00472
     5.68391     0.00302    -0.00175    -0.00077     0.00555
     5.68582     0.00353    -0.00205    -0.00091     0.00649
     5.68772     0.00412    -0.00239    -0.00106     0.00756
     5.68963     0.00477    -0.00277    -0.00122     0.00877
     5.69153     0.00550    -0.00320    -0.00141     0.01011
     5.69344     0.00632    -0.00367    -0.00162     0.01161
     5.69534     0.00721    -0.00419    -0.00185     0.01326
     5.69725     0.00820    -0.00477    -0.00210     0.01507
     5.69915     0.00927    -0.00539    -0.00238     0.01704
     5.70106     0.01044    -0.00607    -0.00268     0.01918
     5.70296     0.01169    -0.00679    -0.00300     0.02149
     5.70487     0.01303    -0.00757    -0.00334     0.02395
     5.70677     0.01445    -0.00840    -0.00371     0.02656
     5.70868     0.01595    -0.00927    -0.00409     0.02932
     5.71058     0.01752    -0.01018    -0.00450     0.03220
     5.71249     0.01915    -0.01113    -0.00491     0.03519
     5.71439     0.02082    -0.01210    -0.00534     0.03827
     5.71630     0.02254    -0.01310    -0.00578     0.04142
     5.71820     0.02427    -0.01411    -0.00623     0.04461
     5.72011     0.02601    -0.01512    -0.00668     0.04781
     5.72201     0.02774    -0.01612    -0.00712     0.05099
     5.72392     0.02944    -0.01711    -0.00756     0.05411
     5.72582     0.03109    -0.01807    -0.00798     0.05714
     5.72772     0.03268    -0.01899    -0.00839     0.06005
     5.72963     0.03417    -0.01986    -0.00877     0.06280
     5.73153     0.03556    -0.02067    -0.00913     0.06536
     5.73344     0.03683    -0.02140    -0.00945     0.06768
     5.73534     0.03795    -0.02206    -0.00974     0.06975
     5.73725     0.03892    -0.02262    -0.00999     0.07153
     5.73915     0.03972    -0.02308    -0.01019     0.07299
     5.74106     0.04033    -0.02344    -0.01035     0.07412
     5.74296     0.04075    -0.02369    -0.01046     0.07490
     5.74487     0.04098    -0.02382    -0.01052     0.07532
     5.74677     0.04101    -0.02383    -0.01052     0.07537
     5.74868     0.04084    -0.02373    -0.01048     0.07505
     5.75058     0.04046    -0.02352    -0.01038     0.07437
     5.75249     0.03990    -0.02319    -0.01024     0.07333
     5.75439     0.03915    -0.02275    -0.01005     0.07196
     5.75630     0.03823    -0.02222    -0.00981     0.07026
     5.75820     0.03715    -0.02159    -0.00953     0.06827
     5.76011     0.03592    -0.02088    -0.00922     0.06601
     5.76201     0.03456    -0.02009    -0.00887     0.06352
     5.76392     0.03309    -0.01923    -0.00850     0.06082
     5.76582     0.03153    -0.01832    -0.00810     0.05795
     5.76773     0.02990    -0.01737    -0.00768     0.05495
     5.76963     0.02821    -0.01639    -0.00725     0.05185
     5.77153     0.02649    -0.01539    -0.00681     0.04869
     5.77344     0.02475    -0.01438    -0.00637     0.04550
     5.77534     0.02301    -0.01337    -0.00594     0.04232
     5.77725     0.02129    -0.01237    -0.00551     0.03917
     5.77915     0.01961    -0.01139    -0.00509     0.03608
     5.78106     0.01797    -0.01043    -0.00468     0.03308
     5.78296     0.01639    -0.00951    -0.00430     0.03020
     5.78487     0.01487    -0.00863    -0.00393     0.02744
     5.78677     0.01344    -0.00779    -0.00360     0.02483
     5.78868     0.01208    -0.00700    -0.00329     0.02238
     5.79058     0.01082    -0.00626    -0.00302     0.02010
     5.79249     0.00964    -0.00557    -0.00279     0.01800
     5.79439     0.00856    -0.00493    -0.00259     0.01608
     5.79630     0.00757    -0.00434    -0.00244     0.01435
     5.79820     0.00667    -0.00381    -0.00233     0.01281
     5.80011     0.00587    -0.00332    -0.00227     0.01146
     5.80201     0.00515    -0.00288    -0.00227     0.01030
     5.80392     0.00451    -0.00249    -0.00233     0.00933
     5.80582     0.00396    -0.00214    -0.00245     0.00856
     5.80773     0.00349    -0.00183    -0.00264     0.00797
     5.80963     0.00310    -0.00156    -0.00291     0.00757
     5.81154     0.00277    -0.00132    -0.00326     0.00736
     5.81344     0.00252    -0.00111    -0.00371     0.00734
     5.81535     0.00233    -0.00093    -0.00426     0.00752
     5.81725     0.00220    -0.00078    -0.00492     0.00789
     5.81915     0.00213    -0.00065    -0.00570     0.00847
     5.82106     0.00211    -0.00054    -0.00661     0.00926
     5.82296     0.00215    -0.00044    -0.00766     0.01025
     5.82487     0.00225    -0.00036    -0.00886     0.01147
     5.82677     0.00239    -0.00029    -0.01023     0.01291
     5.82868     0.00259    -0.00024    -0.01176     0.01459
     5.83058     0.00283    -0.00019    -0.01348     0.01651
     5.83249     0.00313    -0.00015    -0.01538     0.01866
     5.83439     0.00347    -0.00012    -0.01748     0.02107
     5.83630     0.00386    -0.00010    -0.01977     0.02372
     5.83820     0.00429    -0.00008    -0.02226     0.02662
     5.84011     0.00476    -0.00006    -0.02494     0.02976
     5.84201     0.00528    -0.00005    -0.02782     0.03314
     5.84392     0.00583    -0.00004    -0.03087     0.03674
     5.84582     0.00642    -0.00003    -0.03410     0.04055
     5.84773     0.00704    -0.00002    -0.03748     0.04455
     5.84963     0.00769    -0.00002    -0.04100     0.04871
     5.85154     0.00836    -0.00001    -0.04464     0.05301
     5.85344     0.00905    -0.00001    -0.04835     0.05742
     5.85535     0.00975    -0.00001    -0.05212     0.06188
     5.85725     0.01046    -0.00001    -0.05591     0.06638
     5.85916     0.01116    -0.00000    -0.05968     0.07085
     5.86106     0.01186    -0.00000    -0.06340     0.07526
     5.86297     0.01253    -0.00000    -0.06702     0.07955
     5.86487     0.01318    -0.00000    -0.07050     0.08368
     5.86677     0.01380    -0.00000    -0.07379     0.08759
     5.86868     0.01437    -0.00000    -0.07687     0.09124
     5.87058     0.01489    -0.00000    -0.07968     0.09457
     5.87249     0.01536    -0.00000    -0.08219     0.09755
     5.87439     0.01577    -0.00000    -0.08436     0.10013
     5.87630     0.01611    -0.00000    -0.08617     0.10228
     5.87820     0.01637    -0.00000    -0.08759     0.10396
     5.88011     0.01656    -0.00000    -0.08859     0.10515
     5.88201     0.01667    -0.00000    -0.08917     0.10584
     5.88392     0.01669    -0.00000    -0.08931     0.10601
     5.88582     0.01664    -0.00000    -0.08902     0.10566
     5.88773     0.01650    -0.00000    -0.08829     0.10480
     5.88963     0.01629    -0.00000    -0.08715     0.10344
     5.89154     0.01600    -0.00000    -0.08559     0.10159
     5.89344     0.01564    -0.00000    -0.08366     0.09929
     5.89535     0.01521    -0.00000    -0.08136     0.09657
     5.89725     0.01472    -0.00000    -0.07875     0.09347
     5.89916     0.01418    -0.00000    -0.07584     0.09002
     5.90106     0.01359    -0.00000    -0.07269     0.08627
     5.90297     0.01296    -0.00000    -0.06932     0.08228
     5.90487     0.01230    -0.00000    -0.06579     0.07809
     5.90678     0.01161    -0.00000    -0.06213     0.07375
     5.90868     0.01091     0.00000    -0.05839     0.06931
     5.91059     0.01021     0.00000    -0.05461     0.06482
     5.91249     0.00950     0.00000    -0.05082     0.06032
     5.91439     0.00880     0.00000    -0.04706     0.05586
     5.91630     0.00811     0.00000    -0.04337     0.05148
     5.91820     0.00743     0.00000    -0.03977     0.04721
     5.92011     0.00678     0.00000    -0.03630     0.04308
     5.92201     0.00616     0.00000    -0.03296     0.03912
     5.92392     0.00557     0.00000    -0.02979     0.03535
     5.92582     0.00501     0.00000    -0.02679     0.03179
     5.92773     0.00448     0.00000    -0.02397     0.02845
     5.92963     0.00399     0.00000    -0.02134     0.02533
     5.93154     0.00354     0.00000    -0.01891     0.02245
     5.93344     0.00312     0.00000    -0.01668     0.01980
     5.93535     0.00274     0.00000    -0.01464     0.01737
     5.93725     0.00239     0.00000    -0.01278     0.01517
     5.93916     0.00208     0.00000    -0.01110     0.01318
     5.94106     0.00180     0.00000    -0.00960     0.01140
     5.94297     0.00155     0.00000    -0.00826     0.00981
     5.94487     0.00133     0.00000    -0.00707     0.00840
     5.94678     0.00114     0.00000    -0.00603     0.00716
     5.94868     0.00097     0.00000    -0.00511     0.00608
     5.95059     0.00082     0.00000    -0.00431     0.00514
     5.95249     0.00070     0.00000    -0.00362     0.00432
     5.95440     0.00060     0.00000    -0.00303     0.00362
     5.95630     0.00052     0.00000    -0.00251     0.00303
     5.95821     0.00046     0.00000    -0.00208     0.00254
     5.96011     0.00042     0.00000    -0.00171     0.00212
     5.96201     0.00039     0.00000    -0.00140     0.00179
     5.96392     0.00039     0.00001    -0.00114     0.00153
     5.96582     0.00042     0.00001    -0.00093     0.00134
     5.96773     0.00047     0.00001    -0.00075     0.00121
     5.96963     0.00056     0.00002    -0.00060     0.00115
     5.97154     0.00070     0.00002    -0.00048     0.00115
     5.97344     0.00088     0.00003    -0.00038     0.00123
     5.97535     0.00114     0.00004    -0.00029     0.00139
     5.97725     0.00147     0.00005    -0.00023     0.00165
     5.97916     0.00192     0.00007    -0.00017     0.00203
     5.98106     0.00250     0.00009    -0.00012     0.00254
     5.98297     0.00326     0.00011    -0.00008     0.00323
     5.98487     0.00422     0.00015    -0.00005     0.00412
     5.98678     0.00545     0.00019    -0.00002     0.00528
     5.98868     0.00701     0.00024     0.00001     0.00675
     5.99059     0.00897     0.00031     0.00004     0.00862
     5.99249     0.01143     0.00040     0.00007     0.01096
     5.99440     0.01450     0.00051     0.00011     0.01388
     5.99630     0.01830     0.00064     0.00015     0.01751
     5.99821     0.02298     0.00080     0.00020     0.02198
     6.00011     0.02872     0.00100     0.00025     0.02747
     6.00202     0.03572     0.00125     0.00032     0.03416
     6.00392     0.04421     0.00155     0.00039     0.04227
     6.00583     0.05445     0.00190     0.00049     0.05206
     6.00773     0.06674     0.00233     0.00060     0.06380
     6.00963     0.08139     0.00285     0.00073     0.07781
     6.01154     0.09878     0.00346     0.00089     0.09443
     6.01344     0.11930     0.00417     0.00108     0.11405
     6.01535     0.14337     0.00502     0.00130     0.13706
     6.01725     0.17146     0.00600     0.00155     0.16391
     6.01916     0.20406     0.00714     0.00185     0.19507
     6.02106     0.24166     0.00845     0.00219     0.23102
     6.02297     0.28479     0.00996     0.00258     0.27225
     6.02487     0.33398     0.01168     0.00302     0.31927
     6.02678     0.38975     0.01363     0.00353     0.37259
     6.02868     0.45261     0.01583     0.00409     0.43268
     6.03059     0.52304     0.01830     0.00473     0.50001
     6.03249     0.60147     0.02104     0.00544     0.57499
     6.03440     0.68829     0.02408     0.00623     0.65798
     6.03630     0.78378     0.02742     0.00709     0.74928
     6.03821     0.88817     0.03107     0.00803     0.84906
     6.04011     1.00153     0.03504     0.00906     0.95744
     6.04202     1.12385     0.03931     0.01017     1.07437
     6.04392     1.25493     0.04390     0.01135     1.19968
     6.04583     1.39446     0.04878     0.01261     1.33307
     6.04773     1.54193     0.05394     0.01395     1.47405
     6.04964     1.69666     0.05935     0.01535     1.62196
     6.05154     1.85779     0.06499     0.01680     1.77600
     6.05344     2.02428     0.07081     0.01831     1.93516
     6.05535     2.19491     0.07678     0.01985     2.09828
     6.05725     2.36829     0.08285     0.02142     2.26402
     6.05916     2.54288     0.08895     0.02300     2.43092
     6.06106     2.71699     0.09505     0.02458     2.59736
     6.06297     2.88882     0.10106     0.02613     2.76164
     6.06487     3.05652     0.10692     0.02765     2.92195
     6.06678     3.21814     0.11258     0.02911     3.07645
     6.06868     3.37174     0.11795     0.03050     3.22329
     6.07059     3.51541     0.12298     0.03180     3.36064
     6.07249     3.64728     0.12759     0.03299     3.48671
     6.07440     3.76561     0.13173     0.03406     3.59982
     6.07630     3.86877     0.13534     0.03499     3.69844
     6.07821     3.95533     0.13837     0.03578     3.78118
     6.08011     4.02405     0.14077     0.03640     3.84689
     6.08202     4.07396     0.14252     0.03685     3.89460
     6.08392     4.10433     0.14358     0.03712     3.92363
     6.08583     4.11471     0.14394     0.03722     3.93356
     6.08773     4.10496     0.14360     0.03713     3.92423
     6.08964     4.07521     0.14256     0.03686     3.89579
     6.09154     4.02590     0.14083     0.03641     3.84866
     6.09345     3.95775     0.13845     0.03580     3.78350
     6.09535     3.87174     0.13544     0.03502     3.70128
     6.09726     3.76908     0.13185     0.03409     3.60314
     6.09916     3.65120     0.12773     0.03302     3.49045
     6.10106     3.51973     0.12313     0.03183     3.36476
     6.10297     3.37640     0.11811     0.03054     3.22775
     6.10487     3.22308     0.11275     0.02915     3.08118
     6.10678     3.06168     0.10710     0.02769     2.92689
     6.10868     2.89415     0.10124     0.02617     2.76673
     6.11059     2.72241     0.09524     0.02462     2.60256
     6.11249     2.54835     0.08915     0.02304     2.43617
     6.11440     2.37376     0.08304     0.02146     2.26926
     6.11630     2.20032     0.07697     0.01988     2.10347
     6.11821     2.02959     0.07100     0.01833     1.94026
     6.12011     1.86295     0.06517     0.01681     1.78097
     6.12202     1.70165     0.05953     0.01534     1.62678
     6.12392     1.54671     0.05411     0.01393     1.47868
     6.12583     1.39902     0.04894     0.01257     1.33751
     6.12773     1.25925     0.04405     0.01128     1.20392
     6.12964     1.12791     0.03945     0.01007     1.07839
     6.13154     1.00535     0.03516     0.00892     0.96126
     6.13345     0.89174     0.03119     0.00784     0.85271
     6.13535     0.78712     0.02753     0.00684     0.75275
     6.13726     0.69140     0.02418     0.00590     0.66133
     6.13916     0.60439     0.02113     0.00502     0.57824
     6.14107     0.52578     0.01838     0.00419     0.50321
     6.14297     0.45521     0.01591     0.00342     0.43589
     6.14488     0.39225     0.01370     0.00268     0.37587
     6.14678     0.33643     0.01174     0.00197     0.32271
     6.14868     0.28723     0.01001     0.00129     0.27593
     6.15059     0.24415     0.00850     0.00060     0.23505
     6.15249     0.20666     0.00718    -0.00008     0.19956
     6.15440     0.17426     0.00603    -0.00078     0.16901
     6.15630     0.14644     0.00505    -0.00151     0.14290
     6.15821     0.12273     0.00420    -0.00229     0.12082
     6.16011     0.10269     0.00348    -0.00312     0.10232
     6.16202     0.08589     0.00288    -0.00403     0.08704
     6.16392     0.07197     0.00236    -0.00502     0.07463
     6.16583     0.06058     0.00194    -0.00611     0.06476
     6.16773     0.05143     0.00158    -0.00732     0.05716
     6.16964     0.04423     0.00129    -0.00865     0.05159
     6.17154     0.03878     0.00105    -0.01012     0.04784
     6.17345     0.03487     0.00087    -0.01174     0.04575
     6.17535     0.03236     0.00072    -0.01352     0.04516
     6.17726     0.03112     0.00060    -0.01547     0.04598
     6.17916     0.03107     0.00052    -0.01759     0.04814
     6.18107     0.03216     0.00047    -0.01988     0.05157
     6.18297     0.03436     0.00044    -0.02235     0.05627
     6.18488     0.03770     0.00044    -0.02499     0.06225
     6.18678     0.04220     0.00046    -0.02780     0.06954
     6.18869     0.04796     0.00051    -0.03075     0.07820
     6.19059     0.05507     0.00058    -0.03384     0.08834
     6.19250     0.06368     0.00068    -0.03705     0.10006
     6.19440     0.07397     0.00081    -0.04036     0.11351
     6.19630     0.08613     0.00098    -0.04373     0.12888
     6.19821     0.10041     0.00118    -0.04713     0.14636
     6.20011     0.11710     0.00142    -0.05052     0.16620
     6.20202     0.13649     0.00172    -0.05388     0.18865
     6.20392     0.15895     0.00206    -0.05714     0.21403
     6.20583     0.18485     0.00247    -0.06027     0.24265
     6.20773     0.21460     0.00296    -0.06322     0.27486
     6.20964     0.24863     0.00351    -0.06595     0.31106
     6.21154     0.28740     0.00416    -0.06839     0.35164
     6.21345     0.33140     0.00490    -0.07051     0.39701
     6.21535     0.38109     0.00574    -0.07226     0.44760
     6.21726     0.43696     0.00670    -0.07359     0.50385
     6.21916     0.49947     0.00777    -0.07447     0.56617
     6.22107     0.56908     0.00898    -0.07486     0.63496
     6.22297     0.64617     0.01032    -0.07473     0.71058
     6.22488     0.73110     0.01181    -0.07405     0.79335
     6.22678     0.82415     0.01344    -0.07282     0.88353
     6.22869     0.92551     0.01523    -0.07103     0.98130
     6.23059     1.03525     0.01717    -0.06867     1.08675
     6.23250     1.15336     0.01926    -0.06574     1.19985
     6.23440     1.27966     0.02150    -0.06228     1.32044
     6.23631     1.41384     0.02388    -0.05829     1.44825
     6.23821     1.55541     0.02639    -0.05382     1.58285
     6.24012     1.70374     0.02902    -0.04891     1.72363
     6.24202     1.85801     0.03176    -0.04359     1.86984
     6.24392     2.01722     0.03458    -0.03792     2.02056
     6.24583     2.18021     0.03747    -0.03197     2.17471
     6.24773     2.34566     0.04039    -0.02580     2.33106
     6.24964     2.51208     0.04333    -0.01946     2.48822
     6.25154     2.67789     0.04624    -0.01303     2.64468
     6.25345     2.84136     0.04909    -0.00658     2.79885
     6.25535     3.00069     0.05186    -0.00018     2.94902
     6.25726     3.15404     0.05449     0.00611     3.09345
     6.25916     3.29956     0.05695     0.01221     3.23040
     6.26107     3.43539     0.05920     0.01807     3.35811
     6.26297     3.55975     0.06120     0.02364     3.47492
     6.26488     3.67096     0.06291     0.02885     3.57921
     6.26678     3.76747     0.06429     0.03366     3.66952
     6.26869     3.84788     0.06530     0.03803     3.74455
     6.27059     3.91102     0.06590     0.04193     3.80318
     6.27250     3.95592     0.06606     0.04534     3.84452
     6.27440     3.98188     0.06574     0.04823     3.86790
     6.27631     3.98846     0.06491     0.05061     3.87294
     6.27821     3.97550     0.06355     0.05246     3.85950
     6.28012     3.94311     0.06161     0.05379     3.82772
     6.28202     3.89170     0.05907     0.05462     3.77801
     6.28393     3.82191     0.05592     0.05495     3.71104
     6.28583     3.73467     0.05212     0.05483     3.62773
     6.28773     3.63111     0.04765     0.05427     3.52920
     6.28964     3.51258     0.04248     0.05330     3.41680
     6.29154     3.38058     0.03661     0.05197     3.29200
     6.29345     3.23676     0.03000     0.05032     3.15644
     6.29535     3.08285     0.02264     0.04838     3.01183
     6.29726     2.92066     0.01452     0.04619     2.85995
     6.29916     2.75201     0.00561     0.04379     2.70260
     6.30107     2.57871    -0.00410     0.04123     2.54157
     6.30297     2.40252    -0.01461     0.03855     2.37858
     6.30488     2.22515    -0.02593     0.03578     2.21530
     6.30678     2.04818    -0.03806     0.03295     2.05328
     6.30869     1.87307    -0.05100     0.03010     1.89396
     6.31059     1.70115    -0.06472     0.02726     1.73861
     6.31250     1.53361    -0.07921     0.02445     1.58836
     6.31440     1.37146    -0.09442     0.02170     1.44418
     6.31631     1.21555    -0.11032     0.01902     1.30685
     6.31821     1.06659    -0.12683     0.01642     1.17700
     6.32012     0.92513    -0.14389     0.01393     1.05509
     6.32202     0.79155    -0.16141     0.01156     0.94141
     6.32393     0.66613    -0.17929     0.00930     0.83612
     6.32583     0.54901    -0.19739     0.00716     0.73925
     6.32774     0.44024    -0.21560     0.00515     0.65069
     6.32964     0.33974    -0.23377     0.00326     0.57024
     6.33155     0.24740    -0.25174     0.00150     0.49763
     6.33345     0.16301    -0.26934    -0.00013     0.43248
     6.33535     0.08633    -0.28641    -0.00166     0.37440
     6.33726     0.01709    -0.30276    -0.00307     0.32291
     6.33916    -0.04503    -0.31821    -0.00437     0.27755
     6.34107    -0.10036    -0.33260    -0.00557     0.23782
     6.34297    -0.14922    -0.34575    -0.00669     0.20322
     6.34488    -0.19196    -0.35751    -0.00772     0.17326
     6.34678    -0.22891    -0.36772    -0.00867     0.14748
     6.34869    -0.26042    -0.37626    -0.00956     0.12540
     6.35059    -0.28680    -0.38302    -0.01040     0.10661
     6.35250    -0.30839    -0.38791    -0.01119     0.09071
     6.35440    -0.32549    -0.39086    -0.01195     0.07733
     6.35631    -0.33841    -0.39185    -0.01269     0.06613
     6.35821    -0.34747    -0.39086    -0.01342     0.05681
     6.36012    -0.35296    -0.38791    -0.01415     0.04910
     6.36202    -0.35518    -0.38305    -0.01489     0.04277
     6.36393    -0.35442    -0.37635    -0.01567     0.03760
     6.36583    -0.35096    -0.36791    -0.01647     0.03342
     6.36774    -0.34511    -0.35784    -0.01733     0.03007
     6.36964    -0.33713    -0.34629    -0.01825     0.02741
     6.37155    -0.32731    -0.33341    -0.01924     0.02533
     6.37345    -0.31592    -0.31937    -0.02030     0.02374
     6.37536    -0.30323    -0.30435    -0.02144     0.02256
     6.37726    -0.28949    -0.28854    -0.02268     0.02172
     6.37917    -0.27495    -0.27212    -0.02400     0.02117
     6.38107    -0.25983    -0.25528    -0.02542     0.02087
     6.38297    -0.24436    -0.23820    -0.02692     0.02076
     6.38488    -0.22874    -0.22106    -0.02851     0.02083
     6.38678    -0.21316    -0.20402    -0.03018     0.02104
     6.38869    -0.19777    -0.18722    -0.03191     0.02137
     6.39059    -0.18272    -0.17082    -0.03370     0.02180
     6.39250    -0.16815    -0.15492    -0.03552     0.02230
     6.39440    -0.15414    -0.13964    -0.03737     0.02287
     6.39631    -0.14079    -0.12506    -0.03921     0.02347
     6.39821    -0.12817    -0.11124    -0.04104     0.02411
     6.40012    -0.11631    -0.09825    -0.04282     0.02475
     6.40202    -0.10525    -0.08611    -0.04453     0.02539
     6.40393    -0.09501    -0.07486    -0.04615     0.02600
     6.40583    -0.08557    -0.06450    -0.04765     0.02658
     6.40774    -0.07693    -0.05502    -0.04901     0.02710
     6.40964    -0.06907    -0.04642    -0.05021     0.02756
     6.41155    -0.06195    -0.03866    -0.05123     0.02794
     6.41345    -0.05553    -0.03171    -0.05205     0.02824
     6.41536    -0.04977    -0.02555    -0.05266     0.02844
     6.41726    -0.04462    -0.02011    -0.05303     0.02853
     6.41917    -0.04002    -0.01536    -0.05317     0.02851
     6.42107    -0.03594    -0.01124    -0.05307     0.02837
     6.42298    -0.03232    -0.00771    -0.05273     0.02812
     6.42488    -0.02911    -0.00472    -0.05214     0.02775
     6.42679    -0.02626    -0.00221    -0.05133     0.02727
     6.42869    -0.02374    -0.00013    -0.05028     0.02668
     6.43059    -0.02150     0.00155    -0.04903     0.02598
     6.43250    -0.01950     0.00289    -0.04758     0.02518
     6.43440    -0.01772     0.00393    -0.04595     0.02430
     6.43631    -0.01612     0.00471    -0.04416     0.02334
     6.43821    -0.01467     0.00526    -0.04224     0.02231
     6.44012    -0.01337     0.00562    -0.04021     0.02122
     6.44202    -0.01218     0.00581    -0.03809     0.02010
     6.44393    -0.01110     0.00587    -0.03591     0.01894
     6.44583    -0.01010     0.00582    -0.03369     0.01777
     6.44774    -0.00918     0.00568    -0.03145     0.01659
     6.44964    -0.00833     0.00547    -0.02922     0.01541
     6.45155    -0.00754     0.00521    -0.02701     0.01426
     6.45345    -0.00681     0.00492    -0.02485     0.01312
     6.45536    -0.00613     0.00459    -0.02275     0.01203
     6.45726    -0.00549     0.00426    -0.02073     0.01098
     6.45917    -0.00489     0.00392    -0.01879     0.00998
     6.46107    -0.00433     0.00358    -0.01694     0.00903
     6.46298    -0.00381     0.00324    -0.01520     0.00815
     6.46488    -0.00331     0.00292    -0.01357     0.00734
     6.46679    -0.00283     0.00262    -0.01205     0.00660
     6.46869    -0.00238     0.00233    -0.01065     0.00594
     6.47060    -0.00193     0.00206    -0.00935     0.00536
     6.47250    -0.00149     0.00181    -0.00816     0.00486
     6.47441    -0.00104     0.00158    -0.00707     0.00444
     6.47631    -0.00058     0.00138    -0.00608     0.00412
     6.47821    -0.00010     0.00119    -0.00519     0.00390
     6.48012     0.00043     0.00102    -0.00437     0.00378
     6.48202     0.00101     0.00087    -0.00363     0.00377
     6.48393     0.00166     0.00073    -0.00296     0.00388
     6.48583     0.00240     0.00061    -0.00234     0.00412
     6.48774     0.00325     0.00051    -0.00176     0.00451
     6.48964     0.00425     0.00041    -0.00122     0.00506
     6.49155     0.00540     0.00033    -0.00071     0.00579
     6.49345     0.00676     0.00025    -0.00021     0.00672
     6.49536     0.00834     0.00017     0.00030     0.00787
     6.49726     0.01018     0.00010     0.00081     0.00928
     6.49917     0.01233     0.00002     0.00134     0.01096
     6.50107     0.01482    -0.00005     0.00191     0.01296
     6.50298     0.01770    -0.00013     0.00252     0.01531
     6.50488     0.02102    -0.00022     0.00319     0.01804
     6.50679     0.02481    -0.00033     0.00394     0.02120
     6.50869     0.02913    -0.00045     0.00477     0.02481
     6.51060     0.03402    -0.00059     0.00569     0.02892
     6.51250     0.03953    -0.00076     0.00672     0.03357
     6.51441     0.04570    -0.00097     0.00787     0.03880
     6.51631     0.05257    -0.00121     0.00915     0.04463
     6.51822     0.06017    -0.00150     0.01058     0.05109
     6.52012     0.06852    -0.00186     0.01216     0.05822
     6.52203     0.07766    -0.00227     0.01390     0.06603
     6.52393     0.08757    -0.00277     0.01581     0.07453
     6.52583     0.09826    -0.00336     0.01790     0.08371
     6.52774     0.10971    -0.00404     0.02017     0.09358
     6.52964     0.12189    -0.00485     0.02264     0.10411
     6.53155     0.13476    -0.00578     0.02528     0.11526
     6.53345     0.14825    -0.00686     0.02812     0.12700
     6.53536     0.16229    -0.00811     0.03115     0.13925
     6.53726     0.17678    -0.00953     0.03435     0.15196
     6.53917     0.19162    -0.01114     0.03772     0.16504
     6.54107     0.20667    -0.01297     0.04126     0.17838
     6.54298     0.22180    -0.01501     0.04494     0.19187
     6.54488     0.23687    -0.01730     0.04876     0.20541
     6.54679     0.25170    -0.01984     0.05269     0.21885
     6.54869     0.26613    -0.02264     0.05672     0.23206
     6.55060     0.28000    -0.02571     0.06081     0.24490
     6.55250     0.29312    -0.02905     0.06495     0.25723
     6.55441     0.30534    -0.03267     0.06911     0.26890
     6.55631     0.31647    -0.03656     0.07325     0.27978
     6.55822     0.32638    -0.04071     0.07736     0.28973
     6.56012     0.33491    -0.04512     0.08139     0.29864
     6.56203     0.34195    -0.04975     0.08532     0.30638
     6.56393     0.34739    -0.05460     0.08912     0.31287
     6.56584     0.35114    -0.05962     0.09275     0.31802
     6.56774     0.35315    -0.06480     0.09619     0.32176
     6.56964     0.35339    -0.07008     0.09940     0.32406
     6.57155     0.35184    -0.07542     0.10236     0.32490
     6.57345     0.34853    -0.08078     0.10504     0.32427
     6.57536     0.34352    -0.08610     0.10742     0.32220
     6.57726     0.33686    -0.09133     0.10948     0.31871
     6.57917     0.32867    -0.09642     0.11119     0.31389
     6.58107     0.31905    -0.10130     0.11255     0.30780
     6.58298     0.30816    -0.10591     0.11354     0.30054
     6.58488     0.29615    -0.11022     0.11414     0.29222
     6.58679     0.28318    -0.11415     0.11437     0.28296
     6.58869     0.26943    -0.11767     0.11420     0.27290
     6.59060     0.25510    -0.12073     0.11366     0.26217
     6.59250     0.24035    -0.12330     0.11274     0.25091
     6.59441     0.22539    -0.12534     0.11145     0.23927
     6.59631     0.21037    -0.12683     0.10982     0.22739
     6.59822     0.19549    -0.12777     0.10785     0.21540
     6.60012     0.18088    -0.12814     0.10557     0.20345
     6.60203     0.16671    -0.12795     0.10301     0.19165
     6.60393     0.15309    -0.12722     0.10018     0.18012
     6.60584     0.14014    -0.12596     0.09713     0.16897
     6.60774     0.12796    -0.12421     0.09389     0.15828
     6.60965     0.11662    -0.12200     0.09048     0.14814
     6.61155     0.10618    -0.11937     0.08694     0.13861
     6.61346     0.09669    -0.11638     0.08332     0.12975
     6.61536     0.08815    -0.11307     0.07963     0.12159
     6.61726     0.08058    -0.10949     0.07592     0.11416
     6.61917     0.07397    -0.10571     0.07222     0.10747
     6.62107     0.06830    -0.10178     0.06856     0.10152
     6.62298     0.06352    -0.09775     0.06496     0.09631
     6.62488     0.05959    -0.09368     0.06146     0.09180
     6.62679     0.05646    -0.08960     0.05808     0.08798
     6.62869     0.05406    -0.08557     0.05483     0.08480
     6.63060     0.05232    -0.08163     0.05173     0.08222
     6.63250     0.05117    -0.07781     0.04880     0.08018
     6.63441     0.05053    -0.07413     0.04603     0.07863
     6.63631     0.05033    -0.07061     0.04345     0.07750
     6.63822     0.05049    -0.06728     0.04104     0.07673
     6.64012     0.05093    -0.06414     0.03880     0.07626
     6.64203     0.05158    -0.06118     0.03673     0.07603
     6.64393     0.05237    -0.05842     0.03483     0.07596
     6.64584     0.05323    -0.05584     0.03308     0.07600
     6.64774     0.05411    -0.05344     0.03146     0.07608
     6.64965     0.05495    -0.05119     0.02998     0.07616
     6.65155     0.05570    -0.04909     0.02861     0.07617
     6.65346     0.05632    -0.04711     0.02734     0.07609
     6.65536     0.05677    -0.04525     0.02616     0.07586
     6.65727     0.05702    -0.04347     0.02505     0.07545
     6.65917     0.05706    -0.04177     0.02400     0.07483
     6.66108     0.05686    -0.04012     0.02299     0.07399
     6.66298     0.05642    -0.03851     0.02202     0.07291
     6.66488     0.05574    -0.03694     0.02108     0.07159
     6.66679     0.05481    -0.03538     0.02016     0.07003
     6.66869     0.05364    -0.03383     0.01925     0.06822
     6.67060     0.05225    -0.03228     0.01835     0.06618
     6.67250     0.05065    -0.03074     0.01745     0.06393
     6.67441     0.04886    -0.02919     0.01656     0.06149
     6.67631     0.04690    -0.02764     0.01567     0.05887
     6.67822     0.04481    -0.02609     0.01478     0.05612
     6.68012     0.04259    -0.02455     0.01390     0.05324
     6.68203     0.04029    -0.02302     0.01303     0.05028
     6.68393     0.03792    -0.02150     0.01216     0.04726
     6.68584     0.03552    -0.02001     0.01131     0.04422
     6.68774     0.03310    -0.01855     0.01048     0.04117
     6.68965     0.03069    -0.01713     0.00967     0.03815
     6.69155     0.02831    -0.01576     0.00889     0.03519
     6.69346     0.02598    -0.01444     0.00813     0.03230
     6.69536     0.02372    -0.01318     0.00740     0.02950
     6.69727     0.02153    -0.01199     0.00671     0.02682
     6.69917     0.01944    -0.01088     0.00606     0.02426
     6.70108     0.01744    -0.00984     0.00544     0.02184
     6.70298     0.01554    -0.00889     0.00486     0.01957
     6.70489     0.01374    -0.00803     0.00432     0.01745
     6.70679     0.01203    -0.00727     0.00383     0.01548
     6.70870     0.01042    -0.00661     0.00337     0.01367
     6.71060     0.00890    -0.00606     0.00294     0.01201
     6.71250     0.00744    -0.00563     0.00256     0.01051
     6.71441     0.00603    -0.00532     0.00220     0.00915
     6.71631     0.00466    -0.00515     0.00188     0.00793
     6.71822     0.00330    -0.00513     0.00159     0.00684
     6.72012     0.00192    -0.00529     0.00132     0.00588
     6.72203     0.00049    -0.00563     0.00108     0.00504
     6.72393    -0.00103    -0.00618     0.00086     0.00430
     6.72584    -0.00267    -0.00698     0.00065     0.00366
     6.72774    -0.00449    -0.00806     0.00045     0.00312
     6.72965    -0.00654    -0.00945     0.00026     0.00265
     6.73155    -0.00888    -0.01122     0.00007     0.00226
     6.73346    -0.01158    -0.01340    -0.00012     0.00194
     6.73536    -0.01469    -0.01606    -0.00032     0.00169
     6.73727    -0.01831    -0.01928    -0.00052     0.00148
     6.73917    -0.02252    -0.02312    -0.00074     0.00133
     6.74108    -0.02742    -0.02767    -0.00098     0.00123
     6.74298    -0.03310    -0.03302    -0.00125     0.00117
     6.74489    -0.03966    -0.03927    -0.00154     0.00115
     6.74679    -0.04723    -0.04652    -0.00187     0.00117
     6.74870    -0.05591    -0.05489    -0.00225     0.00122
     6.75060    -0.06583    -0.06448    -0.00266     0.00131
     6.75251    -0.07711    -0.07542    -0.00313     0.00144
     6.75441    -0.08986    -0.08780    -0.00365     0.00160
     6.75632    -0.10420    -0.10175    -0.00423     0.00179
     6.75822    -0.12025    -0.11738    -0.00488     0.00201
     6.76012    -0.13810    -0.13478    -0.00559     0.00227
     6.76203    -0.15786    -0.15404    -0.00637     0.00256
     6.76393    -0.17958    -0.17524    -0.00722     0.00288
     6.76584    -0.20334    -0.19843    -0.00815     0.00324
     6.76774    -0.22916    -0.22364    -0.00915     0.00363
     6.76965    -0.25706    -0.25089    -0.01022     0.00405
     6.77155    -0.28701    -0.28015    -0.01136     0.00450
     6.77346    -0.31896    -0.31138    -0.01256     0.00498
     6.77536    -0.35283    -0.34448    -0.01383     0.00549
     6.77727    -0.38848    -0.37935    -0.01515     0.00602
     6.77917    -0.42577    -0.41583    -0.01652     0.00657
     6.78108    -0.46449    -0.45371    -0.01792     0.00715
     6.78298    -0.50440    -0.49278    -0.01935     0.00773
     6.78489    -0.54523    -0.53276    -0.02080     0.00833
     6.78679    -0.58666    -0.57334    -0.02224     0.00893
     6.78870    -0.62835    -0.61420    -0.02368     0.00952
     6.79060    -0.66994    -0.65498    -0.02508     0.01012
     6.79251    -0.71103    -0.69528    -0.02644     0.01069
     6.79441    -0.75121    -0.73471    -0.02775     0.01125
     6.79632    -0.79006    -0.77286    -0.02898     0.01178
     6.79822    -0.82715    -0.80932    -0.03012     0.01228
     6.80013    -0.86208    -0.84367    -0.03115     0.01274
     6.80203    -0.89442    -0.87551    -0.03207     0.01316
     6.80393    -0.92380    -0.90446    -0.03286     0.01353
     6.80584    -0.94986    -0.93018    -0.03352     0.01384
     6.80774    -0.97226    -0.95234    -0.03402     0.01410
     6.80965    -0.99074    -0.97067    -0.03437     0.01429
     6.81155    -1.00506    -0.98493    -0.03455     0.01442
     6.81346    -1.01503    -0.99493    -0.03458     0.01449
     6.81536    -1.02052    -1.00057    -0.03444     0.01449
     6.81727    -1.02149    -1.00176    -0.03415     0.01442
     6.81917    -1.01790    -0.99850    -0.03369     0.01429
     6.82108    -1.00983    -0.99083    -0.03309     0.01409
     6.82298    -0.99738    -0.97887    -0.03235     0.01384
     6.82489    -0.98073    -0.96278    -0.03148     0.01353
     6.82679    -0.96009    -0.94277    -0.03049     0.01316
     6.82870    -0.93573    -0.91909    -0.02939     0.01275
     6.83060    -0.90797    -0.89206    -0.02820     0.01229
     6.83251    -0.87714    -0.86201    -0.02693     0.01180
     6.83441    -0.84363    -0.82931    -0.02560     0.01128
     6.83632    -0.80783    -0.79433    -0.02423     0.01073
     6.83822    -0.77015    -0.75748    -0.02282     0.01016
     6.84013    -0.73099    -0.71917    -0.02140     0.00958
     6.84203    -0.69078    -0.67980    -0.01997     0.00899
     6.84394    -0.64991    -0.63975    -0.01856     0.00840
     6.84584    -0.60877    -0.59942    -0.01716     0.00782
     6.84775    -0.56773    -0.55917    -0.01580     0.00724
     6.84965    -0.52713    -0.51933    -0.01448     0.00667
     6.85155    -0.48729    -0.48020    -0.01321     0.00613
     6.85346    -0.44847    -0.44208    -0.01199     0.00560
     6.85536    -0.41093    -0.40519    -0.01084     0.00509
     6.85727    -0.37488    -0.36974    -0.00976     0.00462
     6.85917    -0.34049    -0.33591    -0.00874     0.00416
     6.86108    -0.30789    -0.30383    -0.00780     0.00374
     6.86298    -0.27718    -0.27360    -0.00692     0.00334
     6.86489    -0.24843    -0.24529    -0.00612     0.00297
     6.86679    -0.22168    -0.21894    -0.00538     0.00264
     6.86870    -0.19694    -0.19455    -0.00472     0.00233
     6.87060    -0.17419    -0.17212    -0.00411     0.00204
     6.87251    -0.15338    -0.15159    -0.00357     0.00179
     6.87441    -0.13445    -0.13292    -0.00309     0.00156
     6.87632    -0.11734    -0.11603    -0.00266     0.00135
     6.87822    -0.10195    -0.10084    -0.00228     0.00117
     6.88013    -0.08818    -0.08724    -0.00195     0.00101
     6.88203    -0.07593    -0.07514    -0.00166     0.00087
     6.88394    -0.06509    -0.06443    -0.00140     0.00075
     6.88584    -0.05554    -0.05500    -0.00119     0.00064
     6.88775    -0.04718    -0.04674    -0.00100     0.00056
     6.88965    -0.03990    -0.03954    -0.00084     0.00049
     6.89156    -0.03358    -0.03330    -0.00071     0.00043
     6.89346    -0.02813    -0.02791    -0.00060     0.00038
     6.89537    -0.02345    -0.02330    -0.00051     0.00035
     6.89727    -0.01946    -0.01935    -0.00044     0.00034
     6.89917    -0.01606    -0.01600    -0.00039     0.00034
     6.90108    -0.01318    -0.01318    -0.00035     0.00035
     6.90298    -0.01075    -0.01080    -0.00033     0.00038
     6.90489    -0.00871    -0.00881    -0.00032     0.00042
     6.90679    -0.00699    -0.00715    -0.00033     0.00049
     6.90870    -0.00556    -0.00578    -0.00035     0.00057
     6.91060    -0.00436    -0.00465    -0.00039     0.00068
     6.91251    -0.00335    -0.00373    -0.00044     0.00082
     6.91441    -0.00250    -0.00297    -0.00051     0.00099
     6.91632    -0.00177    -0.00236    -0.00060     0.00119
     6.91822    -0.00115    -0.00186    -0.00071     0.00143
     6.92013    -0.00059    -0.00147    -0.00084     0.00172
     6.92203    -0.00010    -0.00115    -0.00100     0.00205
     6.92394     0.00036    -0.00090    -0.00119     0.00245
     6.92584     0.00080    -0.00070    -0.00141     0.00291
     6.92775     0.00123    -0.00055    -0.00166     0.00344
     6.92965     0.00166    -0.00043    -0.00196     0.00404
     6.93156     0.00211    -0.00034    -0.00229     0.00474
     6.93346     0.00258    -0.00027    -0.00267     0.00552
     6.93537     0.00309    -0.00022    -0.00310     0.00641
     6.93727     0.00363    -0.00019    -0.00358     0.00740
     6.93918     0.00422    -0.00018    -0.00412     0.00851
     6.94108     0.00485    -0.00018    -0.00471     0.00974
     6.94299     0.00553    -0.00020    -0.00537     0.01110
     6.94489     0.00626    -0.00023    -0.00610     0.01259
     6.94679     0.00704    -0.00028    -0.00689     0.01421
     6.94870     0.00787    -0.00035    -0.00775     0.01597
     6.95060     0.00875    -0.00044    -0.00867     0.01786
     6.95251     0.00966    -0.00056    -0.00967     0.01990
     6.95441     0.01060    -0.00072    -0.01074     0.02207
     6.95632     0.01157    -0.00093    -0.01187     0.02437
     6.95822     0.01254    -0.00119    -0.01307     0.02680
     6.96013     0.01349    -0.00152    -0.01433     0.02935
     6.96203     0.01443    -0.00193    -0.01565     0.03201
     6.96394     0.01531    -0.00245    -0.01703     0.03479
     6.96584     0.01611    -0.00308    -0.01847     0.03766
     6.96775     0.01681    -0.00386    -0.01995     0.04062
     6.96965     0.01737    -0.00482    -0.02148     0.04367
     6.97156     0.01775    -0.00599    -0.02305     0.04679
     6.97346     0.01791    -0.00741    -0.02466     0.04998
     6.97537     0.01782    -0.00912    -0.02630     0.05323
     6.97727     0.01741    -0.01116    -0.02798     0.05655
     6.97918     0.01664    -0.01360    -0.02969     0.05993
     6.98108     0.01545    -0.01650    -0.03142     0.06337
     6.98299     0.01377    -0.01992    -0.03319     0.06688
     6.98489     0.01155    -0.02392    -0.03499     0.07046
     6.98680     0.00872    -0.02860    -0.03682     0.07413
     6.98870     0.00519    -0.03403    -0.03868     0.07790
     6.99061     0.00092    -0.04029    -0.04058     0.08179
     6.99251    -0.00419    -0.04748    -0.04253     0.08582
     6.99441    -0.01021    -0.05568    -0.04453     0.09000
     6.99632    -0.01720    -0.06498    -0.04658     0.09435
     6.99822    -0.02524    -0.07547    -0.04868     0.09891
     7.00013    -0.03440    -0.08723    -0.05085     0.10369
     7.00203    -0.04473    -0.10034    -0.05309     0.10870
     7.00394    -0.05629    -0.11486    -0.05541     0.11397
     7.00584    -0.06913    -0.13084    -0.05779     0.11951
     7.00775    -0.08327    -0.14833    -0.06026     0.12532
     7.00965    -0.09874    -0.16734    -0.06281     0.13141
     7.01156    -0.11553    -0.18788    -0.06543     0.13778
     7.01346    -0.13364    -0.20992    -0.06813     0.14441
     7.01537    -0.15303    -0.23341    -0.07090     0.15128
     7.01727    -0.17363    -0.25827    -0.07373     0.15837
     7.01918    -0.19538    -0.28439    -0.07662     0.16564
     7.02108    -0.21816    -0.31164    -0.07955     0.17304
     7.02299    -0.24184    -0.33984    -0.08252     0.18053
     7.02489    -0.26626    -0.36880    -0.08551     0.18804
     7.02680    -0.29125    -0.39828    -0.08849     0.19552
     7.02870    -0.31661    -0.42803    -0.09146     0.20289
     7.03061    -0.34209    -0.45777    -0.09440     0.21008
     7.03251    -0.36746    -0.48719    -0.09728     0.21701
     7.03442    -0.39245    -0.51599    -0.10008     0.22362
     7.03632    -0.41679    -0.54383    -0.10279     0.22983
     7.03822    -0.44018    -0.57039    -0.10537     0.23558
     7.04013    -0.46232    -0.59533    -0.10781     0.24081
     7.04203    -0.48294    -0.61834    -0.11007     0.24547
     7.04394    -0.50172    -0.63911    -0.11214     0.24954
     7.04584    -0.51839    -0.65737    -0.11399     0.25298
     7.04775    -0.53266    -0.67286    -0.11560     0.25579
     7.04965    -0.54428    -0.68536    -0.11694     0.25801
     7.05156    -0.55301    -0.69469    -0.11799     0.25967
     7.05346    -0.55862    -0.70072    -0.11873     0.26083
     7.05537    -0.56091    -0.70336    -0.11914     0.26160
     7.05727    -0.55969    -0.70258    -0.11921     0.26210
     7.05918    -0.55481    -0.69839    -0.11891     0.26249
     7.06108    -0.54613    -0.69084    -0.11824     0.26296
     7.06299    -0.53352    -0.68007    -0.11719     0.26373
     7.06489    -0.51687    -0.66621    -0.11574     0.26508
     7.06680    -0.49609    -0.64949    -0.11390     0.26730
     7.06870    -0.47107    -0.63013    -0.11167     0.27073
     7.07061    -0.44171    -0.60842    -0.10904     0.27575
     7.07251    -0.40793    -0.58464    -0.10604     0.28275
     7.07442    -0.36960    -0.55914    -0.10266     0.29220
     7.07632    -0.32659    -0.53224    -0.09892     0.30456
     7.07823    -0.27878    -0.50428    -0.09485     0.32035
     7.08013    -0.22598    -0.47561    -0.09045     0.34008
     7.08204    -0.16801    -0.44658    -0.08575     0.36432
     7.08394    -0.10468    -0.41751    -0.08078     0.39361
     7.08584    -0.03575    -0.38871    -0.07557     0.42853
     7.08775     0.03902    -0.36049    -0.07013     0.46964
     7.08965     0.11987    -0.33310    -0.06450     0.51748
     7.09156     0.20705    -0.30681    -0.05871     0.57257
     7.09346     0.30080    -0.28181    -0.05278     0.63539
     7.09537     0.40133    -0.25831    -0.04674     0.70638
     7.09727     0.50882    -0.23645    -0.04063     0.78589
     7.09918     0.62341    -0.21637    -0.03445     0.87423
     7.10108     0.74516    -0.19816    -0.02824     0.97157
     7.10299     0.87408    -0.18190    -0.02203     1.07801
     7.10489     1.01007    -0.16762    -0.01583     1.19353
     7.10680     1.15294    -0.15536    -0.00967     1.31797
     7.10870     1.30236    -0.14511    -0.00356     1.45103
     7.11061     1.45792    -0.13684     0.00247     1.59229
     7.11251     1.61904    -0.13052     0.00840     1.74116
     7.11442     1.78505    -0.12608     0.01422     1.89691
     7.11632     1.95513    -0.12345     0.01991     2.05867
     7.11823     2.12832    -0.12254     0.02544     2.22543
     7.12013     2.30358    -0.12326     0.03080     2.39604
     7.12204     2.47973    -0.12549     0.03596     2.56925
     7.12394     2.65552    -0.12910     0.04092     2.74371
     7.12585     2.82963    -0.13398     0.04564     2.91797
     7.12775     3.00069    -0.13997     0.05011     3.09055
     7.12966     3.16729    -0.14694     0.05431     3.25992
     7.13156     3.32804    -0.15473     0.05822     3.42454
     7.13346     3.48156    -0.16318     0.06182     3.58292
     7.13537     3.62655    -0.17213     0.06509     3.73358
     7.13727     3.76174    -0.18141     0.06802     3.87513
     7.13918     3.88600    -0.19086     0.07059     4.00627
     7.14108     3.99830    -0.20031     0.07280     4.12582
     7.14299     4.09776    -0.20961     0.07463     4.23274
     7.14489     4.18364    -0.21858     0.07608     4.32613
     7.14680     4.25537    -0.22707     0.07715     4.40529
     7.14870     4.31254    -0.23495     0.07784     4.46965
     7.15061     4.35493    -0.24207     0.07816     4.51884
     7.15251     4.38248    -0.24831     0.07811     4.55269
     7.15442     4.39529    -0.25356     0.07770     4.57116
     7.15632     4.39364    -0.25774     0.07695     4.57442
     7.15823     4.37792    -0.26076     0.07589     4.56279
     7.16013     4.34870    -0.26257     0.07453     4.53674
     7.16204     4.30663    -0.26314     0.07289     4.49688
     7.16394     4.25249    -0.26244     0.07100     4.44394
     7.16585     4.18715    -0.26049     0.06888     4.37875
     7.16775     4.11154    -0.25730     0.06658     4.30226
     7.16966     4.02667    -0.25292     0.06410     4.21549
     7.17156     3.93359    -0.24740     0.06148     4.11950
     7.17347     3.83337    -0.24083     0.05876     4.01545
     7.17537     3.72714    -0.23330     0.05594     3.90449
     7.17728     3.61602    -0.22489     0.05307     3.78784
     7.17918     3.50114    -0.21573     0.05016     3.66671
     7.18108     3.38365    -0.20594     0.04723     3.54235
     7.18299     3.26467    -0.19563     0.04431     3.41599
     7.18489     3.14533    -0.18493     0.04142     3.28884
     7.18680     3.02674    -0.17396     0.03856     3.16214
     7.18870     2.90997    -0.16284     0.03575     3.03705
     7.19061     2.79607    -0.15169     0.03301     2.91475
     7.19251     2.68607    -0.14061     0.03035     2.79633
     7.19442     2.58092    -0.12970     0.02776     2.68287
     7.19632     2.48155    -0.11906     0.02526     2.57534
     7.19823     2.38877    -0.10875     0.02286     2.47467
     7.20013     2.30338    -0.09885     0.02055     2.38168
     7.20204     2.22602    -0.08942     0.01833     2.29711
     7.20394     2.15729    -0.08048     0.01621     2.22156
     7.20585     2.09761    -0.07209     0.01419     2.15552
     7.20775     2.04734    -0.06426     0.01226     2.09933
     7.20966     2.00664    -0.05699     0.01043     2.05320
     7.21156     1.97557    -0.05031     0.00869     2.01718
     7.21347     1.95401    -0.04418     0.00704     1.99115
     7.21537     1.94169    -0.03862     0.00548     1.97483
     7.21728     1.93820    -0.03359     0.00400     1.96779
     7.21918     1.94295    -0.02907     0.00261     1.96941
     7.22109     1.95523    -0.02504     0.00130     1.97896
     7.22299     1.97415    -0.02146     0.00008     1.99553
     7.22490     1.99875    -0.01830    -0.00107     2.01812
     7.22680     2.02792    -0.01553    -0.00213     2.04559
     7.22870     2.06048    -0.01312    -0.00312     2.07672
     7.23061     2.09518    -0.01103    -0.00403     2.11023
     7.23251     2.13073    -0.00922    -0.00486     2.14481
     7.23442     2.16583    -0.00767    -0.00562     2.17912
     7.23632     2.19919    -0.00636    -0.00629     2.21184
     7.23823     2.22955    -0.00524    -0.00690     2.24169
     7.24013     2.25575    -0.00430    -0.00742     2.26747
     7.24204     2.27668    -0.00351    -0.00787     2.28805
     7.24394     2.29136    -0.00285    -0.00825     2.30246
     7.24585     2.29895    -0.00230    -0.00855     2.30981
     7.24775     2.29876    -0.00185    -0.00879     2.30940
     7.24966     2.29026    -0.00148    -0.00895     2.30069
     7.25156     2.27308    -0.00118    -0.00905     2.28330
     7.25347     2.24704    -0.00093    -0.00908     2.25705
     7.25537     2.21214    -0.00074    -0.00905     2.22192
     7.25728     2.16852    -0.00058    -0.00896     2.17806
     7.25918     2.11653    -0.00045    -0.00882     2.12580
     7.26109     2.05662    -0.00035    -0.00863     2.06560
     7.26299     1.98941    -0.00027    -0.00840     1.99808
     7.26490     1.91561    -0.00021    -0.00813     1.92394
     7.26680     1.83604    -0.00016    -0.00782     1.84402
     7.26871     1.75158    -0.00012    -0.00748     1.75919
     7.27061     1.66318    -0.00009    -0.00713     1.67040
     7.27252     1.57180    -0.00007    -0.00675     1.57862
     7.27442     1.47841    -0.00005    -0.00636     1.48482
     7.27632     1.38397    -0.00004    -0.00596     1.38997
     7.27823     1.28940    -0.00003    -0.00556     1.29499
     7.28013     1.19557    -0.00002    -0.00516     1.20075
     7.28204     1.10329    -0.00002    -0.00477     1.10807
     7.28394     1.01329    -0.00001    -0.00438     1.01768
     7.28585     0.92621    -0.00001    -0.00400     0.93022
     7.28775     0.84261    -0.00001    -0.00364     0.84626
     7.28966     0.76294    -0.00001    -0.00330     0.76624
     7.29156     0.68758    -0.00001    -0.00297     0.69055
     7.29347     0.61679    -0.00001    -0.00266     0.61945
     7.29537     0.55075    -0.00001    -0.00237     0.55312
     7.29728     0.48955    -0.00001    -0.00210     0.49166
     7.29918     0.43323    -0.00001    -0.00185     0.43509
     7.30109     0.38172    -0.00001    -0.00163     0.38335
     7.30299     0.33492    -0.00001    -0.00142     0.33635
     7.30490     0.29266    -0.00002    -0.00123     0.29391
     7.30680     0.25475    -0.00003    -0.00105     0.25583
     7.30871     0.22095    -0.00003    -0.00090     0.22188
     7.31061     0.19099    -0.00004    -0.00075     0.19179
     7.31252     0.16460    -0.00006    -0.00063     0.16529
     7.31442     0.14150    -0.00008    -0.00051     0.14208
     7.31633     0.12138    -0.00010    -0.00039     0.12188
     7.31823     0.10397    -0.00013    -0.00029     0.10439
     7.32013     0.08899    -0.00017    -0.00019     0.08935
     7.32204     0.07617    -0.00022    -0.00009     0.07647
     7.32394     0.06525    -0.00028     0.00002     0.06551
     7.32585     0.05601    -0.00036     0.00013     0.05624
     7.32775     0.04822    -0.00045     0.00025     0.04843
     7.32966     0.04169    -0.00057     0.00039     0.04188
     7.33156     0.03623    -0.00072     0.00055     0.03641
     7.33347     0.03169    -0.00091     0.00073     0.03187
     7.33537     0.02793    -0.00113     0.00094     0.02811
     7.33728     0.02481    -0.00140     0.00120     0.02502
     7.33918     0.02224    -0.00173     0.00150     0.02248
     7.34109     0.02012    -0.00213     0.00185     0.02040
     7.34299     0.01838    -0.00261     0.00227     0.01871
     7.34490     0.01694    -0.00318     0.00277     0.01735
     7.34680     0.01577    -0.00385     0.00335     0.01627
     7.34871     0.01480    -0.00465     0.00403     0.01542
     7.35061     0.01401    -0.00559     0.00482     0.01478
     7.35252     0.01336    -0.00669     0.00574     0.01431
     7.35442     0.01284    -0.00797     0.00679     0.01401
     7.35633     0.01242    -0.00945     0.00801     0.01387
     7.35823     0.01209    -0.01116     0.00938     0.01387
     7.36014     0.01184    -0.01312     0.01095     0.01401
     7.36204     0.01164    -0.01535     0.01271     0.01428
     7.36395     0.01149    -0.01789     0.01468     0.01470
     7.36585     0.01137    -0.02076     0.01687     0.01526
     7.36775     0.01127    -0.02398     0.01930     0.01595
     7.36966     0.01116    -0.02759     0.02197     0.01679
     7.37156     0.01104    -0.03160     0.02488     0.01776
     7.37347     0.01086    -0.03605     0.02805     0.01886
     7.37537     0.01060    -0.04096     0.03146     0.02009
     7.37728     0.01023    -0.04634     0.03513     0.02144
     7.37918     0.00971    -0.05221     0.03902     0.02290
     7.38109     0.00900    -0.05860     0.04314     0.02445
     7.38299     0.00806    -0.06549     0.04747     0.02608
     7.38490     0.00683    -0.07291     0.05197     0.02777
     7.38680     0.00526    -0.08085     0.05663     0.02948
     7.38871     0.00331    -0.08931     0.06141     0.03121
     7.39061     0.00092    -0.09826     0.06627     0.03291
     7.39252    -0.00197    -0.10770     0.07117     0.03455
     7.39442    -0.00541    -0.11759     0.07607     0.03612
     7.39633    -0.00943    -0.12790     0.08091     0.03756
     7.39823    -0.01410    -0.13860     0.08565     0.03885
     7.40014    -0.01944    -0.14963     0.09023     0.03996
     7.40204    -0.02548    -0.16093     0.09461     0.04085
     7.40395    -0.03223    -0.17245     0.09872     0.04150
     7.40585    -0.03972    -0.18412     0.10252     0.04188
     7.40776    -0.04792    -0.19585     0.10596     0.04197
     7.40966    -0.05683    -0.20757     0.10899     0.04175
     7.41157    -0.06640    -0.21919     0.11158     0.04121
     7.41347    -0.07658    -0.23062     0.11369     0.04035
     7.41537    -0.08730    -0.24176     0.11530     0.03916
     7.41728    -0.09849    -0.25251     0.11638     0.03765
     7.41918    -0.11004    -0.26279     0.11692     0.03583
     7.42109    -0.12184    -0.27248     0.11691     0.03374
     7.42299    -0.13377    -0.28150     0.11635     0.03138
     7.42490    -0.14568    -0.28974     0.11526     0.02880
     7.42680    -0.15744    -0.29713     0.11365     0.02604
     7.42871    -0.16890    -0.30358     0.11154     0.02314
     7.43061    -0.17990    -0.30901     0.10897     0.02014
     7.43252    -0.19028    -0.31336     0.10598     0.01711
     7.43442    -0.19989    -0.31657     0.10259     0.01409
     7.43633    -0.20860    -0.31860     0.09886     0.01114
     7.43823    -0.21626    -0.31941     0.09484     0.00831
     7.44014    -0.22276    -0.31899     0.09056     0.00567
     7.44204    -0.22797    -0.31732     0.08610     0.00325
     7.44395    -0.23182    -0.31443     0.08149     0.00112
     7.44585    -0.23424    -0.31033     0.07679    -0.00070
     7.44776    -0.23516    -0.30506     0.07204    -0.00214
     7.44966    -0.23457    -0.29867     0.06728    -0.00319
     7.45157    -0.23247    -0.29123     0.06257    -0.00381
     7.45347    -0.22885    -0.28281     0.05794    -0.00398
     7.45538    -0.22378    -0.27350     0.05342    -0.00370
     7.45728    -0.21730    -0.26340     0.04904    -0.00294
     7.45919    -0.20950    -0.25260     0.04483    -0.00173
     7.46109    -0.20047    -0.24122     0.04081    -0.00006
     7.46299    -0.19032    -0.22938     0.03700     0.00206
     7.46490    -0.17919    -0.21718     0.03341     0.00458
     7.46680    -0.16721    -0.20474     0.03004     0.00750
     7.46871    -0.15451    -0.19218     0.02690     0.01076
     7.47061    -0.14126    -0.17959     0.02399     0.01434
     7.47252    -0.12760    -0.16709     0.02131     0.01818
     7.47442    -0.11369    -0.15478     0.01886     0.02223
     7.47633    -0.09966    -0.14273     0.01662     0.02645
     7.47823    -0.08567    -0.13103     0.01459     0.03077
     7.48014    -0.07184    -0.11975     0.01276     0.03514
     7.48204    -0.05832    -0.10895     0.01112     0.03951
     7.48395    -0.04521    -0.09867     0.00965     0.04382
     7.48585    -0.03261    -0.08896     0.00834     0.04800
     7.48776    -0.02063    -0.07984     0.00719     0.05202
     7.48966    -0.00935    -0.07134     0.00617     0.05582
     7.49157     0.00117    -0.06345     0.00528     0.05935
     7.49347     0.01087    -0.05619     0.00450     0.06257
     7.49538     0.01971    -0.04955     0.00382     0.06544
     7.49728     0.02766    -0.04351     0.00323     0.06794
     7.49919     0.03470    -0.03806     0.00272     0.07004
     7.50109     0.04083    -0.03318     0.00229     0.07172
     7.50300     0.04604    -0.02885     0.00192     0.07297
     7.50490     0.05035    -0.02504     0.00161     0.07378
     7.50681     0.05379    -0.02172     0.00135     0.07416
     7.50871     0.05637    -0.01888     0.00113     0.07412
     7.51061     0.05813    -0.01649     0.00094     0.07368
     7.51252     0.05912    -0.01453     0.00080     0.07285
     7.51442     0.05936    -0.01300     0.00068     0.07168
     7.51633     0.05890    -0.01187     0.00059     0.07019
     7.51823     0.05779    -0.01115     0.00052     0.06842
     7.52014     0.05606    -0.01085     0.00048     0.06643
     7.52204     0.05375    -0.01096     0.00045     0.06426
     7.52395     0.05089    -0.01152     0.00045     0.06196
     7.52585     0.04752    -0.01256     0.00047     0.05960
     7.52776     0.04364    -0.01411     0.00051     0.05724
     7.52966     0.03929    -0.01622     0.00058     0.05494
     7.53157     0.03446    -0.01896     0.00067     0.05275
     7.53347     0.02915    -0.02240     0.00079     0.05076
     7.53538     0.02334    -0.02661     0.00093     0.04902
     7.53728     0.01703    -0.03170     0.00112     0.04761
     7.53919     0.01016    -0.03777     0.00134     0.04659
     7.54109     0.00272    -0.04492     0.00160     0.04604
     7.54300    -0.00536    -0.05330     0.00191     0.04602
     7.54490    -0.01413    -0.06301     0.00228     0.04661
     7.54681    -0.02363    -0.07421     0.00271     0.04787
     7.54871    -0.03395    -0.08702     0.00320     0.04987
     7.55062    -0.04514    -0.10159     0.00377     0.05268
     7.55252    -0.05725    -0.11806     0.00443     0.05637
     7.55442    -0.07036    -0.13654     0.00517     0.06100
     7.55633    -0.08451    -0.15717     0.00602     0.06664
     7.55823    -0.09975    -0.18004     0.00696     0.07333
     7.56014    -0.11609    -0.20524     0.00802     0.08114
     7.56204    -0.13355    -0.23284     0.00920     0.09009
     7.56395    -0.15212    -0.26286     0.01050     0.10024
     7.56585    -0.17176    -0.29531     0.01193     0.11161
     7.56776    -0.19243    -0.33014     0.01349     0.12421
     7.56966    -0.21404    -0.36728     0.01519     0.13805
     7.57157    -0.23647    -0.40660     0.01702     0.15311
     7.57347    -0.25959    -0.44793     0.01898     0.16936
     7.57538    -0.28323    -0.49106     0.02107     0.18676
     7.57728    -0.30718    -0.53570     0.02328     0.20524
     7.57919    -0.33122    -0.58154     0.02560     0.22472
     7.58109    -0.35511    -0.62823     0.02802     0.24509
     7.58300    -0.37858    -0.67534     0.03053     0.26622
     7.58490    -0.40135    -0.72244     0.03311     0.28798
     7.58681    -0.42312    -0.76905     0.03574     0.31018
     7.58871    -0.44360    -0.81466     0.03841     0.33265
     7.59062    -0.46249    -0.85876     0.04108     0.35519
     7.59252    -0.47952    -0.90082     0.04373     0.37757
     7.59443    -0.49440    -0.94032     0.04633     0.39959
     7.59633    -0.50689    -0.97675     0.04886     0.42100
     7.59824    -0.51678    -1.00964     0.05130     0.44156
     7.60014    -0.52389    -1.03854     0.05360     0.46105
     7.60204    -0.52807    -1.06304     0.05575     0.47921
     7.60395    -0.52924    -1.08279     0.05771     0.49584
     7.60585    -0.52733    -1.09753     0.05947     0.51073
     7.60776    -0.52236    -1.10703     0.06100     0.52367
     7.60966    -0.51438    -1.11115     0.06228     0.53449
     7.61157    -0.50349    -1.10984     0.06328     0.54306
     7.61347    -0.48985    -1.10310     0.06401     0.54925
     7.61538    -0.47364    -1.09106     0.06444     0.55298
     7.61728    -0.45510    -1.07386     0.06458     0.55419
     7.61919    -0.43450    -1.05177     0.06442     0.55286
     7.62109    -0.41214    -1.02511     0.06395     0.54902
     7.62300    -0.38833    -0.99423     0.06320     0.54270
     7.62490    -0.36340    -0.95957     0.06217     0.53400
     7.62681    -0.33770    -0.92159     0.06087     0.52303
     7.62871    -0.31155    -0.88079     0.05931     0.50993
     7.63062    -0.28528    -0.83768     0.05753     0.49487
     7.63252    -0.25919    -0.79278     0.05555     0.47805
     7.63443    -0.23358    -0.74663     0.05338     0.45967
     7.63633    -0.20870    -0.69972     0.05106     0.43996
     7.63824    -0.18480    -0.65256     0.04861     0.41915
     7.64014    -0.16205    -0.60560     0.04606     0.39749
     7.64205    -0.14063    -0.55927     0.04345     0.37519
     7.64395    -0.12066    -0.51396     0.04079     0.35251
     7.64586    -0.10223    -0.47002     0.03811     0.32967
     7.64776    -0.08540    -0.42773     0.03545     0.30688
     7.64966    -0.07019    -0.38734     0.03281     0.28433
     7.65157    -0.05660    -0.34905     0.03023     0.26222
     7.65347    -0.04458    -0.31301     0.02773     0.24070
     7.65538    -0.03409    -0.27932     0.02531     0.21992
     7.65728    -0.02505    -0.24803     0.02299     0.19999
     7.65919    -0.01736    -0.21918     0.02079     0.18103
     7.66109    -0.01093    -0.19273     0.01871     0.16309
     7.66300    -0.00564    -0.16865     0.01676     0.14625
     7.66490    -0.00138    -0.14685     0.01495     0.13053
     7.66681     0.00196    -0.12725     0.01326     0.11595
     7.66871     0.00451    -0.10972     0.01171     0.10252
     7.67062     0.00637    -0.09415     0.01030     0.09022
     7.67252     0.00764    -0.08039     0.00901     0.07902
     7.67443     0.00843    -0.06831     0.00785     0.06889
     7.67633     0.00881    -0.05776     0.00680     0.05977
     7.67824     0.00889    -0.04860     0.00587     0.05162
     7.68014     0.00871    -0.04069     0.00504     0.04436
     7.68205     0.00835    -0.03390     0.00430     0.03795
     7.68395     0.00786    -0.02811     0.00366     0.03231
     7.68586     0.00729    -0.02319     0.00310     0.02738
     7.68776     0.00666    -0.01904     0.00261     0.02309
     7.68967     0.00601    -0.01556     0.00219     0.01938
     7.69157     0.00537    -0.01265     0.00183     0.01619
     7.69348     0.00475    -0.01023     0.00152     0.01347
     7.69538     0.00416    -0.00824     0.00125     0.01115
     7.69728     0.00362    -0.00660     0.00103     0.00919
     7.69919     0.00312    -0.00526     0.00085     0.00754
     7.70109     0.00267    -0.00418     0.00069     0.00616
     7.70300     0.00227    -0.00330     0.00056     0.00501
     7.70490     0.00192    -0.00259     0.00045     0.00407
     7.70681     0.00162    -0.00203     0.00036     0.00329
     7.70871     0.00137    -0.00158     0.00029     0.00266
     7.71062     0.00116    -0.00123     0.00023     0.00216
     7.71252     0.00098    -0.00096     0.00019     0.00176
     7.71443     0.00085    -0.00075     0.00015     0.00144
     7.71633     0.00074    -0.00059     0.00012     0.00121
     7.71824     0.00067    -0.00047     0.00010     0.00104
     7.72014     0.00062    -0.00038     0.00008     0.00093
     7.72205     0.00061    -0.00033     0.00007     0.00087
     7.72395     0.00061    -0.00031     0.00006     0.00085
     7.72586     0.00064    -0.00030     0.00006     0.00088
     7.72776     0.00069    -0.00033     0.00006     0.00096
     7.72967     0.00075    -0.00038     0.00006     0.00107
     7.73157     0.00084    -0.00046     0.00006     0.00124
     7.73348     0.00094    -0.00058     0.00007     0.00145
     7.73538     0.00106    -0.00073     0.00008     0.00171
     7.73729     0.00118    -0.00094     0.00009     0.00203
     7.73919     0.00131    -0.00121     0.00011     0.00241
     7.74110     0.00143    -0.00156     0.00012     0.00287
     7.74300     0.00153    -0.00201     0.00014     0.00340
     7.74490     0.00161    -0.00257     0.00017     0.00401
     7.74681     0.00165    -0.00327     0.00020     0.00473
     7.74871     0.00162    -0.00415     0.00023     0.00554
     7.75062     0.00150    -0.00524     0.00026     0.00648
     7.75252     0.00125    -0.00658     0.00030     0.00754
     7.75443     0.00085    -0.00823     0.00034     0.00873
     7.75633     0.00023    -0.01024     0.00039     0.01008
     7.75824    -0.00065    -0.01268     0.00044     0.01159
     7.76014    -0.00187    -0.01563     0.00049     0.01327
     7.76205    -0.00348    -0.01916     0.00055     0.01513
     7.76395    -0.00558    -0.02338     0.00061     0.01719
     7.76586    -0.00827    -0.02839     0.00067     0.01945
     7.76776    -0.01165    -0.03430     0.00073     0.02192
     7.76967    -0.01583    -0.04124     0.00080     0.02461
     7.77157    -0.02095    -0.04935     0.00087     0.02753
     7.77348    -0.02715    -0.05876     0.00093     0.03068
     7.77538    -0.03456    -0.06962     0.00099     0.03407
     7.77729    -0.04334    -0.08209     0.00105     0.03769
     7.77919    -0.05365    -0.09632     0.00111     0.04156
     7.78110    -0.06564    -0.11246     0.00116     0.04565
     7.78300    -0.07948    -0.13066     0.00120     0.04998
     7.78491    -0.09530    -0.15107     0.00123     0.05453
     7.78681    -0.11326    -0.17381     0.00125     0.05930
     7.78872    -0.13347    -0.19899     0.00126     0.06426
     7.79062    -0.15605    -0.22672     0.00125     0.06941
     7.79252    -0.18109    -0.25704     0.00123     0.07472
     7.79443    -0.20862    -0.28999     0.00119     0.08018
     7.79633    -0.23868    -0.32557     0.00113     0.08575
     7.79824    -0.27125    -0.36373     0.00105     0.09142
     7.80014    -0.30627    -0.40437     0.00096     0.09714
     7.80205    -0.34363    -0.44735     0.00084     0.10289
     7.80395    -0.38318    -0.49249     0.00070     0.10862
     7.80586    -0.42470    -0.53953     0.00054     0.11430
     7.80776    -0.46795    -0.58818     0.00036     0.11988
     7.80967    -0.51260    -0.63807     0.00016     0.12531
     7.81157    -0.55832    -0.68882    -0.00006     0.13056
     7.81348    -0.60468    -0.73997    -0.00029     0.13557
     7.81538    -0.65126    -0.79103    -0.00053     0.14029
     7.81729    -0.69758    -0.84148    -0.00078     0.14468
     7.81919    -0.74312    -0.89077    -0.00104     0.14869
     7.82110    -0.78738    -0.93834    -0.00130     0.15227
     7.82300    -0.82981    -0.98362    -0.00156     0.15537
     7.82491    -0.86991    -1.02605    -0.00182     0.15796
     7.82681    -0.90714    -1.06508    -0.00207     0.16000
     7.82872    -0.94103    -1.10019    -0.00230     0.16146
     7.83062    -0.97111    -1.13090    -0.00252     0.16230
     7.83253    -0.99699    -1.15679    -0.00272     0.16251
     7.83443    -1.01829    -1.17748    -0.00289     0.16208
     7.83633    -1.03474    -1.19270    -0.00303     0.16099
     7.83824    -1.04610    -1.20221    -0.00314     0.15925
     7.84014    -1.05223    -1.20587    -0.00321     0.15686
     7.84205    -1.05305    -1.20364    -0.00324     0.15383
     7.84395    -1.04858    -1.19555    -0.00323     0.15020
     7.84586    -1.03890    -1.18171    -0.00317     0.14598
     7.84776    -1.02419    -1.16233    -0.00306     0.14121
     7.84967    -1.00467    -1.13769    -0.00291     0.13594
     7.85157    -0.98065    -1.10814    -0.00270     0.13020
     7.85348    -0.95249    -1.07410    -0.00244     0.12405
     7.85538    -0.92062    -1.03603    -0.00213     0.11754
     7.85729    -0.88547    -0.99444    -0.00176     0.11072
     7.85919    -0.84755    -0.94987    -0.00134     0.10366
     7.86110    -0.80735    -0.90290    -0.00086     0.09641
     7.86300    -0.76538    -0.85407    -0.00033     0.08902
     7.86491    -0.72217    -0.80397     0.00025     0.08155
     7.86681    -0.67820    -0.75315     0.00088     0.07406
     7.86872    -0.63397    -0.70213     0.00156     0.06660
     7.87062    -0.58991    -0.65140     0.00228     0.05922
     7.87253    -0.54645    -0.60144     0.00304     0.05195
     7.87443    -0.50395    -0.55265     0.00385     0.04486
     7.87634    -0.46275    -0.50540     0.00468     0.03797
     7.87824    -0.42312    -0.46000     0.00555     0.03133
     7.88015    -0.38529    -0.41670     0.00643     0.02497
     7.88205    -0.34944    -0.37571     0.00734     0.01893
     7.88395    -0.31569    -0.33718     0.00825     0.01324
     7.88586    -0.28412    -0.30122     0.00917     0.00792
     7.88776    -0.25477    -0.26787     0.01009     0.00301
     7.88967    -0.22762    -0.23716     0.01099    -0.00145
     7.89157    -0.20263    -0.20906     0.01188    -0.00546
     7.89348    -0.17972    -0.18350     0.01273    -0.00896
     7.89538    -0.15878    -0.16040     0.01356    -0.01193
     7.89729    -0.13967    -0.13966     0.01433    -0.01434
     7.89919    -0.12224    -0.12113     0.01506    -0.01616
     7.90110    -0.10633    -0.10469     0.01572    -0.01736
     7.90300    -0.09175    -0.09018     0.01632    -0.01789
     7.90491    -0.07832    -0.07745     0.01685    -0.01772
     7.90681    -0.06585    -0.06633     0.01730    -0.01682
     7.90872    -0.05417    -0.05668     0.01767    -0.01516
     7.91062    -0.04308    -0.04834     0.01796    -0.01270
     7.91253    -0.03242    -0.04117     0.01816    -0.00941
     7.91443    -0.02203    -0.03504     0.01827    -0.00525
     7.91634    -0.01174    -0.02981     0.01829    -0.00022
     7.91824    -0.00142    -0.02538     0.01824     0.00572
     7.92015     0.00906    -0.02162     0.01810     0.01258
     7.92205     0.01979    -0.01845     0.01789     0.02036
     7.92396     0.03088    -0.01579     0.01760     0.02907
     7.92586     0.04240    -0.01355     0.01726     0.03869
     7.92777     0.05440    -0.01166     0.01686     0.04920
     7.92967     0.06691    -0.01008     0.01642     0.06058
     7.93157     0.07996    -0.00874     0.01594     0.07277
     7.93348     0.09354    -0.00762     0.01544     0.08572
     7.93538     0.10763    -0.00666     0.01493     0.09937
     7.93729     0.12220    -0.00585     0.01442     0.11363
     7.93919     0.13717    -0.00516     0.01392     0.12841
     7.94110     0.15249    -0.00456     0.01345     0.14359
     7.94300     0.16806    -0.00404     0.01302     0.15907
     7.94491     0.18378    -0.00358     0.01265     0.17471
     7.94681     0.19953    -0.00318     0.01234     0.19037
     7.94872     0.21519    -0.00283     0.01212     0.20589
     7.95062     0.23062    -0.00251     0.01199     0.22114
     7.95253     0.24569    -0.00223     0.01197     0.23594
     7.95443     0.26025    -0.00198     0.01208     0.25014
     7.95634     0.27416    -0.00175     0.01232     0.26358
     7.95824     0.28728    -0.00154     0.01272     0.27610
     7.96015     0.29948    -0.00136     0.01329     0.28755
     7.96205     0.31062    -0.00119     0.01403     0.29779
     7.96396     0.32061    -0.00104     0.01497     0.30668
     7.96586     0.32933    -0.00091     0.01612     0.31412
     7.96777     0.33670    -0.00079     0.01748     0.32001
     7.96967     0.34265    -0.00068     0.01907     0.32426
     7.97158     0.34712    -0.00059     0.02090     0.32682
     7.97348     0.35010    -0.00051     0.02296     0.32764
     7.97539     0.35157    -0.00043     0.02528     0.32672
     7.97729     0.35153    -0.00037     0.02784     0.32406
     7.97919     0.35003    -0.00031     0.03066     0.31969
     7.98110     0.34711    -0.00026     0.03371     0.31366
     7.98300     0.34284    -0.00022     0.03700     0.30606
     7.98491     0.33730    -0.00018     0.04051     0.29698
     7.98681     0.33059    -0.00015     0.04422     0.28652
     7.98872     0.32282    -0.00013     0.04812     0.27483
     7.99062     0.31410    -0.00010     0.05217     0.26203
     7.99253     0.30457    -0.00009     0.05635     0.24830
     7.99443     0.29434    -0.00007     0.06063     0.23378
     7.99634     0.28355    -0.00006     0.06495     0.21866
     7.99824     0.27233    -0.00005     0.06929     0.20309
     8.00015     0.26080    -0.00004     0.07359     0.18724
     8.00205     0.24907    -0.00003     0.07781     0.17128
     8.00396     0.23726    -0.00002     0.08190     0.15537
     8.00586     0.22546    -0.00002     0.08581     0.13966
     8.00777     0.21376    -0.00001     0.08949     0.12429
     8.00967     0.20226    -0.00001     0.09289     0.10938
     8.01158     0.19100    -0.00001     0.09596     0.09504
     8.01348     0.18005    -0.00001     0.09867     0.08138
     8.01539     0.16945    -0.00001     0.10097     0.06848
     8.01729     0.15923    -0.00000     0.10283     0.05641
     8.01920     0.14942    -0.00000     0.10422     0.04521
     8.02110     0.14004    -0.00000     0.10512     0.03492
     8.02301     0.13108    -0.00000     0.10552     0.02557
     8.02491     0.12255    -0.00000     0.10540     0.01715
     8.02681     0.11445    -0.00000     0.10478     0.00967
     8.02872     0.10677    -0.00000     0.10366     0.00311
     8.03062     0.09949    -0.00000     0.10206    -0.00257
     8.03253     0.09259    -0.00000     0.09999    -0.00740
     8.03443     0.08608    -0.00000     0.09749    -0.01141
     8.03634     0.07992    -0.00000     0.09459    -0.01468
     8.03824     0.07410    -0.00000     0.09133    -0.01724
     8.04015     0.06861    -0.00000     0.08776    -0.01915
     8.04205     0.06344    -0.00000     0.08392    -0.02048
     8.04396     0.05858    -0.00000     0.07987    -0.02129
     8.04586     0.05402    -0.00000     0.07564    -0.02162
     8.04777     0.04975    -0.00000     0.07130    -0.02155
     8.04967     0.04577    -0.00000     0.06689    -0.02112
     8.05158     0.04208    -0.00000     0.06246    -0.02038
     8.05348     0.03868    -0.00000     0.05805    -0.01937
     8.05539     0.03556    -0.00000     0.05371    -0.01814
     8.05729     0.03275    -0.00000     0.04947    -0.01673
     8.05920     0.03023    -0.00000     0.04538    -0.01515
     8.06110     0.02801    -0.00000     0.04146    -0.01344
     8.06301     0.02612    -0.00000     0.03773    -0.01161
     8.06491     0.02454    -0.00000     0.03422    -0.00968
     8.06682     0.02330    -0.00000     0.03095    -0.00765
     8.06872     0.02240    -0.00000     0.02793    -0.00553
     8.07062     0.02186    -0.00000     0.02516    -0.00330
     8.07253     0.02168    -0.00000     0.02266    -0.00098
     8.07443     0.02189    -0.00000     0.02043     0.00146
     8.07634     0.02248     0.00000     0.01846     0.00402
     8.07824     0.02347     0.00000     0.01675     0.00672
     8.08015     0.02487     0.00000     0.01530     0.00958
     8.08205     0.02669     0.00000     0.01409     0.01260
     8.08396     0.02894     0.00000     0.01313     0.01581
     8.08586     0.03161     0.00000     0.01239     0.01922
     8.08777     0.03472     0.00000     0.01187     0.02285
     8.08967     0.03826     0.00000     0.01156     0.02670
     8.09158     0.04222     0.00000     0.01144     0.03078
     8.09348     0.04659     0.00000     0.01150     0.03509
     8.09539     0.05136     0.00000     0.01172     0.03964
     8.09729     0.05651     0.00000     0.01209     0.04442
     8.09920     0.06200     0.00000     0.01260     0.04940
     8.10110     0.06781     0.00000     0.01323     0.05458
     8.10301     0.07389     0.00000     0.01396     0.05994
     8.10491     0.08020     0.00000     0.01478     0.06542
     8.10682     0.08669     0.00000     0.01567     0.07102
     8.10872     0.09329     0.00000     0.01662     0.07667
     8.11063     0.09995     0.00000     0.01762     0.08233
     8.11253     0.10658     0.00000     0.01863     0.08795
     8.11444     0.11313     0.00000     0.01965     0.09348
     8.11634     0.11951     0.00000     0.02066     0.09885
     8.11824     0.12565     0.00000     0.02164     0.10401
     8.12015     0.13147     0.00000     0.02259     0.10888
     8.12205     0.13690     0.00000     0.02347     0.11343
     8.12396     0.14186     0.00000     0.02429     0.11758
     8.12586     0.14629     0.00000     0.02502     0.12128
     8.12777     0.15013     0.00000     0.02565     0.12448
     8.12967     0.15332     0.00000     0.02618     0.12713
     8.13158     0.15581     0.00000     0.02659     0.12921
     8.13348     0.15757     0.00000     0.02688     0.13068
     8.13539     0.15857     0.00000     0.02705     0.13152
     8.13729     0.15880     0.00000     0.02708     0.13171
     8.13920     0.15825     0.00000     0.02698     0.13127
     8.14110     0.15693     0.00000     0.02676     0.13018
     8.14301     0.15487     0.00000     0.02640     0.12847
     8.14491     0.15209     0.00000     0.02593     0.12616
     8.14682     0.14862     0.00000     0.02534     0.12329
     8.14872     0.14453     0.00000     0.02464     0.11989
     8.15063     0.13986     0.00000     0.02384     0.11602
     8.15253     0.13468     0.00000     0.02296     0.11172
     8.15444     0.12906     0.00000     0.02200     0.10706
     8.15634     0.12307     0.00000     0.02098     0.10209
     8.15825     0.11678     0.00000     0.01991     0.09687
     8.16015     0.11027     0.00000     0.01880     0.09148
     8.16206     0.10362     0.00000     0.01766     0.08596
     8.16396     0.09689     0.00000     0.01651     0.08038
     8.16586     0.09016     0.00000     0.01537     0.07479
     8.16777     0.08348     0.00000     0.01423     0.06925
     8.16967     0.07692     0.00000     0.01311     0.06381
     8.17158     0.07053     0.00000     0.01202     0.05851
     8.17348     0.06435     0.00000     0.01097     0.05339
     8.17539     0.05843     0.00000     0.00996     0.04847
     8.17729     0.05280     0.00000     0.00900     0.04380
     8.17920     0.04747     0.00000     0.00809     0.03938
     8.18110     0.04247     0.00000     0.00724     0.03523
     8.18301     0.03782     0.00000     0.00645     0.03137
     8.18491     0.03351     0.00000     0.00571     0.02779
     8.18682     0.02954     0.00000     0.00504     0.02451
     8.18872     0.02592     0.00000     0.00442     0.02150
     8.19063     0.02263     0.00000     0.00386     0.01877
     8.19253     0.01966     0.00000     0.00335     0.01631
     8.19444     0.01700     0.00000     0.00290     0.01410
     8.19634     0.01462     0.00000     0.00249     0.01213
     8.19825     0.01252     0.00000     0.00213     0.01039
     8.20015     0.01067     0.00000     0.00182     0.00885
     8.20206     0.00904     0.00000     0.00154     0.00750
     8.20396     0.00763     0.00000     0.00130     0.00633
     8.20587     0.00640     0.00000     0.00109     0.00531
     8.20777     0.00535     0.00000     0.00091     0.00444
     8.20968     0.00445     0.00000     0.00076     0.00369
     8.21158     0.00368     0.00000     0.00063     0.00305
     8.21348     0.00303     0.00000     0.00052     0.00251
     8.21539     0.00248     0.00000     0.00042     0.00206
     8.21729     0.00203     0.00000     0.00034     0.00168
     8.21920     0.00165     0.00000     0.00028     0.00137
     8.22110     0.00133     0.00000     0.00023     0.00111
     8.22301     0.00107     0.00000     0.00018     0.00089
     8.22491     0.00086     0.00000     0.00014     0.00072
     8.22682     0.00069     0.00000     0.00011     0.00058
     8.22872     0.00056     0.00000     0.00009     0.00047
     8.23063     0.00045     0.00000     0.00007     0.00038
     8.23253     0.00037     0.00000     0.00005     0.00031
     8.23444     0.00031     0.00000     0.00004     0.00027
     8.23634     0.00027     0.00001     0.00003     0.00023
     8.23825     0.00025     0.00001     0.00002     0.00021
     8.24015     0.00024     0.00001     0.00002     0.00021
     8.24206     0.00024     0.00001     0.00001     0.00022
     8.24396     0.00027     0.00002     0.00001     0.00024
     8.24587     0.00030     0.00003     0.00000     0.00027
     8.24777     0.00036     0.00003     0.00000     0.00032
     8.24968     0.00043     0.00004     0.00000     0.00039
     8.25158     0.00053     0.00006     0.00000     0.00047
     8.25349     0.00065     0.00007     0.00000     0.00058
     8.25539     0.00080     0.00009     0.00000     0.00071
     8.25730     0.00099     0.00012     0.00001     0.00087
     8.25920     0.00122     0.00015     0.00001     0.00106
     8.26110     0.00150     0.00018     0.00002     0.00130
     8.26301     0.00184     0.00023     0.00003     0.00158
     8.26491     0.00225     0.00029     0.00005     0.00191
     8.26682     0.00274     0.00036     0.00007     0.00230
     8.26872     0.00332     0.00045     0.00010     0.00277
     8.27063     0.00400     0.00055     0.00014     0.00331
     8.27253     0.00481     0.00068     0.00019     0.00394
     8.27444     0.00576     0.00083     0.00026     0.00467
     8.27634     0.00686     0.00101     0.00034     0.00552
     8.27825     0.00814     0.00122     0.00043     0.00649
     8.28015     0.00962     0.00147     0.00056     0.00759
     8.28206     0.01132     0.00177     0.00071     0.00885
     8.28396     0.01327     0.00211     0.00089     0.01027
     8.28587     0.01549     0.00252     0.00110     0.01187
     8.28777     0.01800     0.00298     0.00136     0.01366
     8.28968     0.02084     0.00351     0.00167     0.01565
     8.29158     0.02401     0.00412     0.00203     0.01786
     8.29349     0.02756     0.00482     0.00245     0.02030
     8.29539     0.03150     0.00560     0.00293     0.02297
     8.29730     0.03585     0.00648     0.00349     0.02588
     8.29920     0.04063     0.00746     0.00413     0.02904
     8.30111     0.04585     0.00855     0.00485     0.03245
     8.30301     0.05153     0.00976     0.00566     0.03611
     8.30492     0.05766     0.01108     0.00657     0.04001
     8.30682     0.06425     0.01253     0.00758     0.04415
     8.30872     0.07129     0.01409     0.00868     0.04851
     8.31063     0.07876     0.01578     0.00989     0.05309
     8.31253     0.08664     0.01759     0.01121     0.05785
     8.31444     0.09490     0.01950     0.01262     0.06278
     8.31634     0.10350     0.02153     0.01414     0.06784
     8.31825     0.11240     0.02365     0.01574     0.07300
     8.32015     0.12152     0.02586     0.01743     0.07823
     8.32206     0.13082     0.02814     0.01920     0.08349
     8.32396     0.14021     0.03047     0.02103     0.08872
     8.32587     0.14962     0.03284     0.02290     0.09388
     8.32777     0.15896     0.03523     0.02481     0.09892
     8.32968     0.16814     0.03760     0.02674     0.10380
     8.33158     0.17706     0.03995     0.02866     0.10845
     8.33349     0.18563     0.04224     0.03056     0.11283
     8.33539     0.19374     0.04444     0.03241     0.11689
     8.33730     0.20131     0.04654     0.03419     0.12058
     8.33920     0.20823     0.04850     0.03588     0.12385
     8.34111     0.21443     0.05030     0.03746     0.12666
     8.34301     0.21981     0.05192     0.03891     0.12898
     8.34492     0.22430     0.05332     0.04020     0.13078
     8.34682     0.22785     0.05451     0.04132     0.13202
     8.34873     0.23041     0.05545     0.04226     0.13270
     8.35063     0.23192     0.05613     0.04299     0.13280
     8.35253     0.23238     0.05655     0.04352     0.13232
     8.35444     0.23177     0.05669     0.04382     0.13126
     8.35634     0.23010     0.05656     0.04391     0.12963
     8.35825     0.22739     0.05616     0.04377     0.12746
     8.36015     0.22367     0.05549     0.04341     0.12476
     8.36206     0.21899     0.05457     0.04284     0.12158
     8.36396     0.21341     0.05339     0.04206     0.11796
     8.36587     0.20701     0.05199     0.04109     0.11392
     8.36777     0.19986     0.05039     0.03994     0.10953
     8.36968     0.19205     0.04859     0.03863     0.10484
     8.37158     0.18369     0.04663     0.03717     0.09989
     8.37349     0.17486     0.04453     0.03559     0.09474
     8.37539     0.16568     0.04232     0.03390     0.08945
     8.37730     0.15624     0.04003     0.03214     0.08407
     8.37920     0.14664     0.03767     0.03031     0.07865
     8.38111     0.13698     0.03528     0.02845     0.07325
     8.38301     0.12735     0.03288     0.02657     0.06790
     8.38492     0.11783     0.03050     0.02469     0.06265
     8.38682     0.10851     0.02815     0.02282     0.05754
     8.38873     0.09945     0.02586     0.02100     0.05260
     8.39063     0.09072     0.02363     0.01922     0.04786
     8.39254     0.08235     0.02150     0.01751     0.04335
     8.39444     0.07440     0.01946     0.01587     0.03907
     8.39635     0.06690     0.01752     0.01431     0.03506
     8.39825     0.05986     0.01571     0.01285     0.03131
     8.40015     0.05331     0.01401     0.01147     0.02783
     8.40206     0.04725     0.01244     0.01019     0.02462
     8.40396     0.04168     0.01098     0.00901     0.02168
     8.40587     0.03658     0.00966     0.00793     0.01900
     8.40777     0.03196     0.00845     0.00694     0.01657
     8.40968     0.02778     0.00735     0.00605     0.01438
     8.41158     0.02404     0.00637     0.00524     0.01243
     8.41349     0.02070     0.00549     0.00452     0.01068
     8.41539     0.01773     0.00471     0.00388     0.00914
     8.41730     0.01512     0.00402     0.00332     0.00779
     8.41920     0.01283     0.00341     0.00282     0.00660
     8.42111     0.01084     0.00289     0.00239     0.00557
     8.42301     0.00911     0.00243     0.00201     0.00467
     8.42492     0.00762     0.00203     0.00168     0.00391
     8.42682     0.00634     0.00169     0.00140     0.00325
     8.42873     0.00526     0.00140     0.00116     0.00269
     8.43063     0.00433     0.00116     0.00096     0.00222
     8.43254     0.00356     0.00095     0.00079     0.00182
     8.43444     0.00291     0.00078     0.00065     0.00148
     8.43635     0.00237     0.00063     0.00053     0.00121
     8.43825     0.00192     0.00051     0.00043     0.00098
     8.44016     0.00155     0.00041     0.00035     0.00079
     8.44206     0.00125     0.00033     0.00029     0.00064
     8.44397     0.00101     0.00026     0.00023     0.00052
     8.44587     0.00082     0.00021     0.00019     0.00042
     8.44777     0.00067     0.00016     0.00016     0.00034
     8.44968     0.00056     0.00013     0.00014     0.00029
     8.45158     0.00048     0.00010     0.00013     0.00025
     8.45349     0.00042     0.00008     0.00012     0.00022
     8.45539     0.00039     0.00006     0.00013     0.00021
     8.45730     0.00039     0.00005     0.00014     0.00021
     8.45920     0.00041     0.00004     0.00015     0.00022
     8.46111     0.00045     0.00003     0.00018     0.00024
     8.46301     0.00052     0.00002     0.00021     0.00028
     8.46492     0.00061     0.00002     0.00026     0.00033
     8.46682     0.00073     0.00001     0.00032     0.00040
     8.46873     0.00089     0.00001     0.00039     0.00049
     8.47063     0.00108     0.00001     0.00047     0.00060
     8.47254     0.00132     0.00000     0.00058     0.00074
     8.47444     0.00161     0.00000     0.00070     0.00091
     8.47635     0.00196     0.00000     0.00086     0.00111
     8.47825     0.00238     0.00000     0.00103     0.00135
     8.48016     0.00288     0.00000     0.00124     0.00163
     8.48206     0.00346     0.00000     0.00149     0.00197
     8.48397     0.00415     0.00000     0.00178     0.00237
     8.48587     0.00496     0.00000     0.00211     0.00285
     8.48778     0.00589     0.00000     0.00249     0.00340
     8.48968     0.00697     0.00000     0.00293     0.00404
     8.49159     0.00821     0.00000     0.00342     0.00478
     8.49349     0.00962     0.00000     0.00399     0.00563
     8.49539     0.01123     0.00000     0.00462     0.00661
     8.49730     0.01305     0.00000     0.00532     0.00773
     8.49920     0.01511     0.00000     0.00611     0.00900
     8.50111     0.01740     0.00000     0.00697     0.01043
     8.50301     0.01996     0.00000     0.00791     0.01205
     8.50492     0.02280     0.00000     0.00894     0.01385
     8.50682     0.02592     0.00000     0.01006     0.01587
     8.50873     0.02935     0.00000     0.01125     0.01810
     8.51063     0.03308     0.00000     0.01252     0.02056
     8.51254     0.03713     0.00000     0.01387     0.02326
     8.51444     0.04149     0.00000     0.01528     0.02621
     8.51635     0.04617     0.00000     0.01675     0.02942
     8.51825     0.05115    -0.00000     0.01826     0.03289
     8.52016     0.05643    -0.00000     0.01980     0.03662
     8.52206     0.06198    -0.00000     0.02136     0.04062
     8.52397     0.06779    -0.00000     0.02292     0.04487
     8.52587     0.07382    -0.00000     0.02445     0.04937
     8.52778     0.08005    -0.00000     0.02594     0.05410
     8.52968     0.08643    -0.00000     0.02737     0.05906
     8.53159     0.09291    -0.00000     0.02870     0.06421
     8.53349     0.09946    -0.00000     0.02992     0.06954
     8.53540     0.10601    -0.00000     0.03100     0.07500
     8.53730     0.11250    -0.00000     0.03192     0.08058
     8.53921     0.11888    -0.00000     0.03266     0.08622
     8.54111     0.12507    -0.00000     0.03318     0.09189
     8.54301     0.13102    -0.00000     0.03348     0.09754
     8.54492     0.13666    -0.00000     0.03354     0.10312
     8.54682     0.14192    -0.00000     0.03334     0.10858
     8.54873     0.14673    -0.00000     0.03287     0.11387
     8.55063     0.15105    -0.00000     0.03213     0.11892
     8.55254     0.15481    -0.00000     0.03111     0.12370
     8.55444     0.15797    -0.00000     0.02983     0.12814
     8.55635     0.16047    -0.00000     0.02828     0.13219
     8.55825     0.16229    -0.00000     0.02648     0.13581
     8.56016     0.16341    -0.00000     0.02445     0.13896
     8.56206     0.16379    -0.00000     0.02220     0.14159
     8.56397     0.16344    -0.00000     0.01978     0.14367
     8.56587     0.16236    -0.00000     0.01719     0.14517
     8.56778     0.16057    -0.00000     0.01448     0.14609
     8.56968     0.15808    -0.00000     0.01169     0.14639
     8.57159     0.15493    -0.00000     0.00884     0.14610
     8.57349     0.15117    -0.00001     0.00597     0.14520
     8.57540     0.14684    -0.00001     0.00313     0.14372
     8.57730     0.14202    -0.00001     0.00035     0.14168
     8.57921     0.13676    -0.00002    -0.00234     0.13912
     8.58111     0.13114    -0.00002    -0.00490     0.13606
     8.58302     0.12523    -0.00003    -0.00731     0.13257
     8.58492     0.11912    -0.00004    -0.00954     0.12870
     8.58682     0.11289    -0.00006    -0.01155     0.12450
     8.58873     0.10661    -0.00008    -0.01335     0.12004
     8.59063     0.10037    -0.00011    -0.01491     0.11538
     8.59254     0.09424    -0.00014    -0.01622     0.11060
     8.59444     0.08829    -0.00019    -0.01729     0.10577
     8.59635     0.08260    -0.00025    -0.01810     0.10095
     8.59825     0.07721    -0.00034    -0.01867     0.09621
     8.60016     0.07217    -0.00044    -0.01900     0.09162
     8.60206     0.06754    -0.00057    -0.01911     0.08723
     8.60397     0.06334    -0.00075    -0.01901     0.08310
     8.60587     0.05959    -0.00097    -0.01872     0.07928
     8.60778     0.05630    -0.00125    -0.01826     0.07580
     8.60968     0.05347    -0.00160    -0.01764     0.07271
     8.61159     0.05109    -0.00204    -0.01690     0.07002
     8.61349     0.04913    -0.00258    -0.01604     0.06775
     8.61540     0.04755    -0.00326    -0.01509     0.06591
     8.61730     0.04632    -0.00410    -0.01408     0.06450
     8.61921     0.04536    -0.00513    -0.01302     0.06351
     8.62111     0.04461    -0.00638    -0.01193     0.06292
     8.62302     0.04399    -0.00790    -0.01082     0.06271
     8.62492     0.04341    -0.00974    -0.00970     0.06285
     8.62683     0.04278    -0.01194    -0.00860     0.06331
     8.62873     0.04197    -0.01457    -0.00751     0.06405
     8.63064     0.04088    -0.01769    -0.00645     0.06502
     8.63254     0.03939    -0.02137    -0.00542     0.06618
     8.63444     0.03737    -0.02570    -0.00442     0.06749
     8.63635     0.03470    -0.03075    -0.00345     0.06890
     8.63825     0.03124    -0.03661    -0.00252     0.07037
     8.64016     0.02687    -0.04338    -0.00161     0.07185
     8.64206     0.02145    -0.05115    -0.00072     0.07332
     8.64397     0.01487    -0.06001     0.00015     0.07473
     8.64587     0.00701    -0.07007     0.00101     0.07607
     8.64778    -0.00225    -0.08141     0.00186     0.07730
     8.64968    -0.01301    -0.09412     0.00271     0.07840
     8.65159    -0.02534    -0.10829     0.00357     0.07938
     8.65349    -0.03931    -0.12398     0.00445     0.08022
     8.65540    -0.05498    -0.14125     0.00536     0.08092
     8.65730    -0.07237    -0.16014     0.00629     0.08148
     8.65921    -0.09150    -0.18067     0.00725     0.08192
     8.66111    -0.11233    -0.20284     0.00826     0.08225
     8.66302    -0.13483    -0.22661     0.00930     0.08247
     8.66492    -0.15892    -0.25193     0.01038     0.08262
     8.66683    -0.18450    -0.27871     0.01151     0.08270
     8.66873    -0.21142    -0.30683     0.01268     0.08273
     8.67064    -0.23952    -0.33613     0.01388     0.08274
     8.67254    -0.26860    -0.36644     0.01511     0.08272
     8.67445    -0.29844    -0.39752     0.01637     0.08271
     8.67635    -0.32880    -0.42913     0.01764     0.08269
     8.67826    -0.35939    -0.46099     0.01892     0.08269
     8.68016    -0.38991    -0.49280     0.02019     0.08270
     8.68206    -0.42007    -0.52422     0.02144     0.08271
     8.68397    -0.44954    -0.55493     0.02267     0.08272
     8.68587    -0.47798    -0.58456     0.02385     0.08273
     8.68778    -0.50508    -0.61276     0.02497     0.08270
     8.68968    -0.53052    -0.63918     0.02603     0.08264
     8.69159    -0.55398    -0.66349     0.02699     0.08252
     8.69349    -0.57517    -0.68535     0.02786     0.08231
     8.69540    -0.59384    -0.70447     0.02863     0.08200
     8.69730    -0.60975    -0.72058     0.02927     0.08157
     8.69921    -0.62269    -0.73346     0.02978     0.08099
     8.70111    -0.63252    -0.74292     0.03016     0.08024
     8.70302    -0.63911    -0.74882     0.03039     0.07932
     8.70492    -0.64239    -0.75108     0.03048     0.07820
     8.70683    -0.64234    -0.74965     0.03042     0.07689
     8.70873    -0.63899    -0.74457     0.03022     0.07536
     8.71064    -0.63240    -0.73591     0.02988     0.07362
     8.71254    -0.62270    -0.72378     0.02941     0.07168
     8.71445    -0.61003    -0.70837     0.02880     0.06953
     8.71635    -0.59460    -0.68988     0.02808     0.06720
     8.71826    -0.57663    -0.66858     0.02726     0.06469
     8.72016    -0.55639    -0.64476     0.02634     0.06203
     8.72207    -0.53415    -0.61873     0.02534     0.05923
     8.72397    -0.51021    -0.59082     0.02428     0.05632
     8.72588    -0.48487    -0.56138     0.02318     0.05333
     8.72778    -0.45844    -0.53076     0.02205     0.05027
     8.72968    -0.43122    -0.49931     0.02090     0.04718
     8.73159    -0.40351    -0.46737     0.01977     0.04408
     8.73349    -0.37560    -0.43526     0.01866     0.04101
     8.73540    -0.34773    -0.40329     0.01759     0.03797
     8.73730    -0.32016    -0.37173     0.01657     0.03500
     8.73921    -0.29309    -0.34084     0.01564     0.03212
     8.74111    -0.26671    -0.31084     0.01479     0.02934
     8.74302    -0.24118    -0.28190     0.01404     0.02668
     8.74492    -0.21663    -0.25419     0.01341     0.02415
     8.74683    -0.19315    -0.22783     0.01291     0.02177
     8.74873    -0.17081    -0.20289     0.01254     0.01954
     8.75064    -0.14965    -0.17944     0.01233     0.01746
     8.75254    -0.12968    -0.15750     0.01227     0.01555
     8.75445    -0.11091    -0.13707     0.01237     0.01379
     8.75635    -0.09331    -0.11813     0.01264     0.01219
     8.75826    -0.07682    -0.10064     0.01308     0.01074
     8.76016    -0.06141    -0.08453     0.01369     0.00943
     8.76207    -0.04700    -0.06974     0.01447     0.00827
     8.76397    -0.03353    -0.05619     0.01543     0.00724
     8.76588    -0.02091    -0.04379     0.01655     0.00633
     8.76778    -0.00908    -0.03244     0.01782     0.00553
     8.76969     0.00203    -0.02205     0.01925     0.00483
     8.77159     0.01251    -0.01255     0.02082     0.00423
     8.77350     0.02239    -0.00383     0.02251     0.00371
     8.77540     0.03175     0.00418     0.02431     0.00327
     8.77730     0.04063     0.01155     0.02620     0.00288
     8.77921     0.04905     0.01834     0.02816     0.00255
     8.78111     0.05704     0.02462     0.03016     0.00226
     8.78302     0.06462     0.03043     0.03218     0.00200
     8.78492     0.07178     0.03581     0.03420     0.00177
     8.78683     0.07853     0.04079     0.03619     0.00156
     8.78873     0.08485     0.04539     0.03810     0.00136
     8.79064     0.09072     0.04963     0.03993     0.00116
     8.79254     0.09611     0.05351     0.04164     0.00096
     8.79445     0.10098     0.05704     0.04319     0.00076
     8.79635     0.10532     0.06022     0.04456     0.00054
     8.79826     0.10908     0.06304     0.04573     0.00031
     8.80016     0.11223     0.06550     0.04667     0.00006
     8.80207     0.11475     0.06759     0.04737    -0.00021
     8.80397     0.11660     0.06930     0.04780    -0.00049
     8.80588     0.11777     0.07062     0.04795    -0.00080
     8.80778     0.11825     0.07156     0.04782    -0.00113
     8.80969     0.11804     0.07211     0.04740    -0.00148
     8.81159     0.11713     0.07228     0.04669    -0.00184
     8.81350     0.11555     0.07206     0.04570    -0.00222
     8.81540     0.11331     0.07148     0.04444    -0.00261
     8.81731     0.11045     0.07054     0.04292    -0.00301
     8.81921     0.10701     0.06925     0.04117    -0.00341
     8.82112     0.10304     0.06765     0.03920    -0.00381
     8.82302     0.09860     0.06576     0.03704    -0.00421
     8.82492     0.09374     0.06361     0.03473    -0.00459
     8.82683     0.08854     0.06122     0.03228    -0.00496
     8.82873     0.08306     0.05863     0.02974    -0.00531
     8.83064     0.07738     0.05587     0.02714    -0.00563
     8.83254     0.07156     0.05298     0.02451    -0.00593
     8.83445     0.06568     0.05000     0.02187    -0.00619
     8.83635     0.05981     0.04695     0.01927    -0.00642
     8.83826     0.05400     0.04387     0.01674    -0.00661
     8.84016     0.04833     0.04079     0.01429    -0.00675
     8.84207     0.04284     0.03775     0.01195    -0.00686
     8.84397     0.03758     0.03476     0.00974    -0.00692
     8.84588     0.03259     0.03185     0.00767    -0.00693
     8.84778     0.02790     0.02904     0.00577    -0.00691
     8.84969     0.02355     0.02635     0.00404    -0.00684
     8.85159     0.01954     0.02379     0.00248    -0.00673
     8.85350     0.01588     0.02137     0.00110    -0.00659
     8.85540     0.01259     0.01911    -0.00011    -0.00641
     8.85731     0.00966     0.01700    -0.00114    -0.00620
     8.85921     0.00708     0.01505    -0.00200    -0.00597
     8.86112     0.00484     0.01326    -0.00271    -0.00571
     8.86302     0.00293     0.01163    -0.00327    -0.00543
     8.86493     0.00131     0.01014    -0.00369    -0.00514
     8.86683    -0.00002     0.00881    -0.00399    -0.00484
     8.86873    -0.00110     0.00761    -0.00418    -0.00453
     8.87064    -0.00195     0.00654    -0.00427    -0.00422
     8.87254    -0.00259     0.00560    -0.00428    -0.00391
     8.87445    -0.00305     0.00476    -0.00422    -0.00360
     8.87635    -0.00336     0.00404    -0.00410    -0.00330
     8.87826    -0.00354     0.00340    -0.00393    -0.00301
     8.88016    -0.00360     0.00285    -0.00373    -0.00273
     8.88207    -0.00358     0.00238    -0.00350    -0.00246
     8.88397    -0.00349     0.00198    -0.00325    -0.00221
     8.88588    -0.00334     0.00164    -0.00300    -0.00198
     8.88778    -0.00315     0.00135    -0.00274    -0.00176
     8.88969    -0.00294     0.00110    -0.00248    -0.00155
     8.89159    -0.00271     0.00090    -0.00224    -0.00137
     8.89350    -0.00247     0.00073    -0.00200    -0.00120
     8.89540    -0.00223     0.00059    -0.00177    -0.00104
     8.89731    -0.00199     0.00047    -0.00156    -0.00090
     8.89921    -0.00177     0.00038    -0.00137    -0.00078
     8.90112    -0.00156     0.00030    -0.00119    -0.00067
     8.90302    -0.00136     0.00024    -0.00103    -0.00057
     8.90493    -0.00118     0.00019    -0.00088    -0.00048
     8.90683    -0.00102     0.00015    -0.00076    -0.00041
     8.90874    -0.00087     0.00011    -0.00064    -0.00034
     8.91064    -0.00074     0.00009    -0.00054    -0.00029
     8.91255    -0.00063     0.00007    -0.00045    -0.00024
     8.91445    -0.00053     0.00005    -0.00038    -0.00020
     8.91635    -0.00044     0.00004    -0.00032    -0.00016
     8.91826    -0.00036     0.00003    -0.00026    -0.00013
     8.92016    -0.00030     0.00002    -0.00021    -0.00011
     8.92207    -0.00025     0.00002    -0.00017    -0.00009
     8.92397    -0.00020     0.00001    -0.00014    -0.00007
     8.92588    -0.00016     0.00001    -0.00011    -0.00006
     8.92778    -0.00013     0.00001    -0.00009    -0.00005
     8.92969    -0.00011     0.00001    -0.00007    -0.00004
     8.93159    -0.00008     0.00000    -0.00006    -0.00003
     8.93350    -0.00007     0.00000    -0.00005    -0.00002
     8.93540    -0.00005     0.00000    -0.00004    -0.00002
     8.93731    -0.00004     0.00000    -0.00003    -0.00001
     8.93921    -0.00003     0.00000    -0.00002    -0.00001
     8.94112    -0.00002     0.00000    -0.00002    -0.00001
     8.94302    -0.00002     0.00000    -0.00001    -0.00001
     8.94493    -0.00001     0.00000    -0.00001    -0.00001
     8.94683    -0.00001     0.00000    -0.00001    -0.00000
     8.94874    -0.00001     0.00000    -0.00001    -0.00000
     8.95064    -0.00001     0.00000    -0.00000    -0.00000
     8.95255    -0.00000     0.00000    -0.00000    -0.00000
     8.95445    -0.00000     0.00000    -0.00000    -0.00000
     8.95636    -0.00000     0.00000    -0.00000    -0.00000
     8.95826    -0.00000     0.00000    -0.00000    -0.00000
     8.96017    -0.00000     0.00000    -0.00000    -0.00000
     8.96207    -0.00000     0.00000    -0.00000    -0.00000
     8.96397    -0.00000     0.00000    -0.00000    -0.00000
     8.96588    -0.00000     0.00000    -0.00000    -0.00000
     8.96778    -0.00000     0.00000    -0.00000    -0.00000
     8.96969    -0.00000     0.00000    -0.00000    -0.00000
     8.97159    -0.00000     0.00000    -0.00000    -0.00000
     8.97350    -0.00000     0.00000    -0.00000    -0.00000
     8.97540    -0.00000     0.00000    -0.00000    -0.00000
     8.97731    -0.00000     0.00000    -0.00000    -0.00000
     8.97921    -0.00000     0.00000    -0.00000    -0.00000
     8.98112    -0.00000     0.00000    -0.00000    -0.00000
     8.98302    -0.00000     0.00000    -0.00000    -0.00000
     8.98493    -0.00000     0.00000    -0.00000    -0.00000
     8.98683    -0.00000     0.00000    -0.00000    -0.00000
     8.98874    -0.00000     0.00000    -0.00000    -0.00000
     8.99064    -0.00000     0.00000    -0.00000    -0.00000
     8.99255    -0.00000     0.00000    -0.00000    -0.00000
     8.99445    -0.00000     0.00000    -0.00000    -0.00000
     8.99636    -0.00000     0.00000    -0.00000    -0.00000
     8.99826    -0.00000     0.00000    -0.00000    -0.00000
     9.00017    -0.00000     0.00000    -0.00000    -0.00000
     9.00207     0.00000     0.00000     0.00000     0.00000
     9.00398     0.00000     0.00000     0.00000     0.00000
     9.00588     0.00000     0.00000     0.00000     0.00000
     9.00779     0.00000     0.00000     0.00000     0.00000
     9.00969     0.00000     0.00000     0.00000     0.00000
     9.01159     0.00000     0.00000     0.00000     0.00000
     9.01350     0.00000     0.00000     0.00000     0.00000
     9.01540     0.00000     0.00000     0.00000     0.00000
     9.01731     0.00000     0.00000     0.00000     0.00000
     9.01921     0.00000     0.00000     0.00000     0.00000
     9.02112     0.00000     0.00000     0.00000     0.00000
     9.02302     0.00000     0.00000     0.00000     0.00000
     9.02493     0.00000     0.00000     0.00000     0.00000
     9.02683     0.00000     0.00000     0.00000     0.00000
     9.02874     0.00000     0.00000     0.00000     0.00000
     9.03064     0.00000     0.00000     0.00000     0.00000
     9.03255     0.00000     0.00000     0.00000     0.00000
     9.03445     0.00000     0.00000     0.00000     0.00000
     9.03636     0.00000     0.00000     0.00000     0.00000
     9.03826     0.00000     0.00000     0.00000     0.00000
     9.04017     0.00000     0.00000     0.00000     0.00000
     9.04207     0.00000     0.00000     0.00000     0.00000
     9.04398     0.00000     0.00000     0.00000     0.00000
     9.04588     0.00000     0.00000     0.00000     0.00000
     9.04779     0.00000     0.00000     0.00000     0.00000
     9.04969     0.00000     0.00000     0.00000     0.00000
     9.05160     0.00000     0.00000     0.00000     0.00000
     9.05350     0.00000     0.00000     0.00000     0.00000
     9.05541     0.00000     0.00000     0.00000     0.00000
     9.05731     0.00000     0.00000     0.00000     0.00000
     9.05921     0.00000     0.00000     0.00000     0.00000
     9.06112     0.00000     0.00000     0.00000     0.00000
     9.06302     0.00000     0.00000     0.00000     0.00000
     9.06493     0.00000     0.00000     0.00000     0.00000
     9.06683     0.00000     0.00000     0.00000     0.00000
     9.06874     0.00000     0.00000     0.00000     0.00000
     9.07064     0.00000     0.00000     0.00000     0.00000
     9.07255     0.00000     0.00000     0.00000     0.00000
     9.07445     0.00000     0.00000     0.00000     0.00000
     9.07636     0.00000     0.00000     0.00000     0.00000
     9.07826     0.00000     0.00000     0.00000     0.00000
     9.08017     0.00000     0.00000     0.00000     0.00000
     9.08207     0.00000     0.00000     0.00000     0.00000
     9.08398     0.00000     0.00000     0.00000     0.00000
     9.08588     0.00000     0.00000     0.00000     0.00000
     9.08779     0.00000     0.00000     0.00000     0.00000
     9.08969     0.00000     0.00000     0.00000     0.00000
     9.09160     0.00000     0.00000     0.00000     0.00000
     9.09350     0.00000     0.00000     0.00000     0.00000
     9.09541     0.00000     0.00000     0.00000     0.00000
     9.09731     0.00000     0.00000     0.00000     0.00000
     9.09922     0.00000     0.00000     0.00000     0.00000
     9.10112     0.00000     0.00000     0.00000     0.00000
     9.10302     0.00000     0.00000     0.00000     0.00000
     9.10493     0.00000     0.00000     0.00000     0.00000
     9.10683     0.00000     0.00000     0.00000     0.00000
     9.10874     0.00000     0.00000     0.00000     0.00000
     9.11064     0.00000     0.00000     0.00000     0.00000
     9.11255     0.00000     0.00000     0.00000     0.00000
     9.11445     0.00000     0.00000     0.00000     0.00000
     9.11636     0.00000     0.00000     0.00000     0.00000
     9.11826     0.00000     0.00000     0.00000     0.00000
     9.12017     0.00000     0.00000     0.00000     0.00000
     9.12207     0.00000     0.00000     0.00000     0.00000
     9.12398     0.00000     0.00000     0.00000     0.00000
     9.12588     0.00000     0.00000     0.00000     0.00000
     9.12779     0.00000     0.00000     0.00000     0.00000
     9.12969     0.00000     0.00000     0.00000     0.00000
     9.13160     0.00000     0.00000     0.00000     0.00000
     9.13350     0.00000     0.00000     0.00000     0.00000
     9.13541     0.00000     0.00000     0.00000     0.00000
     9.13731     0.00000     0.00000     0.00000     0.00000
     9.13922     0.00000     0.00000     0.00000     0.00000
     9.14112     0.00000     0.00000     0.00000     0.00000
     9.14303     0.00000     0.00000     0.00000     0.00000
     9.14493     0.00000     0.00000     0.00000     0.00000
     9.14684     0.00000     0.00000     0.00000     0.00000
     9.14874     0.00000     0.00000     0.00000     0.00000
     9.15064     0.00000     0.00000     0.00000     0.00000
     9.15255     0.00000     0.00000     0.00000     0.00000
     9.15445     0.00000     0.00000     0.00000     0.00000
     9.15636     0.00000     0.00000     0.00000     0.00000
     9.15826     0.00000     0.00000     0.00000     0.00000
     9.16017     0.00000     0.00000     0.00000     0.00000
     9.16207     0.00000     0.00000     0.00000     0.00000
     9.16398     0.00000     0.00000     0.00000     0.00000
     9.16588     0.00000     0.00000     0.00000     0.00000
     9.16779     0.00000     0.00000     0.00000     0.00000
     9.16969     0.00000     0.00000     0.00000     0.00000
     9.17160     0.00000     0.00000     0.00000     0.00000
     9.17350     0.00000     0.00000     0.00000     0.00000
     9.17541     0.00000     0.00000     0.00000     0.00000
     9.17731     0.00000     0.00000     0.00000     0.00000
     9.17922     0.00000     0.00000     0.00000     0.00000
     9.18112     0.00000     0.00000     0.00000     0.00000
     9.18303     0.00000     0.00000     0.00000     0.00000
     9.18493     0.00000     0.00000     0.00000     0.00000
     9.18684     0.00000     0.00000     0.00000     0.00000
     9.18874     0.00000     0.00000     0.00000     0.00000
     9.19065     0.00000     0.00000     0.00000     0.00000
     9.19255     0.00000     0.00000     0.00000     0.00000
     9.19446     0.00000     0.00000     0.00000     0.00000
     9.19636     0.00000     0.00000     0.00000     0.00000
     9.19826     0.00000     0.00000     0.00000     0.00000
     9.20017     0.00000     0.00000     0.00000     0.00000
     9.20207     0.00000     0.00000     0.00000     0.00000
     9.20398     0.00000     0.00000     0.00000     0.00000
     9.20588     0.00000     0.00000     0.00000     0.00000
     9.20779     0.00000     0.00000     0.00000     0.00000
     9.20969     0.00000     0.00000     0.00000     0.00000
     9.21160     0.00000     0.00000     0.00000     0.00000
     9.21350     0.00000     0.00000     0.00000     0.00000
     9.21541     0.00000     0.00000     0.00000     0.00000
     9.21731     0.00000     0.00000     0.00000     0.00000
     9.21922     0.00000     0.00000     0.00000     0.00000
     9.22112     0.00000     0.00000     0.00000     0.00000
     9.22303     0.00000     0.00000     0.00000     0.00000
     9.22493     0.00000     0.00000     0.00000     0.00000
     9.22684     0.00000     0.00000     0.00000     0.00000
     9.22874     0.00000     0.00000     0.00000     0.00000
     9.23065     0.00000     0.00000     0.00000     0.00000
     9.23255     0.00000     0.00000     0.00000     0.00000
     9.23446     0.00000     0.00000     0.00000     0.00000
     9.23636     0.00000     0.00000     0.00000     0.00000
     9.23827     0.00000     0.00000     0.00000     0.00000
     9.24017    -0.00000    -0.00000     0.00000     0.00000
     9.24208    -0.00000    -0.00000     0.00000     0.00000
     9.24398    -0.00000    -0.00000     0.00000     0.00000
     9.24588    -0.00000    -0.00000     0.00000     0.00000
     9.24779    -0.00000    -0.00000     0.00000     0.00000
     9.24969    -0.00000    -0.00000     0.00000     0.00000
     9.25160    -0.00000    -0.00000     0.00000     0.00000
     9.25350    -0.00000    -0.00000     0.00000     0.00000
     9.25541    -0.00000    -0.00000     0.00000     0.00000
     9.25731    -0.00000    -0.00000     0.00000     0.00000
     9.25922    -0.00000    -0.00000     0.00000     0.00000
     9.26112    -0.00000    -0.00000     0.00000     0.00000
     9.26303    -0.00000    -0.00000     0.00000     0.00000
     9.26493    -0.00000    -0.00000     0.00000     0.00000
     9.26684    -0.00000    -0.00000     0.00000     0.00000
     9.26874    -0.00000    -0.00000     0.00000     0.00000
     9.27065    -0.00000    -0.00000     0.00000     0.00000
     9.27255    -0.00000    -0.00001     0.00000     0.00000
     9.27446    -0.00000    -0.00001     0.00000     0.00000
     9.27636    -0.00001    -0.00001     0.00000     0.00000
     9.27827    -0.00001    -0.00002     0.00001     0.00000
     9.28017    -0.00001    -0.00003     0.00001     0.00000
     9.28208    -0.00002    -0.00003     0.00001     0.00000
     9.28398    -0.00002    -0.00005     0.00002     0.00001
     9.28589    -0.00003    -0.00006     0.00002     0.00001
     9.28779    -0.00004    -0.00009     0.00003     0.00001
     9.28970    -0.00006    -0.00012     0.00004     0.00002
     9.29160    -0.00008    -0.00015     0.00006     0.00002
     9.29350    -0.00010    -0.00020     0.00008     0.00003
     9.29541    -0.00013    -0.00027     0.00010     0.00004
     9.29731    -0.00018    -0.00036     0.00013     0.00005
     9.29922    -0.00023    -0.00047     0.00017     0.00006
     9.30112    -0.00030    -0.00061     0.00023     0.00008
     9.30303    -0.00039    -0.00079     0.00029     0.00011
     9.30493    -0.00050    -0.00102     0.00038     0.00014
     9.30684    -0.00064    -0.00131     0.00049     0.00018
     9.30874    -0.00082    -0.00167     0.00062     0.00022
     9.31065    -0.00104    -0.00212     0.00079     0.00029
     9.31255    -0.00132    -0.00268     0.00100     0.00036
     9.31446    -0.00166    -0.00338     0.00126     0.00045
     9.31636    -0.00209    -0.00423     0.00158     0.00057
     9.31827    -0.00260    -0.00528     0.00197     0.00071
     9.32017    -0.00323    -0.00655     0.00244     0.00088
     9.32208    -0.00398    -0.00809     0.00302     0.00109
     9.32398    -0.00489    -0.00994     0.00371     0.00134
     9.32589    -0.00598    -0.01215     0.00453     0.00164
     9.32779    -0.00728    -0.01479     0.00552     0.00199
     9.32970    -0.00882    -0.01790     0.00668     0.00241
     9.33160    -0.01062    -0.02157     0.00805     0.00290
     9.33351    -0.01274    -0.02586     0.00965     0.00348
     9.33541    -0.01520    -0.03086     0.01151     0.00415
     9.33731    -0.01804    -0.03664     0.01367     0.00493
     9.33922    -0.02132    -0.04329     0.01615     0.00582
     9.34112    -0.02506    -0.05089     0.01898     0.00685
     9.34303    -0.02932    -0.05954     0.02221     0.00801
     9.34493    -0.03413    -0.06932     0.02586     0.00933
     9.34684    -0.03955    -0.08031     0.02996     0.01080
     9.34874    -0.04559    -0.09258     0.03454     0.01246
     9.35065    -0.05230    -0.10621     0.03962     0.01429
     9.35255    -0.05971    -0.12126     0.04523     0.01631
     9.35446    -0.06784    -0.13776     0.05139     0.01853
     9.35636    -0.07669    -0.15573     0.05809     0.02095
     9.35827    -0.08627    -0.17520     0.06535     0.02357
     9.36017    -0.09658    -0.19613     0.07316     0.02639
     9.36208    -0.10759    -0.21849     0.08150     0.02939
     9.36398    -0.11927    -0.24220     0.09035     0.03259
     9.36589    -0.13157    -0.26719     0.09967     0.03595
     9.36779    -0.14443    -0.29330     0.10941     0.03946
     9.36970    -0.15778    -0.32040     0.11952     0.04311
     9.37160    -0.17151    -0.34829     0.12992     0.04686
     9.37351    -0.18553    -0.37675     0.14054     0.05069
     9.37541    -0.19971    -0.40555     0.15128     0.05456
     9.37732    -0.21392    -0.43441     0.16205     0.05845
     9.37922    -0.22803    -0.46306     0.17273     0.06230
     9.38113    -0.24188    -0.49118     0.18322     0.06608
     9.38303    -0.25531    -0.51847     0.19340     0.06975
     9.38493    -0.26818    -0.54459     0.20315     0.07327
     9.38684    -0.28032    -0.56924     0.21234     0.07658
     9.38874    -0.29157    -0.59209     0.22086     0.07966
     9.39065    -0.30179    -0.61285     0.22861     0.08245
     9.39255    -0.31085    -0.63123     0.23546     0.08492
     9.39446    -0.31861    -0.64699     0.24134     0.08704
     9.39636    -0.32496    -0.65991     0.24616     0.08878
     9.39827    -0.32983    -0.66978     0.24984     0.09011
     9.40017    -0.33313    -0.67649     0.25235     0.09101
     9.40208    -0.33482    -0.67992     0.25363     0.09147
     9.40398    -0.33487    -0.68003     0.25367     0.09149
     9.40589    -0.33329    -0.67681     0.25247     0.09106
     9.40779    -0.33009    -0.67032     0.25004     0.09018
     9.40970    -0.32533    -0.66064     0.24643     0.08888
     9.41160    -0.31906    -0.64792     0.24169     0.08717
     9.41351    -0.31139    -0.63234     0.23588     0.08507
     9.41541    -0.30242    -0.61412     0.22908     0.08262
     9.41732    -0.29227    -0.59351     0.22139     0.07985
     9.41922    -0.28108    -0.57078     0.21292     0.07679
     9.42113    -0.26899    -0.54625     0.20376     0.07349
     9.42303    -0.25617    -0.52021     0.19405     0.06999
     9.42494    -0.24277    -0.49299     0.18390     0.06633
     9.42684    -0.22894    -0.46491     0.17342     0.06255
     9.42875    -0.21485    -0.43629     0.16275     0.05870
     9.43065    -0.20064    -0.40743     0.15198     0.05481
     9.43255    -0.18645    -0.37862     0.14123     0.05094
     9.43446    -0.17242    -0.35012     0.13060     0.04710
     9.43636    -0.15866    -0.32219     0.12019     0.04335
     9.43827    -0.14529    -0.29504     0.11006     0.03969
     9.44017    -0.13239    -0.26885     0.10029     0.03617
     9.44208    -0.12005    -0.24380     0.09094     0.03280
     9.44398    -0.10833    -0.21999     0.08206     0.02960
     9.44589    -0.09728    -0.19754     0.07369     0.02658
     9.44779    -0.08692    -0.17652     0.06584     0.02375
     9.44970    -0.07729    -0.15696     0.05855     0.02112
     9.45160    -0.06839    -0.13888     0.05181     0.01868
     9.45351    -0.06022    -0.12229     0.04562     0.01645
     9.45541    -0.05277    -0.10715     0.03997     0.01442
     9.45732    -0.04601    -0.09343     0.03485     0.01257
     9.45922    -0.03992    -0.08107     0.03024     0.01091
     9.46113    -0.03447    -0.07000     0.02611     0.00942
     9.46303    -0.02962    -0.06014     0.02243     0.00809
     9.46494    -0.02532    -0.05142     0.01918     0.00692
     9.46684    -0.02154    -0.04375     0.01632     0.00589
     9.46875    -0.01824    -0.03704     0.01382     0.00498
     9.47065    -0.01537    -0.03121     0.01164     0.00420
     9.47256    -0.01289    -0.02617     0.00976     0.00352
     9.47446    -0.01075    -0.02183     0.00814     0.00294
     9.47637    -0.00893    -0.01813     0.00676     0.00244
     9.47827    -0.00737    -0.01497     0.00559     0.00201
     9.48017    -0.00606    -0.01231     0.00459     0.00166
     9.48208    -0.00496    -0.01007     0.00376     0.00136
     9.48398    -0.00404    -0.00820     0.00306     0.00110
     9.48589    -0.00327    -0.00664     0.00248     0.00089
     9.48779    -0.00264    -0.00536     0.00200     0.00072
     9.48970    -0.00212    -0.00430     0.00160     0.00058
     9.49160    -0.00169    -0.00343     0.00128     0.00046
     9.49351    -0.00134    -0.00272     0.00102     0.00037
     9.49541    -0.00106    -0.00215     0.00080     0.00029
     9.49732    -0.00083    -0.00169     0.00063     0.00023
     9.49922    -0.00065    -0.00133     0.00049     0.00018
     9.50113    -0.00051    -0.00103     0.00039     0.00014
     9.50303    -0.00039    -0.00080     0.00030     0.00011
     9.50494    -0.00030    -0.00062     0.00023     0.00008
     9.50684    -0.00023    -0.00047     0.00018     0.00006
     9.50875    -0.00018    -0.00036     0.00014     0.00005
     9.51065    -0.00014    -0.00028     0.00010     0.00004
     9.51256    -0.00010    -0.00021     0.00008     0.00003
     9.51446    -0.00008    -0.00016     0.00006     0.00002
     9.51637    -0.00006    -0.00012     0.00004     0.00002
     9.51827    -0.00004    -0.00009     0.00003     0.00001
     9.52018    -0.00003    -0.00006     0.00002     0.00001
     9.52208    -0.00002    -0.00005     0.00002     0.00001
     9.52399    -0.00002    -0.00004     0.00001     0.00000
&
