# Spin 1
# Original Fermi-level:     -8.54323 eV
# DOS shifted relative to Fermi-level
# Energy(eV)   pDOS(/eV)
#                  Total         l=0         l=1         l=2
    -9.52399     0.00000     0.00000     0.00000     0.00000
    -9.52208     0.00000     0.00000     0.00000     0.00000
    -9.52018     0.00000     0.00000     0.00000     0.00000
    -9.51827     0.00000     0.00000     0.00000     0.00000
    -9.51637     0.00000     0.00000     0.00000     0.00000
    -9.51446     0.00000     0.00000     0.00000     0.00000
    -9.51256     0.00000     0.00000     0.00000     0.00000
    -9.51065     0.00000     0.00000     0.00000     0.00000
    -9.50875     0.00000     0.00000     0.00000     0.00000
    -9.50684     0.00000     0.00000     0.00000     0.00000
    -9.50494     0.00000     0.00000     0.00000     0.00000
    -9.50303     0.00000     0.00000     0.00000     0.00000
    -9.50113     0.00000     0.00000     0.00000     0.00000
    -9.49922     0.00000     0.00000     0.00000     0.00000
    -9.49732     0.00000     0.00000     0.00000     0.00000
    -9.49541     0.00000     0.00000     0.00000     0.00000
    -9.49351     0.00000     0.00000     0.00000     0.00000
    -9.49160     0.00000     0.00000     0.00000     0.00000
    -9.48970     0.00000     0.00000     0.00000     0.00000
    -9.48779     0.00000     0.00000     0.00000     0.00000
    -9.48589     0.00000     0.00000     0.00000     0.00000
    -9.48398     0.00000     0.00000     0.00000     0.00000
    -9.48208     0.00000     0.00000     0.00000     0.00000
    -9.48017     0.00000     0.00000     0.00000     0.00000
    -9.47827     0.00000     0.00000     0.00000     0.00000
    -9.47637     0.00000     0.00000     0.00000     0.00000
    -9.47446     0.00000     0.00000     0.00000     0.00000
    -9.47256     0.00000     0.00000     0.00000     0.00000
    -9.47065     0.00000     0.00000     0.00000     0.00000
    -9.46875     0.00000     0.00000     0.00000     0.00000
    -9.46684     0.00000     0.00000     0.00000     0.00000
    -9.46494     0.00000     0.00000     0.00000     0.00000
    -9.46303     0.00000     0.00000     0.00000     0.00000
    -9.46113     0.00000     0.00000     0.00000     0.00000
    -9.45922     0.00000     0.00000     0.00000     0.00000
    -9.45732     0.00000     0.00000     0.00000     0.00000
    -9.45541     0.00000     0.00000     0.00000     0.00000
    -9.45351     0.00000     0.00000     0.00000     0.00000
    -9.45160     0.00000     0.00000     0.00000     0.00000
    -9.44970     0.00000     0.00000     0.00000     0.00000
    -9.44779     0.00000     0.00000     0.00000     0.00000
    -9.44589     0.00000     0.00000     0.00000     0.00000
    -9.44398     0.00000     0.00000     0.00000     0.00000
    -9.44208     0.00000     0.00000     0.00000     0.00000
    -9.44017     0.00000     0.00000     0.00000     0.00000
    -9.43827     0.00000     0.00000     0.00000     0.00000
    -9.43636     0.00000     0.00000     0.00000     0.00000
    -9.43446     0.00000     0.00000     0.00000     0.00000
    -9.43255     0.00000     0.00000     0.00000     0.00000
    -9.43065     0.00000     0.00000     0.00000     0.00000
    -9.42875     0.00000     0.00000     0.00000     0.00000
    -9.42684     0.00000     0.00000     0.00000     0.00000
    -9.42494     0.00000     0.00000     0.00000     0.00000
    -9.42303     0.00000     0.00000     0.00000     0.00000
    -9.42113     0.00000     0.00000     0.00000     0.00000
    -9.41922     0.00000     0.00000     0.00000     0.00000
    -9.41732     0.00000     0.00000     0.00000     0.00000
    -9.41541     0.00000     0.00000     0.00000     0.00000
    -9.41351     0.00000     0.00000     0.00000     0.00000
    -9.41160     0.00000     0.00000     0.00000     0.00000
    -9.40970     0.00000     0.00000     0.00000     0.00000
    -9.40779     0.00000     0.00000     0.00000     0.00000
    -9.40589     0.00000     0.00000     0.00000     0.00000
    -9.40398     0.00000     0.00000     0.00000     0.00000
    -9.40208     0.00000     0.00000     0.00000     0.00000
    -9.40017     0.00000     0.00000     0.00000     0.00000
    -9.39827     0.00000     0.00000     0.00000     0.00000
    -9.39636     0.00000     0.00000     0.00000     0.00000
    -9.39446     0.00000     0.00000     0.00000     0.00000
    -9.39255     0.00000     0.00000     0.00000     0.00000
    -9.39065     0.00000     0.00000     0.00000     0.00000
    -9.38874     0.00000     0.00000     0.00000     0.00000
    -9.38684     0.00000     0.00000     0.00000     0.00000
    -9.38493     0.00000     0.00000     0.00000     0.00000
    -9.38303     0.00000     0.00000     0.00000     0.00000
    -9.38113     0.00000     0.00000     0.00000     0.00000
    -9.37922     0.00000     0.00000     0.00000     0.00000
    -9.37732     0.00000     0.00000     0.00000     0.00000
    -9.37541     0.00000     0.00000     0.00000     0.00000
    -9.37351     0.00000     0.00000     0.00000     0.00000
    -9.37160     0.00000     0.00000     0.00000     0.00000
    -9.36970     0.00000     0.00000     0.00000     0.00000
    -9.36779     0.00000     0.00000     0.00000     0.00000
    -9.36589     0.00000     0.00000     0.00000     0.00000
    -9.36398     0.00000     0.00000     0.00000     0.00000
    -9.36208     0.00000     0.00000     0.00000     0.00000
    -9.36017     0.00000     0.00000     0.00000     0.00000
    -9.35827     0.00000     0.00000     0.00000     0.00000
    -9.35636     0.00000     0.00000     0.00000     0.00000
    -9.35446     0.00000     0.00000     0.00000     0.00000
    -9.35255     0.00000     0.00000     0.00000     0.00000
    -9.35065     0.00000     0.00000     0.00000     0.00000
    -9.34874     0.00000     0.00000     0.00000     0.00000
    -9.34684     0.00000     0.00000     0.00000     0.00000
    -9.34493     0.00000     0.00000     0.00000     0.00000
    -9.34303     0.00000     0.00000     0.00000     0.00000
    -9.34112     0.00000     0.00000     0.00000     0.00000
    -9.33922     0.00000     0.00000     0.00000     0.00000
    -9.33731     0.00000     0.00000     0.00000     0.00000
    -9.33541     0.00000     0.00000     0.00000     0.00000
    -9.33351     0.00000     0.00000     0.00000     0.00000
    -9.33160     0.00000     0.00000     0.00000     0.00000
    -9.32970     0.00000     0.00000     0.00000     0.00000
    -9.32779     0.00000     0.00000     0.00000     0.00000
    -9.32589     0.00000     0.00000     0.00000     0.00000
    -9.32398     0.00000     0.00000     0.00000     0.00000
    -9.32208     0.00000     0.00000     0.00000     0.00000
    -9.32017     0.00000     0.00000     0.00000     0.00000
    -9.31827     0.00000     0.00000     0.00000     0.00000
    -9.31636     0.00000     0.00000     0.00000     0.00000
    -9.31446     0.00000     0.00000     0.00000     0.00000
    -9.31255     0.00000     0.00000     0.00000     0.00000
    -9.31065     0.00000     0.00000     0.00000     0.00000
    -9.30874     0.00000     0.00000     0.00000     0.00000
    -9.30684     0.00000     0.00000     0.00000     0.00000
    -9.30493     0.00000     0.00000     0.00000     0.00000
    -9.30303     0.00000     0.00000     0.00000     0.00000
    -9.30112     0.00000     0.00000     0.00000     0.00000
    -9.29922     0.00000     0.00000     0.00000     0.00000
    -9.29731     0.00000     0.00000     0.00000     0.00000
    -9.29541     0.00000     0.00000     0.00000     0.00000
    -9.29350     0.00000     0.00000     0.00000     0.00000
    -9.29160     0.00000     0.00000     0.00000     0.00000
    -9.28970     0.00000     0.00000     0.00000     0.00000
    -9.28779     0.00000     0.00000     0.00000     0.00000
    -9.28589     0.00000     0.00000     0.00000     0.00000
    -9.28398     0.00000     0.00000     0.00000     0.00000
    -9.28208     0.00000     0.00000     0.00000     0.00000
    -9.28017     0.00000     0.00000     0.00000     0.00000
    -9.27827     0.00000     0.00000     0.00000     0.00000
    -9.27636     0.00000     0.00000     0.00000     0.00000
    -9.27446     0.00000     0.00000     0.00000     0.00000
    -9.27255     0.00000     0.00000     0.00000     0.00000
    -9.27065     0.00000     0.00000     0.00000     0.00000
    -9.26874     0.00000     0.00000     0.00000     0.00000
    -9.26684     0.00000     0.00000     0.00000     0.00000
    -9.26493     0.00000     0.00000     0.00000     0.00000
    -9.26303     0.00000     0.00000     0.00000     0.00000
    -9.26112     0.00000     0.00000     0.00000     0.00000
    -9.25922     0.00000     0.00000     0.00000     0.00000
    -9.25731     0.00000     0.00000     0.00000     0.00000
    -9.25541     0.00000     0.00000     0.00000     0.00000
    -9.25350     0.00000     0.00000     0.00000     0.00000
    -9.25160     0.00000     0.00000     0.00000     0.00000
    -9.24969     0.00000     0.00000     0.00000     0.00000
    -9.24779     0.00000     0.00000     0.00000     0.00000
    -9.24588     0.00000     0.00000     0.00000     0.00000
    -9.24398     0.00000     0.00000     0.00000     0.00000
    -9.24208     0.00000     0.00000     0.00000     0.00000
    -9.24017     0.00000     0.00000     0.00000     0.00000
    -9.23827     0.00000     0.00000     0.00000     0.00000
    -9.23636     0.00000     0.00000     0.00000     0.00000
    -9.23446     0.00000     0.00000     0.00000     0.00000
    -9.23255     0.00000     0.00000     0.00000     0.00000
    -9.23065     0.00000     0.00000     0.00000     0.00000
    -9.22874     0.00000     0.00000     0.00000     0.00000
    -9.22684     0.00000     0.00000     0.00000     0.00000
    -9.22493     0.00000     0.00000     0.00000     0.00000
    -9.22303     0.00000     0.00000     0.00000     0.00000
    -9.22112     0.00000     0.00000     0.00000     0.00000
    -9.21922     0.00000     0.00000     0.00000     0.00000
    -9.21731     0.00000     0.00000     0.00000     0.00000
    -9.21541     0.00000     0.00000     0.00000     0.00000
    -9.21350     0.00000     0.00000     0.00000     0.00000
    -9.21160     0.00000     0.00000     0.00000     0.00000
    -9.20969     0.00000     0.00000     0.00000     0.00000
    -9.20779     0.00000     0.00000     0.00000     0.00000
    -9.20588     0.00000     0.00000     0.00000     0.00000
    -9.20398     0.00000     0.00000     0.00000     0.00000
    -9.20207     0.00000     0.00000     0.00000     0.00000
    -9.20017     0.00000     0.00000     0.00000     0.00000
    -9.19826     0.00000     0.00000     0.00000     0.00000
    -9.19636     0.00000     0.00000     0.00000     0.00000
    -9.19446     0.00000     0.00000     0.00000     0.00000
    -9.19255     0.00000     0.00000     0.00000     0.00000
    -9.19065     0.00000     0.00000     0.00000     0.00000
    -9.18874     0.00000     0.00000     0.00000     0.00000
    -9.18684     0.00000     0.00000     0.00000     0.00000
    -9.18493     0.00000     0.00000     0.00000     0.00000
    -9.18303     0.00000     0.00000     0.00000     0.00000
    -9.18112     0.00000     0.00000     0.00000     0.00000
    -9.17922     0.00000     0.00000     0.00000     0.00000
    -9.17731     0.00000     0.00000     0.00000     0.00000
    -9.17541     0.00000     0.00000     0.00000     0.00000
    -9.17350     0.00000     0.00000     0.00000     0.00000
    -9.17160     0.00000     0.00000     0.00000     0.00000
    -9.16969     0.00000     0.00000     0.00000     0.00000
    -9.16779     0.00000     0.00000     0.00000     0.00000
    -9.16588     0.00000     0.00000     0.00000     0.00000
    -9.16398     0.00000     0.00000     0.00000     0.00000
    -9.16207     0.00000     0.00000     0.00000     0.00000
    -9.16017     0.00000     0.00000     0.00000     0.00000
    -9.15826     0.00000     0.00000     0.00000     0.00000
    -9.15636     0.00000     0.00000     0.00000     0.00000
    -9.15445     0.00000     0.00000     0.00000     0.00000
    -9.15255     0.00000     0.00000     0.00000     0.00000
    -9.15064     0.00000     0.00000     0.00000     0.00000
    -9.14874     0.00000     0.00000     0.00000     0.00000
    -9.14684     0.00000     0.00000     0.00000     0.00000
    -9.14493     0.00000     0.00000     0.00000     0.00000
    -9.14303     0.00000     0.00000     0.00000     0.00000
    -9.14112     0.00000     0.00000     0.00000     0.00000
    -9.13922     0.00000     0.00000     0.00000     0.00000
    -9.13731     0.00000     0.00000     0.00000     0.00000
    -9.13541     0.00000     0.00000     0.00000     0.00000
    -9.13350     0.00000     0.00000     0.00000     0.00000
    -9.13160     0.00000     0.00000     0.00000     0.00000
    -9.12969     0.00000     0.00000     0.00000     0.00000
    -9.12779     0.00000     0.00000     0.00000     0.00000
    -9.12588     0.00000     0.00000     0.00000     0.00000
    -9.12398     0.00000     0.00000     0.00000     0.00000
    -9.12207     0.00000     0.00000     0.00000     0.00000
    -9.12017     0.00000     0.00000     0.00000     0.00000
    -9.11826     0.00000     0.00000     0.00000     0.00000
    -9.11636     0.00000     0.00000     0.00000     0.00000
    -9.11445     0.00000     0.00000     0.00000     0.00000
    -9.11255     0.00000     0.00000     0.00000     0.00000
    -9.11064     0.00000     0.00000     0.00000     0.00000
    -9.10874     0.00000     0.00000     0.00000     0.00000
    -9.10683     0.00000     0.00000     0.00000     0.00000
    -9.10493     0.00000     0.00000     0.00000     0.00000
    -9.10302     0.00000     0.00000     0.00000     0.00000
    -9.10112     0.00000     0.00000     0.00000     0.00000
    -9.09922     0.00000     0.00000     0.00000     0.00000
    -9.09731     0.00000     0.00000     0.00000     0.00000
    -9.09541     0.00000     0.00000     0.00000     0.00000
    -9.09350     0.00000     0.00000     0.00000     0.00000
    -9.09160     0.00000     0.00000     0.00000     0.00000
    -9.08969     0.00000     0.00000     0.00000     0.00000
    -9.08779     0.00000     0.00000     0.00000     0.00000
    -9.08588     0.00000     0.00000     0.00000     0.00000
    -9.08398     0.00000     0.00000     0.00000     0.00000
    -9.08207     0.00000     0.00000     0.00000     0.00000
    -9.08017     0.00000     0.00000     0.00000     0.00000
    -9.07826     0.00000     0.00000     0.00000     0.00000
    -9.07636     0.00000     0.00000     0.00000     0.00000
    -9.07445     0.00000     0.00000     0.00000     0.00000
    -9.07255     0.00000     0.00000     0.00000     0.00000
    -9.07064     0.00000     0.00000     0.00000     0.00000
    -9.06874     0.00000     0.00000     0.00000     0.00000
    -9.06683     0.00000     0.00000     0.00000     0.00000
    -9.06493     0.00000     0.00000     0.00000     0.00000
    -9.06302     0.00000     0.00000     0.00000     0.00000
    -9.06112     0.00000     0.00000     0.00000     0.00000
    -9.05921     0.00000     0.00000     0.00000     0.00000
    -9.05731     0.00000     0.00000     0.00000     0.00000
    -9.05541     0.00000     0.00000     0.00000     0.00000
    -9.05350     0.00000     0.00000     0.00000     0.00000
    -9.05160     0.00000     0.00000     0.00000     0.00000
    -9.04969     0.00000     0.00000     0.00000     0.00000
    -9.04779     0.00000     0.00000     0.00000     0.00000
    -9.04588     0.00000     0.00000     0.00000     0.00000
    -9.04398     0.00000     0.00000     0.00000     0.00000
    -9.04207     0.00000     0.00000     0.00000     0.00000
    -9.04017     0.00000     0.00000     0.00000     0.00000
    -9.03826     0.00000     0.00000     0.00000     0.00000
    -9.03636     0.00000     0.00000     0.00000     0.00000
    -9.03445     0.00000     0.00000     0.00000     0.00000
    -9.03255     0.00000     0.00000     0.00000     0.00000
    -9.03064     0.00000     0.00000     0.00000     0.00000
    -9.02874     0.00000     0.00000     0.00000     0.00000
    -9.02683     0.00000     0.00000     0.00000     0.00000
    -9.02493     0.00000     0.00000     0.00000     0.00000
    -9.02302     0.00000     0.00000     0.00000     0.00000
    -9.02112     0.00000     0.00000     0.00000     0.00000
    -9.01921     0.00000     0.00000     0.00000     0.00000
    -9.01731     0.00000     0.00000     0.00000     0.00000
    -9.01540     0.00000     0.00000     0.00000     0.00000
    -9.01350     0.00000     0.00000     0.00000     0.00000
    -9.01159     0.00000     0.00000     0.00000     0.00000
    -9.00969     0.00000     0.00000     0.00000     0.00000
    -9.00779     0.00000     0.00000     0.00000     0.00000
    -9.00588     0.00000     0.00000     0.00000     0.00000
    -9.00398     0.00000     0.00000     0.00000     0.00000
    -9.00207     0.00000     0.00000     0.00000     0.00000
    -9.00017     0.00000     0.00000     0.00000     0.00000
    -8.99826     0.00000     0.00000     0.00000     0.00000
    -8.99636     0.00000     0.00000     0.00000     0.00000
    -8.99445     0.00000     0.00000     0.00000     0.00000
    -8.99255     0.00000     0.00000     0.00000     0.00000
    -8.99064     0.00000     0.00000     0.00000     0.00000
    -8.98874     0.00000     0.00000     0.00000     0.00000
    -8.98683     0.00000     0.00000     0.00000     0.00000
    -8.98493     0.00000     0.00000     0.00000     0.00000
    -8.98302     0.00000     0.00000     0.00000     0.00000
    -8.98112     0.00000     0.00000     0.00000     0.00000
    -8.97921     0.00000     0.00000     0.00000     0.00000
    -8.97731     0.00000     0.00000     0.00000     0.00000
    -8.97540     0.00000     0.00000     0.00000     0.00000
    -8.97350     0.00000     0.00000     0.00000     0.00000
    -8.97159     0.00000     0.00000     0.00000     0.00000
    -8.96969     0.00000     0.00000     0.00000     0.00000
    -8.96778     0.00000     0.00000     0.00000     0.00000
    -8.96588     0.00000     0.00000     0.00000     0.00000
    -8.96397     0.00000     0.00000     0.00000     0.00000
    -8.96207     0.00000     0.00000     0.00000     0.00000
    -8.96017     0.00000     0.00000     0.00000     0.00000
    -8.95826     0.00000     0.00000     0.00000     0.00000
    -8.95636     0.00000     0.00000     0.00000     0.00000
    -8.95445     0.00000     0.00000     0.00000     0.00000
    -8.95255     0.00000     0.00000     0.00000     0.00000
    -8.95064     0.00000     0.00000     0.00000     0.00000
    -8.94874     0.00000     0.00000     0.00000     0.00000
    -8.94683     0.00000     0.00000     0.00000     0.00000
    -8.94493     0.00000     0.00000     0.00000     0.00000
    -8.94302     0.00000     0.00000     0.00000     0.00000
    -8.94112     0.00000     0.00000     0.00000     0.00000
    -8.93921     0.00000     0.00000     0.00000     0.00000
    -8.93731     0.00000     0.00000     0.00000     0.00000
    -8.93540     0.00000     0.00000     0.00000     0.00000
    -8.93350     0.00000     0.00000     0.00000     0.00000
    -8.93159     0.00000     0.00000     0.00000     0.00000
    -8.92969     0.00000     0.00000     0.00000     0.00000
    -8.92778     0.00000     0.00000     0.00000     0.00000
    -8.92588     0.00000     0.00000     0.00000     0.00000
    -8.92397     0.00000     0.00000     0.00000     0.00000
    -8.92207     0.00000     0.00000     0.00000     0.00000
    -8.92016     0.00000     0.00000     0.00000     0.00000
    -8.91826     0.00000     0.00000     0.00000     0.00000
    -8.91635     0.00000     0.00000     0.00000     0.00000
    -8.91445     0.00000     0.00000     0.00000     0.00000
    -8.91255     0.00000     0.00000     0.00000     0.00000
    -8.91064     0.00000     0.00000     0.00000     0.00000
    -8.90874     0.00000     0.00000     0.00000     0.00000
    -8.90683     0.00000     0.00000     0.00000     0.00000
    -8.90493     0.00000     0.00000     0.00000     0.00000
    -8.90302     0.00000     0.00000     0.00000     0.00000
    -8.90112     0.00000     0.00000     0.00000     0.00000
    -8.89921     0.00000     0.00000     0.00000     0.00000
    -8.89731     0.00000     0.00000     0.00000     0.00000
    -8.89540     0.00000     0.00000     0.00000     0.00000
    -8.89350     0.00000     0.00000     0.00000     0.00000
    -8.89159     0.00000     0.00000     0.00000     0.00000
    -8.88969     0.00000     0.00000     0.00000     0.00000
    -8.88778     0.00000     0.00000     0.00000     0.00000
    -8.88588     0.00000     0.00000     0.00000     0.00000
    -8.88397     0.00000     0.00000     0.00000     0.00000
    -8.88207     0.00000     0.00000     0.00000     0.00000
    -8.88016     0.00000     0.00000     0.00000     0.00000
    -8.87826     0.00000     0.00000     0.00000     0.00000
    -8.87635     0.00000     0.00000     0.00000     0.00000
    -8.87445     0.00000     0.00000     0.00000     0.00000
    -8.87254     0.00000     0.00000     0.00000     0.00000
    -8.87064     0.00000     0.00000     0.00000     0.00000
    -8.86873     0.00000     0.00000     0.00000     0.00000
    -8.86683     0.00000     0.00000     0.00000     0.00000
    -8.86493     0.00000     0.00000     0.00000     0.00000
    -8.86302     0.00000     0.00000     0.00000     0.00000
    -8.86112     0.00000     0.00000     0.00000     0.00000
    -8.85921     0.00000     0.00000     0.00000     0.00000
    -8.85731     0.00000     0.00000     0.00000     0.00000
    -8.85540     0.00000     0.00000     0.00000     0.00000
    -8.85350     0.00000     0.00000     0.00000     0.00000
    -8.85159     0.00000     0.00000     0.00000     0.00000
    -8.84969     0.00000     0.00000     0.00000     0.00000
    -8.84778     0.00000     0.00000     0.00000     0.00000
    -8.84588     0.00000     0.00000     0.00000     0.00000
    -8.84397     0.00000     0.00000     0.00000     0.00000
    -8.84207     0.00000     0.00000     0.00000     0.00000
    -8.84016     0.00000     0.00000     0.00000     0.00000
    -8.83826     0.00000     0.00000     0.00000     0.00000
    -8.83635     0.00000     0.00000     0.00000     0.00000
    -8.83445     0.00000     0.00000     0.00000     0.00000
    -8.83254     0.00000     0.00000     0.00000     0.00000
    -8.83064     0.00000     0.00000     0.00000     0.00000
    -8.82873     0.00000     0.00000     0.00000     0.00000
    -8.82683     0.00000     0.00000     0.00000     0.00000
    -8.82492     0.00000     0.00000     0.00000     0.00000
    -8.82302     0.00000     0.00000     0.00000     0.00000
    -8.82112     0.00000     0.00000     0.00000     0.00000
    -8.81921     0.00000     0.00000     0.00000     0.00000
    -8.81731     0.00000     0.00000     0.00000     0.00000
    -8.81540     0.00000     0.00000     0.00000     0.00000
    -8.81350     0.00000     0.00000     0.00000     0.00000
    -8.81159     0.00000     0.00000     0.00000     0.00000
    -8.80969     0.00000     0.00000     0.00000     0.00000
    -8.80778     0.00000     0.00000     0.00000     0.00000
    -8.80588     0.00000     0.00000     0.00000     0.00000
    -8.80397     0.00000     0.00000     0.00000     0.00000
    -8.80207     0.00000     0.00000     0.00000     0.00000
    -8.80016     0.00000     0.00000     0.00000     0.00000
    -8.79826     0.00000     0.00000     0.00000     0.00000
    -8.79635     0.00000     0.00000     0.00000     0.00000
    -8.79445     0.00000     0.00000     0.00000     0.00000
    -8.79254     0.00000     0.00000     0.00000     0.00000
    -8.79064     0.00000     0.00000     0.00000     0.00000
    -8.78873     0.00000     0.00000     0.00000     0.00000
    -8.78683     0.00000     0.00000     0.00000     0.00000
    -8.78492     0.00000     0.00000     0.00000     0.00000
    -8.78302     0.00000     0.00000     0.00000     0.00000
    -8.78111     0.00000     0.00000     0.00000     0.00000
    -8.77921     0.00000     0.00000     0.00000     0.00000
    -8.77730     0.00000     0.00000     0.00000     0.00000
    -8.77540     0.00000     0.00000     0.00000     0.00000
    -8.77350     0.00000     0.00000     0.00000     0.00000
    -8.77159     0.00000     0.00000     0.00000     0.00000
    -8.76969     0.00000     0.00000     0.00000     0.00000
    -8.76778     0.00000     0.00000     0.00000     0.00000
    -8.76588     0.00000     0.00000     0.00000     0.00000
    -8.76397     0.00000     0.00000     0.00000     0.00000
    -8.76207     0.00000     0.00000     0.00000     0.00000
    -8.76016     0.00000     0.00000     0.00000     0.00000
    -8.75826     0.00000     0.00000     0.00000     0.00000
    -8.75635     0.00000     0.00000     0.00000     0.00000
    -8.75445     0.00000     0.00000     0.00000     0.00000
    -8.75254     0.00000     0.00000     0.00000     0.00000
    -8.75064     0.00000     0.00000     0.00000     0.00000
    -8.74873     0.00000     0.00000     0.00000     0.00000
    -8.74683     0.00000     0.00000     0.00000     0.00000
    -8.74492     0.00000     0.00000     0.00000     0.00000
    -8.74302     0.00000     0.00000     0.00000     0.00000
    -8.74111     0.00000     0.00000     0.00000     0.00000
    -8.73921     0.00000     0.00000     0.00000     0.00000
    -8.73730     0.00000     0.00000     0.00000     0.00000
    -8.73540     0.00000     0.00000     0.00000     0.00000
    -8.73349     0.00000     0.00000     0.00000     0.00000
    -8.73159     0.00000     0.00000     0.00000     0.00000
    -8.72968     0.00000     0.00000     0.00000     0.00000
    -8.72778     0.00000     0.00000     0.00000     0.00000
    -8.72588     0.00000     0.00000     0.00000     0.00000
    -8.72397     0.00000     0.00000     0.00000     0.00000
    -8.72207     0.00000     0.00000     0.00000     0.00000
    -8.72016     0.00000     0.00000     0.00000     0.00000
    -8.71826     0.00000     0.00000     0.00000     0.00000
    -8.71635     0.00000     0.00000     0.00000     0.00000
    -8.71445     0.00000     0.00000     0.00000     0.00000
    -8.71254     0.00000     0.00000     0.00000     0.00000
    -8.71064     0.00000     0.00000     0.00000     0.00000
    -8.70873     0.00000     0.00000     0.00000     0.00000
    -8.70683     0.00000     0.00000     0.00000     0.00000
    -8.70492     0.00000     0.00000     0.00000     0.00000
    -8.70302     0.00000     0.00000     0.00000     0.00000
    -8.70111     0.00000     0.00000     0.00000     0.00000
    -8.69921     0.00000     0.00000     0.00000     0.00000
    -8.69730     0.00000     0.00000     0.00000     0.00000
    -8.69540     0.00000     0.00000     0.00000     0.00000
    -8.69349     0.00000     0.00000     0.00000     0.00000
    -8.69159     0.00000     0.00000     0.00000     0.00000
    -8.68968     0.00000     0.00000     0.00000     0.00000
    -8.68778     0.00000     0.00000     0.00000     0.00000
    -8.68587     0.00000     0.00000     0.00000     0.00000
    -8.68397     0.00000     0.00000     0.00000     0.00000
    -8.68206     0.00000     0.00000     0.00000     0.00000
    -8.68016     0.00000     0.00000     0.00000     0.00000
    -8.67826     0.00000     0.00000     0.00000     0.00000
    -8.67635     0.00000     0.00000     0.00000     0.00000
    -8.67445     0.00000     0.00000     0.00000     0.00000
    -8.67254     0.00000     0.00000     0.00000     0.00000
    -8.67064     0.00000     0.00000     0.00000     0.00000
    -8.66873     0.00000     0.00000     0.00000     0.00000
    -8.66683     0.00000     0.00000     0.00000     0.00000
    -8.66492     0.00000     0.00000     0.00000     0.00000
    -8.66302     0.00000     0.00000     0.00000     0.00000
    -8.66111     0.00000     0.00000     0.00000     0.00000
    -8.65921     0.00000     0.00000     0.00000     0.00000
    -8.65730     0.00000     0.00000     0.00000     0.00000
    -8.65540     0.00000     0.00000     0.00000     0.00000
    -8.65349     0.00000     0.00000     0.00000     0.00000
    -8.65159     0.00000     0.00000     0.00000     0.00000
    -8.64968     0.00000     0.00000     0.00000     0.00000
    -8.64778     0.00000     0.00000     0.00000     0.00000
    -8.64587     0.00000     0.00000     0.00000     0.00000
    -8.64397     0.00000     0.00000     0.00000     0.00000
    -8.64206     0.00000     0.00000     0.00000     0.00000
    -8.64016     0.00000     0.00000     0.00000     0.00000
    -8.63825     0.00000     0.00000     0.00000     0.00000
    -8.63635     0.00000     0.00000     0.00000     0.00000
    -8.63444     0.00000     0.00000     0.00000     0.00000
    -8.63254     0.00000     0.00000     0.00000     0.00000
    -8.63064     0.00000     0.00000     0.00000     0.00000
    -8.62873     0.00000     0.00000     0.00000     0.00000
    -8.62683     0.00000     0.00000     0.00000     0.00000
    -8.62492     0.00000     0.00000     0.00000     0.00000
    -8.62302     0.00000     0.00000     0.00000     0.00000
    -8.62111     0.00000     0.00000     0.00000     0.00000
    -8.61921     0.00000     0.00000     0.00000     0.00000
    -8.61730     0.00000     0.00000     0.00000     0.00000
    -8.61540     0.00000     0.00000     0.00000     0.00000
    -8.61349     0.00000     0.00000     0.00000     0.00000
    -8.61159     0.00000     0.00000     0.00000     0.00000
    -8.60968     0.00000     0.00000     0.00000     0.00000
    -8.60778     0.00000     0.00000     0.00000     0.00000
    -8.60587     0.00000     0.00000     0.00000     0.00000
    -8.60397     0.00000     0.00000     0.00000     0.00000
    -8.60206     0.00000     0.00000     0.00000     0.00000
    -8.60016     0.00000     0.00000     0.00000     0.00000
    -8.59825     0.00000     0.00000     0.00000     0.00000
    -8.59635     0.00000     0.00000     0.00000     0.00000
    -8.59444     0.00000     0.00000     0.00000     0.00000
    -8.59254     0.00000     0.00000     0.00000     0.00000
    -8.59063     0.00000     0.00000     0.00000     0.00000
    -8.58873     0.00000     0.00000     0.00000     0.00000
    -8.58682     0.00000     0.00000     0.00000     0.00000
    -8.58492     0.00000     0.00000     0.00000     0.00000
    -8.58302     0.00000     0.00000     0.00000     0.00000
    -8.58111     0.00000     0.00000     0.00000     0.00000
    -8.57921     0.00000     0.00000     0.00000     0.00000
    -8.57730     0.00000     0.00000     0.00000     0.00000
    -8.57540     0.00000     0.00000     0.00000     0.00000
    -8.57349     0.00000     0.00000     0.00000     0.00000
    -8.57159     0.00000     0.00000     0.00000     0.00000
    -8.56968     0.00000     0.00000     0.00000     0.00000
    -8.56778     0.00000     0.00000     0.00000     0.00000
    -8.56587     0.00000     0.00000     0.00000     0.00000
    -8.56397     0.00000     0.00000     0.00000     0.00000
    -8.56206     0.00000     0.00000     0.00000     0.00000
    -8.56016     0.00000     0.00000     0.00000     0.00000
    -8.55825     0.00000     0.00000     0.00000     0.00000
    -8.55635     0.00000     0.00000     0.00000     0.00000
    -8.55444     0.00000     0.00000     0.00000     0.00000
    -8.55254     0.00000     0.00000     0.00000     0.00000
    -8.55063     0.00000     0.00000     0.00000     0.00000
    -8.54873     0.00000     0.00000     0.00000     0.00000
    -8.54682     0.00000     0.00000     0.00000     0.00000
    -8.54492     0.00000     0.00000     0.00000     0.00000
    -8.54301     0.00000     0.00000     0.00000     0.00000
    -8.54111     0.00000     0.00000     0.00000     0.00000
    -8.53921     0.00000     0.00000     0.00000     0.00000
    -8.53730     0.00000     0.00000     0.00000     0.00000
    -8.53540     0.00000     0.00000     0.00000     0.00000
    -8.53349     0.00000     0.00000     0.00000     0.00000
    -8.53159     0.00000     0.00000     0.00000     0.00000
    -8.52968     0.00000     0.00000     0.00000     0.00000
    -8.52778     0.00000     0.00000     0.00000     0.00000
    -8.52587     0.00000     0.00000     0.00000     0.00000
    -8.52397     0.00000     0.00000     0.00000     0.00000
    -8.52206     0.00000     0.00000     0.00000     0.00000
    -8.52016     0.00000     0.00000     0.00000     0.00000
    -8.51825     0.00000     0.00000     0.00000     0.00000
    -8.51635     0.00000     0.00000     0.00000     0.00000
    -8.51444     0.00000     0.00000     0.00000     0.00000
    -8.51254     0.00000     0.00000     0.00000     0.00000
    -8.51063     0.00000     0.00000     0.00000     0.00000
    -8.50873     0.00000     0.00000     0.00000     0.00000
    -8.50682     0.00000     0.00000     0.00000     0.00000
    -8.50492     0.00000     0.00000     0.00000     0.00000
    -8.50301     0.00000     0.00000     0.00000     0.00000
    -8.50111     0.00000     0.00000     0.00000     0.00000
    -8.49920     0.00000     0.00000     0.00000     0.00000
    -8.49730     0.00000     0.00000     0.00000     0.00000
    -8.49539     0.00000     0.00000     0.00000     0.00000
    -8.49349     0.00000     0.00000     0.00000     0.00000
    -8.49159     0.00000     0.00000     0.00000     0.00000
    -8.48968     0.00000     0.00000     0.00000     0.00000
    -8.48778     0.00000     0.00000     0.00000     0.00000
    -8.48587     0.00000     0.00000     0.00000     0.00000
    -8.48397     0.00000     0.00000     0.00000     0.00000
    -8.48206     0.00000     0.00000     0.00000     0.00000
    -8.48016     0.00000     0.00000     0.00000     0.00000
    -8.47825     0.00000     0.00000     0.00000     0.00000
    -8.47635     0.00000     0.00000     0.00000     0.00000
    -8.47444     0.00000     0.00000     0.00000     0.00000
    -8.47254     0.00000     0.00000     0.00000     0.00000
    -8.47063     0.00000     0.00000     0.00000     0.00000
    -8.46873     0.00000     0.00000     0.00000     0.00000
    -8.46682     0.00000     0.00000     0.00000     0.00000
    -8.46492     0.00000     0.00000     0.00000     0.00000
    -8.46301     0.00000     0.00000     0.00000     0.00000
    -8.46111     0.00000     0.00000     0.00000     0.00000
    -8.45920     0.00000     0.00000     0.00000     0.00000
    -8.45730     0.00000     0.00000     0.00000     0.00000
    -8.45539     0.00000     0.00000     0.00000     0.00000
    -8.45349     0.00000     0.00000     0.00000     0.00000
    -8.45158     0.00000     0.00000     0.00000     0.00000
    -8.44968     0.00000     0.00000     0.00000     0.00000
    -8.44777     0.00000     0.00000     0.00000     0.00000
    -8.44587     0.00000     0.00000     0.00000     0.00000
    -8.44397     0.00000     0.00000     0.00000     0.00000
    -8.44206     0.00000     0.00000     0.00000     0.00000
    -8.44016     0.00000     0.00000     0.00000     0.00000
    -8.43825     0.00000     0.00000     0.00000     0.00000
    -8.43635     0.00000     0.00000     0.00000     0.00000
    -8.43444     0.00000     0.00000     0.00000     0.00000
    -8.43254     0.00000     0.00000     0.00000     0.00000
    -8.43063     0.00000     0.00000     0.00000     0.00000
    -8.42873     0.00000     0.00000     0.00000     0.00000
    -8.42682     0.00000     0.00000     0.00000     0.00000
    -8.42492     0.00000     0.00000     0.00000     0.00000
    -8.42301     0.00000     0.00000     0.00000     0.00000
    -8.42111     0.00000     0.00000     0.00000     0.00000
    -8.41920     0.00000     0.00000     0.00000     0.00000
    -8.41730     0.00000     0.00000     0.00000     0.00000
    -8.41539     0.00000     0.00000     0.00000     0.00000
    -8.41349     0.00000     0.00000     0.00000     0.00000
    -8.41158     0.00000     0.00000     0.00000     0.00000
    -8.40968     0.00000     0.00000     0.00000     0.00000
    -8.40777     0.00000     0.00000     0.00000     0.00000
    -8.40587     0.00000     0.00000     0.00000     0.00000
    -8.40396     0.00000     0.00000     0.00000     0.00000
    -8.40206     0.00000     0.00000     0.00000     0.00000
    -8.40015     0.00000     0.00000     0.00000     0.00000
    -8.39825     0.00000     0.00000     0.00000     0.00000
    -8.39635     0.00000     0.00000     0.00000     0.00000
    -8.39444     0.00000     0.00000     0.00000     0.00000
    -8.39254     0.00000     0.00000     0.00000     0.00000
    -8.39063     0.00000     0.00000     0.00000     0.00000
    -8.38873     0.00000     0.00000     0.00000     0.00000
    -8.38682     0.00000     0.00000     0.00000     0.00000
    -8.38492     0.00000     0.00000     0.00000     0.00000
    -8.38301     0.00000     0.00000     0.00000     0.00000
    -8.38111     0.00000     0.00000     0.00000     0.00000
    -8.37920     0.00000     0.00000     0.00000     0.00000
    -8.37730     0.00000     0.00000     0.00000     0.00000
    -8.37539     0.00000     0.00000     0.00000     0.00000
    -8.37349     0.00000     0.00000     0.00000     0.00000
    -8.37158     0.00000     0.00000     0.00000     0.00000
    -8.36968     0.00000     0.00000     0.00000     0.00000
    -8.36777     0.00000     0.00000     0.00000     0.00000
    -8.36587     0.00000     0.00000     0.00000     0.00000
    -8.36396     0.00000     0.00000     0.00000     0.00000
    -8.36206     0.00000     0.00000     0.00000     0.00000
    -8.36015     0.00000     0.00000     0.00000     0.00000
    -8.35825     0.00000     0.00000     0.00000     0.00000
    -8.35634     0.00000     0.00000     0.00000     0.00000
    -8.35444     0.00000     0.00000     0.00000     0.00000
    -8.35253     0.00000     0.00000     0.00000     0.00000
    -8.35063     0.00000     0.00000     0.00000     0.00000
    -8.34873     0.00000     0.00000     0.00000     0.00000
    -8.34682     0.00000     0.00000     0.00000     0.00000
    -8.34492     0.00000     0.00000     0.00000     0.00000
    -8.34301     0.00000     0.00000     0.00000     0.00000
    -8.34111     0.00000     0.00000     0.00000     0.00000
    -8.33920     0.00000     0.00000     0.00000     0.00000
    -8.33730     0.00000     0.00000     0.00000     0.00000
    -8.33539     0.00000     0.00000     0.00000     0.00000
    -8.33349     0.00000     0.00000     0.00000     0.00000
    -8.33158     0.00000     0.00000     0.00000     0.00000
    -8.32968     0.00000     0.00000     0.00000     0.00000
    -8.32777     0.00000     0.00000     0.00000     0.00000
    -8.32587     0.00000     0.00000     0.00000     0.00000
    -8.32396     0.00000     0.00000     0.00000     0.00000
    -8.32206     0.00000     0.00000     0.00000     0.00000
    -8.32015     0.00000     0.00000     0.00000     0.00000
    -8.31825     0.00000     0.00000     0.00000     0.00000
    -8.31634     0.00000     0.00000     0.00000     0.00000
    -8.31444     0.00000     0.00000     0.00000     0.00000
    -8.31253     0.00000     0.00000     0.00000     0.00000
    -8.31063     0.00000     0.00000     0.00000     0.00000
    -8.30872     0.00000     0.00000     0.00000     0.00000
    -8.30682     0.00000     0.00000     0.00000     0.00000
    -8.30492     0.00000     0.00000     0.00000     0.00000
    -8.30301     0.00000     0.00000     0.00000     0.00000
    -8.30111     0.00000     0.00000     0.00000     0.00000
    -8.29920     0.00000     0.00000     0.00000     0.00000
    -8.29730     0.00000     0.00000     0.00000     0.00000
    -8.29539     0.00000     0.00000     0.00000     0.00000
    -8.29349     0.00000     0.00000     0.00000     0.00000
    -8.29158     0.00000     0.00000     0.00000     0.00000
    -8.28968     0.00000     0.00000     0.00000     0.00000
    -8.28777     0.00000     0.00000     0.00000     0.00000
    -8.28587     0.00000     0.00000     0.00000     0.00000
    -8.28396     0.00000     0.00000     0.00000     0.00000
    -8.28206     0.00000     0.00000     0.00000     0.00000
    -8.28015     0.00000     0.00000     0.00000     0.00000
    -8.27825     0.00000     0.00000     0.00000     0.00000
    -8.27634     0.00000     0.00000     0.00000     0.00000
    -8.27444     0.00000     0.00000     0.00000     0.00000
    -8.27253     0.00000     0.00000     0.00000     0.00000
    -8.27063     0.00000     0.00000     0.00000     0.00000
    -8.26872     0.00000     0.00000     0.00000     0.00000
    -8.26682     0.00000     0.00000     0.00000     0.00000
    -8.26491     0.00000     0.00000     0.00000     0.00000
    -8.26301     0.00000     0.00000     0.00000     0.00000
    -8.26110     0.00000     0.00000     0.00000     0.00000
    -8.25920     0.00000     0.00000     0.00000     0.00000
    -8.25730     0.00000     0.00000     0.00000     0.00000
    -8.25539     0.00000     0.00000     0.00000     0.00000
    -8.25349     0.00000     0.00000     0.00000     0.00000
    -8.25158     0.00000     0.00000     0.00000     0.00000
    -8.24968     0.00000     0.00000     0.00000     0.00000
    -8.24777     0.00000     0.00000     0.00000     0.00000
    -8.24587     0.00000     0.00000     0.00000     0.00000
    -8.24396     0.00000     0.00000     0.00000     0.00000
    -8.24206     0.00000     0.00000     0.00000     0.00000
    -8.24015     0.00000     0.00000     0.00000     0.00000
    -8.23825     0.00000     0.00000     0.00000     0.00000
    -8.23634     0.00000     0.00000     0.00000     0.00000
    -8.23444     0.00000     0.00000     0.00000     0.00000
    -8.23253     0.00000     0.00000     0.00000     0.00000
    -8.23063     0.00000     0.00000     0.00000     0.00000
    -8.22872     0.00000     0.00000     0.00000     0.00000
    -8.22682     0.00000     0.00000     0.00000     0.00000
    -8.22491     0.00000     0.00000     0.00000     0.00000
    -8.22301     0.00000     0.00000     0.00000     0.00000
    -8.22110     0.00000     0.00000     0.00000     0.00000
    -8.21920     0.00000     0.00000     0.00000     0.00000
    -8.21729     0.00000     0.00000     0.00000     0.00000
    -8.21539     0.00000     0.00000     0.00000     0.00000
    -8.21348     0.00000     0.00000     0.00000     0.00000
    -8.21158     0.00000     0.00000     0.00000     0.00000
    -8.20968     0.00000     0.00000     0.00000     0.00000
    -8.20777     0.00000     0.00000     0.00000     0.00000
    -8.20587     0.00000     0.00000     0.00000     0.00000
    -8.20396     0.00000     0.00000     0.00000     0.00000
    -8.20206     0.00000     0.00000     0.00000     0.00000
    -8.20015     0.00000     0.00000     0.00000     0.00000
    -8.19825     0.00000     0.00000     0.00000     0.00000
    -8.19634     0.00000     0.00000     0.00000     0.00000
    -8.19444     0.00000     0.00000     0.00000     0.00000
    -8.19253     0.00000     0.00000     0.00000     0.00000
    -8.19063     0.00000     0.00000     0.00000     0.00000
    -8.18872     0.00000     0.00000     0.00000     0.00000
    -8.18682     0.00000     0.00000     0.00000     0.00000
    -8.18491     0.00000     0.00000     0.00000     0.00000
    -8.18301     0.00000     0.00000     0.00000     0.00000
    -8.18110     0.00000     0.00000     0.00000     0.00000
    -8.17920     0.00000     0.00000     0.00000     0.00000
    -8.17729     0.00000     0.00000     0.00000     0.00000
    -8.17539     0.00000     0.00000     0.00000     0.00000
    -8.17348     0.00000     0.00000     0.00000     0.00000
    -8.17158     0.00000     0.00000     0.00000     0.00000
    -8.16967     0.00000     0.00000     0.00000     0.00000
    -8.16777     0.00000     0.00000     0.00000     0.00000
    -8.16586     0.00000     0.00000     0.00000     0.00000
    -8.16396     0.00000     0.00000     0.00000     0.00000
    -8.16206     0.00000     0.00000     0.00000     0.00000
    -8.16015     0.00000     0.00000     0.00000     0.00000
    -8.15825     0.00000     0.00000     0.00000     0.00000
    -8.15634     0.00000     0.00000     0.00000     0.00000
    -8.15444     0.00000     0.00000     0.00000     0.00000
    -8.15253     0.00000     0.00000     0.00000     0.00000
    -8.15063     0.00000     0.00000     0.00000     0.00000
    -8.14872     0.00000     0.00000     0.00000     0.00000
    -8.14682     0.00000     0.00000     0.00000     0.00000
    -8.14491     0.00000     0.00000     0.00000     0.00000
    -8.14301     0.00000     0.00000     0.00000     0.00000
    -8.14110     0.00000     0.00000     0.00000     0.00000
    -8.13920     0.00000     0.00000     0.00000     0.00000
    -8.13729     0.00000     0.00000     0.00000     0.00000
    -8.13539     0.00000     0.00000     0.00000     0.00000
    -8.13348     0.00000     0.00000     0.00000     0.00000
    -8.13158     0.00000     0.00000     0.00000     0.00000
    -8.12967     0.00000     0.00000     0.00000     0.00000
    -8.12777     0.00000     0.00000     0.00000     0.00000
    -8.12586     0.00000     0.00000     0.00000     0.00000
    -8.12396     0.00000     0.00000     0.00000     0.00000
    -8.12205     0.00000     0.00000     0.00000     0.00000
    -8.12015     0.00000     0.00000     0.00000     0.00000
    -8.11824     0.00000     0.00000     0.00000     0.00000
    -8.11634     0.00000     0.00000     0.00000     0.00000
    -8.11444     0.00000     0.00000     0.00000     0.00000
    -8.11253     0.00000     0.00000     0.00000     0.00000
    -8.11063     0.00000     0.00000     0.00000     0.00000
    -8.10872     0.00000     0.00000     0.00000     0.00000
    -8.10682     0.00000     0.00000     0.00000     0.00000
    -8.10491     0.00000     0.00000     0.00000     0.00000
    -8.10301     0.00000     0.00000     0.00000     0.00000
    -8.10110     0.00000     0.00000     0.00000     0.00000
    -8.09920     0.00000     0.00000     0.00000     0.00000
    -8.09729     0.00000     0.00000     0.00000     0.00000
    -8.09539     0.00000     0.00000     0.00000     0.00000
    -8.09348     0.00000     0.00000     0.00000     0.00000
    -8.09158     0.00000     0.00000     0.00000     0.00000
    -8.08967     0.00000     0.00000     0.00000     0.00000
    -8.08777     0.00000     0.00000     0.00000     0.00000
    -8.08586     0.00000     0.00000     0.00000     0.00000
    -8.08396     0.00000     0.00000     0.00000     0.00000
    -8.08205     0.00000     0.00000     0.00000     0.00000
    -8.08015     0.00000     0.00000     0.00000     0.00000
    -8.07824     0.00000     0.00000     0.00000     0.00000
    -8.07634     0.00000     0.00000     0.00000     0.00000
    -8.07443     0.00000     0.00000     0.00000     0.00000
    -8.07253     0.00000     0.00000     0.00000     0.00000
    -8.07062     0.00000     0.00000     0.00000     0.00000
    -8.06872     0.00000     0.00000     0.00000     0.00000
    -8.06682     0.00000     0.00000     0.00000     0.00000
    -8.06491     0.00000     0.00000     0.00000     0.00000
    -8.06301     0.00000     0.00000     0.00000     0.00000
    -8.06110     0.00000     0.00000     0.00000     0.00000
    -8.05920     0.00000     0.00000     0.00000     0.00000
    -8.05729     0.00000     0.00000     0.00000     0.00000
    -8.05539     0.00000     0.00000     0.00000     0.00000
    -8.05348     0.00000     0.00000     0.00000     0.00000
    -8.05158     0.00000     0.00000     0.00000     0.00000
    -8.04967     0.00000     0.00000     0.00000     0.00000
    -8.04777     0.00000     0.00000     0.00000     0.00000
    -8.04586     0.00000     0.00000     0.00000     0.00000
    -8.04396     0.00000     0.00000     0.00000     0.00000
    -8.04205     0.00000     0.00000     0.00000     0.00000
    -8.04015     0.00000     0.00000     0.00000     0.00000
    -8.03824     0.00000     0.00000     0.00000     0.00000
    -8.03634     0.00000     0.00000     0.00000     0.00000
    -8.03443     0.00000     0.00000     0.00000     0.00000
    -8.03253     0.00000     0.00000     0.00000     0.00000
    -8.03062     0.00000     0.00000     0.00000     0.00000
    -8.02872     0.00000     0.00000     0.00000     0.00000
    -8.02681     0.00000     0.00000     0.00000     0.00000
    -8.02491     0.00000     0.00000     0.00000     0.00000
    -8.02301     0.00000     0.00000     0.00000     0.00000
    -8.02110     0.00000     0.00000     0.00000     0.00000
    -8.01920     0.00000     0.00000     0.00000     0.00000
    -8.01729     0.00000     0.00000     0.00000     0.00000
    -8.01539     0.00000     0.00000     0.00000     0.00000
    -8.01348     0.00000     0.00000     0.00000     0.00000
    -8.01158     0.00000     0.00000     0.00000     0.00000
    -8.00967     0.00000     0.00000     0.00000     0.00000
    -8.00777     0.00000     0.00000     0.00000     0.00000
    -8.00586     0.00000     0.00000     0.00000     0.00000
    -8.00396     0.00000     0.00000     0.00000     0.00000
    -8.00205     0.00000     0.00000     0.00000     0.00000
    -8.00015     0.00000     0.00000     0.00000     0.00000
    -7.99824     0.00000     0.00000     0.00000     0.00000
    -7.99634     0.00000     0.00000     0.00000     0.00000
    -7.99443     0.00000     0.00000     0.00000     0.00000
    -7.99253     0.00000     0.00000     0.00000     0.00000
    -7.99062     0.00000     0.00000     0.00000     0.00000
    -7.98872     0.00000     0.00000     0.00000     0.00000
    -7.98681     0.00000     0.00000     0.00000     0.00000
    -7.98491     0.00000     0.00000     0.00000     0.00000
    -7.98300     0.00000     0.00000     0.00000     0.00000
    -7.98110     0.00000     0.00000     0.00000     0.00000
    -7.97919     0.00000     0.00000     0.00000     0.00000
    -7.97729     0.00000     0.00000     0.00000     0.00000
    -7.97539     0.00000     0.00000     0.00000     0.00000
    -7.97348     0.00000     0.00000     0.00000     0.00000
    -7.97158     0.00000     0.00000     0.00000     0.00000
    -7.96967     0.00000     0.00000     0.00000     0.00000
    -7.96777     0.00000     0.00000     0.00000     0.00000
    -7.96586     0.00000     0.00000     0.00000     0.00000
    -7.96396     0.00000     0.00000     0.00000     0.00000
    -7.96205     0.00000     0.00000     0.00000     0.00000
    -7.96015     0.00000     0.00000     0.00000     0.00000
    -7.95824     0.00000     0.00000     0.00000     0.00000
    -7.95634     0.00000     0.00000     0.00000     0.00000
    -7.95443     0.00000     0.00000     0.00000     0.00000
    -7.95253     0.00000     0.00000     0.00000     0.00000
    -7.95062     0.00000     0.00000     0.00000     0.00000
    -7.94872     0.00000     0.00000     0.00000     0.00000
    -7.94681     0.00000     0.00000     0.00000     0.00000
    -7.94491     0.00000     0.00000     0.00000     0.00000
    -7.94300     0.00000     0.00000     0.00000     0.00000
    -7.94110     0.00000     0.00000     0.00000     0.00000
    -7.93919     0.00000     0.00000     0.00000     0.00000
    -7.93729     0.00000     0.00000     0.00000     0.00000
    -7.93538     0.00000     0.00000     0.00000     0.00000
    -7.93348     0.00000     0.00000     0.00000     0.00000
    -7.93157     0.00000     0.00000     0.00000     0.00000
    -7.92967     0.00000     0.00000     0.00000     0.00000
    -7.92777     0.00000     0.00000     0.00000     0.00000
    -7.92586     0.00000     0.00000     0.00000     0.00000
    -7.92396     0.00000     0.00000     0.00000     0.00000
    -7.92205     0.00000     0.00000     0.00000     0.00000
    -7.92015     0.00000     0.00000     0.00000     0.00000
    -7.91824     0.00000     0.00000     0.00000     0.00000
    -7.91634     0.00000     0.00000     0.00000     0.00000
    -7.91443     0.00000     0.00000     0.00000     0.00000
    -7.91253     0.00000     0.00000     0.00000     0.00000
    -7.91062     0.00000     0.00000     0.00000     0.00000
    -7.90872     0.00000     0.00000     0.00000     0.00000
    -7.90681     0.00000     0.00000     0.00000     0.00000
    -7.90491     0.00000     0.00000     0.00000     0.00000
    -7.90300     0.00000     0.00000     0.00000     0.00000
    -7.90110     0.00000     0.00000     0.00000     0.00000
    -7.89919     0.00000     0.00000     0.00000     0.00000
    -7.89729     0.00000     0.00000     0.00000     0.00000
    -7.89538     0.00000     0.00000     0.00000     0.00000
    -7.89348     0.00000     0.00000     0.00000     0.00000
    -7.89157     0.00000     0.00000     0.00000     0.00000
    -7.88967     0.00000     0.00000     0.00000     0.00000
    -7.88776     0.00000     0.00000     0.00000     0.00000
    -7.88586     0.00000     0.00000     0.00000     0.00000
    -7.88395     0.00000     0.00000     0.00000     0.00000
    -7.88205     0.00000     0.00000     0.00000     0.00000
    -7.88015     0.00000     0.00000     0.00000     0.00000
    -7.87824     0.00000     0.00000     0.00000     0.00000
    -7.87634     0.00000     0.00000     0.00000     0.00000
    -7.87443     0.00000     0.00000     0.00000     0.00000
    -7.87253     0.00000     0.00000     0.00000     0.00000
    -7.87062     0.00000     0.00000     0.00000     0.00000
    -7.86872     0.00000     0.00000     0.00000     0.00000
    -7.86681     0.00000     0.00000     0.00000     0.00000
    -7.86491     0.00000     0.00000     0.00000     0.00000
    -7.86300     0.00000     0.00000     0.00000     0.00000
    -7.86110     0.00000     0.00000     0.00000     0.00000
    -7.85919     0.00000     0.00000     0.00000     0.00000
    -7.85729     0.00000     0.00000     0.00000     0.00000
    -7.85538     0.00000     0.00000     0.00000     0.00000
    -7.85348     0.00000     0.00000     0.00000     0.00000
    -7.85157     0.00000     0.00000     0.00000     0.00000
    -7.84967     0.00000     0.00000     0.00000     0.00000
    -7.84776     0.00000     0.00000     0.00000     0.00000
    -7.84586     0.00000     0.00000     0.00000     0.00000
    -7.84395     0.00000     0.00000     0.00000     0.00000
    -7.84205     0.00000     0.00000     0.00000     0.00000
    -7.84014     0.00000     0.00000     0.00000     0.00000
    -7.83824     0.00000     0.00000     0.00000     0.00000
    -7.83633     0.00000     0.00000     0.00000     0.00000
    -7.83443     0.00000     0.00000     0.00000     0.00000
    -7.83253     0.00000     0.00000     0.00000     0.00000
    -7.83062     0.00000     0.00000     0.00000     0.00000
    -7.82872     0.00000     0.00000     0.00000     0.00000
    -7.82681     0.00000     0.00000     0.00000     0.00000
    -7.82491     0.00000     0.00000     0.00000     0.00000
    -7.82300     0.00000     0.00000     0.00000     0.00000
    -7.82110     0.00000     0.00000     0.00000     0.00000
    -7.81919     0.00000     0.00000     0.00000     0.00000
    -7.81729     0.00000     0.00000     0.00000     0.00000
    -7.81538     0.00000     0.00000     0.00000     0.00000
    -7.81348     0.00000     0.00000     0.00000     0.00000
    -7.81157     0.00000     0.00000     0.00000     0.00000
    -7.80967     0.00000     0.00000     0.00000     0.00000
    -7.80776     0.00000     0.00000     0.00000     0.00000
    -7.80586     0.00000     0.00000     0.00000     0.00000
    -7.80395     0.00000     0.00000     0.00000     0.00000
    -7.80205     0.00000     0.00000     0.00000     0.00000
    -7.80014     0.00000     0.00000     0.00000     0.00000
    -7.79824     0.00000     0.00000     0.00000     0.00000
    -7.79633     0.00000     0.00000     0.00000     0.00000
    -7.79443     0.00000     0.00000     0.00000     0.00000
    -7.79252     0.00000     0.00000     0.00000     0.00000
    -7.79062     0.00000     0.00000     0.00000     0.00000
    -7.78872     0.00000     0.00000     0.00000     0.00000
    -7.78681     0.00000     0.00000     0.00000     0.00000
    -7.78491     0.00000     0.00000     0.00000     0.00000
    -7.78300     0.00000     0.00000     0.00000     0.00000
    -7.78110     0.00000     0.00000     0.00000     0.00000
    -7.77919     0.00000     0.00000     0.00000     0.00000
    -7.77729     0.00000     0.00000     0.00000     0.00000
    -7.77538     0.00000     0.00000     0.00000     0.00000
    -7.77348     0.00000     0.00000     0.00000     0.00000
    -7.77157     0.00000     0.00000     0.00000     0.00000
    -7.76967     0.00000     0.00000     0.00000     0.00000
    -7.76776     0.00000     0.00000     0.00000     0.00000
    -7.76586     0.00000     0.00000     0.00000     0.00000
    -7.76395     0.00000     0.00000     0.00000     0.00000
    -7.76205     0.00000     0.00000     0.00000     0.00000
    -7.76014     0.00000     0.00000     0.00000     0.00000
    -7.75824     0.00000     0.00000     0.00000     0.00000
    -7.75633     0.00000     0.00000     0.00000     0.00000
    -7.75443     0.00000     0.00000     0.00000     0.00000
    -7.75252     0.00000     0.00000     0.00000     0.00000
    -7.75062     0.00000     0.00000     0.00000     0.00000
    -7.74871     0.00000     0.00000     0.00000     0.00000
    -7.74681     0.00000     0.00000     0.00000     0.00000
    -7.74490     0.00000     0.00000     0.00000     0.00000
    -7.74300     0.00000     0.00000     0.00000     0.00000
    -7.74110     0.00000     0.00000     0.00000     0.00000
    -7.73919     0.00000     0.00000     0.00000     0.00000
    -7.73729     0.00000     0.00000     0.00000     0.00000
    -7.73538     0.00000     0.00000     0.00000     0.00000
    -7.73348     0.00000     0.00000     0.00000     0.00000
    -7.73157     0.00000     0.00000     0.00000     0.00000
    -7.72967     0.00000     0.00000     0.00000     0.00000
    -7.72776     0.00000     0.00000     0.00000     0.00000
    -7.72586     0.00000     0.00000     0.00000     0.00000
    -7.72395     0.00000     0.00000     0.00000     0.00000
    -7.72205     0.00000     0.00000     0.00000     0.00000
    -7.72014     0.00000     0.00000     0.00000     0.00000
    -7.71824     0.00000     0.00000     0.00000     0.00000
    -7.71633     0.00000     0.00000     0.00000     0.00000
    -7.71443     0.00000     0.00000     0.00000     0.00000
    -7.71252     0.00000     0.00000     0.00000     0.00000
    -7.71062     0.00000     0.00000     0.00000     0.00000
    -7.70871     0.00000     0.00000     0.00000     0.00000
    -7.70681     0.00000     0.00000     0.00000     0.00000
    -7.70490     0.00000     0.00000     0.00000     0.00000
    -7.70300     0.00000     0.00000     0.00000     0.00000
    -7.70109     0.00000     0.00000     0.00000     0.00000
    -7.69919     0.00000     0.00000     0.00000     0.00000
    -7.69728     0.00000     0.00000     0.00000     0.00000
    -7.69538     0.00000     0.00000     0.00000     0.00000
    -7.69348     0.00000     0.00000     0.00000     0.00000
    -7.69157     0.00000     0.00000     0.00000     0.00000
    -7.68967     0.00000     0.00000     0.00000     0.00000
    -7.68776     0.00000     0.00000     0.00000     0.00000
    -7.68586     0.00000     0.00000     0.00000     0.00000
    -7.68395     0.00000     0.00000     0.00000     0.00000
    -7.68205     0.00000     0.00000     0.00000     0.00000
    -7.68014     0.00000     0.00000     0.00000     0.00000
    -7.67824     0.00000     0.00000     0.00000     0.00000
    -7.67633     0.00000     0.00000     0.00000     0.00000
    -7.67443     0.00000     0.00000     0.00000     0.00000
    -7.67252     0.00000     0.00000     0.00000     0.00000
    -7.67062     0.00000     0.00000     0.00000     0.00000
    -7.66871     0.00000     0.00000     0.00000     0.00000
    -7.66681     0.00000     0.00000     0.00000     0.00000
    -7.66490     0.00000     0.00000     0.00000     0.00000
    -7.66300     0.00000     0.00000     0.00000     0.00000
    -7.66109     0.00000     0.00000     0.00000     0.00000
    -7.65919     0.00000     0.00000     0.00000     0.00000
    -7.65728     0.00000     0.00000     0.00000     0.00000
    -7.65538     0.00000     0.00000     0.00000     0.00000
    -7.65347     0.00000     0.00000     0.00000     0.00000
    -7.65157     0.00000     0.00000     0.00000     0.00000
    -7.64966     0.00000     0.00000     0.00000     0.00000
    -7.64776     0.00000     0.00000     0.00000     0.00000
    -7.64586     0.00000     0.00000     0.00000     0.00000
    -7.64395     0.00000     0.00000     0.00000     0.00000
    -7.64205     0.00000     0.00000     0.00000     0.00000
    -7.64014     0.00000     0.00000     0.00000     0.00000
    -7.63824     0.00000     0.00000     0.00000     0.00000
    -7.63633     0.00000     0.00000     0.00000     0.00000
    -7.63443     0.00000     0.00000     0.00000     0.00000
    -7.63252     0.00000     0.00000     0.00000     0.00000
    -7.63062     0.00000     0.00000     0.00000     0.00000
    -7.62871     0.00000     0.00000     0.00000     0.00000
    -7.62681     0.00000     0.00000     0.00000     0.00000
    -7.62490     0.00000     0.00000     0.00000     0.00000
    -7.62300     0.00000     0.00000     0.00000     0.00000
    -7.62109     0.00000     0.00000     0.00000     0.00000
    -7.61919     0.00000     0.00000     0.00000     0.00000
    -7.61728     0.00000     0.00000     0.00000     0.00000
    -7.61538     0.00000     0.00000     0.00000     0.00000
    -7.61347     0.00000     0.00000     0.00000     0.00000
    -7.61157     0.00000     0.00000     0.00000     0.00000
    -7.60966     0.00000     0.00000     0.00000     0.00000
    -7.60776     0.00000     0.00000     0.00000     0.00000
    -7.60585     0.00000     0.00000     0.00000     0.00000
    -7.60395     0.00000     0.00000     0.00000     0.00000
    -7.60204     0.00000     0.00000     0.00000     0.00000
    -7.60014     0.00000     0.00000     0.00000     0.00000
    -7.59824     0.00000     0.00000     0.00000     0.00000
    -7.59633     0.00000     0.00000     0.00000     0.00000
    -7.59443     0.00000     0.00000     0.00000     0.00000
    -7.59252     0.00000     0.00000     0.00000     0.00000
    -7.59062     0.00000     0.00000     0.00000     0.00000
    -7.58871     0.00000     0.00000     0.00000     0.00000
    -7.58681     0.00000     0.00000     0.00000     0.00000
    -7.58490     0.00000     0.00000     0.00000     0.00000
    -7.58300     0.00000     0.00000     0.00000     0.00000
    -7.58109     0.00000     0.00000     0.00000     0.00000
    -7.57919     0.00000     0.00000     0.00000     0.00000
    -7.57728     0.00000     0.00000     0.00000     0.00000
    -7.57538     0.00000     0.00000     0.00000     0.00000
    -7.57347     0.00000     0.00000     0.00000     0.00000
    -7.57157     0.00000     0.00000     0.00000     0.00000
    -7.56966     0.00000     0.00000     0.00000     0.00000
    -7.56776     0.00000     0.00000     0.00000     0.00000
    -7.56585     0.00000     0.00000     0.00000     0.00000
    -7.56395     0.00000     0.00000     0.00000     0.00000
    -7.56204     0.00000     0.00000     0.00000     0.00000
    -7.56014     0.00000     0.00000     0.00000     0.00000
    -7.55823     0.00000     0.00000     0.00000     0.00000
    -7.55633     0.00000     0.00000     0.00000     0.00000
    -7.55442     0.00000     0.00000     0.00000     0.00000
    -7.55252     0.00000     0.00000     0.00000     0.00000
    -7.55062     0.00000     0.00000     0.00000     0.00000
    -7.54871     0.00000     0.00000     0.00000     0.00000
    -7.54681     0.00000     0.00000     0.00000     0.00000
    -7.54490     0.00000     0.00000     0.00000     0.00000
    -7.54300     0.00000     0.00000     0.00000     0.00000
    -7.54109     0.00000     0.00000     0.00000     0.00000
    -7.53919     0.00000     0.00000     0.00000     0.00000
    -7.53728     0.00000     0.00000     0.00000     0.00000
    -7.53538     0.00000     0.00000     0.00000     0.00000
    -7.53347     0.00000     0.00000     0.00000     0.00000
    -7.53157     0.00000     0.00000     0.00000     0.00000
    -7.52966     0.00000     0.00000     0.00000     0.00000
    -7.52776     0.00000     0.00000     0.00000     0.00000
    -7.52585     0.00000     0.00000     0.00000     0.00000
    -7.52395     0.00000     0.00000     0.00000     0.00000
    -7.52204     0.00000     0.00000     0.00000     0.00000
    -7.52014     0.00000     0.00000     0.00000     0.00000
    -7.51823     0.00000     0.00000     0.00000     0.00000
    -7.51633     0.00000     0.00000     0.00000     0.00000
    -7.51442     0.00000     0.00000     0.00000     0.00000
    -7.51252     0.00000     0.00000     0.00000     0.00000
    -7.51061     0.00000     0.00000     0.00000     0.00000
    -7.50871     0.00000     0.00000     0.00000     0.00000
    -7.50681     0.00000     0.00000     0.00000     0.00000
    -7.50490     0.00000     0.00000     0.00000     0.00000
    -7.50300     0.00000     0.00000     0.00000     0.00000
    -7.50109     0.00000     0.00000     0.00000     0.00000
    -7.49919     0.00000     0.00000     0.00000     0.00000
    -7.49728     0.00000     0.00000     0.00000     0.00000
    -7.49538     0.00000     0.00000     0.00000     0.00000
    -7.49347     0.00000     0.00000     0.00000     0.00000
    -7.49157     0.00000     0.00000     0.00000     0.00000
    -7.48966     0.00000     0.00000     0.00000     0.00000
    -7.48776     0.00000     0.00000     0.00000     0.00000
    -7.48585     0.00000     0.00000     0.00000     0.00000
    -7.48395     0.00000     0.00000     0.00000     0.00000
    -7.48204     0.00000     0.00000     0.00000     0.00000
    -7.48014     0.00000     0.00000     0.00000     0.00000
    -7.47823     0.00000     0.00000     0.00000     0.00000
    -7.47633     0.00000     0.00000     0.00000     0.00000
    -7.47442     0.00000     0.00000     0.00000     0.00000
    -7.47252     0.00000     0.00000     0.00000     0.00000
    -7.47061     0.00000     0.00000     0.00000     0.00000
    -7.46871     0.00000     0.00000     0.00000     0.00000
    -7.46680     0.00000     0.00000     0.00000     0.00000
    -7.46490     0.00000     0.00000     0.00000     0.00000
    -7.46299     0.00000     0.00000     0.00000     0.00000
    -7.46109     0.00000     0.00000     0.00000     0.00000
    -7.45919     0.00000     0.00000     0.00000     0.00000
    -7.45728     0.00000     0.00000     0.00000     0.00000
    -7.45538     0.00000     0.00000     0.00000     0.00000
    -7.45347     0.00000     0.00000     0.00000     0.00000
    -7.45157     0.00000     0.00000     0.00000     0.00000
    -7.44966     0.00000     0.00000     0.00000     0.00000
    -7.44776     0.00000     0.00000     0.00000     0.00000
    -7.44585     0.00000     0.00000     0.00000     0.00000
    -7.44395     0.00000     0.00000     0.00000     0.00000
    -7.44204     0.00000     0.00000     0.00000     0.00000
    -7.44014     0.00000     0.00000     0.00000     0.00000
    -7.43823     0.00000     0.00000     0.00000     0.00000
    -7.43633     0.00000     0.00000     0.00000     0.00000
    -7.43442     0.00000     0.00000     0.00000     0.00000
    -7.43252     0.00000     0.00000     0.00000     0.00000
    -7.43061     0.00000     0.00000     0.00000     0.00000
    -7.42871     0.00000     0.00000     0.00000     0.00000
    -7.42680     0.00000     0.00000     0.00000     0.00000
    -7.42490     0.00000     0.00000     0.00000     0.00000
    -7.42299     0.00000     0.00000     0.00000     0.00000
    -7.42109     0.00000     0.00000     0.00000     0.00000
    -7.41918     0.00000     0.00000     0.00000     0.00000
    -7.41728     0.00000     0.00000     0.00000     0.00000
    -7.41537     0.00000     0.00000     0.00000     0.00000
    -7.41347     0.00000     0.00000     0.00000     0.00000
    -7.41157     0.00000     0.00000     0.00000     0.00000
    -7.40966     0.00000     0.00000     0.00000     0.00000
    -7.40776     0.00000     0.00000     0.00000     0.00000
    -7.40585     0.00000     0.00000     0.00000     0.00000
    -7.40395     0.00000     0.00000     0.00000     0.00000
    -7.40204     0.00000     0.00000     0.00000     0.00000
    -7.40014     0.00000     0.00000     0.00000     0.00000
    -7.39823     0.00000     0.00000     0.00000     0.00000
    -7.39633     0.00000     0.00000     0.00000     0.00000
    -7.39442     0.00000     0.00000     0.00000     0.00000
    -7.39252     0.00000     0.00000     0.00000     0.00000
    -7.39061     0.00000     0.00000     0.00000     0.00000
    -7.38871     0.00000     0.00000     0.00000     0.00000
    -7.38680     0.00000     0.00000     0.00000     0.00000
    -7.38490     0.00000     0.00000     0.00000     0.00000
    -7.38299     0.00000     0.00000     0.00000     0.00000
    -7.38109     0.00000     0.00000     0.00000     0.00000
    -7.37918     0.00000     0.00000     0.00000     0.00000
    -7.37728     0.00000     0.00000     0.00000     0.00000
    -7.37537     0.00000     0.00000     0.00000     0.00000
    -7.37347     0.00000     0.00000     0.00000     0.00000
    -7.37156     0.00000     0.00000     0.00000     0.00000
    -7.36966     0.00000     0.00000     0.00000     0.00000
    -7.36775     0.00000     0.00000     0.00000     0.00000
    -7.36585     0.00000     0.00000     0.00000     0.00000
    -7.36395     0.00000     0.00000     0.00000     0.00000
    -7.36204     0.00000     0.00000     0.00000     0.00000
    -7.36014     0.00000     0.00000     0.00000     0.00000
    -7.35823     0.00000     0.00000     0.00000     0.00000
    -7.35633     0.00000     0.00000     0.00000     0.00000
    -7.35442     0.00000     0.00000     0.00000     0.00000
    -7.35252     0.00000     0.00000     0.00000     0.00000
    -7.35061     0.00000     0.00000     0.00000     0.00000
    -7.34871     0.00000     0.00000     0.00000     0.00000
    -7.34680     0.00000     0.00000     0.00000     0.00000
    -7.34490     0.00000     0.00000     0.00000     0.00000
    -7.34299     0.00000     0.00000     0.00000     0.00000
    -7.34109     0.00000     0.00000     0.00000     0.00000
    -7.33918     0.00000     0.00000     0.00000     0.00000
    -7.33728     0.00000     0.00000     0.00000     0.00000
    -7.33537     0.00000     0.00000     0.00000     0.00000
    -7.33347     0.00000     0.00000     0.00000     0.00000
    -7.33156     0.00000     0.00000     0.00000     0.00000
    -7.32966     0.00000     0.00000     0.00000     0.00000
    -7.32775     0.00000     0.00000     0.00000     0.00000
    -7.32585     0.00000     0.00000     0.00000     0.00000
    -7.32394     0.00000     0.00000     0.00000     0.00000
    -7.32204     0.00000     0.00000     0.00000     0.00000
    -7.32013     0.00000     0.00000     0.00000     0.00000
    -7.31823     0.00000     0.00000     0.00000     0.00000
    -7.31633     0.00000     0.00000     0.00000     0.00000
    -7.31442     0.00000     0.00000     0.00000     0.00000
    -7.31252     0.00000     0.00000     0.00000     0.00000
    -7.31061     0.00000     0.00000     0.00000     0.00000
    -7.30871     0.00000     0.00000     0.00000     0.00000
    -7.30680     0.00000     0.00000     0.00000     0.00000
    -7.30490     0.00000     0.00000     0.00000     0.00000
    -7.30299     0.00000     0.00000     0.00000     0.00000
    -7.30109     0.00000     0.00000     0.00000     0.00000
    -7.29918     0.00000     0.00000     0.00000     0.00000
    -7.29728     0.00000     0.00000     0.00000     0.00000
    -7.29537     0.00000     0.00000     0.00000     0.00000
    -7.29347     0.00000     0.00000     0.00000     0.00000
    -7.29156     0.00000     0.00000     0.00000     0.00000
    -7.28966     0.00000     0.00000     0.00000     0.00000
    -7.28775     0.00000     0.00000     0.00000     0.00000
    -7.28585     0.00000     0.00000     0.00000     0.00000
    -7.28394     0.00000     0.00000     0.00000     0.00000
    -7.28204     0.00000     0.00000     0.00000     0.00000
    -7.28013     0.00000     0.00000     0.00000     0.00000
    -7.27823     0.00000     0.00000     0.00000     0.00000
    -7.27632     0.00000     0.00000     0.00000     0.00000
    -7.27442     0.00000     0.00000     0.00000     0.00000
    -7.27252     0.00000     0.00000     0.00000     0.00000
    -7.27061     0.00000     0.00000     0.00000     0.00000
    -7.26871     0.00000     0.00000     0.00000     0.00000
    -7.26680     0.00000     0.00000     0.00000     0.00000
    -7.26490     0.00000     0.00000     0.00000     0.00000
    -7.26299     0.00000     0.00000     0.00000     0.00000
    -7.26109     0.00000     0.00000     0.00000     0.00000
    -7.25918     0.00000     0.00000     0.00000     0.00000
    -7.25728     0.00000     0.00000     0.00000     0.00000
    -7.25537     0.00000     0.00000     0.00000     0.00000
    -7.25347     0.00000     0.00000     0.00000     0.00000
    -7.25156     0.00000     0.00000     0.00000     0.00000
    -7.24966     0.00000     0.00000     0.00000     0.00000
    -7.24775     0.00000     0.00000     0.00000     0.00000
    -7.24585     0.00000     0.00000     0.00000     0.00000
    -7.24394     0.00000     0.00000     0.00000     0.00000
    -7.24204     0.00000     0.00000     0.00000     0.00000
    -7.24013     0.00000     0.00000     0.00000     0.00000
    -7.23823     0.00000     0.00000     0.00000     0.00000
    -7.23632     0.00000     0.00000     0.00000     0.00000
    -7.23442     0.00000     0.00000     0.00000     0.00000
    -7.23251     0.00000     0.00000     0.00000     0.00000
    -7.23061     0.00000     0.00000     0.00000     0.00000
    -7.22870     0.00000     0.00000     0.00000     0.00000
    -7.22680     0.00000     0.00000     0.00000     0.00000
    -7.22490     0.00000     0.00000     0.00000     0.00000
    -7.22299     0.00000     0.00000     0.00000     0.00000
    -7.22109     0.00000     0.00000     0.00000     0.00000
    -7.21918     0.00000     0.00000     0.00000     0.00000
    -7.21728     0.00000     0.00000     0.00000     0.00000
    -7.21537     0.00000     0.00000     0.00000     0.00000
    -7.21347     0.00000     0.00000     0.00000     0.00000
    -7.21156     0.00000     0.00000     0.00000     0.00000
    -7.20966     0.00000     0.00000     0.00000     0.00000
    -7.20775     0.00000     0.00000     0.00000     0.00000
    -7.20585     0.00000     0.00000     0.00000     0.00000
    -7.20394     0.00000     0.00000     0.00000     0.00000
    -7.20204     0.00000     0.00000     0.00000     0.00000
    -7.20013     0.00000     0.00000     0.00000     0.00000
    -7.19823     0.00000     0.00000     0.00000     0.00000
    -7.19632     0.00000     0.00000     0.00000     0.00000
    -7.19442     0.00000     0.00000     0.00000     0.00000
    -7.19251     0.00000     0.00000     0.00000     0.00000
    -7.19061     0.00000     0.00000     0.00000     0.00000
    -7.18870     0.00000     0.00000     0.00000     0.00000
    -7.18680     0.00000     0.00000     0.00000     0.00000
    -7.18489     0.00000     0.00000     0.00000     0.00000
    -7.18299     0.00000     0.00000     0.00000     0.00000
    -7.18108     0.00000     0.00000     0.00000     0.00000
    -7.17918     0.00000     0.00000     0.00000     0.00000
    -7.17728     0.00000     0.00000     0.00000     0.00000
    -7.17537     0.00000     0.00000     0.00000     0.00000
    -7.17347     0.00000     0.00000     0.00000     0.00000
    -7.17156     0.00000     0.00000     0.00000     0.00000
    -7.16966     0.00000     0.00000     0.00000     0.00000
    -7.16775     0.00000     0.00000     0.00000     0.00000
    -7.16585     0.00000     0.00000     0.00000     0.00000
    -7.16394     0.00000     0.00000     0.00000     0.00000
    -7.16204     0.00000     0.00000     0.00000     0.00000
    -7.16013     0.00000     0.00000     0.00000     0.00000
    -7.15823     0.00000     0.00000     0.00000     0.00000
    -7.15632     0.00000     0.00000     0.00000     0.00000
    -7.15442     0.00000     0.00000     0.00000     0.00000
    -7.15251     0.00000     0.00000     0.00000     0.00000
    -7.15061     0.00000     0.00000     0.00000     0.00000
    -7.14870     0.00000     0.00000     0.00000     0.00000
    -7.14680     0.00000     0.00000     0.00000     0.00000
    -7.14489     0.00000     0.00000     0.00000     0.00000
    -7.14299     0.00000     0.00000     0.00000     0.00000
    -7.14108     0.00000     0.00000     0.00000     0.00000
    -7.13918     0.00000     0.00000     0.00000     0.00000
    -7.13727     0.00000     0.00000     0.00000     0.00000
    -7.13537     0.00000     0.00000     0.00000     0.00000
    -7.13346     0.00000     0.00000     0.00000     0.00000
    -7.13156     0.00000     0.00000     0.00000     0.00000
    -7.12966     0.00000     0.00000     0.00000     0.00000
    -7.12775     0.00000     0.00000     0.00000     0.00000
    -7.12585     0.00000     0.00000     0.00000     0.00000
    -7.12394     0.00000     0.00000     0.00000     0.00000
    -7.12204     0.00000     0.00000     0.00000     0.00000
    -7.12013     0.00000     0.00000     0.00000     0.00000
    -7.11823     0.00000     0.00000     0.00000     0.00000
    -7.11632     0.00000     0.00000     0.00000     0.00000
    -7.11442     0.00000     0.00000     0.00000     0.00000
    -7.11251     0.00000     0.00000     0.00000     0.00000
    -7.11061     0.00000     0.00000     0.00000     0.00000
    -7.10870     0.00000     0.00000     0.00000     0.00000
    -7.10680     0.00000     0.00000     0.00000     0.00000
    -7.10489     0.00000     0.00000     0.00000     0.00000
    -7.10299     0.00000     0.00000     0.00000     0.00000
    -7.10108     0.00000     0.00000     0.00000     0.00000
    -7.09918     0.00000     0.00000     0.00000     0.00000
    -7.09727     0.00000     0.00000     0.00000     0.00000
    -7.09537     0.00000     0.00000     0.00000     0.00000
    -7.09346     0.00000     0.00000     0.00000     0.00000
    -7.09156     0.00000     0.00000     0.00000     0.00000
    -7.08965     0.00000     0.00000     0.00000     0.00000
    -7.08775     0.00000     0.00000     0.00000     0.00000
    -7.08584     0.00000     0.00000     0.00000     0.00000
    -7.08394     0.00000     0.00000     0.00000     0.00000
    -7.08204     0.00000     0.00000     0.00000     0.00000
    -7.08013     0.00000     0.00000     0.00000     0.00000
    -7.07823     0.00000     0.00000     0.00000     0.00000
    -7.07632     0.00000     0.00000     0.00000     0.00000
    -7.07442     0.00000     0.00000     0.00000     0.00000
    -7.07251     0.00000     0.00000     0.00000     0.00000
    -7.07061     0.00000     0.00000     0.00000     0.00000
    -7.06870     0.00000     0.00000     0.00000     0.00000
    -7.06680     0.00000     0.00000     0.00000     0.00000
    -7.06489     0.00000     0.00000     0.00000     0.00000
    -7.06299     0.00000     0.00000     0.00000     0.00000
    -7.06108     0.00000     0.00000     0.00000     0.00000
    -7.05918     0.00000     0.00000     0.00000     0.00000
    -7.05727     0.00000     0.00000     0.00000     0.00000
    -7.05537     0.00000     0.00000     0.00000     0.00000
    -7.05346     0.00000     0.00000     0.00000     0.00000
    -7.05156     0.00000     0.00000     0.00000     0.00000
    -7.04965     0.00000     0.00000     0.00000     0.00000
    -7.04775     0.00000     0.00000     0.00000     0.00000
    -7.04584     0.00000     0.00000     0.00000     0.00000
    -7.04394     0.00000     0.00000     0.00000     0.00000
    -7.04203     0.00000     0.00000     0.00000     0.00000
    -7.04013     0.00000     0.00000     0.00000     0.00000
    -7.03822     0.00000     0.00000     0.00000     0.00000
    -7.03632     0.00000     0.00000     0.00000     0.00000
    -7.03442     0.00000     0.00000     0.00000     0.00000
    -7.03251     0.00000     0.00000     0.00000     0.00000
    -7.03061     0.00000     0.00000     0.00000     0.00000
    -7.02870     0.00000     0.00000     0.00000     0.00000
    -7.02680     0.00000     0.00000     0.00000     0.00000
    -7.02489     0.00000     0.00000     0.00000     0.00000
    -7.02299     0.00000     0.00000     0.00000     0.00000
    -7.02108     0.00000     0.00000     0.00000     0.00000
    -7.01918     0.00000     0.00000     0.00000     0.00000
    -7.01727     0.00000     0.00000     0.00000     0.00000
    -7.01537     0.00000     0.00000     0.00000     0.00000
    -7.01346     0.00000     0.00000     0.00000     0.00000
    -7.01156     0.00000     0.00000     0.00000     0.00000
    -7.00965     0.00000     0.00000     0.00000     0.00000
    -7.00775     0.00000     0.00000     0.00000     0.00000
    -7.00584     0.00000     0.00000     0.00000     0.00000
    -7.00394     0.00000     0.00000     0.00000     0.00000
    -7.00203     0.00000     0.00000     0.00000     0.00000
    -7.00013     0.00000     0.00000     0.00000     0.00000
    -6.99822     0.00000     0.00000     0.00000     0.00000
    -6.99632     0.00000     0.00000     0.00000     0.00000
    -6.99441     0.00000     0.00000     0.00000     0.00000
    -6.99251     0.00000     0.00000     0.00000     0.00000
    -6.99061     0.00000     0.00000     0.00000     0.00000
    -6.98870     0.00000     0.00000     0.00000     0.00000
    -6.98680     0.00000     0.00000     0.00000     0.00000
    -6.98489     0.00000     0.00000     0.00000     0.00000
    -6.98299     0.00000     0.00000     0.00000     0.00000
    -6.98108     0.00000     0.00000     0.00000     0.00000
    -6.97918     0.00000     0.00000     0.00000     0.00000
    -6.97727     0.00000     0.00000     0.00000     0.00000
    -6.97537     0.00000     0.00000     0.00000     0.00000
    -6.97346     0.00000     0.00000     0.00000     0.00000
    -6.97156     0.00000     0.00000     0.00000     0.00000
    -6.96965     0.00000     0.00000     0.00000     0.00000
    -6.96775     0.00000     0.00000     0.00000     0.00000
    -6.96584     0.00000     0.00000     0.00000     0.00000
    -6.96394     0.00000     0.00000     0.00000     0.00000
    -6.96203     0.00000     0.00000     0.00000     0.00000
    -6.96013     0.00000     0.00000     0.00000     0.00000
    -6.95822     0.00000     0.00000     0.00000     0.00000
    -6.95632     0.00000     0.00000     0.00000     0.00000
    -6.95441     0.00000     0.00000     0.00000     0.00000
    -6.95251     0.00000     0.00000     0.00000     0.00000
    -6.95060     0.00000     0.00000     0.00000     0.00000
    -6.94870     0.00000     0.00000     0.00000     0.00000
    -6.94679     0.00000     0.00000     0.00000     0.00000
    -6.94489     0.00000     0.00000     0.00000     0.00000
    -6.94299     0.00000     0.00000     0.00000     0.00000
    -6.94108     0.00000     0.00000     0.00000     0.00000
    -6.93918     0.00000     0.00000     0.00000     0.00000
    -6.93727     0.00000     0.00000     0.00000     0.00000
    -6.93537     0.00000     0.00000     0.00000     0.00000
    -6.93346     0.00000     0.00000     0.00000     0.00000
    -6.93156     0.00000     0.00000     0.00000     0.00000
    -6.92965     0.00000     0.00000     0.00000     0.00000
    -6.92775     0.00000     0.00000     0.00000     0.00000
    -6.92584     0.00000     0.00000     0.00000     0.00000
    -6.92394     0.00000     0.00000     0.00000     0.00000
    -6.92203     0.00000     0.00000     0.00000     0.00000
    -6.92013     0.00000     0.00000     0.00000     0.00000
    -6.91822     0.00000     0.00000     0.00000     0.00000
    -6.91632     0.00000     0.00000     0.00000     0.00000
    -6.91441     0.00000     0.00000     0.00000     0.00000
    -6.91251     0.00000     0.00000     0.00000     0.00000
    -6.91060     0.00000     0.00000     0.00000     0.00000
    -6.90870     0.00000     0.00000     0.00000     0.00000
    -6.90679     0.00000     0.00000     0.00000     0.00000
    -6.90489     0.00000     0.00000     0.00000     0.00000
    -6.90298     0.00000     0.00000     0.00000     0.00000
    -6.90108     0.00000     0.00000     0.00000     0.00000
    -6.89917     0.00000     0.00000     0.00000     0.00000
    -6.89727     0.00000     0.00000     0.00000     0.00000
    -6.89537     0.00000     0.00000     0.00000     0.00000
    -6.89346     0.00000     0.00000     0.00000     0.00000
    -6.89156     0.00000     0.00000     0.00000     0.00000
    -6.88965     0.00000     0.00000     0.00000     0.00000
    -6.88775     0.00000     0.00000     0.00000     0.00000
    -6.88584     0.00000     0.00000     0.00000     0.00000
    -6.88394     0.00000     0.00000     0.00000     0.00000
    -6.88203     0.00000     0.00000     0.00000     0.00000
    -6.88013     0.00000     0.00000     0.00000     0.00000
    -6.87822     0.00000     0.00000     0.00000     0.00000
    -6.87632     0.00000     0.00000     0.00000     0.00000
    -6.87441     0.00000     0.00000     0.00000     0.00000
    -6.87251     0.00000     0.00000     0.00000     0.00000
    -6.87060     0.00000     0.00000     0.00000     0.00000
    -6.86870     0.00000     0.00000     0.00000     0.00000
    -6.86679     0.00000     0.00000     0.00000     0.00000
    -6.86489     0.00000     0.00000     0.00000     0.00000
    -6.86298     0.00000     0.00000     0.00000     0.00000
    -6.86108     0.00000     0.00000     0.00000     0.00000
    -6.85917     0.00000     0.00000     0.00000     0.00000
    -6.85727     0.00000     0.00000     0.00000     0.00000
    -6.85536     0.00000     0.00000     0.00000     0.00000
    -6.85346     0.00000     0.00000     0.00000     0.00000
    -6.85155     0.00000     0.00000     0.00000     0.00000
    -6.84965     0.00000     0.00000     0.00000     0.00000
    -6.84775     0.00000     0.00000     0.00000     0.00000
    -6.84584     0.00000     0.00000     0.00000     0.00000
    -6.84394     0.00000     0.00000     0.00000     0.00000
    -6.84203     0.00000     0.00000     0.00000     0.00000
    -6.84013     0.00000     0.00000     0.00000     0.00000
    -6.83822     0.00000     0.00000     0.00000     0.00000
    -6.83632     0.00000     0.00000     0.00000     0.00000
    -6.83441     0.00000     0.00000     0.00000     0.00000
    -6.83251     0.00000     0.00000     0.00000     0.00000
    -6.83060     0.00000     0.00000     0.00000     0.00000
    -6.82870     0.00000     0.00000     0.00000     0.00000
    -6.82679     0.00000     0.00000     0.00000     0.00000
    -6.82489     0.00000     0.00000     0.00000     0.00000
    -6.82298     0.00000     0.00000     0.00000     0.00000
    -6.82108     0.00000     0.00000     0.00000     0.00000
    -6.81917     0.00000     0.00000     0.00000     0.00000
    -6.81727     0.00000     0.00000     0.00000     0.00000
    -6.81536     0.00000     0.00000     0.00000     0.00000
    -6.81346     0.00000     0.00000     0.00000     0.00000
    -6.81155     0.00000     0.00000     0.00000     0.00000
    -6.80965     0.00000     0.00000     0.00000     0.00000
    -6.80774     0.00000     0.00000     0.00000     0.00000
    -6.80584     0.00000     0.00000     0.00000     0.00000
    -6.80393     0.00000     0.00000     0.00000     0.00000
    -6.80203     0.00000     0.00000     0.00000     0.00000
    -6.80013     0.00000     0.00000     0.00000     0.00000
    -6.79822     0.00000     0.00000     0.00000     0.00000
    -6.79632     0.00000     0.00000     0.00000     0.00000
    -6.79441     0.00000     0.00000     0.00000     0.00000
    -6.79251     0.00000     0.00000     0.00000     0.00000
    -6.79060     0.00000     0.00000     0.00000     0.00000
    -6.78870     0.00000     0.00000     0.00000     0.00000
    -6.78679     0.00000     0.00000     0.00000     0.00000
    -6.78489     0.00000     0.00000     0.00000     0.00000
    -6.78298     0.00000     0.00000     0.00000     0.00000
    -6.78108     0.00000     0.00000     0.00000     0.00000
    -6.77917     0.00000     0.00000     0.00000     0.00000
    -6.77727     0.00000     0.00000     0.00000     0.00000
    -6.77536     0.00000     0.00000     0.00000     0.00000
    -6.77346     0.00000     0.00000     0.00000     0.00000
    -6.77155     0.00000     0.00000     0.00000     0.00000
    -6.76965     0.00000     0.00000     0.00000     0.00000
    -6.76774     0.00000     0.00000     0.00000     0.00000
    -6.76584     0.00000     0.00000     0.00000     0.00000
    -6.76393     0.00000     0.00000     0.00000     0.00000
    -6.76203     0.00000     0.00000     0.00000     0.00000
    -6.76012     0.00000     0.00000     0.00000     0.00000
    -6.75822     0.00000     0.00000     0.00000     0.00000
    -6.75632     0.00000     0.00000     0.00000     0.00000
    -6.75441     0.00000     0.00000     0.00000     0.00000
    -6.75251     0.00000     0.00000     0.00000     0.00000
    -6.75060     0.00000     0.00000     0.00000     0.00000
    -6.74870     0.00000     0.00000     0.00000     0.00000
    -6.74679     0.00000     0.00000     0.00000     0.00000
    -6.74489     0.00000     0.00000     0.00000     0.00000
    -6.74298     0.00000     0.00000     0.00000     0.00000
    -6.74108     0.00000     0.00000     0.00000     0.00000
    -6.73917     0.00000     0.00000     0.00000     0.00000
    -6.73727     0.00000     0.00000     0.00000     0.00000
    -6.73536     0.00000     0.00000     0.00000     0.00000
    -6.73346     0.00000     0.00000     0.00000     0.00000
    -6.73155     0.00000     0.00000     0.00000     0.00000
    -6.72965     0.00000     0.00000     0.00000     0.00000
    -6.72774     0.00000     0.00000     0.00000     0.00000
    -6.72584     0.00000     0.00000     0.00000     0.00000
    -6.72393     0.00000     0.00000     0.00000     0.00000
    -6.72203     0.00000     0.00000     0.00000     0.00000
    -6.72012     0.00000     0.00000     0.00000     0.00000
    -6.71822     0.00000     0.00000     0.00000     0.00000
    -6.71631     0.00000     0.00000     0.00000     0.00000
    -6.71441     0.00000     0.00000     0.00000     0.00000
    -6.71250     0.00000     0.00000     0.00000     0.00000
    -6.71060     0.00000     0.00000     0.00000     0.00000
    -6.70870     0.00000     0.00000     0.00000     0.00000
    -6.70679     0.00000     0.00000     0.00000     0.00000
    -6.70489     0.00000     0.00000     0.00000     0.00000
    -6.70298     0.00000     0.00000     0.00000     0.00000
    -6.70108     0.00000     0.00000     0.00000     0.00000
    -6.69917     0.00000     0.00000     0.00000     0.00000
    -6.69727     0.00000     0.00000     0.00000     0.00000
    -6.69536     0.00000     0.00000     0.00000     0.00000
    -6.69346     0.00000     0.00000     0.00000     0.00000
    -6.69155     0.00000     0.00000     0.00000     0.00000
    -6.68965     0.00000     0.00000     0.00000     0.00000
    -6.68774     0.00000     0.00000     0.00000     0.00000
    -6.68584     0.00000     0.00000     0.00000     0.00000
    -6.68393     0.00000     0.00000     0.00000     0.00000
    -6.68203     0.00000     0.00000     0.00000     0.00000
    -6.68012     0.00000     0.00000     0.00000     0.00000
    -6.67822     0.00000     0.00000     0.00000     0.00000
    -6.67631     0.00000     0.00000     0.00000     0.00000
    -6.67441     0.00000     0.00000     0.00000     0.00000
    -6.67250     0.00000     0.00000     0.00000     0.00000
    -6.67060     0.00000     0.00000     0.00000     0.00000
    -6.66869     0.00000     0.00000     0.00000     0.00000
    -6.66679     0.00000     0.00000     0.00000     0.00000
    -6.66488     0.00000     0.00000     0.00000     0.00000
    -6.66298     0.00000     0.00000     0.00000     0.00000
    -6.66108     0.00000     0.00000     0.00000     0.00000
    -6.65917     0.00000     0.00000     0.00000     0.00000
    -6.65727     0.00000     0.00000     0.00000     0.00000
    -6.65536     0.00000     0.00000     0.00000     0.00000
    -6.65346     0.00000     0.00000     0.00000     0.00000
    -6.65155     0.00000     0.00000     0.00000     0.00000
    -6.64965     0.00000     0.00000     0.00000     0.00000
    -6.64774     0.00000     0.00000     0.00000     0.00000
    -6.64584     0.00000     0.00000     0.00000     0.00000
    -6.64393     0.00000     0.00000     0.00000     0.00000
    -6.64203     0.00000     0.00000     0.00000     0.00000
    -6.64012     0.00000     0.00000     0.00000     0.00000
    -6.63822     0.00000     0.00000     0.00000     0.00000
    -6.63631     0.00000     0.00000     0.00000     0.00000
    -6.63441     0.00000     0.00000     0.00000     0.00000
    -6.63250     0.00000     0.00000     0.00000     0.00000
    -6.63060     0.00000     0.00000     0.00000     0.00000
    -6.62869     0.00000     0.00000     0.00000     0.00000
    -6.62679     0.00000     0.00000     0.00000     0.00000
    -6.62488     0.00000     0.00000     0.00000     0.00000
    -6.62298     0.00000     0.00000     0.00000     0.00000
    -6.62107     0.00000     0.00000     0.00000     0.00000
    -6.61917     0.00000     0.00000     0.00000     0.00000
    -6.61726     0.00000     0.00000     0.00000     0.00000
    -6.61536     0.00000     0.00000     0.00000     0.00000
    -6.61346     0.00000     0.00000     0.00000     0.00000
    -6.61155     0.00000     0.00000     0.00000     0.00000
    -6.60965     0.00000     0.00000     0.00000     0.00000
    -6.60774     0.00000     0.00000     0.00000     0.00000
    -6.60584     0.00000     0.00000     0.00000     0.00000
    -6.60393     0.00000     0.00000     0.00000     0.00000
    -6.60203     0.00000     0.00000     0.00000     0.00000
    -6.60012     0.00000     0.00000     0.00000     0.00000
    -6.59822     0.00000     0.00000     0.00000     0.00000
    -6.59631     0.00000     0.00000     0.00000     0.00000
    -6.59441     0.00000     0.00000     0.00000     0.00000
    -6.59250     0.00000     0.00000     0.00000     0.00000
    -6.59060     0.00000     0.00000     0.00000     0.00000
    -6.58869     0.00000     0.00000     0.00000     0.00000
    -6.58679     0.00000     0.00000     0.00000     0.00000
    -6.58488     0.00000     0.00000     0.00000     0.00000
    -6.58298     0.00000     0.00000     0.00000     0.00000
    -6.58107     0.00000     0.00000     0.00000     0.00000
    -6.57917     0.00000     0.00000     0.00000     0.00000
    -6.57726     0.00000     0.00000     0.00000     0.00000
    -6.57536     0.00000     0.00000     0.00000     0.00000
    -6.57345     0.00000     0.00000     0.00000     0.00000
    -6.57155     0.00000     0.00000     0.00000     0.00000
    -6.56964     0.00000     0.00000     0.00000     0.00000
    -6.56774     0.00000     0.00000     0.00000     0.00000
    -6.56584     0.00000     0.00000     0.00000     0.00000
    -6.56393     0.00000     0.00000     0.00000     0.00000
    -6.56203     0.00000     0.00000     0.00000     0.00000
    -6.56012     0.00000     0.00000     0.00000     0.00000
    -6.55822     0.00000     0.00000     0.00000     0.00000
    -6.55631     0.00000     0.00000     0.00000     0.00000
    -6.55441     0.00000     0.00000     0.00000     0.00000
    -6.55250     0.00000     0.00000     0.00000     0.00000
    -6.55060     0.00000     0.00000     0.00000     0.00000
    -6.54869     0.00000     0.00000     0.00000     0.00000
    -6.54679     0.00000     0.00000     0.00000     0.00000
    -6.54488     0.00000     0.00000     0.00000     0.00000
    -6.54298     0.00000     0.00000     0.00000     0.00000
    -6.54107     0.00000     0.00000     0.00000     0.00000
    -6.53917     0.00000     0.00000     0.00000     0.00000
    -6.53726     0.00000     0.00000     0.00000     0.00000
    -6.53536     0.00000     0.00000     0.00000     0.00000
    -6.53345     0.00000     0.00000     0.00000     0.00000
    -6.53155     0.00000     0.00000     0.00000     0.00000
    -6.52964     0.00000     0.00000     0.00000     0.00000
    -6.52774     0.00000     0.00000     0.00000     0.00000
    -6.52583     0.00000     0.00000     0.00000     0.00000
    -6.52393     0.00000     0.00000     0.00000     0.00000
    -6.52203     0.00000     0.00000     0.00000     0.00000
    -6.52012     0.00000     0.00000     0.00000     0.00000
    -6.51822     0.00000     0.00000     0.00000     0.00000
    -6.51631     0.00000     0.00000     0.00000     0.00000
    -6.51441     0.00000     0.00000     0.00000     0.00000
    -6.51250     0.00000     0.00000     0.00000     0.00000
    -6.51060     0.00000     0.00000     0.00000     0.00000
    -6.50869     0.00000     0.00000     0.00000     0.00000
    -6.50679     0.00000     0.00000     0.00000     0.00000
    -6.50488     0.00000     0.00000     0.00000     0.00000
    -6.50298     0.00000     0.00000     0.00000     0.00000
    -6.50107     0.00000     0.00000     0.00000     0.00000
    -6.49917     0.00000     0.00000     0.00000     0.00000
    -6.49726     0.00000     0.00000     0.00000     0.00000
    -6.49536     0.00000     0.00000     0.00000     0.00000
    -6.49345     0.00000     0.00000     0.00000     0.00000
    -6.49155     0.00000     0.00000     0.00000     0.00000
    -6.48964     0.00000     0.00000     0.00000     0.00000
    -6.48774     0.00000     0.00000     0.00000     0.00000
    -6.48583     0.00000     0.00000     0.00000     0.00000
    -6.48393     0.00000     0.00000     0.00000     0.00000
    -6.48202     0.00000     0.00000     0.00000     0.00000
    -6.48012     0.00000     0.00000     0.00000     0.00000
    -6.47821     0.00000     0.00000     0.00000     0.00000
    -6.47631     0.00000     0.00000     0.00000     0.00000
    -6.47441     0.00000     0.00000     0.00000     0.00000
    -6.47250     0.00000     0.00000     0.00000     0.00000
    -6.47060     0.00000     0.00000     0.00000     0.00000
    -6.46869     0.00000     0.00000     0.00000     0.00000
    -6.46679     0.00000     0.00000     0.00000     0.00000
    -6.46488     0.00000     0.00000     0.00000     0.00000
    -6.46298     0.00000     0.00000     0.00000     0.00000
    -6.46107     0.00000     0.00000     0.00000     0.00000
    -6.45917     0.00000     0.00000     0.00000     0.00000
    -6.45726     0.00000     0.00000     0.00000     0.00000
    -6.45536     0.00000     0.00000     0.00000     0.00000
    -6.45345     0.00000     0.00000     0.00000     0.00000
    -6.45155     0.00000     0.00000     0.00000     0.00000
    -6.44964     0.00000     0.00000     0.00000     0.00000
    -6.44774     0.00000     0.00000     0.00000     0.00000
    -6.44583     0.00000     0.00000     0.00000     0.00000
    -6.44393     0.00000     0.00000     0.00000     0.00000
    -6.44202     0.00000     0.00000     0.00000     0.00000
    -6.44012     0.00000     0.00000     0.00000     0.00000
    -6.43821     0.00000     0.00000     0.00000     0.00000
    -6.43631     0.00000     0.00000     0.00000     0.00000
    -6.43440     0.00000     0.00000     0.00000     0.00000
    -6.43250     0.00000     0.00000     0.00000     0.00000
    -6.43059     0.00000     0.00000     0.00000     0.00000
    -6.42869     0.00000     0.00000     0.00000     0.00000
    -6.42679     0.00000     0.00000     0.00000     0.00000
    -6.42488     0.00000     0.00000     0.00000     0.00000
    -6.42298     0.00000     0.00000     0.00000     0.00000
    -6.42107     0.00000     0.00000     0.00000     0.00000
    -6.41917     0.00000     0.00000     0.00000     0.00000
    -6.41726     0.00000     0.00000     0.00000     0.00000
    -6.41536     0.00000     0.00000     0.00000     0.00000
    -6.41345     0.00000     0.00000     0.00000     0.00000
    -6.41155     0.00000     0.00000     0.00000     0.00000
    -6.40964     0.00000     0.00000     0.00000     0.00000
    -6.40774     0.00000     0.00000     0.00000     0.00000
    -6.40583     0.00000     0.00000     0.00000     0.00000
    -6.40393     0.00000     0.00000     0.00000     0.00000
    -6.40202     0.00000     0.00000     0.00000     0.00000
    -6.40012     0.00000     0.00000     0.00000     0.00000
    -6.39821     0.00000     0.00000     0.00000     0.00000
    -6.39631     0.00000     0.00000     0.00000     0.00000
    -6.39440     0.00000     0.00000     0.00000     0.00000
    -6.39250     0.00000     0.00000     0.00000     0.00000
    -6.39059     0.00000     0.00000     0.00000     0.00000
    -6.38869     0.00000     0.00000     0.00000     0.00000
    -6.38678     0.00000     0.00000     0.00000     0.00000
    -6.38488     0.00000     0.00000     0.00000     0.00000
    -6.38297     0.00000     0.00000     0.00000     0.00000
    -6.38107     0.00000     0.00000     0.00000     0.00000
    -6.37917     0.00000     0.00000     0.00000     0.00000
    -6.37726     0.00000     0.00000     0.00000     0.00000
    -6.37536     0.00000     0.00000     0.00000     0.00000
    -6.37345     0.00000     0.00000     0.00000     0.00000
    -6.37155     0.00000     0.00000     0.00000     0.00000
    -6.36964     0.00000     0.00000     0.00000     0.00000
    -6.36774     0.00000     0.00000     0.00000     0.00000
    -6.36583     0.00000     0.00000     0.00000     0.00000
    -6.36393     0.00000     0.00000     0.00000     0.00000
    -6.36202     0.00000     0.00000     0.00000     0.00000
    -6.36012     0.00000     0.00000     0.00000     0.00000
    -6.35821     0.00000     0.00000     0.00000     0.00000
    -6.35631     0.00000     0.00000     0.00000     0.00000
    -6.35440     0.00000     0.00000     0.00000     0.00000
    -6.35250     0.00000     0.00000     0.00000     0.00000
    -6.35059     0.00000     0.00000     0.00000     0.00000
    -6.34869     0.00000     0.00000     0.00000     0.00000
    -6.34678     0.00000     0.00000     0.00000     0.00000
    -6.34488     0.00000     0.00000     0.00000     0.00000
    -6.34297     0.00000     0.00000     0.00000     0.00000
    -6.34107     0.00000     0.00000     0.00000     0.00000
    -6.33916     0.00000     0.00000     0.00000     0.00000
    -6.33726     0.00000     0.00000     0.00000     0.00000
    -6.33535     0.00000     0.00000     0.00000     0.00000
    -6.33345     0.00000     0.00000     0.00000     0.00000
    -6.33155     0.00000     0.00000     0.00000     0.00000
    -6.32964     0.00000     0.00000     0.00000     0.00000
    -6.32774     0.00000     0.00000     0.00000     0.00000
    -6.32583     0.00000     0.00000     0.00000     0.00000
    -6.32393     0.00000     0.00000     0.00000     0.00000
    -6.32202     0.00000     0.00000     0.00000     0.00000
    -6.32012     0.00000     0.00000     0.00000     0.00000
    -6.31821     0.00000     0.00000     0.00000     0.00000
    -6.31631     0.00000     0.00000     0.00000     0.00000
    -6.31440     0.00000     0.00000     0.00000     0.00000
    -6.31250     0.00000     0.00000     0.00000     0.00000
    -6.31059     0.00000     0.00000     0.00000     0.00000
    -6.30869     0.00000     0.00000     0.00000     0.00000
    -6.30678     0.00000     0.00000     0.00000     0.00000
    -6.30488     0.00000     0.00000     0.00000     0.00000
    -6.30297     0.00000     0.00000     0.00000     0.00000
    -6.30107     0.00000     0.00000     0.00000     0.00000
    -6.29916     0.00000     0.00000     0.00000     0.00000
    -6.29726     0.00000     0.00000     0.00000     0.00000
    -6.29535     0.00000     0.00000     0.00000     0.00000
    -6.29345     0.00000     0.00000     0.00000     0.00000
    -6.29154     0.00000     0.00000     0.00000     0.00000
    -6.28964     0.00000     0.00000     0.00000     0.00000
    -6.28773     0.00000     0.00000     0.00000     0.00000
    -6.28583     0.00000     0.00000     0.00000     0.00000
    -6.28393     0.00000     0.00000     0.00000     0.00000
    -6.28202     0.00000     0.00000     0.00000     0.00000
    -6.28012     0.00000     0.00000     0.00000     0.00000
    -6.27821     0.00000     0.00000     0.00000     0.00000
    -6.27631     0.00000     0.00000     0.00000     0.00000
    -6.27440     0.00000     0.00000     0.00000     0.00000
    -6.27250     0.00000     0.00000     0.00000     0.00000
    -6.27059     0.00000     0.00000     0.00000     0.00000
    -6.26869     0.00000     0.00000     0.00000     0.00000
    -6.26678     0.00000     0.00000     0.00000     0.00000
    -6.26488     0.00000     0.00000     0.00000     0.00000
    -6.26297     0.00000     0.00000     0.00000     0.00000
    -6.26107     0.00000     0.00000     0.00000     0.00000
    -6.25916     0.00000     0.00000     0.00000     0.00000
    -6.25726     0.00000     0.00000     0.00000     0.00000
    -6.25535     0.00000     0.00000     0.00000     0.00000
    -6.25345     0.00000     0.00000     0.00000     0.00000
    -6.25154     0.00000     0.00000     0.00000     0.00000
    -6.24964     0.00000     0.00000     0.00000     0.00000
    -6.24773     0.00000     0.00000     0.00000     0.00000
    -6.24583     0.00000     0.00000     0.00000     0.00000
    -6.24392     0.00000     0.00000     0.00000     0.00000
    -6.24202     0.00000     0.00000     0.00000     0.00000
    -6.24012     0.00000     0.00000     0.00000     0.00000
    -6.23821     0.00000     0.00000     0.00000     0.00000
    -6.23631     0.00000     0.00000     0.00000     0.00000
    -6.23440     0.00000     0.00000     0.00000     0.00000
    -6.23250     0.00000     0.00000     0.00000     0.00000
    -6.23059     0.00000     0.00000     0.00000     0.00000
    -6.22869     0.00000     0.00000     0.00000     0.00000
    -6.22678     0.00000     0.00000     0.00000     0.00000
    -6.22488     0.00000     0.00000     0.00000     0.00000
    -6.22297     0.00000     0.00000     0.00000     0.00000
    -6.22107     0.00000     0.00000     0.00000     0.00000
    -6.21916     0.00000     0.00000     0.00000     0.00000
    -6.21726     0.00000     0.00000     0.00000     0.00000
    -6.21535     0.00000     0.00000     0.00000     0.00000
    -6.21345     0.00000     0.00000     0.00000     0.00000
    -6.21154     0.00000     0.00000     0.00000     0.00000
    -6.20964     0.00000     0.00000     0.00000     0.00000
    -6.20773     0.00000     0.00000     0.00000     0.00000
    -6.20583     0.00000     0.00000     0.00000     0.00000
    -6.20392     0.00000     0.00000     0.00000     0.00000
    -6.20202     0.00000     0.00000     0.00000     0.00000
    -6.20011     0.00000     0.00000     0.00000     0.00000
    -6.19821     0.00000     0.00000     0.00000     0.00000
    -6.19630     0.00000     0.00000     0.00000     0.00000
    -6.19440     0.00000     0.00000     0.00000     0.00000
    -6.19250     0.00000     0.00000     0.00000     0.00000
    -6.19059     0.00000     0.00000     0.00000     0.00000
    -6.18869     0.00000     0.00000     0.00000     0.00000
    -6.18678     0.00000     0.00000     0.00000     0.00000
    -6.18488     0.00000     0.00000     0.00000     0.00000
    -6.18297     0.00000     0.00000     0.00000     0.00000
    -6.18107     0.00000     0.00000     0.00000     0.00000
    -6.17916     0.00000     0.00000     0.00000     0.00000
    -6.17726     0.00000     0.00000     0.00000     0.00000
    -6.17535     0.00000     0.00000     0.00000     0.00000
    -6.17345     0.00000     0.00000     0.00000     0.00000
    -6.17154     0.00000     0.00000     0.00000     0.00000
    -6.16964     0.00000     0.00000     0.00000     0.00000
    -6.16773     0.00000     0.00000     0.00000     0.00000
    -6.16583     0.00000     0.00000     0.00000     0.00000
    -6.16392     0.00000     0.00000     0.00000     0.00000
    -6.16202     0.00000     0.00000     0.00000     0.00000
    -6.16011     0.00000     0.00000     0.00000     0.00000
    -6.15821     0.00000     0.00000     0.00000     0.00000
    -6.15630     0.00000     0.00000     0.00000     0.00000
    -6.15440     0.00000     0.00000     0.00000     0.00000
    -6.15249     0.00000     0.00000     0.00000     0.00000
    -6.15059     0.00000     0.00000     0.00000     0.00000
    -6.14868     0.00000     0.00000     0.00000     0.00000
    -6.14678     0.00000     0.00000     0.00000     0.00000
    -6.14488     0.00000     0.00000     0.00000     0.00000
    -6.14297     0.00000     0.00000     0.00000     0.00000
    -6.14107     0.00000     0.00000     0.00000     0.00000
    -6.13916     0.00000     0.00000     0.00000     0.00000
    -6.13726     0.00000     0.00000     0.00000     0.00000
    -6.13535     0.00000     0.00000     0.00000     0.00000
    -6.13345     0.00000     0.00000     0.00000     0.00000
    -6.13154     0.00000     0.00000     0.00000     0.00000
    -6.12964     0.00000     0.00000     0.00000     0.00000
    -6.12773     0.00000     0.00000     0.00000     0.00000
    -6.12583     0.00000     0.00000     0.00000     0.00000
    -6.12392     0.00000     0.00000     0.00000     0.00000
    -6.12202     0.00000     0.00000     0.00000     0.00000
    -6.12011     0.00000     0.00000     0.00000     0.00000
    -6.11821     0.00000     0.00000     0.00000     0.00000
    -6.11630     0.00000     0.00000     0.00000     0.00000
    -6.11440     0.00000     0.00000     0.00000     0.00000
    -6.11249     0.00000     0.00000     0.00000     0.00000
    -6.11059     0.00000     0.00000     0.00000     0.00000
    -6.10868     0.00000     0.00000     0.00000     0.00000
    -6.10678     0.00000     0.00000     0.00000     0.00000
    -6.10487     0.00000     0.00000     0.00000     0.00000
    -6.10297     0.00000     0.00000     0.00000     0.00000
    -6.10106     0.00000     0.00000     0.00000     0.00000
    -6.09916     0.00000     0.00000     0.00000     0.00000
    -6.09726     0.00000     0.00000     0.00000     0.00000
    -6.09535     0.00000     0.00000     0.00000     0.00000
    -6.09345     0.00000     0.00000     0.00000     0.00000
    -6.09154     0.00000     0.00000     0.00000     0.00000
    -6.08964     0.00000     0.00000     0.00000     0.00000
    -6.08773     0.00000     0.00000     0.00000     0.00000
    -6.08583     0.00000     0.00000     0.00000     0.00000
    -6.08392     0.00000     0.00000     0.00000     0.00000
    -6.08202     0.00000     0.00000     0.00000     0.00000
    -6.08011     0.00000     0.00000     0.00000     0.00000
    -6.07821     0.00000     0.00000     0.00000     0.00000
    -6.07630     0.00000     0.00000     0.00000     0.00000
    -6.07440     0.00000     0.00000     0.00000     0.00000
    -6.07249     0.00000     0.00000     0.00000     0.00000
    -6.07059     0.00000     0.00000     0.00000     0.00000
    -6.06868     0.00000     0.00000     0.00000     0.00000
    -6.06678     0.00000     0.00000     0.00000     0.00000
    -6.06487     0.00000     0.00000     0.00000     0.00000
    -6.06297     0.00000     0.00000     0.00000     0.00000
    -6.06106     0.00000     0.00000     0.00000     0.00000
    -6.05916     0.00000     0.00000     0.00000     0.00000
    -6.05725     0.00000     0.00000     0.00000     0.00000
    -6.05535     0.00000     0.00000     0.00000     0.00000
    -6.05344     0.00000     0.00000     0.00000     0.00000
    -6.05154     0.00000     0.00000     0.00000     0.00000
    -6.04964     0.00000     0.00000     0.00000     0.00000
    -6.04773     0.00000     0.00000     0.00000     0.00000
    -6.04583     0.00000     0.00000     0.00000     0.00000
    -6.04392     0.00000     0.00000     0.00000     0.00000
    -6.04202     0.00000     0.00000     0.00000     0.00000
    -6.04011     0.00000     0.00000     0.00000     0.00000
    -6.03821     0.00000     0.00000     0.00000     0.00000
    -6.03630     0.00000     0.00000     0.00000     0.00000
    -6.03440     0.00000     0.00000     0.00000     0.00000
    -6.03249     0.00000     0.00000     0.00000     0.00000
    -6.03059     0.00000     0.00000     0.00000     0.00000
    -6.02868     0.00000     0.00000     0.00000     0.00000
    -6.02678     0.00000     0.00000     0.00000     0.00000
    -6.02487     0.00000     0.00000     0.00000     0.00000
    -6.02297     0.00000     0.00000     0.00000     0.00000
    -6.02106     0.00000     0.00000     0.00000     0.00000
    -6.01916     0.00000     0.00000     0.00000     0.00000
    -6.01725     0.00000     0.00000     0.00000     0.00000
    -6.01535     0.00000     0.00000     0.00000     0.00000
    -6.01344     0.00000     0.00000     0.00000     0.00000
    -6.01154     0.00000     0.00000     0.00000     0.00000
    -6.00963     0.00000     0.00000     0.00000     0.00000
    -6.00773     0.00000     0.00000     0.00000     0.00000
    -6.00583     0.00000     0.00000     0.00000     0.00000
    -6.00392     0.00000     0.00000     0.00000     0.00000
    -6.00202     0.00000     0.00000     0.00000     0.00000
    -6.00011     0.00000     0.00000     0.00000     0.00000
    -5.99821     0.00000     0.00000     0.00000     0.00000
    -5.99630     0.00000     0.00000     0.00000     0.00000
    -5.99440     0.00000     0.00000     0.00000     0.00000
    -5.99249     0.00000     0.00000     0.00000     0.00000
    -5.99059     0.00000     0.00000     0.00000     0.00000
    -5.98868     0.00000     0.00000     0.00000     0.00000
    -5.98678     0.00000     0.00000     0.00000     0.00000
    -5.98487     0.00000     0.00000     0.00000     0.00000
    -5.98297     0.00000     0.00000     0.00000     0.00000
    -5.98106     0.00000     0.00000     0.00000     0.00000
    -5.97916     0.00000     0.00000     0.00000     0.00000
    -5.97725     0.00000     0.00000     0.00000     0.00000
    -5.97535     0.00000     0.00000     0.00000     0.00000
    -5.97344     0.00000     0.00000     0.00000     0.00000
    -5.97154     0.00000     0.00000     0.00000     0.00000
    -5.96963     0.00000     0.00000     0.00000     0.00000
    -5.96773     0.00000     0.00000     0.00000     0.00000
    -5.96582     0.00000     0.00000     0.00000     0.00000
    -5.96392     0.00000     0.00000     0.00000     0.00000
    -5.96201     0.00000     0.00000     0.00000     0.00000
    -5.96011     0.00000     0.00000     0.00000     0.00000
    -5.95821     0.00000     0.00000     0.00000     0.00000
    -5.95630     0.00000     0.00000     0.00000     0.00000
    -5.95440     0.00000     0.00000     0.00000     0.00000
    -5.95249     0.00000     0.00000     0.00000     0.00000
    -5.95059     0.00000     0.00000     0.00000     0.00000
    -5.94868     0.00000     0.00000     0.00000     0.00000
    -5.94678     0.00000     0.00000     0.00000     0.00000
    -5.94487     0.00000     0.00000     0.00000     0.00000
    -5.94297     0.00000     0.00000     0.00000     0.00000
    -5.94106     0.00000     0.00000     0.00000     0.00000
    -5.93916     0.00000     0.00000     0.00000     0.00000
    -5.93725     0.00000     0.00000     0.00000     0.00000
    -5.93535     0.00000     0.00000     0.00000     0.00000
    -5.93344     0.00000     0.00000     0.00000     0.00000
    -5.93154     0.00000     0.00000     0.00000     0.00000
    -5.92963     0.00000     0.00000     0.00000     0.00000
    -5.92773     0.00000     0.00000     0.00000     0.00000
    -5.92582     0.00000     0.00000     0.00000     0.00000
    -5.92392     0.00000     0.00000     0.00000     0.00000
    -5.92201     0.00000     0.00000     0.00000     0.00000
    -5.92011     0.00000     0.00000     0.00000     0.00000
    -5.91820     0.00000     0.00000     0.00000     0.00000
    -5.91630     0.00000     0.00000     0.00000     0.00000
    -5.91439     0.00000     0.00000     0.00000     0.00000
    -5.91249     0.00000     0.00000     0.00000     0.00000
    -5.91059     0.00000     0.00000     0.00000     0.00000
    -5.90868     0.00000     0.00000     0.00000     0.00000
    -5.90678     0.00000     0.00000     0.00000     0.00000
    -5.90487     0.00000     0.00000     0.00000     0.00000
    -5.90297     0.00000     0.00000     0.00000     0.00000
    -5.90106     0.00000     0.00000     0.00000     0.00000
    -5.89916     0.00000     0.00000     0.00000     0.00000
    -5.89725     0.00000     0.00000     0.00000     0.00000
    -5.89535     0.00000     0.00000     0.00000     0.00000
    -5.89344     0.00000     0.00000     0.00000     0.00000
    -5.89154     0.00000     0.00000     0.00000     0.00000
    -5.88963     0.00000     0.00000     0.00000     0.00000
    -5.88773     0.00000     0.00000     0.00000     0.00000
    -5.88582     0.00000     0.00000     0.00000     0.00000
    -5.88392     0.00000     0.00000     0.00000     0.00000
    -5.88201     0.00000     0.00000     0.00000     0.00000
    -5.88011     0.00000     0.00000     0.00000     0.00000
    -5.87820     0.00000     0.00000     0.00000     0.00000
    -5.87630     0.00000     0.00000     0.00000     0.00000
    -5.87439     0.00000     0.00000     0.00000     0.00000
    -5.87249     0.00000     0.00000     0.00000     0.00000
    -5.87058     0.00000     0.00000     0.00000     0.00000
    -5.86868     0.00000     0.00000     0.00000     0.00000
    -5.86677     0.00000     0.00000     0.00000     0.00000
    -5.86487     0.00000     0.00000     0.00000     0.00000
    -5.86297     0.00000     0.00000     0.00000     0.00000
    -5.86106     0.00000     0.00000     0.00000     0.00000
    -5.85916     0.00000     0.00000     0.00000     0.00000
    -5.85725     0.00000     0.00000     0.00000     0.00000
    -5.85535     0.00000     0.00000     0.00000     0.00000
    -5.85344     0.00000     0.00000     0.00000     0.00000
    -5.85154     0.00000     0.00000     0.00000     0.00000
    -5.84963     0.00000     0.00000     0.00000     0.00000
    -5.84773     0.00000     0.00000     0.00000     0.00000
    -5.84582     0.00000     0.00000     0.00000     0.00000
    -5.84392     0.00000     0.00000     0.00000     0.00000
    -5.84201     0.00000     0.00000     0.00000     0.00000
    -5.84011     0.00000     0.00000     0.00000     0.00000
    -5.83820     0.00000     0.00000     0.00000     0.00000
    -5.83630     0.00000     0.00000     0.00000     0.00000
    -5.83439     0.00000     0.00000     0.00000     0.00000
    -5.83249     0.00000     0.00000     0.00000     0.00000
    -5.83058     0.00000     0.00000     0.00000     0.00000
    -5.82868     0.00000     0.00000     0.00000     0.00000
    -5.82677     0.00000     0.00000     0.00000     0.00000
    -5.82487     0.00000     0.00000     0.00000     0.00000
    -5.82296     0.00000     0.00000     0.00000     0.00000
    -5.82106     0.00000     0.00000     0.00000     0.00000
    -5.81915     0.00000     0.00000     0.00000     0.00000
    -5.81725     0.00000     0.00000     0.00000     0.00000
    -5.81535     0.00000     0.00000     0.00000     0.00000
    -5.81344     0.00000     0.00000     0.00000     0.00000
    -5.81154     0.00000     0.00000     0.00000     0.00000
    -5.80963     0.00000     0.00000     0.00000     0.00000
    -5.80773     0.00000     0.00000     0.00000     0.00000
    -5.80582     0.00000     0.00000     0.00000     0.00000
    -5.80392     0.00000     0.00000     0.00000     0.00000
    -5.80201     0.00000     0.00000     0.00000     0.00000
    -5.80011     0.00000     0.00000     0.00000     0.00000
    -5.79820     0.00000     0.00000     0.00000     0.00000
    -5.79630     0.00000     0.00000     0.00000     0.00000
    -5.79439     0.00000     0.00000     0.00000     0.00000
    -5.79249     0.00000     0.00000     0.00000     0.00000
    -5.79058     0.00000     0.00000     0.00000     0.00000
    -5.78868     0.00000     0.00000     0.00000     0.00000
    -5.78677     0.00000     0.00000     0.00000     0.00000
    -5.78487     0.00000     0.00000     0.00000     0.00000
    -5.78296     0.00000     0.00000     0.00000     0.00000
    -5.78106     0.00000     0.00000     0.00000     0.00000
    -5.77915     0.00000     0.00000     0.00000     0.00000
    -5.77725     0.00000     0.00000     0.00000     0.00000
    -5.77534     0.00000     0.00000     0.00000     0.00000
    -5.77344     0.00000     0.00000     0.00000     0.00000
    -5.77153     0.00000     0.00000     0.00000     0.00000
    -5.76963     0.00000     0.00000     0.00000     0.00000
    -5.76773     0.00000     0.00000     0.00000     0.00000
    -5.76582     0.00000     0.00000     0.00000     0.00000
    -5.76392     0.00000     0.00000     0.00000     0.00000
    -5.76201     0.00000     0.00000     0.00000     0.00000
    -5.76011     0.00000     0.00000     0.00000     0.00000
    -5.75820     0.00000     0.00000     0.00000     0.00000
    -5.75630     0.00000     0.00000     0.00000     0.00000
    -5.75439     0.00000     0.00000     0.00000     0.00000
    -5.75249     0.00000     0.00000     0.00000     0.00000
    -5.75058     0.00000     0.00000     0.00000     0.00000
    -5.74868     0.00000     0.00000     0.00000     0.00000
    -5.74677     0.00000     0.00000     0.00000     0.00000
    -5.74487     0.00000     0.00000     0.00000     0.00000
    -5.74296     0.00000     0.00000     0.00000     0.00000
    -5.74106     0.00000     0.00000     0.00000     0.00000
    -5.73915     0.00000     0.00000     0.00000     0.00000
    -5.73725     0.00000     0.00000     0.00000     0.00000
    -5.73534     0.00000     0.00000     0.00000     0.00000
    -5.73344     0.00000     0.00000     0.00000     0.00000
    -5.73153     0.00000     0.00000     0.00000     0.00000
    -5.72963     0.00000     0.00000     0.00000     0.00000
    -5.72772     0.00000     0.00000     0.00000     0.00000
    -5.72582     0.00000     0.00000     0.00000     0.00000
    -5.72392     0.00000     0.00000     0.00000     0.00000
    -5.72201     0.00000     0.00000     0.00000     0.00000
    -5.72011     0.00000     0.00000     0.00000     0.00000
    -5.71820     0.00000     0.00000     0.00000     0.00000
    -5.71630     0.00000     0.00000     0.00000     0.00000
    -5.71439     0.00000     0.00000     0.00000     0.00000
    -5.71249     0.00000     0.00000     0.00000     0.00000
    -5.71058     0.00000     0.00000     0.00000     0.00000
    -5.70868     0.00000     0.00000     0.00000     0.00000
    -5.70677     0.00000     0.00000     0.00000     0.00000
    -5.70487     0.00000     0.00000     0.00000     0.00000
    -5.70296     0.00000     0.00000     0.00000     0.00000
    -5.70106     0.00000     0.00000     0.00000     0.00000
    -5.69915     0.00000     0.00000     0.00000     0.00000
    -5.69725     0.00000     0.00000     0.00000     0.00000
    -5.69534     0.00000     0.00000     0.00000     0.00000
    -5.69344     0.00000     0.00000     0.00000     0.00000
    -5.69153     0.00000     0.00000     0.00000     0.00000
    -5.68963     0.00000     0.00000     0.00000     0.00000
    -5.68772     0.00000     0.00000     0.00000     0.00000
    -5.68582     0.00000     0.00000     0.00000     0.00000
    -5.68391     0.00000     0.00000     0.00000     0.00000
    -5.68201     0.00000     0.00000     0.00000     0.00000
    -5.68010     0.00000     0.00000     0.00000     0.00000
    -5.67820     0.00000     0.00000     0.00000     0.00000
    -5.67630     0.00000     0.00000     0.00000     0.00000
    -5.67439     0.00000     0.00000     0.00000     0.00000
    -5.67249     0.00000     0.00000     0.00000     0.00000
    -5.67058     0.00000     0.00000     0.00000     0.00000
    -5.66868     0.00000     0.00000     0.00000     0.00000
    -5.66677     0.00000     0.00000     0.00000     0.00000
    -5.66487     0.00000     0.00000     0.00000     0.00000
    -5.66296     0.00000     0.00000     0.00000     0.00000
    -5.66106     0.00000     0.00000     0.00000     0.00000
    -5.65915     0.00000     0.00000     0.00000     0.00000
    -5.65725     0.00000     0.00000     0.00000     0.00000
    -5.65534     0.00000     0.00000     0.00000     0.00000
    -5.65344     0.00000     0.00000     0.00000     0.00000
    -5.65153     0.00000     0.00000     0.00000     0.00000
    -5.64963     0.00000     0.00000     0.00000     0.00000
    -5.64772     0.00000     0.00000     0.00000     0.00000
    -5.64582     0.00000     0.00000     0.00000     0.00000
    -5.64391     0.00000     0.00000     0.00000     0.00000
    -5.64201     0.00000     0.00000     0.00000     0.00000
    -5.64010     0.00000     0.00000     0.00000     0.00000
    -5.63820     0.00000     0.00000     0.00000     0.00000
    -5.63629     0.00000     0.00000     0.00000     0.00000
    -5.63439     0.00000     0.00000     0.00000     0.00000
    -5.63248     0.00000     0.00000     0.00000     0.00000
    -5.63058     0.00000     0.00000     0.00000     0.00000
    -5.62868     0.00000     0.00000     0.00000     0.00000
    -5.62677     0.00000     0.00000     0.00000     0.00000
    -5.62487     0.00000     0.00000     0.00000     0.00000
    -5.62296     0.00000     0.00000     0.00000     0.00000
    -5.62106     0.00000     0.00000     0.00000     0.00000
    -5.61915     0.00000     0.00000     0.00000     0.00000
    -5.61725     0.00000     0.00000     0.00000     0.00000
    -5.61534     0.00000     0.00000     0.00000     0.00000
    -5.61344     0.00000     0.00000     0.00000     0.00000
    -5.61153     0.00000     0.00000     0.00000     0.00000
    -5.60963     0.00000     0.00000     0.00000     0.00000
    -5.60772     0.00000     0.00000     0.00000     0.00000
    -5.60582     0.00000     0.00000     0.00000     0.00000
    -5.60391     0.00000     0.00000     0.00000     0.00000
    -5.60201     0.00000     0.00000     0.00000     0.00000
    -5.60010     0.00000     0.00000     0.00000     0.00000
    -5.59820     0.00000     0.00000     0.00000     0.00000
    -5.59629     0.00000     0.00000     0.00000     0.00000
    -5.59439     0.00000     0.00000     0.00000     0.00000
    -5.59248     0.00000     0.00000     0.00000     0.00000
    -5.59058     0.00000     0.00000     0.00000     0.00000
    -5.58867     0.00000     0.00000     0.00000     0.00000
    -5.58677     0.00000     0.00000     0.00000     0.00000
    -5.58486     0.00000     0.00000     0.00000     0.00000
    -5.58296     0.00000     0.00000     0.00000     0.00000
    -5.58106     0.00000     0.00000     0.00000     0.00000
    -5.57915     0.00000     0.00000     0.00000     0.00000
    -5.57725     0.00000     0.00000     0.00000     0.00000
    -5.57534     0.00000     0.00000     0.00000     0.00000
    -5.57344     0.00000     0.00000     0.00000     0.00000
    -5.57153     0.00000     0.00000     0.00000     0.00000
    -5.56963     0.00000     0.00000     0.00000     0.00000
    -5.56772     0.00000     0.00000     0.00000     0.00000
    -5.56582     0.00000     0.00000     0.00000     0.00000
    -5.56391     0.00000     0.00000     0.00000     0.00000
    -5.56201     0.00000     0.00000     0.00000     0.00000
    -5.56010     0.00000     0.00000     0.00000     0.00000
    -5.55820     0.00000     0.00000     0.00000     0.00000
    -5.55629     0.00000     0.00000     0.00000     0.00000
    -5.55439     0.00000     0.00000     0.00000     0.00000
    -5.55248     0.00000     0.00000     0.00000     0.00000
    -5.55058     0.00000     0.00000     0.00000     0.00000
    -5.54867     0.00000     0.00000     0.00000     0.00000
    -5.54677     0.00000     0.00000     0.00000     0.00000
    -5.54486     0.00000     0.00000     0.00000     0.00000
    -5.54296     0.00000     0.00000     0.00000     0.00000
    -5.54105     0.00000     0.00000     0.00000     0.00000
    -5.53915     0.00000     0.00000     0.00000     0.00000
    -5.53724     0.00000     0.00000     0.00000     0.00000
    -5.53534     0.00000     0.00000     0.00000     0.00000
    -5.53344     0.00000     0.00000     0.00000     0.00000
    -5.53153     0.00000     0.00000     0.00000     0.00000
    -5.52963     0.00000     0.00000     0.00000     0.00000
    -5.52772     0.00000     0.00000     0.00000     0.00000
    -5.52582     0.00000     0.00000     0.00000     0.00000
    -5.52391     0.00000     0.00000     0.00000     0.00000
    -5.52201     0.00000     0.00000     0.00000     0.00000
    -5.52010     0.00000     0.00000     0.00000     0.00000
    -5.51820     0.00000     0.00000     0.00000     0.00000
    -5.51629     0.00000     0.00000     0.00000     0.00000
    -5.51439     0.00000     0.00000     0.00000     0.00000
    -5.51248     0.00000     0.00000     0.00000     0.00000
    -5.51058     0.00000     0.00000     0.00000     0.00000
    -5.50867     0.00000     0.00000     0.00000     0.00000
    -5.50677     0.00000     0.00000     0.00000     0.00000
    -5.50486     0.00000     0.00000     0.00000     0.00000
    -5.50296     0.00000     0.00000     0.00000     0.00000
    -5.50105     0.00000     0.00000     0.00000     0.00000
    -5.49915     0.00000     0.00000     0.00000     0.00000
    -5.49724     0.00000     0.00000     0.00000     0.00000
    -5.49534     0.00000     0.00000     0.00000     0.00000
    -5.49343     0.00000     0.00000     0.00000     0.00000
    -5.49153     0.00000     0.00000     0.00000     0.00000
    -5.48963     0.00000     0.00000     0.00000     0.00000
    -5.48772     0.00000     0.00000     0.00000     0.00000
    -5.48582     0.00000     0.00000     0.00000     0.00000
    -5.48391     0.00000     0.00000     0.00000     0.00000
    -5.48201     0.00000     0.00000     0.00000     0.00000
    -5.48010     0.00000     0.00000     0.00000     0.00000
    -5.47820     0.00000     0.00000     0.00000     0.00000
    -5.47629     0.00000     0.00000     0.00000     0.00000
    -5.47439     0.00000     0.00000     0.00000     0.00000
    -5.47248     0.00000     0.00000     0.00000     0.00000
    -5.47058     0.00000     0.00000     0.00000     0.00000
    -5.46867     0.00000     0.00000     0.00000     0.00000
    -5.46677     0.00001     0.00000     0.00000     0.00000
    -5.46486     0.00001     0.00000     0.00000     0.00000
    -5.46296     0.00001     0.00000     0.00000     0.00001
    -5.46105     0.00001     0.00000     0.00000     0.00001
    -5.45915     0.00002     0.00001     0.00000     0.00001
    -5.45724     0.00002     0.00001     0.00000     0.00002
    -5.45534     0.00003     0.00001     0.00000     0.00002
    -5.45343     0.00004     0.00001     0.00000     0.00003
    -5.45153     0.00006     0.00002     0.00000     0.00004
    -5.44962     0.00008     0.00002     0.00000     0.00005
    -5.44772     0.00010     0.00003     0.00000     0.00007
    -5.44581     0.00014     0.00004     0.00000     0.00009
    -5.44391     0.00018     0.00005     0.00000     0.00012
    -5.44201     0.00023     0.00007     0.00000     0.00016
    -5.44010     0.00030     0.00009     0.00000     0.00021
    -5.43820     0.00039     0.00012     0.00000     0.00027
    -5.43629     0.00050     0.00015     0.00000     0.00034
    -5.43439     0.00063     0.00019     0.00000     0.00044
    -5.43248     0.00080     0.00024     0.00000     0.00056
    -5.43058     0.00101     0.00030     0.00000     0.00071
    -5.42867     0.00127     0.00038     0.00000     0.00089
    -5.42677     0.00159     0.00048     0.00000     0.00111
    -5.42486     0.00199     0.00060     0.00000     0.00138
    -5.42296     0.00246     0.00074     0.00001     0.00172
    -5.42105     0.00303     0.00091     0.00001     0.00212
    -5.41915     0.00372     0.00112     0.00001     0.00260
    -5.41724     0.00455     0.00137     0.00001     0.00317
    -5.41534     0.00553     0.00166     0.00001     0.00385
    -5.41343     0.00668     0.00201     0.00002     0.00466
    -5.41153     0.00804     0.00242     0.00002     0.00561
    -5.40962     0.00963     0.00289     0.00002     0.00671
    -5.40772     0.01148     0.00345     0.00003     0.00800
    -5.40581     0.01361     0.00408     0.00003     0.00949
    -5.40391     0.01606     0.00482     0.00004     0.01120
    -5.40200     0.01886     0.00566     0.00005     0.01316
    -5.40010     0.02205     0.00661     0.00006     0.01538
    -5.39819     0.02564     0.00768     0.00007     0.01789
    -5.39629     0.02968     0.00889     0.00008     0.02071
    -5.39439     0.03418     0.01023     0.00009     0.02385
    -5.39248     0.03918     0.01172     0.00011     0.02735
    -5.39058     0.04469     0.01337     0.00013     0.03120
    -5.38867     0.05073     0.01516     0.00014     0.03542
    -5.38677     0.05731     0.01712     0.00017     0.04002
    -5.38486     0.06442     0.01923     0.00019     0.04500
    -5.38296     0.07208     0.02150     0.00021     0.05036
    -5.38105     0.08025     0.02392     0.00024     0.05609
    -5.37915     0.08892     0.02649     0.00027     0.06216
    -5.37724     0.09806     0.02918     0.00031     0.06857
    -5.37534     0.10762     0.03200     0.00035     0.07528
    -5.37343     0.11755     0.03491     0.00039     0.08225
    -5.37153     0.12778     0.03791     0.00043     0.08944
    -5.36962     0.13824     0.04096     0.00047     0.09681
    -5.36772     0.14885     0.04404     0.00052     0.10428
    -5.36581     0.15952     0.04713     0.00057     0.11181
    -5.36391     0.17015     0.05019     0.00063     0.11932
    -5.36200     0.18064     0.05320     0.00069     0.12676
    -5.36010     0.19089     0.05611     0.00075     0.13403
    -5.35819     0.20079     0.05891     0.00081     0.14108
    -5.35629     0.21024     0.06154     0.00087     0.14783
    -5.35438     0.21914     0.06399     0.00093     0.15422
    -5.35248     0.22740     0.06623     0.00100     0.16017
    -5.35057     0.23492     0.06823     0.00106     0.16563
    -5.34867     0.24164     0.06996     0.00113     0.17056
    -5.34677     0.24750     0.07140     0.00119     0.17490
    -5.34486     0.25243     0.07255     0.00125     0.17863
    -5.34296     0.25642     0.07339     0.00131     0.18172
    -5.34105     0.25945     0.07392     0.00137     0.18417
    -5.33915     0.26152     0.07413     0.00142     0.18597
    -5.33724     0.26266     0.07404     0.00147     0.18716
    -5.33534     0.26290     0.07365     0.00151     0.18774
    -5.33343     0.26230     0.07298     0.00154     0.18778
    -5.33153     0.26093     0.07205     0.00157     0.18732
    -5.32962     0.25889     0.07089     0.00158     0.18641
    -5.32772     0.25627     0.06953     0.00159     0.18515
    -5.32581     0.25319     0.06800     0.00159     0.18360
    -5.32391     0.24976     0.06634     0.00158     0.18184
    -5.32200     0.24611     0.06458     0.00155     0.17998
    -5.32010     0.24236     0.06276     0.00151     0.17809
    -5.31819     0.23865     0.06092     0.00146     0.17627
    -5.31629     0.23509     0.05909     0.00140     0.17460
    -5.31438     0.23179     0.05731     0.00132     0.17315
    -5.31248     0.22886     0.05561     0.00123     0.17202
    -5.31057     0.22640     0.05403     0.00113     0.17124
    -5.30867     0.22447     0.05257     0.00102     0.17088
    -5.30676     0.22314     0.05127     0.00089     0.17098
    -5.30486     0.22245     0.05014     0.00076     0.17156
    -5.30295     0.22242     0.04919     0.00061     0.17263
    -5.30105     0.22306     0.04842     0.00045     0.17418
    -5.29915     0.22433     0.04784     0.00029     0.17620
    -5.29724     0.22622     0.04744     0.00012     0.17865
    -5.29534     0.22865     0.04721    -0.00005     0.18149
    -5.29343     0.23156     0.04714    -0.00023     0.18464
    -5.29153     0.23485     0.04721    -0.00041     0.18805
    -5.28962     0.23843     0.04739    -0.00058     0.19162
    -5.28772     0.24219     0.04767    -0.00076     0.19527
    -5.28581     0.24599     0.04802    -0.00093     0.19891
    -5.28391     0.24974     0.04841    -0.00109     0.20242
    -5.28200     0.25328     0.04881    -0.00125     0.20572
    -5.28010     0.25652     0.04920    -0.00140     0.20872
    -5.27819     0.25932     0.04955    -0.00153     0.21131
    -5.27629     0.26159     0.04984    -0.00166     0.21341
    -5.27438     0.26323     0.05004    -0.00177     0.21496
    -5.27248     0.26415     0.05015    -0.00187     0.21588
    -5.27057     0.26430     0.05013    -0.00196     0.21613
    -5.26867     0.26362     0.04998    -0.00203     0.21567
    -5.26676     0.26209     0.04970    -0.00209     0.21448
    -5.26486     0.25971     0.04928    -0.00214     0.21256
    -5.26295     0.25648     0.04872    -0.00217     0.20993
    -5.26105     0.25244     0.04802    -0.00219     0.20661
    -5.25914     0.24764     0.04721    -0.00220     0.20264
    -5.25724     0.24217     0.04628    -0.00220     0.19809
    -5.25533     0.23610     0.04527    -0.00219     0.19303
    -5.25343     0.22954     0.04418    -0.00218     0.18754
    -5.25153     0.22260     0.04304    -0.00216     0.18172
    -5.24962     0.21542     0.04189    -0.00215     0.17568
    -5.24772     0.20812     0.04073    -0.00213     0.16951
    -5.24581     0.20084     0.03961    -0.00211     0.16334
    -5.24391     0.19372     0.03855    -0.00210     0.15726
    -5.24200     0.18689     0.03758    -0.00209     0.15140
    -5.24010     0.18048     0.03673    -0.00210     0.14585
    -5.23819     0.17462     0.03601    -0.00211     0.14072
    -5.23629     0.16942     0.03545    -0.00214     0.13611
    -5.23438     0.16498     0.03508    -0.00218     0.13208
    -5.23248     0.16139     0.03491    -0.00225     0.12872
    -5.23057     0.15872     0.03495    -0.00233     0.12609
    -5.22867     0.15702     0.03522    -0.00243     0.12423
    -5.22676     0.15634     0.03572    -0.00256     0.12317
    -5.22486     0.15669     0.03646    -0.00271     0.12294
    -5.22295     0.15808     0.03742    -0.00288     0.12354
    -5.22105     0.16049     0.03861    -0.00309     0.12496
    -5.21914     0.16389     0.04002    -0.00332     0.12719
    -5.21724     0.16823     0.04162    -0.00358     0.13018
    -5.21533     0.17345     0.04342    -0.00386     0.13390
    -5.21343     0.17948     0.04538    -0.00418     0.13829
    -5.21152     0.18623     0.04748    -0.00453     0.14328
    -5.20962     0.19360     0.04970    -0.00491     0.14881
    -5.20772     0.20150     0.05201    -0.00532     0.15481
    -5.20581     0.20980     0.05437    -0.00575     0.16118
    -5.20391     0.21841     0.05678    -0.00622     0.16786
    -5.20200     0.22722     0.05918    -0.00671     0.17475
    -5.20010     0.23610     0.06156    -0.00723     0.18178
    -5.19819     0.24497     0.06388    -0.00778     0.18886
    -5.19629     0.25371     0.06613    -0.00835     0.19593
    -5.19438     0.26223     0.06826    -0.00893     0.20290
    -5.19248     0.27044     0.07027    -0.00954     0.20971
    -5.19057     0.27827     0.07212    -0.01016     0.21631
    -5.18867     0.28566     0.07381    -0.01079     0.22264
    -5.18676     0.29253     0.07531    -0.01143     0.22865
    -5.18486     0.29886     0.07662    -0.01207     0.23431
    -5.18295     0.30459     0.07772    -0.01271     0.23958
    -5.18105     0.30970     0.07861    -0.01334     0.24443
    -5.17914     0.31418     0.07928    -0.01395     0.24886
    -5.17724     0.31801     0.07973    -0.01455     0.25283
    -5.17533     0.32120     0.07996    -0.01511     0.25635
    -5.17343     0.32374     0.07998    -0.01565     0.25940
    -5.17152     0.32564     0.07979    -0.01615     0.26199
    -5.16962     0.32691     0.07940    -0.01660     0.26411
    -5.16771     0.32757     0.07881    -0.01700     0.26576
    -5.16581     0.32763     0.07804    -0.01734     0.26694
    -5.16390     0.32711     0.07709    -0.01762     0.26765
    -5.16200     0.32602     0.07597    -0.01784     0.26789
    -5.16010     0.32437     0.07469    -0.01798     0.26766
    -5.15819     0.32218     0.07326    -0.01805     0.26697
    -5.15629     0.31945     0.07170    -0.01805     0.26580
    -5.15438     0.31620     0.07002    -0.01797     0.26416
    -5.15248     0.31244     0.06822    -0.01782     0.26204
    -5.15057     0.30816     0.06631    -0.01760     0.25945
    -5.14867     0.30338     0.06431    -0.01730     0.25637
    -5.14676     0.29811     0.06223    -0.01694     0.25282
    -5.14486     0.29235     0.06007    -0.01652     0.24879
    -5.14295     0.28611     0.05786    -0.01604     0.24430
    -5.14105     0.27941     0.05559    -0.01552     0.23933
    -5.13914     0.27225     0.05328    -0.01495     0.23392
    -5.13724     0.26466     0.05094    -0.01435     0.22807
    -5.13533     0.25665     0.04858    -0.01373     0.22180
    -5.13343     0.24826     0.04621    -0.01309     0.21514
    -5.13152     0.23952     0.04384    -0.01244     0.20811
    -5.12962     0.23045     0.04149    -0.01179     0.20075
    -5.12771     0.22110     0.03915    -0.01115     0.19309
    -5.12581     0.21150     0.03685    -0.01052     0.18518
    -5.12390     0.20172     0.03459    -0.00992     0.17704
    -5.12200     0.19179     0.03238    -0.00934     0.16874
    -5.12009     0.18176     0.03023    -0.00879     0.16031
    -5.11819     0.17169     0.02815    -0.00827     0.15181
    -5.11628     0.16164     0.02614    -0.00779     0.14329
    -5.11438     0.15165     0.02422    -0.00735     0.13479
    -5.11248     0.14178     0.02238    -0.00695     0.12636
    -5.11057     0.13209     0.02063    -0.00658     0.11804
    -5.10867     0.12262     0.01897    -0.00624     0.10989
    -5.10676     0.11342     0.01742    -0.00594     0.10195
    -5.10486     0.10453     0.01596    -0.00567     0.09424
    -5.10295     0.09601     0.01461    -0.00543     0.08682
    -5.10105     0.08788     0.01337    -0.00520     0.07971
    -5.09914     0.08018     0.01224    -0.00499     0.07293
    -5.09724     0.07295     0.01122    -0.00479     0.06652
    -5.09533     0.06620     0.01031    -0.00460     0.06049
    -5.09343     0.05997     0.00952    -0.00441     0.05487
    -5.09152     0.05428     0.00884    -0.00421     0.04965
    -5.08962     0.04915     0.00829    -0.00401     0.04486
    -5.08771     0.04460     0.00788    -0.00378     0.04051
    -5.08581     0.04064     0.00759    -0.00354     0.03659
    -5.08390     0.03730     0.00745    -0.00327     0.03312
    -5.08200     0.03460     0.00747    -0.00296     0.03009
    -5.08009     0.03255     0.00765    -0.00262     0.02752
    -5.07819     0.03118     0.00801    -0.00223     0.02540
    -5.07628     0.03052     0.00857    -0.00179     0.02374
    -5.07438     0.03058     0.00934    -0.00130     0.02254
    -5.07247     0.03142     0.01034    -0.00074     0.02181
    -5.07057     0.03305     0.01160    -0.00011     0.02156
    -5.06866     0.03552     0.01313     0.00059     0.02180
    -5.06676     0.03887     0.01497     0.00138     0.02253
    -5.06486     0.04315     0.01714     0.00226     0.02376
    -5.06295     0.04840     0.01966     0.00323     0.02551
    -5.06105     0.05467     0.02256     0.00431     0.02780
    -5.05914     0.06200     0.02587     0.00550     0.03063
    -5.05724     0.07044     0.02961     0.00682     0.03402
    -5.05533     0.08002     0.03380     0.00825     0.03798
    -5.05343     0.09079     0.03846     0.00982     0.04251
    -5.05152     0.10275     0.04361     0.01152     0.04763
    -5.04962     0.11593     0.04925     0.01335     0.05332
    -5.04771     0.13032     0.05539     0.01533     0.05960
    -5.04581     0.14592     0.06203     0.01743     0.06645
    -5.04390     0.16268     0.06916     0.01968     0.07384
    -5.04200     0.18056     0.07675     0.02205     0.08176
    -5.04009     0.19949     0.08478     0.02454     0.09017
    -5.03819     0.21936     0.09321     0.02714     0.09902
    -5.03628     0.24008     0.10198     0.02983     0.10826
    -5.03438     0.26148     0.11106     0.03260     0.11783
    -5.03247     0.28343     0.12035     0.03542     0.12765
    -5.03057     0.30572     0.12980     0.03829     0.13764
    -5.02866     0.32817     0.13931     0.04116     0.14770
    -5.02676     0.35055     0.14879     0.04401     0.15774
    -5.02485     0.37263     0.15815     0.04682     0.16766
    -5.02295     0.39416     0.16727     0.04956     0.17733
    -5.02104     0.41490     0.17606     0.05218     0.18666
    -5.01914     0.43460     0.18441     0.05467     0.19552
    -5.01724     0.45301     0.19222     0.05698     0.20382
    -5.01533     0.46990     0.19937     0.05909     0.21143
    -5.01343     0.48503     0.20578     0.06098     0.21827
    -5.01152     0.49820     0.21136     0.06261     0.22423
    -5.00962     0.50922     0.21604     0.06395     0.22923
    -5.00771     0.51795     0.21973     0.06500     0.23321
    -5.00581     0.52425     0.22240     0.06573     0.23612
    -5.00390     0.52804     0.22400     0.06614     0.23790
    -5.00200     0.52926     0.22451     0.06621     0.23854
    -5.00009     0.52789     0.22392     0.06594     0.23803
    -4.99819     0.52396     0.22225     0.06534     0.23638
    -4.99628     0.51752     0.21950     0.06440     0.23361
    -4.99438     0.50867     0.21573     0.06315     0.22978
    -4.99247     0.49753     0.21099     0.06160     0.22494
    -4.99057     0.48427     0.20534     0.05977     0.21915
    -4.98866     0.46907     0.19887     0.05768     0.21251
    -4.98676     0.45214     0.19166     0.05536     0.20511
    -4.98485     0.43370     0.18381     0.05284     0.19705
    -4.98295     0.41401     0.17542     0.05015     0.18844
    -4.98104     0.39330     0.16660     0.04732     0.17939
    -4.97914     0.37183     0.15744     0.04438     0.17001
    -4.97723     0.34984     0.14806     0.04137     0.16041
    -4.97533     0.32758     0.13856     0.03832     0.15069
    -4.97343     0.30527     0.12904     0.03526     0.14097
    -4.97152     0.28314     0.11958     0.03222     0.13134
    -4.96962     0.26138     0.11027     0.02922     0.12188
    -4.96771     0.24016     0.10119     0.02630     0.11267
    -4.96581     0.21965     0.09241     0.02347     0.10378
    -4.96390     0.19998     0.08397     0.02075     0.09526
    -4.96200     0.18125     0.07593     0.01816     0.08716
    -4.96009     0.16355     0.06833     0.01571     0.07951
    -4.95819     0.14695     0.06119     0.01341     0.07235
    -4.95628     0.13147     0.05452     0.01127     0.06568
    -4.95438     0.11715     0.04835     0.00930     0.05951
    -4.95247     0.10399     0.04266     0.00749     0.05384
    -4.95057     0.09196     0.03746     0.00585     0.04866
    -4.94866     0.08105     0.03273     0.00437     0.04394
    -4.94676     0.07120     0.02846     0.00305     0.03968
    -4.94485     0.06236     0.02463     0.00189     0.03585
    -4.94295     0.05449     0.02120     0.00088     0.03241
    -4.94104     0.04751     0.01817     0.00000     0.02934
    -4.93914     0.04135     0.01549    -0.00074     0.02660
    -4.93723     0.03595     0.01314    -0.00137     0.02417
    -4.93533     0.03123     0.01110    -0.00188     0.02201
    -4.93342     0.02714     0.00932    -0.00228     0.02010
    -4.93152     0.02359     0.00780    -0.00260     0.01839
    -4.92961     0.02053     0.00649    -0.00283     0.01688
    -4.92771     0.01790     0.00537    -0.00299     0.01552
    -4.92581     0.01565     0.00442    -0.00308     0.01430
    -4.92390     0.01371     0.00363    -0.00312     0.01321
    -4.92200     0.01206     0.00296    -0.00311     0.01221
    -4.92009     0.01064     0.00240    -0.00306     0.01131
    -4.91819     0.00943     0.00194    -0.00298     0.01047
    -4.91628     0.00838     0.00156    -0.00288     0.00970
    -4.91438     0.00748     0.00125    -0.00275     0.00898
    -4.91247     0.00670     0.00099    -0.00260     0.00830
    -4.91057     0.00601     0.00079    -0.00245     0.00767
    -4.90866     0.00541     0.00062    -0.00229     0.00708
    -4.90676     0.00488     0.00049    -0.00212     0.00651
    -4.90485     0.00440     0.00038    -0.00196     0.00598
    -4.90295     0.00398     0.00030    -0.00179     0.00547
    -4.90104     0.00359     0.00023    -0.00163     0.00500
    -4.89914     0.00324     0.00018    -0.00148     0.00455
    -4.89723     0.00292     0.00013    -0.00133     0.00412
    -4.89533     0.00263     0.00010    -0.00120     0.00372
    -4.89342     0.00236     0.00008    -0.00107     0.00335
    -4.89152     0.00212     0.00006    -0.00095     0.00300
    -4.88961     0.00189     0.00004    -0.00084     0.00268
    -4.88771     0.00168     0.00003    -0.00074     0.00239
    -4.88580     0.00149     0.00002    -0.00064     0.00211
    -4.88390     0.00132     0.00002    -0.00056     0.00186
    -4.88199     0.00116     0.00001    -0.00049     0.00163
    -4.88009     0.00102     0.00001    -0.00042     0.00143
    -4.87819     0.00089     0.00001    -0.00036     0.00124
    -4.87628     0.00077     0.00001    -0.00031     0.00108
    -4.87438     0.00067     0.00000    -0.00026     0.00093
    -4.87247     0.00058     0.00000    -0.00022     0.00080
    -4.87057     0.00049     0.00000    -0.00019     0.00068
    -4.86866     0.00042     0.00000    -0.00016     0.00058
    -4.86676     0.00036     0.00000    -0.00013     0.00049
    -4.86485     0.00030     0.00000    -0.00011     0.00041
    -4.86295     0.00026     0.00000    -0.00009     0.00035
    -4.86104     0.00021     0.00000    -0.00007     0.00029
    -4.85914     0.00018     0.00000    -0.00006     0.00024
    -4.85723     0.00015     0.00000    -0.00005     0.00020
    -4.85533     0.00012     0.00000    -0.00004     0.00016
    -4.85342     0.00010     0.00000    -0.00003     0.00013
    -4.85152     0.00008     0.00000    -0.00003     0.00011
    -4.84961     0.00007     0.00000    -0.00002     0.00009
    -4.84771     0.00005     0.00000    -0.00002     0.00007
    -4.84580     0.00004     0.00000    -0.00001     0.00006
    -4.84390     0.00003     0.00000    -0.00001     0.00005
    -4.84199     0.00003     0.00000    -0.00001     0.00004
    -4.84009     0.00002     0.00000    -0.00001     0.00003
    -4.83818     0.00002     0.00000    -0.00001     0.00002
    -4.83628     0.00001     0.00000    -0.00000     0.00002
    -4.83437     0.00001     0.00000    -0.00000     0.00001
    -4.83247     0.00001     0.00000    -0.00000     0.00001
    -4.83057     0.00001     0.00000    -0.00000     0.00001
    -4.82866     0.00001     0.00000    -0.00000     0.00001
    -4.82676     0.00000     0.00000    -0.00000     0.00000
    -4.82485     0.00000     0.00000    -0.00000     0.00000
    -4.82295     0.00000     0.00000    -0.00000     0.00000
    -4.82104     0.00000     0.00000    -0.00000     0.00000
    -4.81914     0.00000     0.00000    -0.00000     0.00000
    -4.81723     0.00000     0.00000     0.00000     0.00000
    -4.81533     0.00000     0.00000     0.00000     0.00000
    -4.81342     0.00000     0.00000     0.00000     0.00000
    -4.81152     0.00000     0.00000     0.00000     0.00000
    -4.80961     0.00000     0.00000     0.00000     0.00000
    -4.80771     0.00000     0.00000     0.00000     0.00000
    -4.80580     0.00000     0.00000     0.00000     0.00000
    -4.80390     0.00001     0.00000     0.00000     0.00000
    -4.80199     0.00001     0.00000     0.00000     0.00000
    -4.80009     0.00001     0.00000     0.00001     0.00000
    -4.79818     0.00001     0.00000     0.00001     0.00000
    -4.79628     0.00002     0.00001     0.00001     0.00000
    -4.79437     0.00003     0.00001     0.00002     0.00000
    -4.79247     0.00004     0.00001     0.00002     0.00000
    -4.79056     0.00005     0.00001     0.00003     0.00000
    -4.78866     0.00006     0.00002     0.00004     0.00001
    -4.78675     0.00008     0.00002     0.00005     0.00001
    -4.78485     0.00011     0.00003     0.00007     0.00001
    -4.78295     0.00014     0.00004     0.00008     0.00002
    -4.78104     0.00018     0.00005     0.00011     0.00002
    -4.77914     0.00024     0.00007     0.00014     0.00003
    -4.77723     0.00031     0.00009     0.00018     0.00003
    -4.77533     0.00039     0.00011     0.00023     0.00004
    -4.77342     0.00050     0.00015     0.00030     0.00006
    -4.77152     0.00064     0.00019     0.00038     0.00007
    -4.76961     0.00081     0.00024     0.00047     0.00010
    -4.76771     0.00101     0.00030     0.00059     0.00012
    -4.76580     0.00127     0.00037     0.00074     0.00016
    -4.76390     0.00158     0.00047     0.00092     0.00020
    -4.76199     0.00196     0.00058     0.00113     0.00025
    -4.76009     0.00242     0.00072     0.00139     0.00031
    -4.75818     0.00298     0.00089     0.00170     0.00039
    -4.75628     0.00364     0.00109     0.00207     0.00049
    -4.75437     0.00443     0.00132     0.00251     0.00060
    -4.75247     0.00537     0.00161     0.00302     0.00074
    -4.75056     0.00648     0.00194     0.00362     0.00091
    -4.74866     0.00777     0.00234     0.00432     0.00111
    -4.74675     0.00928     0.00280     0.00513     0.00135
    -4.74485     0.01104     0.00334     0.00606     0.00164
    -4.74294     0.01306     0.00397     0.00712     0.00197
    -4.74104     0.01538     0.00469     0.00833     0.00237
    -4.73913     0.01804     0.00551     0.00969     0.00283
    -4.73723     0.02105     0.00645     0.01122     0.00337
    -4.73533     0.02444     0.00752     0.01293     0.00399
    -4.73342     0.02826     0.00873     0.01482     0.00471
    -4.73152     0.03252     0.01008     0.01691     0.00553
    -4.72961     0.03725     0.01159     0.01920     0.00647
    -4.72771     0.04247     0.01326     0.02168     0.00753
    -4.72580     0.04820     0.01511     0.02437     0.00872
    -4.72390     0.05445     0.01713     0.02725     0.01006
    -4.72199     0.06122     0.01935     0.03032     0.01155
    -4.72009     0.06853     0.02175     0.03357     0.01321
    -4.71818     0.07636     0.02433     0.03699     0.01504
    -4.71628     0.08469     0.02711     0.04055     0.01704
    -4.71437     0.09351     0.03006     0.04422     0.01922
    -4.71247     0.10278     0.03319     0.04800     0.02159
    -4.71056     0.11245     0.03648     0.05183     0.02414
    -4.70866     0.12247     0.03992     0.05568     0.02687
    -4.70675     0.13279     0.04349     0.05953     0.02977
    -4.70485     0.14332     0.04717     0.06332     0.03283
    -4.70294     0.15400     0.05094     0.06701     0.03605
    -4.70104     0.16472     0.05476     0.07056     0.03940
    -4.69913     0.17541     0.05861     0.07393     0.04287
    -4.69723     0.18595     0.06246     0.07706     0.04643
    -4.69532     0.19624     0.06627     0.07992     0.05006
    -4.69342     0.20618     0.06999     0.08246     0.05373
    -4.69152     0.21566     0.07361     0.08465     0.05740
    -4.68961     0.22458     0.07707     0.08646     0.06104
    -4.68771     0.23282     0.08035     0.08785     0.06462
    -4.68580     0.24031     0.08340     0.08881     0.06810
    -4.68390     0.24694     0.08619     0.08931     0.07143
    -4.68199     0.25264     0.08870     0.08935     0.07459
    -4.68009     0.25734     0.09088     0.08893     0.07752
    -4.67818     0.26098     0.09273     0.08805     0.08021
    -4.67628     0.26353     0.09421     0.08671     0.08261
    -4.67437     0.26496     0.09532     0.08494     0.08470
    -4.67247     0.26525     0.09604     0.08276     0.08644
    -4.67056     0.26441     0.09639     0.08019     0.08783
    -4.66866     0.26247     0.09636     0.07728     0.08884
    -4.66675     0.25947     0.09596     0.07405     0.08946
    -4.66485     0.25546     0.09522     0.07054     0.08970
    -4.66294     0.25051     0.09416     0.06679     0.08956
    -4.66104     0.24470     0.09282     0.06285     0.08904
    -4.65913     0.23815     0.09124     0.05875     0.08816
    -4.65723     0.23095     0.08946     0.05453     0.08696
    -4.65532     0.22323     0.08755     0.05023     0.08545
    -4.65342     0.21512     0.08556     0.04588     0.08368
    -4.65151     0.20675     0.08355     0.04151     0.08168
    -4.64961     0.19826     0.08160     0.03714     0.07951
    -4.64770     0.18979     0.07978     0.03279     0.07722
    -4.64580     0.18150     0.07817     0.02848     0.07486
    -4.64390     0.17352     0.07684     0.02420     0.07248
    -4.64199     0.16599     0.07587     0.01997     0.07015
    -4.64009     0.15905     0.07535     0.01579     0.06791
    -4.63818     0.15282     0.07534     0.01163     0.06584
    -4.63628     0.14743     0.07594     0.00750     0.06399
    -4.63437     0.14299     0.07720     0.00338     0.06241
    -4.63247     0.13960     0.07920    -0.00075     0.06115
    -4.63056     0.13734     0.08199    -0.00491     0.06026
    -4.62866     0.13629     0.08564    -0.00912     0.05977
    -4.62675     0.13652     0.09018    -0.01340     0.05973
    -4.62485     0.13805     0.09566    -0.01777     0.06017
    -4.62294     0.14093     0.10208    -0.02225     0.06110
    -4.62104     0.14515     0.10947    -0.02686     0.06253
    -4.61913     0.15071     0.11782    -0.03159     0.06448
    -4.61723     0.15757     0.12710    -0.03647     0.06693
    -4.61532     0.16569     0.13729    -0.04149     0.06989
    -4.61342     0.17500     0.14833    -0.04664     0.07331
    -4.61151     0.18541     0.16015    -0.05192     0.07719
    -4.60961     0.19681     0.17266    -0.05731     0.08146
    -4.60770     0.20907     0.18576    -0.06279     0.08610
    -4.60580     0.22205     0.19934    -0.06832     0.09104
    -4.60389     0.23560     0.21325    -0.07386     0.09622
    -4.60199     0.24954     0.22736    -0.07938     0.10157
    -4.60008     0.26369     0.24150    -0.08483     0.10702
    -4.59818     0.27786     0.25551    -0.09014     0.11249
    -4.59628     0.29185     0.26922    -0.09527     0.11791
    -4.59437     0.30547     0.28244    -0.10015     0.12318
    -4.59247     0.31853     0.29501    -0.10472     0.12824
    -4.59056     0.33082     0.30675    -0.10892     0.13300
    -4.58866     0.34219     0.31749    -0.11269     0.13739
    -4.58675     0.35245     0.32708    -0.11596     0.14133
    -4.58485     0.36147     0.33538    -0.11868     0.14477
    -4.58294     0.36911     0.34227    -0.12080     0.14764
    -4.58104     0.37528     0.34763    -0.12225     0.14990
    -4.57913     0.37990     0.35138    -0.12300     0.15152
    -4.57723     0.38292     0.35346    -0.12302     0.15247
    -4.57532     0.38433     0.35385    -0.12226     0.15273
    -4.57342     0.38413     0.35252    -0.12070     0.15231
    -4.57151     0.38239     0.34950    -0.11832     0.15121
    -4.56961     0.37916     0.34483    -0.11512     0.14946
    -4.56770     0.37456     0.33857    -0.11108     0.14708
    -4.56580     0.36873     0.33081    -0.10621     0.14413
    -4.56389     0.36181     0.32167    -0.10051     0.14065
    -4.56199     0.35398     0.31127    -0.09399     0.13671
    -4.56008     0.34545     0.29975    -0.08667     0.13237
    -4.55818     0.33643     0.28728    -0.07857     0.12772
    -4.55627     0.32712     0.27401    -0.06971     0.12282
    -4.55437     0.31776     0.26011    -0.06012     0.11777
    -4.55246     0.30858     0.24577    -0.04983     0.11264
    -4.55056     0.29979     0.23114    -0.03888     0.10752
    -4.54866     0.29160     0.21640    -0.02729     0.10249
    -4.54675     0.28421     0.20171    -0.01511     0.09762
    -4.54485     0.27782     0.18721    -0.00238     0.09299
    -4.54294     0.27257     0.17306     0.01084     0.08867
    -4.54104     0.26862     0.15937     0.02452     0.08473
    -4.53913     0.26608     0.14628     0.03859     0.08121
    -4.53723     0.26504     0.13387     0.05299     0.07818
    -4.53532     0.26557     0.12224     0.06765     0.07568
    -4.53342     0.26770     0.11147     0.08249     0.07374
    -4.53151     0.27145     0.10162     0.09743     0.07240
    -4.52961     0.27679     0.09272     0.11239     0.07168
    -4.52770     0.28369     0.08484     0.12726     0.07160
    -4.52580     0.29208     0.07798     0.14193     0.07217
    -4.52389     0.30188     0.07216     0.15631     0.07341
    -4.52199     0.31298     0.06740     0.17026     0.07531
    -4.52008     0.32526     0.06369     0.18369     0.07788
    -4.51818     0.33860     0.06103     0.19646     0.08111
    -4.51627     0.35285     0.05940     0.20845     0.08500
    -4.51437     0.36786     0.05879     0.21955     0.08952
    -4.51246     0.38348     0.05916     0.22964     0.09468
    -4.51056     0.39955     0.06049     0.23861     0.10045
    -4.50865     0.41593     0.06275     0.24638     0.10681
    -4.50675     0.43247     0.06589     0.25285     0.11373
    -4.50484     0.44902     0.06987     0.25795     0.12119
    -4.50294     0.46543     0.07465     0.26163     0.12916
    -4.50104     0.48160     0.08016     0.26385     0.13759
    -4.49913     0.49738     0.08636     0.26459     0.14644
    -4.49723     0.51267     0.09316     0.26385     0.15567
    -4.49532     0.52736     0.10050     0.26165     0.16521
    -4.49342     0.54136     0.10830     0.25804     0.17502
    -4.49151     0.55457     0.11647     0.25308     0.18502
    -4.48961     0.56691     0.12492     0.24684     0.19515
    -4.48770     0.57829     0.13356     0.23942     0.20531
    -4.48580     0.58865     0.14227     0.23094     0.21543
    -4.48389     0.59792     0.15097     0.22152     0.22543
    -4.48199     0.60602     0.15953     0.21129     0.23519
    -4.48008     0.61290     0.16786     0.20040     0.24464
    -4.47818     0.61849     0.17584     0.18899     0.25366
    -4.47627     0.62274     0.18336     0.17720     0.26217
    -4.47437     0.62559     0.19034     0.16519     0.27007
    -4.47246     0.62700     0.19666     0.15310     0.27725
    -4.47056     0.62692     0.20224     0.14105     0.28363
    -4.46865     0.62532     0.20701     0.12918     0.28913
    -4.46675     0.62216     0.21089     0.11759     0.29368
    -4.46484     0.61743     0.21383     0.10640     0.29720
    -4.46294     0.61111     0.21579     0.09568     0.29965
    -4.46103     0.60322     0.21673     0.08552     0.30097
    -4.45913     0.59377     0.21665     0.07596     0.30116
    -4.45723     0.58279     0.21554     0.06706     0.30018
    -4.45532     0.57032     0.21343     0.05884     0.29804
    -4.45342     0.55643     0.21034     0.05132     0.29476
    -4.45151     0.54119     0.20632     0.04450     0.29037
    -4.44961     0.52470     0.20143     0.03837     0.28491
    -4.44770     0.50707     0.19572     0.03291     0.27844
    -4.44580     0.48840     0.18928     0.02809     0.27102
    -4.44389     0.46883     0.18220     0.02388     0.26274
    -4.44199     0.44849     0.17457     0.02024     0.25369
    -4.44008     0.42754     0.16647     0.01712     0.24396
    -4.43818     0.40612     0.15801     0.01447     0.23364
    -4.43627     0.38439     0.14928     0.01225     0.22286
    -4.43437     0.36249     0.14038     0.01040     0.21170
    -4.43246     0.34058     0.13140     0.00889     0.20028
    -4.43056     0.31880     0.12243     0.00766     0.18871
    -4.42865     0.29729     0.11355     0.00667     0.17708
    -4.42675     0.27618     0.10482     0.00588     0.16548
    -4.42484     0.25559     0.09633     0.00525     0.15401
    -4.42294     0.23562     0.08812     0.00476     0.14275
    -4.42103     0.21637     0.08024     0.00437     0.13176
    -4.41913     0.19792     0.07274     0.00406     0.12113
    -4.41722     0.18033     0.06563     0.00381     0.11089
    -4.41532     0.16366     0.05896     0.00360     0.10111
    -4.41341     0.14794     0.05272     0.00342     0.09180
    -4.41151     0.13320     0.04694     0.00325     0.08301
    -4.40961     0.11945     0.04160     0.00310     0.07476
    -4.40770     0.10670     0.03670     0.00295     0.06704
    -4.40580     0.09492     0.03224     0.00280     0.05988
    -4.40389     0.08410     0.02820     0.00265     0.05326
    -4.40199     0.07421     0.02455     0.00249     0.04717
    -4.40008     0.06522     0.02128     0.00233     0.04161
    -4.39818     0.05709     0.01837     0.00217     0.03655
    -4.39627     0.04977     0.01578     0.00201     0.03197
    -4.39437     0.04320     0.01350     0.00185     0.02785
    -4.39246     0.03735     0.01150     0.00169     0.02416
    -4.39056     0.03216     0.00976     0.00154     0.02087
    -4.38865     0.02758     0.00824     0.00139     0.01795
    -4.38675     0.02355     0.00693     0.00125     0.01538
    -4.38484     0.02003     0.00580     0.00111     0.01312
    -4.38294     0.01696     0.00484     0.00099     0.01114
    -4.38103     0.01430     0.00401     0.00087     0.00942
    -4.37913     0.01201     0.00332     0.00076     0.00793
    -4.37722     0.01005     0.00273     0.00066     0.00665
    -4.37532     0.00837     0.00224     0.00057     0.00556
    -4.37341     0.00694     0.00183     0.00049     0.00462
    -4.37151     0.00573     0.00149     0.00042     0.00382
    -4.36960     0.00471     0.00120     0.00036     0.00315
    -4.36770     0.00386     0.00097     0.00030     0.00259
    -4.36579     0.00314     0.00078     0.00025     0.00211
    -4.36389     0.00255     0.00062     0.00021     0.00172
    -4.36199     0.00206     0.00049     0.00017     0.00139
    -4.36008     0.00166     0.00039     0.00014     0.00112
    -4.35818     0.00133     0.00031     0.00012     0.00090
    -4.35627     0.00106     0.00024     0.00010     0.00072
    -4.35437     0.00084     0.00019     0.00008     0.00057
    -4.35246     0.00067     0.00015     0.00006     0.00045
    -4.35056     0.00052     0.00012     0.00005     0.00036
    -4.34865     0.00041     0.00009     0.00004     0.00028
    -4.34675     0.00032     0.00007     0.00003     0.00022
    -4.34484     0.00025     0.00005     0.00003     0.00017
    -4.34294     0.00019     0.00004     0.00002     0.00013
    -4.34103     0.00015     0.00003     0.00002     0.00010
    -4.33913     0.00011     0.00002     0.00001     0.00008
    -4.33722     0.00009     0.00002     0.00001     0.00006
    -4.33532     0.00007     0.00001     0.00001     0.00005
    -4.33341     0.00005     0.00001     0.00001     0.00003
    -4.33151     0.00004     0.00001     0.00000     0.00003
    -4.32960     0.00003     0.00001     0.00000     0.00002
    -4.32770     0.00002     0.00000     0.00000     0.00001
    -4.32579     0.00002     0.00000     0.00000     0.00001
    -4.32389     0.00001     0.00000     0.00000     0.00001
    -4.32198     0.00001     0.00000     0.00000     0.00001
    -4.32008     0.00001     0.00000     0.00000     0.00001
    -4.31817     0.00001     0.00000     0.00001     0.00000
    -4.31627     0.00001     0.00000     0.00001     0.00000
    -4.31437     0.00002     0.00000     0.00001     0.00000
    -4.31246     0.00002     0.00001     0.00001     0.00000
    -4.31056     0.00003     0.00001     0.00001     0.00001
    -4.30865     0.00004     0.00001     0.00002     0.00001
    -4.30675     0.00005     0.00001     0.00003     0.00001
    -4.30484     0.00006     0.00002     0.00003     0.00001
    -4.30294     0.00008     0.00002     0.00004     0.00001
    -4.30103     0.00010     0.00003     0.00006     0.00002
    -4.29913     0.00013     0.00003     0.00007     0.00003
    -4.29722     0.00017     0.00004     0.00009     0.00003
    -4.29532     0.00021     0.00005     0.00012     0.00005
    -4.29341     0.00027     0.00006     0.00015     0.00006
    -4.29151     0.00035     0.00008     0.00019     0.00008
    -4.28960     0.00044     0.00010     0.00024     0.00010
    -4.28770     0.00056     0.00012     0.00030     0.00014
    -4.28579     0.00070     0.00015     0.00038     0.00018
    -4.28389     0.00088     0.00018     0.00047     0.00023
    -4.28198     0.00110     0.00022     0.00059     0.00029
    -4.28008     0.00138     0.00027     0.00073     0.00038
    -4.27817     0.00171     0.00032     0.00090     0.00048
    -4.27627     0.00211     0.00039     0.00111     0.00061
    -4.27436     0.00260     0.00046     0.00137     0.00077
    -4.27246     0.00319     0.00055     0.00167     0.00097
    -4.27055     0.00390     0.00065     0.00204     0.00121
    -4.26865     0.00474     0.00077     0.00247     0.00150
    -4.26675     0.00575     0.00090     0.00299     0.00186
    -4.26484     0.00695     0.00105     0.00360     0.00230
    -4.26294     0.00837     0.00123     0.00432     0.00282
    -4.26103     0.01003     0.00142     0.00517     0.00344
    -4.25913     0.01198     0.00164     0.00615     0.00419
    -4.25722     0.01425     0.00189     0.00730     0.00506
    -4.25532     0.01688     0.00216     0.00862     0.00609
    -4.25341     0.01992     0.00247     0.01015     0.00730
    -4.25151     0.02341     0.00281     0.01190     0.00870
    -4.24960     0.02741     0.00318     0.01390     0.01033
    -4.24770     0.03195     0.00359     0.01617     0.01219
    -4.24579     0.03709     0.00403     0.01873     0.01433
    -4.24389     0.04288     0.00451     0.02161     0.01676
    -4.24198     0.04936     0.00503     0.02482     0.01951
    -4.24008     0.05659     0.00559     0.02840     0.02259
    -4.23817     0.06459     0.00619     0.03236     0.02604
    -4.23627     0.07342     0.00682     0.03672     0.02987
    -4.23436     0.08309     0.00750     0.04149     0.03410
    -4.23246     0.09363     0.00821     0.04667     0.03875
    -4.23055     0.10504     0.00895     0.05228     0.04381
    -4.22865     0.11733     0.00973     0.05831     0.04929
    -4.22674     0.13049     0.01053     0.06476     0.05520
    -4.22484     0.14447     0.01136     0.07160     0.06152
    -4.22293     0.15925     0.01221     0.07881     0.06823
    -4.22103     0.17475     0.01308     0.08637     0.07530
    -4.21913     0.19091     0.01395     0.09424     0.08272
    -4.21722     0.20763     0.01484     0.10236     0.09043
    -4.21532     0.22479     0.01572     0.11069     0.09839
    -4.21341     0.24229     0.01659     0.11915     0.10655
    -4.21151     0.25996     0.01745     0.12768     0.11484
    -4.20960     0.27767     0.01828     0.13620     0.12319
    -4.20770     0.29526     0.01909     0.14463     0.13153
    -4.20579     0.31255     0.01987     0.15289     0.13979
    -4.20389     0.32937     0.02060     0.16088     0.14789
    -4.20198     0.34555     0.02129     0.16851     0.15575
    -4.20008     0.36092     0.02192     0.17570     0.16329
    -4.19817     0.37532     0.02250     0.18236     0.17045
    -4.19627     0.38860     0.02302     0.18842     0.17716
    -4.19436     0.40061     0.02348     0.19378     0.18335
    -4.19246     0.41126     0.02388     0.19840     0.18899
    -4.19055     0.42043     0.02421     0.20220     0.19402
    -4.18865     0.42807     0.02448     0.20516     0.19844
    -4.18674     0.43413     0.02469     0.20723     0.20221
    -4.18484     0.43860     0.02485     0.20839     0.20536
    -4.18293     0.44150     0.02496     0.20865     0.20789
    -4.18103     0.44289     0.02503     0.20802     0.20984
    -4.17912     0.44284     0.02507     0.20651     0.21126
    -4.17722     0.44147     0.02508     0.20417     0.21221
    -4.17532     0.43891     0.02508     0.20106     0.21277
    -4.17341     0.43533     0.02509     0.19723     0.21302
    -4.17151     0.43092     0.02510     0.19277     0.21305
    -4.16960     0.42586     0.02513     0.18776     0.21297
    -4.16770     0.42038     0.02520     0.18230     0.21289
    -4.16579     0.41471     0.02531     0.17648     0.21292
    -4.16389     0.40905     0.02547     0.17042     0.21316
    -4.16198     0.40364     0.02570     0.16423     0.21372
    -4.16008     0.39870     0.02599     0.15800     0.21470
    -4.15817     0.39443     0.02636     0.15186     0.21620
    -4.15627     0.39102     0.02682     0.14590     0.21830
    -4.15436     0.38865     0.02735     0.14023     0.22107
    -4.15246     0.38748     0.02796     0.13495     0.22457
    -4.15055     0.38763     0.02865     0.13014     0.22884
    -4.14865     0.38922     0.02941     0.12589     0.23393
    -4.14674     0.39234     0.03023     0.12227     0.23984
    -4.14484     0.39704     0.03111     0.11935     0.24658
    -4.14293     0.40338     0.03203     0.11720     0.25414
    -4.14103     0.41136     0.03298     0.11587     0.26252
    -4.13912     0.42101     0.03394     0.11540     0.27166
    -4.13722     0.43230     0.03490     0.11584     0.28156
    -4.13531     0.44521     0.03585     0.11720     0.29215
    -4.13341     0.45970     0.03677     0.11953     0.30340
    -4.13150     0.47573     0.03764     0.12283     0.31526
    -4.12960     0.49326     0.03844     0.12712     0.32769
    -4.12770     0.51222     0.03917     0.13241     0.34063
    -4.12579     0.53257     0.03982     0.13869     0.35406
    -4.12389     0.55426     0.04037     0.14596     0.36793
    -4.12198     0.57721     0.04081     0.15420     0.38221
    -4.12008     0.60139     0.04114     0.16338     0.39687
    -4.11817     0.62673     0.04137     0.17347     0.41189
    -4.11627     0.65316     0.04148     0.18443     0.42725
    -4.11436     0.68062     0.04149     0.19621     0.44293
    -4.11246     0.70904     0.04140     0.20873     0.45891
    -4.11055     0.73832     0.04122     0.22194     0.47516
    -4.10865     0.76836     0.04095     0.23573     0.49168
    -4.10674     0.79904     0.04063     0.25000     0.50841
    -4.10484     0.83023     0.04025     0.26465     0.52534
    -4.10293     0.86177     0.03983     0.27954     0.54240
    -4.10103     0.89347     0.03939     0.29454     0.55954
    -4.09912     0.92514     0.03895     0.30950     0.57668
    -4.09722     0.95653     0.03852     0.32428     0.59373
    -4.09531     0.98739     0.03812     0.33870     0.61058
    -4.09341     1.01747     0.03775     0.35259     0.62713
    -4.09150     1.04646     0.03743     0.36581     0.64322
    -4.08960     1.07406     0.03717     0.37817     0.65872
    -4.08769     1.09996     0.03698     0.38952     0.67346
    -4.08579     1.12384     0.03685     0.39970     0.68728
    -4.08388     1.14539     0.03679     0.40858     0.70001
    -4.08198     1.16431     0.03680     0.41603     0.71148
    -4.08008     1.18030     0.03687     0.42192     0.72150
    -4.07817     1.19311     0.03700     0.42619     0.72992
    -4.07627     1.20249     0.03717     0.42874     0.73658
    -4.07436     1.20825     0.03737     0.42955     0.74133
    -4.07246     1.21021     0.03759     0.42857     0.74405
    -4.07055     1.20827     0.03782     0.42583     0.74462
    -4.06865     1.20234     0.03803     0.42134     0.74298
    -4.06674     1.19242     0.03821     0.41516     0.73905
    -4.06484     1.17852     0.03834     0.40736     0.73281
    -4.06293     1.16073     0.03842     0.39804     0.72427
    -4.06103     1.13918     0.03842     0.38731     0.71344
    -4.05912     1.11403     0.03833     0.37531     0.70040
    -4.05722     1.08553     0.03813     0.36218     0.68521
    -4.05531     1.05391     0.03783     0.34807     0.66801
    -4.05341     1.01947     0.03741     0.33315     0.64891
    -4.05150     0.98254     0.03687     0.31758     0.62809
    -4.04960     0.94345     0.03620     0.30152     0.60573
    -4.04769     0.90256     0.03542     0.28514     0.58201
    -4.04579     0.86025     0.03451     0.26860     0.55714
    -4.04388     0.81687     0.03349     0.25204     0.53134
    -4.04198     0.77279     0.03236     0.23560     0.50483
    -4.04007     0.72837     0.03114     0.21941     0.47782
    -4.03817     0.68394     0.02983     0.20358     0.45053
    -4.03626     0.63984     0.02845     0.18821     0.42318
    -4.03436     0.59636     0.02701     0.17339     0.39596
    -4.03246     0.55376     0.02552     0.15918     0.36906
    -4.03055     0.51231     0.02401     0.14564     0.34265
    -4.02865     0.47220     0.02248     0.13282     0.31690
    -4.02674     0.43362     0.02095     0.12073     0.29194
    -4.02484     0.39672     0.01943     0.10939     0.26790
    -4.02293     0.36163     0.01794     0.09882     0.24488
    -4.02103     0.32843     0.01648     0.08900     0.22295
    -4.01912     0.29718     0.01507     0.07992     0.20220
    -4.01722     0.26793     0.01371     0.07156     0.18266
    -4.01531     0.24067     0.01241     0.06389     0.16436
    -4.01341     0.21540     0.01119     0.05690     0.14732
    -4.01150     0.19209     0.01003     0.05053     0.13153
    -4.00960     0.17068     0.00895     0.04475     0.11698
    -4.00769     0.15113     0.00795     0.03954     0.10364
    -4.00579     0.13335     0.00703     0.03484     0.09148
    -4.00388     0.11726     0.00618     0.03062     0.08045
    -4.00198     0.10277     0.00541     0.02685     0.07051
    -4.00007     0.08979     0.00471     0.02349     0.06159
    -3.99817     0.07823     0.00408     0.02050     0.05365
    -3.99626     0.06799     0.00352     0.01785     0.04661
    -3.99436     0.05898     0.00302     0.01552     0.04043
    -3.99245     0.05110     0.00258     0.01347     0.03505
    -3.99055     0.04427     0.00220     0.01167     0.03041
    -3.98864     0.03841     0.00186     0.01010     0.02645
    -3.98674     0.03345     0.00156     0.00875     0.02313
    -3.98484     0.02931     0.00131     0.00759     0.02041
    -3.98293     0.02594     0.00109     0.00660     0.01825
    -3.98103     0.02329     0.00090     0.00576     0.01662
    -3.97912     0.02131     0.00075     0.00507     0.01548
    -3.97722     0.01996     0.00061     0.00452     0.01483
    -3.97531     0.01922     0.00050     0.00408     0.01464
    -3.97341     0.01907     0.00041     0.00376     0.01491
    -3.97150     0.01950     0.00033     0.00354     0.01562
    -3.96960     0.02049     0.00027     0.00343     0.01680
    -3.96769     0.02205     0.00021     0.00340     0.01843
    -3.96579     0.02418     0.00017     0.00347     0.02053
    -3.96388     0.02689     0.00013     0.00363     0.02312
    -3.96198     0.03019     0.00011     0.00388     0.02621
    -3.96007     0.03410     0.00008     0.00421     0.02981
    -3.95817     0.03863     0.00007     0.00463     0.03394
    -3.95626     0.04380     0.00005     0.00512     0.03862
    -3.95436     0.04961     0.00004     0.00571     0.04386
    -3.95245     0.05608     0.00003     0.00637     0.04968
    -3.95055     0.06320     0.00002     0.00711     0.05607
    -3.94864     0.07099     0.00002     0.00794     0.06303
    -3.94674     0.07942     0.00001     0.00884     0.07056
    -3.94483     0.08847     0.00001     0.00982     0.07865
    -3.94293     0.09813     0.00001     0.01086     0.08726
    -3.94103     0.10834     0.00001     0.01197     0.09636
    -3.93912     0.11905     0.00000     0.01314     0.10591
    -3.93722     0.13021     0.00000     0.01436     0.11585
    -3.93531     0.14173     0.00000     0.01562     0.12611
    -3.93341     0.15354     0.00000     0.01691     0.13662
    -3.93150     0.16551     0.00000     0.01822     0.14729
    -3.92960     0.17756     0.00000     0.01955     0.15802
    -3.92769     0.18956     0.00000     0.02086     0.16870
    -3.92579     0.20139     0.00000     0.02216     0.17922
    -3.92388     0.21291     0.00000     0.02343     0.18948
    -3.92198     0.22399     0.00000     0.02465     0.19934
    -3.92007     0.23449     0.00000     0.02580     0.20869
    -3.91817     0.24429     0.00000     0.02688     0.21741
    -3.91626     0.25326     0.00000     0.02787     0.22540
    -3.91436     0.26127     0.00000     0.02875     0.23253
    -3.91245     0.26822     0.00000     0.02951     0.23871
    -3.91055     0.27401     0.00000     0.03015     0.24387
    -3.90864     0.27856     0.00000     0.03065     0.24791
    -3.90674     0.28180     0.00000     0.03100     0.25079
    -3.90483     0.28368     0.00000     0.03121     0.25247
    -3.90293     0.28418     0.00000     0.03127     0.25291
    -3.90102     0.28328     0.00000     0.03117     0.25212
    -3.89912     0.28101     0.00000     0.03092     0.25010
    -3.89721     0.27740     0.00000     0.03052     0.24688
    -3.89531     0.27249     0.00000     0.02998     0.24251
    -3.89341     0.26637     0.00000     0.02931     0.23706
    -3.89150     0.25910     0.00000     0.02851     0.23060
    -3.88960     0.25081     0.00000     0.02759     0.22321
    -3.88769     0.24159     0.00000     0.02658     0.21501
    -3.88579     0.23157     0.00000     0.02548     0.20609
    -3.88388     0.22089     0.00000     0.02430     0.19658
    -3.88198     0.20966     0.00000     0.02307     0.18660
    -3.88007     0.19804     0.00000     0.02179     0.17625
    -3.87817     0.18614     0.00000     0.02048     0.16566
    -3.87626     0.17411     0.00000     0.01916     0.15495
    -3.87436     0.16206     0.00000     0.01783     0.14423
    -3.87245     0.15010     0.00000     0.01651     0.13358
    -3.87055     0.13835     0.00000     0.01522     0.12312
    -3.86864     0.12689     0.00000     0.01396     0.11293
    -3.86674     0.11581     0.00000     0.01274     0.10307
    -3.86483     0.10519     0.00000     0.01157     0.09362
    -3.86293     0.09507     0.00000     0.01046     0.08461
    -3.86102     0.08551     0.00000     0.00941     0.07610
    -3.85912     0.07654     0.00000     0.00842     0.06812
    -3.85721     0.06818     0.00000     0.00750     0.06067
    -3.85531     0.06043     0.00000     0.00665     0.05378
    -3.85340     0.05331     0.00000     0.00587     0.04744
    -3.85150     0.04681     0.00000     0.00515     0.04165
    -3.84959     0.04091     0.00000     0.00451     0.03640
    -3.84769     0.03559     0.00000     0.00392     0.03167
    -3.84579     0.03083     0.00000     0.00340     0.02743
    -3.84388     0.02660     0.00000     0.00294     0.02366
    -3.84198     0.02287     0.00000     0.00253     0.02033
    -3.84007     0.01960     0.00000     0.00218     0.01742
    -3.83817     0.01678     0.00000     0.00188     0.01490
    -3.83626     0.01436     0.00000     0.00162     0.01274
    -3.83436     0.01232     0.00000     0.00140     0.01092
    -3.83245     0.01063     0.00000     0.00123     0.00940
    -3.83055     0.00928     0.00000     0.00109     0.00818
    -3.82864     0.00823     0.00000     0.00100     0.00724
    -3.82674     0.00749     0.00000     0.00094     0.00655
    -3.82483     0.00704     0.00000     0.00092     0.00613
    -3.82293     0.00688     0.00000     0.00093     0.00595
    -3.82102     0.00702     0.00000     0.00098     0.00604
    -3.81912     0.00747     0.00000     0.00108     0.00639
    -3.81721     0.00824     0.00000     0.00122     0.00703
    -3.81531     0.00937     0.00000     0.00140     0.00797
    -3.81340     0.01089     0.00000     0.00164     0.00925
    -3.81150     0.01284     0.00000     0.00194     0.01091
    -3.80959     0.01529     0.00000     0.00230     0.01298
    -3.80769     0.01828     0.00000     0.00274     0.01554
    -3.80578     0.02189     0.00000     0.00326     0.01863
    -3.80388     0.02620     0.00000     0.00387     0.02233
    -3.80197     0.03130     0.00000     0.00459     0.02672
    -3.80007     0.03729     0.00000     0.00542     0.03187
    -3.79817     0.04427     0.00000     0.00637     0.03790
    -3.79626     0.05235     0.00000     0.00747     0.04488
    -3.79436     0.06164     0.00000     0.00871     0.05293
    -3.79245     0.07228     0.00000     0.01012     0.06215
    -3.79055     0.08437     0.00000     0.01171     0.07266
    -3.78864     0.09804     0.00000     0.01349     0.08455
    -3.78674     0.11340     0.00000     0.01546     0.09794
    -3.78483     0.13058     0.00000     0.01764     0.11293
    -3.78293     0.14966     0.00000     0.02005     0.12961
    -3.78102     0.17073     0.00000     0.02267     0.14806
    -3.77912     0.19387     0.00000     0.02553     0.16834
    -3.77721     0.21913     0.00000     0.02862     0.19051
    -3.77531     0.24652     0.00000     0.03194     0.21459
    -3.77340     0.27605     0.00000     0.03548     0.24057
    -3.77150     0.30768     0.00000     0.03924     0.26844
    -3.76959     0.34133     0.00000     0.04320     0.29813
    -3.76769     0.37689     0.00000     0.04735     0.32954
    -3.76578     0.41422     0.00000     0.05166     0.36256
    -3.76388     0.45312     0.00000     0.05612     0.39700
    -3.76197     0.49336     0.00000     0.06069     0.43266
    -3.76007     0.53466     0.00000     0.06534     0.46931
    -3.75816     0.57670     0.00000     0.07004     0.50666
    -3.75626     0.61914     0.00000     0.07474     0.54441
    -3.75435     0.66160     0.00000     0.07940     0.58220
    -3.75245     0.70365     0.00000     0.08398     0.61967
    -3.75055     0.74486     0.00000     0.08843     0.65644
    -3.74864     0.78480     0.00000     0.09270     0.69210
    -3.74674     0.82299     0.00000     0.09675     0.72624
    -3.74483     0.85899     0.00000     0.10054     0.75845
    -3.74293     0.89236     0.00000     0.10401     0.78835
    -3.74102     0.92267     0.00000     0.10714     0.81553
    -3.73912     0.94952     0.00000     0.10987     0.83965
    -3.73721     0.97256     0.00000     0.11218     0.86038
    -3.73531     0.99148     0.00000     0.11404     0.87743
    -3.73340     1.00601     0.00000     0.11543     0.89057
    -3.73150     1.01594     0.00000     0.11633     0.89961
    -3.72959     1.02115     0.00000     0.11673     0.90442
    -3.72769     1.02155     0.00000     0.11662     0.90493
    -3.72578     1.01714     0.00000     0.11601     0.90113
    -3.72388     1.00797     0.00000     0.11490     0.89307
    -3.72197     0.99419     0.00000     0.11332     0.88087
    -3.72007     0.97597     0.00000     0.11128     0.86469
    -3.71816     0.95358     0.00000     0.10882     0.84476
    -3.71626     0.92731     0.00000     0.10595     0.82135
    -3.71435     0.89751     0.00000     0.10273     0.79479
    -3.71245     0.86459     0.00000     0.09918     0.76541
    -3.71054     0.82895     0.00000     0.09535     0.73360
    -3.70864     0.79104     0.00001     0.09129     0.69975
    -3.70674     0.75132     0.00001     0.08703     0.66428
    -3.70483     0.71024     0.00001     0.08263     0.62760
    -3.70293     0.66826     0.00001     0.07814     0.59011
    -3.70102     0.62582     0.00002     0.07358     0.55222
    -3.69912     0.58335     0.00002     0.06902     0.51431
    -3.69721     0.54122     0.00003     0.06448     0.47672
    -3.69531     0.49982     0.00003     0.06001     0.43978
    -3.69340     0.45947     0.00004     0.05563     0.40380
    -3.69150     0.42046     0.00005     0.05139     0.36902
    -3.68959     0.38304     0.00007     0.04730     0.33567
    -3.68769     0.34742     0.00009     0.04340     0.30394
    -3.68578     0.31377     0.00011     0.03970     0.27396
    -3.68388     0.28221     0.00013     0.03623     0.24586
    -3.68197     0.25285     0.00016     0.03298     0.21971
    -3.68007     0.22573     0.00019     0.02999     0.19555
    -3.67816     0.20090     0.00023     0.02725     0.17341
    -3.67626     0.17833     0.00028     0.02477     0.15328
    -3.67435     0.15802     0.00034     0.02256     0.13513
    -3.67245     0.13992     0.00041     0.02061     0.11891
    -3.67054     0.12397     0.00048     0.01893     0.10456
    -3.66864     0.11010     0.00057     0.01752     0.09201
    -3.66673     0.09823     0.00067     0.01637     0.08119
    -3.66483     0.08828     0.00079     0.01548     0.07201
    -3.66292     0.08015     0.00092     0.01485     0.06438
    -3.66102     0.07377     0.00106     0.01448     0.05823
    -3.65912     0.06904     0.00123     0.01435     0.05347
    -3.65721     0.06589     0.00141     0.01447     0.05002
    -3.65531     0.06423     0.00161     0.01482     0.04781
    -3.65340     0.06400     0.00183     0.01540     0.04676
    -3.65150     0.06510     0.00207     0.01620     0.04683
    -3.64959     0.06749     0.00234     0.01721     0.04794
    -3.64769     0.07109     0.00262     0.01843     0.05004
    -3.64578     0.07584     0.00292     0.01983     0.05309
    -3.64388     0.08168     0.00324     0.02141     0.05702
    -3.64197     0.08853     0.00358     0.02315     0.06180
    -3.64007     0.09634     0.00394     0.02504     0.06736
    -3.63816     0.10503     0.00431     0.02705     0.07367
    -3.63626     0.11453     0.00469     0.02917     0.08067
    -3.63435     0.12474     0.00508     0.03137     0.08830
    -3.63245     0.13559     0.00547     0.03363     0.09649
    -3.63054     0.14697     0.00587     0.03592     0.10518
    -3.62864     0.15878     0.00626     0.03822     0.11429
    -3.62673     0.17089     0.00665     0.04050     0.12374
    -3.62483     0.18319     0.00703     0.04273     0.13343
    -3.62292     0.19555     0.00740     0.04488     0.14327
    -3.62102     0.20783     0.00774     0.04693     0.15316
    -3.61911     0.21989     0.00806     0.04884     0.16299
    -3.61721     0.23159     0.00836     0.05059     0.17265
    -3.61530     0.24278     0.00862     0.05215     0.18201
    -3.61340     0.25332     0.00884     0.05350     0.19097
    -3.61150     0.26308     0.00903     0.05463     0.19941
    -3.60959     0.27192     0.00918     0.05551     0.20723
    -3.60769     0.27972     0.00928     0.05613     0.21431
    -3.60578     0.28638     0.00934     0.05648     0.22056
    -3.60388     0.29180     0.00936     0.05656     0.22588
    -3.60197     0.29590     0.00932     0.05636     0.23022
    -3.60007     0.29863     0.00925     0.05589     0.23349
    -3.59816     0.29994     0.00913     0.05515     0.23566
    -3.59626     0.29981     0.00896     0.05416     0.23669
    -3.59435     0.29825     0.00876     0.05293     0.23656
    -3.59245     0.29527     0.00852     0.05147     0.23529
    -3.59054     0.29092     0.00824     0.04981     0.23288
    -3.58864     0.28527     0.00794     0.04796     0.22937
    -3.58673     0.27837     0.00760     0.04596     0.22481
    -3.58483     0.27035     0.00725     0.04382     0.21927
    -3.58292     0.26129     0.00688     0.04159     0.21282
    -3.58102     0.25132     0.00650     0.03927     0.20555
    -3.57911     0.24057     0.00611     0.03690     0.19757
    -3.57721     0.22918     0.00571     0.03450     0.18896
    -3.57530     0.21727     0.00531     0.03211     0.17985
    -3.57340     0.20500     0.00492     0.02973     0.17035
    -3.57149     0.19248     0.00453     0.02739     0.16056
    -3.56959     0.17986     0.00416     0.02512     0.15059
    -3.56768     0.16726     0.00379     0.02292     0.14056
    -3.56578     0.15480     0.00344     0.02081     0.13055
    -3.56388     0.14257     0.00311     0.01880     0.12066
    -3.56197     0.13068     0.00280     0.01690     0.11098
    -3.56007     0.11920     0.00250     0.01512     0.10157
    -3.55816     0.10821     0.00223     0.01347     0.09251
    -3.55626     0.09776     0.00197     0.01193     0.08385
    -3.55435     0.08789     0.00174     0.01052     0.07563
    -3.55245     0.07863     0.00153     0.00923     0.06788
    -3.55054     0.07002     0.00133     0.00806     0.06062
    -3.54864     0.06204     0.00116     0.00700     0.05388
    -3.54673     0.05471     0.00100     0.00605     0.04766
    -3.54483     0.04801     0.00086     0.00521     0.04195
    -3.54292     0.04193     0.00074     0.00446     0.03674
    -3.54102     0.03645     0.00063     0.00380     0.03202
    -3.53911     0.03153     0.00053     0.00322     0.02777
    -3.53721     0.02714     0.00045     0.00272     0.02397
    -3.53530     0.02326     0.00038     0.00228     0.02060
    -3.53340     0.01983     0.00032     0.00191     0.01761
    -3.53149     0.01683     0.00026     0.00159     0.01498
    -3.52959     0.01423     0.00022     0.00132     0.01269
    -3.52768     0.01197     0.00018     0.00109     0.01071
    -3.52578     0.01003     0.00015     0.00089     0.00899
    -3.52387     0.00838     0.00012     0.00073     0.00753
    -3.52197     0.00698     0.00010     0.00060     0.00628
    -3.52006     0.00581     0.00008     0.00050     0.00524
    -3.51816     0.00484     0.00006     0.00041     0.00437
    -3.51626     0.00405     0.00005     0.00035     0.00365
    -3.51435     0.00341     0.00004     0.00030     0.00308
    -3.51245     0.00292     0.00003     0.00026     0.00263
    -3.51054     0.00256     0.00003     0.00024     0.00229
    -3.50864     0.00232     0.00002     0.00023     0.00206
    -3.50673     0.00218     0.00002     0.00024     0.00193
    -3.50483     0.00216     0.00001     0.00026     0.00189
    -3.50292     0.00224     0.00001     0.00029     0.00194
    -3.50102     0.00244     0.00001     0.00034     0.00209
    -3.49911     0.00275     0.00001     0.00040     0.00234
    -3.49721     0.00318     0.00001     0.00048     0.00269
    -3.49530     0.00375     0.00001     0.00058     0.00316
    -3.49340     0.00447     0.00001     0.00070     0.00376
    -3.49149     0.00536     0.00001     0.00085     0.00450
    -3.48959     0.00644     0.00001     0.00103     0.00540
    -3.48768     0.00773     0.00001     0.00124     0.00648
    -3.48578     0.00927     0.00002     0.00149     0.00776
    -3.48387     0.01108     0.00002     0.00178     0.00927
    -3.48197     0.01319     0.00003     0.00212     0.01104
    -3.48006     0.01564     0.00004     0.00252     0.01308
    -3.47816     0.01847     0.00005     0.00297     0.01545
    -3.47625     0.02171     0.00007     0.00349     0.01815
    -3.47435     0.02540     0.00009     0.00407     0.02124
    -3.47244     0.02957     0.00011     0.00473     0.02473
    -3.47054     0.03428     0.00014     0.00547     0.02866
    -3.46864     0.03954     0.00018     0.00630     0.03306
    -3.46673     0.04540     0.00023     0.00721     0.03796
    -3.46483     0.05189     0.00029     0.00822     0.04338
    -3.46292     0.05902     0.00036     0.00932     0.04935
    -3.46102     0.06682     0.00044     0.01051     0.05587
    -3.45911     0.07531     0.00055     0.01180     0.06296
    -3.45721     0.08447     0.00067     0.01318     0.07062
    -3.45530     0.09432     0.00083     0.01465     0.07885
    -3.45340     0.10483     0.00101     0.01620     0.08763
    -3.45149     0.11599     0.00122     0.01782     0.09695
    -3.44959     0.12776     0.00147     0.01951     0.10678
    -3.44768     0.14009     0.00177     0.02124     0.11708
    -3.44578     0.15293     0.00211     0.02302     0.12780
    -3.44387     0.16622     0.00251     0.02481     0.13890
    -3.44197     0.17987     0.00297     0.02661     0.15029
    -3.44006     0.19380     0.00350     0.02838     0.16192
    -3.43816     0.20793     0.00410     0.03012     0.17371
    -3.43625     0.22215     0.00478     0.03180     0.18557
    -3.43435     0.23636     0.00554     0.03340     0.19742
    -3.43244     0.25045     0.00640     0.03489     0.20916
    -3.43054     0.26431     0.00735     0.03625     0.22071
    -3.42863     0.27784     0.00840     0.03746     0.23197
    -3.42673     0.29092     0.00956     0.03850     0.24286
    -3.42483     0.30346     0.01082     0.03935     0.25329
    -3.42292     0.31536     0.01219     0.03999     0.26318
    -3.42102     0.32652     0.01366     0.04042     0.27245
    -3.41911     0.33687     0.01524     0.04061     0.28103
    -3.41721     0.34634     0.01692     0.04056     0.28887
    -3.41530     0.35485     0.01868     0.04026     0.29591
    -3.41340     0.36237     0.02054     0.03972     0.30211
    -3.41149     0.36884     0.02247     0.03895     0.30743
    -3.40959     0.37424     0.02445     0.03793     0.31186
    -3.40768     0.37856     0.02649     0.03670     0.31537
    -3.40578     0.38177     0.02855     0.03526     0.31796
    -3.40387     0.38387     0.03063     0.03363     0.31962
    -3.40197     0.38489     0.03269     0.03182     0.32038
    -3.40006     0.38483     0.03472     0.02988     0.32023
    -3.39816     0.38371     0.03670     0.02781     0.31921
    -3.39625     0.38157     0.03860     0.02564     0.31733
    -3.39435     0.37843     0.04040     0.02341     0.31462
    -3.39244     0.37434     0.04208     0.02114     0.31112
    -3.39054     0.36933     0.04361     0.01886     0.30686
    -3.38863     0.36345     0.04498     0.01659     0.30189
    -3.38673     0.35675     0.04617     0.01436     0.29623
    -3.38482     0.34928     0.04715     0.01219     0.28994
    -3.38292     0.34110     0.04792     0.01011     0.28306
    -3.38101     0.33225     0.04847     0.00813     0.27565
    -3.37911     0.32280     0.04878     0.00628     0.26774
    -3.37721     0.31282     0.04885     0.00457     0.25940
    -3.37530     0.30237     0.04869     0.00300     0.25068
    -3.37340     0.29153     0.04828     0.00159     0.24165
    -3.37149     0.28037     0.04765     0.00035     0.23237
    -3.36959     0.26897     0.04680    -0.00073     0.22290
    -3.36768     0.25742     0.04573    -0.00163     0.21331
    -3.36578     0.24580     0.04447    -0.00237     0.20369
    -3.36387     0.23421     0.04304    -0.00294     0.19411
    -3.36197     0.22275     0.04145    -0.00335     0.18465
    -3.36006     0.21150     0.03972    -0.00360     0.17539
    -3.35816     0.20058     0.03788    -0.00370     0.16641
    -3.35625     0.19008     0.03594    -0.00366     0.15779
    -3.35435     0.18009     0.03394    -0.00348     0.14963
    -3.35244     0.17072     0.03189    -0.00317     0.14200
    -3.35054     0.16206     0.02983    -0.00274     0.13498
    -3.34863     0.15420     0.02775    -0.00219     0.12864
    -3.34673     0.14722     0.02570    -0.00154     0.12306
    -3.34482     0.14119     0.02368    -0.00078     0.11829
    -3.34292     0.13618     0.02171     0.00007     0.11440
    -3.34101     0.13226     0.01981     0.00101     0.11143
    -3.33911     0.12946     0.01799     0.00204     0.10943
    -3.33720     0.12782     0.01626     0.00315     0.10841
    -3.33530     0.12735     0.01462     0.00434     0.10840
    -3.33339     0.12807     0.01308     0.00560     0.10939
    -3.33149     0.12997     0.01165     0.00693     0.11140
    -3.32959     0.13301     0.01032     0.00832     0.11438
    -3.32768     0.13716     0.00910     0.00976     0.11830
    -3.32578     0.14237     0.00798     0.01125     0.12313
    -3.32387     0.14855     0.00697     0.01279     0.12879
    -3.32197     0.15562     0.00606     0.01436     0.13521
    -3.32006     0.16349     0.00524     0.01596     0.14230
    -3.31816     0.17203     0.00450     0.01757     0.14996
    -3.31625     0.18112     0.00386     0.01918     0.15808
    -3.31435     0.19061     0.00329     0.02079     0.16654
    -3.31244     0.20037     0.00279     0.02237     0.17521
    -3.31054     0.21023     0.00235     0.02392     0.18396
    -3.30863     0.22004     0.00197     0.02541     0.19266
    -3.30673     0.22964     0.00165     0.02684     0.20115
    -3.30482     0.23886     0.00137     0.02818     0.20931
    -3.30292     0.24756     0.00113     0.02943     0.21700
    -3.30101     0.25559     0.00093     0.03057     0.22408
    -3.29911     0.26280     0.00076     0.03159     0.23045
    -3.29720     0.26907     0.00062     0.03246     0.23598
    -3.29530     0.27428     0.00051     0.03319     0.24058
    -3.29339     0.27835     0.00041     0.03377     0.24417
    -3.29149     0.28119     0.00033     0.03418     0.24668
    -3.28958     0.28274     0.00026     0.03442     0.24806
    -3.28768     0.28297     0.00021     0.03449     0.24827
    -3.28577     0.28186     0.00017     0.03439     0.24731
    -3.28387     0.27943     0.00013     0.03412     0.24518
    -3.28197     0.27569     0.00011     0.03368     0.24190
    -3.28006     0.27069     0.00009     0.03309     0.23752
    -3.27816     0.26450     0.00007     0.03234     0.23209
    -3.27625     0.25721     0.00006     0.03146     0.22569
    -3.27435     0.24890     0.00005     0.03045     0.21840
    -3.27244     0.23970     0.00005     0.02933     0.21032
    -3.27054     0.22971     0.00005     0.02811     0.20155
    -3.26863     0.21908     0.00005     0.02681     0.19221
    -3.26673     0.20792     0.00006     0.02545     0.18241
    -3.26482     0.19638     0.00007     0.02404     0.17227
    -3.26292     0.18457     0.00008     0.02259     0.16190
    -3.26101     0.17264     0.00011     0.02113     0.15141
    -3.25911     0.16071     0.00013     0.01967     0.14091
    -3.25720     0.14888     0.00017     0.01822     0.13049
    -3.25530     0.13727     0.00021     0.01680     0.12027
    -3.25339     0.12598     0.00026     0.01541     0.11030
    -3.25149     0.11507     0.00033     0.01408     0.10067
    -3.24958     0.10464     0.00041     0.01279     0.09143
    -3.24768     0.09473     0.00051     0.01158     0.08264
    -3.24577     0.08540     0.00063     0.01043     0.07434
    -3.24387     0.07668     0.00077     0.00936     0.06655
    -3.24196     0.06861     0.00095     0.00836     0.05930
    -3.24006     0.06119     0.00116     0.00744     0.05259
    -3.23815     0.05443     0.00140     0.00660     0.04643
    -3.23625     0.04834     0.00169     0.00585     0.04080
    -3.23435     0.04290     0.00203     0.00517     0.03570
    -3.23244     0.03810     0.00243     0.00456     0.03111
    -3.23054     0.03393     0.00288     0.00403     0.02701
    -3.22863     0.03035     0.00341     0.00357     0.02337
    -3.22673     0.02736     0.00402     0.00318     0.02016
    -3.22482     0.02492     0.00471     0.00286     0.01736
    -3.22292     0.02300     0.00549     0.00259     0.01492
    -3.22101     0.02159     0.00637     0.00238     0.01283
    -3.21911     0.02064     0.00736     0.00223     0.01105
    -3.21720     0.02015     0.00845     0.00213     0.00956
    -3.21530     0.02007     0.00967     0.00209     0.00831
    -3.21339     0.02039     0.01100     0.00208     0.00730
    -3.21149     0.02108     0.01246     0.00213     0.00649
    -3.20958     0.02213     0.01404     0.00222     0.00587
    -3.20768     0.02350     0.01575     0.00235     0.00540
    -3.20577     0.02518     0.01758     0.00252     0.00508
    -3.20387     0.02714     0.01953     0.00274     0.00488
    -3.20196     0.02938     0.02158     0.00300     0.00480
    -3.20006     0.03185     0.02374     0.00330     0.00481
    -3.19815     0.03455     0.02599     0.00365     0.00491
    -3.19625     0.03745     0.02832     0.00404     0.00509
    -3.19434     0.04054     0.03071     0.00449     0.00534
    -3.19244     0.04379     0.03314     0.00499     0.00565
    -3.19054     0.04718     0.03560     0.00555     0.00603
    -3.18863     0.05069     0.03806     0.00618     0.00645
    -3.18673     0.05431     0.04050     0.00689     0.00693
    -3.18482     0.05802     0.04289     0.00767     0.00746
    -3.18292     0.06180     0.04522     0.00854     0.00804
    -3.18101     0.06564     0.04745     0.00952     0.00868
    -3.17911     0.06954     0.04957     0.01060     0.00937
    -3.17720     0.07347     0.05155     0.01181     0.01011
    -3.17530     0.07745     0.05337     0.01316     0.01092
    -3.17339     0.08146     0.05501     0.01465     0.01180
    -3.17149     0.08553     0.05646     0.01632     0.01275
    -3.16958     0.08964     0.05771     0.01816     0.01377
    -3.16768     0.09382     0.05873     0.02019     0.01489
    -3.16577     0.09807     0.05954     0.02244     0.01610
    -3.16387     0.10243     0.06012     0.02491     0.01740
    -3.16196     0.10690     0.06048     0.02761     0.01882
    -3.16006     0.11151     0.06061     0.03055     0.02035
    -3.15815     0.11629     0.06054     0.03374     0.02200
    -3.15625     0.12124     0.06026     0.03719     0.02378
    -3.15434     0.12640     0.05980     0.04090     0.02569
    -3.15244     0.13177     0.05917     0.04486     0.02773
    -3.15053     0.13737     0.05839     0.04907     0.02990
    -3.14863     0.14320     0.05749     0.05351     0.03220
    -3.14672     0.14926     0.05647     0.05817     0.03462
    -3.14482     0.15555     0.05537     0.06302     0.03715
    -3.14292     0.16204     0.05421     0.06804     0.03979
    -3.14101     0.16871     0.05301     0.07318     0.04252
    -3.13911     0.17552     0.05179     0.07841     0.04532
    -3.13720     0.18243     0.05057     0.08369     0.04817
    -3.13530     0.18938     0.04938     0.08895     0.05104
    -3.13339     0.19630     0.04823     0.09415     0.05392
    -3.13149     0.20314     0.04714     0.09923     0.05677
    -3.12958     0.20980     0.04612     0.10413     0.05956
    -3.12768     0.21622     0.04518     0.10878     0.06226
    -3.12577     0.22231     0.04435     0.11312     0.06484
    -3.12387     0.22797     0.04362     0.11709     0.06726
    -3.12196     0.23314     0.04302     0.12063     0.06949
    -3.12006     0.23773     0.04254     0.12368     0.07151
    -3.11815     0.24167     0.04220     0.12619     0.07328
    -3.11625     0.24489     0.04200     0.12812     0.07477
    -3.11434     0.24734     0.04195     0.12942     0.07597
    -3.11244     0.24897     0.04206     0.13005     0.07685
    -3.11053     0.24974     0.04233     0.13001     0.07740
    -3.10863     0.24964     0.04278     0.12927     0.07760
    -3.10672     0.24866     0.04339     0.12782     0.07745
    -3.10482     0.24681     0.04419     0.12568     0.07695
    -3.10291     0.24411     0.04516     0.12285     0.07610
    -3.10101     0.24059     0.04633     0.11935     0.07491
    -3.09910     0.23630     0.04768     0.11523     0.07340
    -3.09720     0.23130     0.04921     0.11051     0.07158
    -3.09530     0.22565     0.05093     0.10526     0.06947
    -3.09339     0.21944     0.05282     0.09951     0.06711
    -3.09149     0.21273     0.05488     0.09334     0.06451
    -3.08958     0.20561     0.05709     0.08681     0.06171
    -3.08768     0.19817     0.05944     0.07998     0.05874
    -3.08577     0.19049     0.06192     0.07294     0.05564
    -3.08387     0.18266     0.06448     0.06574     0.05244
    -3.08196     0.17475     0.06712     0.05846     0.04917
    -3.08006     0.16684     0.06980     0.05118     0.04587
    -3.07815     0.15900     0.07248     0.04395     0.04256
    -3.07625     0.15128     0.07513     0.03686     0.03929
    -3.07434     0.14373     0.07772     0.02994     0.03607
    -3.07244     0.13640     0.08020     0.02327     0.03293
    -3.07053     0.12931     0.08253     0.01689     0.02989
    -3.06863     0.12250     0.08467     0.01085     0.02698
    -3.06672     0.11597     0.08659     0.00518     0.02420
    -3.06482     0.10975     0.08826    -0.00008     0.02158
    -3.06291     0.10382     0.08963    -0.00492     0.01911
    -3.06101     0.09819     0.09067    -0.00930     0.01681
    -3.05910     0.09284     0.09138    -0.01322     0.01468
    -3.05720     0.08776     0.09171    -0.01667     0.01272
    -3.05529     0.08294     0.09166    -0.01966     0.01093
    -3.05339     0.07835     0.09122    -0.02219     0.00931
    -3.05148     0.07398     0.09040    -0.02427     0.00786
    -3.04958     0.06982     0.08918    -0.02592     0.00656
    -3.04768     0.06583     0.08759    -0.02716     0.00540
    -3.04577     0.06201     0.08563    -0.02802     0.00439
    -3.04387     0.05834     0.08334    -0.02851     0.00351
    -3.04196     0.05480     0.08073    -0.02867     0.00274
    -3.04006     0.05140     0.07785    -0.02854     0.00209
    -3.03815     0.04811     0.07471    -0.02814     0.00154
    -3.03625     0.04493     0.07136    -0.02750     0.00107
    -3.03434     0.04186     0.06784    -0.02667     0.00069
    -3.03244     0.03890     0.06418    -0.02566     0.00038
    -3.03053     0.03605     0.06043    -0.02452     0.00013
    -3.02863     0.03330     0.05663    -0.02327    -0.00007
    -3.02672     0.03067     0.05282    -0.02193    -0.00022
    -3.02482     0.02814     0.04902    -0.02055    -0.00033
    -3.02291     0.02573     0.04527    -0.01914    -0.00040
    -3.02101     0.02345     0.04161    -0.01771    -0.00045
    -3.01910     0.02128     0.03806    -0.01630    -0.00048
    -3.01720     0.01924     0.03465    -0.01492    -0.00049
    -3.01529     0.01732     0.03139    -0.01358    -0.00049
    -3.01339     0.01553     0.02829    -0.01229    -0.00047
    -3.01148     0.01386     0.02538    -0.01107    -0.00045
    -3.00958     0.01233     0.02266    -0.00991    -0.00042
    -3.00767     0.01091     0.02013    -0.00883    -0.00039
    -3.00577     0.00961     0.01779    -0.00782    -0.00036
    -3.00386     0.00843     0.01565    -0.00690    -0.00033
    -3.00196     0.00736     0.01370    -0.00605    -0.00029
    -3.00006     0.00640     0.01194    -0.00528    -0.00026
    -2.99815     0.00554     0.01035    -0.00458    -0.00023
    -2.99625     0.00477     0.00893    -0.00396    -0.00020
    -2.99434     0.00409     0.00767    -0.00340    -0.00018
    -2.99244     0.00349     0.00655    -0.00291    -0.00015
    -2.99053     0.00296     0.00557    -0.00247    -0.00013
    -2.98863     0.00250     0.00471    -0.00209    -0.00011
    -2.98672     0.00210     0.00396    -0.00176    -0.00010
    -2.98482     0.00176     0.00332    -0.00148    -0.00008
    -2.98291     0.00147     0.00277    -0.00123    -0.00007
    -2.98101     0.00122     0.00230    -0.00102    -0.00006
    -2.97910     0.00100     0.00190    -0.00085    -0.00005
    -2.97720     0.00082     0.00156    -0.00069    -0.00004
    -2.97529     0.00067     0.00127    -0.00057    -0.00003
    -2.97339     0.00055     0.00104    -0.00046    -0.00003
    -2.97148     0.00044     0.00084    -0.00037    -0.00002
    -2.96958     0.00036     0.00068    -0.00030    -0.00002
    -2.96767     0.00029     0.00054    -0.00024    -0.00001
    -2.96577     0.00023     0.00043    -0.00019    -0.00001
    -2.96386     0.00018     0.00034    -0.00015    -0.00001
    -2.96196     0.00014     0.00027    -0.00012    -0.00001
    -2.96005     0.00011     0.00021    -0.00010    -0.00001
    -2.95815     0.00009     0.00017    -0.00007    -0.00000
    -2.95624     0.00007     0.00013    -0.00006    -0.00000
    -2.95434     0.00005     0.00010    -0.00004    -0.00000
    -2.95244     0.00004     0.00008    -0.00003    -0.00000
    -2.95053     0.00003     0.00006    -0.00003    -0.00000
    -2.94863     0.00002     0.00005    -0.00002    -0.00000
    -2.94672     0.00002     0.00003    -0.00002    -0.00000
    -2.94482     0.00001     0.00003    -0.00001    -0.00000
    -2.94291     0.00001     0.00002    -0.00001    -0.00000
    -2.94101     0.00001     0.00001    -0.00001    -0.00000
    -2.93910     0.00001     0.00001    -0.00000    -0.00000
    -2.93720     0.00000     0.00001    -0.00000    -0.00000
    -2.93529     0.00000     0.00001    -0.00000    -0.00000
    -2.93339     0.00000     0.00000    -0.00000    -0.00000
    -2.93148     0.00000     0.00000    -0.00000    -0.00000
    -2.92958     0.00000     0.00000    -0.00000    -0.00000
    -2.92767     0.00000     0.00000    -0.00000    -0.00000
    -2.92577     0.00000     0.00000    -0.00000    -0.00000
    -2.92386     0.00000     0.00000    -0.00000    -0.00000
    -2.92196     0.00000     0.00000    -0.00000    -0.00000
    -2.92005     0.00000     0.00000    -0.00000    -0.00000
    -2.91815     0.00000     0.00000    -0.00000     0.00000
    -2.91624     0.00000     0.00000    -0.00000     0.00000
    -2.91434     0.00000     0.00000    -0.00000     0.00000
    -2.91243     0.00000     0.00000    -0.00000     0.00000
    -2.91053     0.00000     0.00000    -0.00000     0.00000
    -2.90863     0.00000     0.00000    -0.00000     0.00000
    -2.90672     0.00000     0.00000    -0.00000     0.00000
    -2.90482     0.00000     0.00000    -0.00000     0.00000
    -2.90291     0.00000     0.00000     0.00000     0.00000
    -2.90101     0.00000     0.00000     0.00000     0.00000
    -2.89910     0.00000     0.00000     0.00000     0.00000
    -2.89720     0.00000     0.00000     0.00000     0.00000
    -2.89529     0.00000     0.00000     0.00000     0.00000
    -2.89339     0.00000     0.00000     0.00000     0.00000
    -2.89148     0.00000     0.00000     0.00000     0.00000
    -2.88958     0.00000     0.00000     0.00000     0.00000
    -2.88767     0.00000     0.00000     0.00000     0.00000
    -2.88577     0.00001     0.00000     0.00000     0.00001
    -2.88386     0.00001     0.00000     0.00000     0.00001
    -2.88196     0.00001     0.00000     0.00000     0.00001
    -2.88005     0.00002     0.00000     0.00000     0.00002
    -2.87815     0.00002     0.00000     0.00000     0.00002
    -2.87624     0.00003     0.00000     0.00000     0.00003
    -2.87434     0.00004     0.00000     0.00000     0.00004
    -2.87243     0.00005     0.00000     0.00000     0.00005
    -2.87053     0.00007     0.00000     0.00000     0.00007
    -2.86862     0.00009     0.00000     0.00001     0.00009
    -2.86672     0.00012     0.00000     0.00001     0.00011
    -2.86481     0.00016     0.00000     0.00001     0.00015
    -2.86291     0.00021     0.00000     0.00002     0.00019
    -2.86101     0.00027     0.00000     0.00002     0.00025
    -2.85910     0.00036     0.00001     0.00003     0.00032
    -2.85720     0.00046     0.00001     0.00004     0.00041
    -2.85529     0.00059     0.00001     0.00005     0.00053
    -2.85339     0.00075     0.00001     0.00007     0.00067
    -2.85148     0.00095     0.00002     0.00009     0.00085
    -2.84958     0.00121     0.00002     0.00011     0.00107
    -2.84767     0.00152     0.00003     0.00015     0.00134
    -2.84577     0.00191     0.00004     0.00019     0.00168
    -2.84386     0.00238     0.00005     0.00025     0.00208
    -2.84196     0.00297     0.00007     0.00032     0.00258
    -2.84005     0.00367     0.00009     0.00041     0.00318
    -2.83815     0.00452     0.00011     0.00051     0.00390
    -2.83624     0.00555     0.00014     0.00065     0.00476
    -2.83434     0.00678     0.00018     0.00082     0.00579
    -2.83243     0.00825     0.00022     0.00102     0.00701
    -2.83053     0.00999     0.00028     0.00128     0.00844
    -2.82862     0.01205     0.00034     0.00158     0.01013
    -2.82672     0.01447     0.00042     0.00195     0.01210
    -2.82481     0.01730     0.00052     0.00240     0.01439
    -2.82291     0.02060     0.00063     0.00293     0.01704
    -2.82100     0.02441     0.00077     0.00356     0.02009
    -2.81910     0.02881     0.00093     0.00430     0.02358
    -2.81719     0.03386     0.00112     0.00518     0.02756
    -2.81529     0.03962     0.00134     0.00620     0.03208
    -2.81339     0.04616     0.00159     0.00739     0.03718
    -2.81148     0.05356     0.00189     0.00877     0.04290
    -2.80958     0.06187     0.00223     0.01035     0.04930
    -2.80767     0.07118     0.00262     0.01215     0.05641
    -2.80577     0.08153     0.00306     0.01420     0.06427
    -2.80386     0.09301     0.00356     0.01652     0.07293
    -2.80196     0.10564     0.00412     0.01912     0.08241
    -2.80005     0.11949     0.00475     0.02202     0.09273
    -2.79815     0.13459     0.00544     0.02523     0.10392
    -2.79624     0.15096     0.00620     0.02878     0.11598
    -2.79434     0.16862     0.00704     0.03266     0.12892
    -2.79243     0.18755     0.00795     0.03688     0.14271
    -2.79053     0.20774     0.00894     0.04145     0.15735
    -2.78862     0.22914     0.00999     0.04636     0.17278
    -2.78672     0.25169     0.01112     0.05159     0.18898
    -2.78481     0.27531     0.01232     0.05713     0.20586
    -2.78291     0.29991     0.01357     0.06296     0.22337
    -2.78100     0.32534     0.01489     0.06905     0.24141
    -2.77910     0.35148     0.01624     0.07535     0.25989
    -2.77719     0.37815     0.01764     0.08182     0.27868
    -2.77529     0.40516     0.01906     0.08842     0.29768
    -2.77338     0.43232     0.02050     0.09508     0.31674
    -2.77148     0.45940     0.02194     0.10175     0.33572
    -2.76957     0.48618     0.02336     0.10834     0.35448
    -2.76767     0.51241     0.02475     0.11481     0.37285
    -2.76577     0.53785     0.02610     0.12106     0.39069
    -2.76386     0.56225     0.02739     0.12703     0.40783
    -2.76196     0.58536     0.02860     0.13265     0.42412
    -2.76005     0.60695     0.02972     0.13783     0.43940
    -2.75815     0.62677     0.03073     0.14252     0.45353
    -2.75624     0.64463     0.03162     0.14665     0.46637
    -2.75434     0.66031     0.03237     0.15015     0.47778
    -2.75243     0.67364     0.03299     0.15300     0.48766
    -2.75053     0.68448     0.03345     0.15513     0.49591
    -2.74862     0.69270     0.03375     0.15652     0.50243
    -2.74672     0.69820     0.03388     0.15716     0.50716
    -2.74481     0.70093     0.03385     0.15702     0.51005
    -2.74291     0.70085     0.03366     0.15612     0.51108
    -2.74100     0.69799     0.03330     0.15446     0.51022
    -2.73910     0.69236     0.03279     0.15208     0.50749
    -2.73719     0.68405     0.03212     0.14900     0.50293
    -2.73529     0.67316     0.03132     0.14527     0.49657
    -2.73338     0.65982     0.03039     0.14094     0.48849
    -2.73148     0.64418     0.02934     0.13607     0.47877
    -2.72957     0.62643     0.02818     0.13073     0.46752
    -2.72767     0.60676     0.02695     0.12498     0.45483
    -2.72576     0.58540     0.02564     0.11890     0.44086
    -2.72386     0.56255     0.02427     0.11257     0.42572
    -2.72195     0.53848     0.02286     0.10605     0.40956
    -2.72005     0.51340     0.02143     0.09942     0.39255
    -2.71815     0.48757     0.02000     0.09275     0.37482
    -2.71624     0.46121     0.01856     0.08610     0.35654
    -2.71434     0.43456     0.01715     0.07954     0.33787
    -2.71243     0.40784     0.01576     0.07312     0.31895
    -2.71053     0.38125     0.01442     0.06689     0.29994
    -2.70862     0.35499     0.01313     0.06089     0.28097
    -2.70672     0.32923     0.01189     0.05516     0.26217
    -2.70481     0.30413     0.01072     0.04972     0.24369
    -2.70291     0.27983     0.00962     0.04460     0.22561
    -2.70100     0.25645     0.00858     0.03982     0.20805
    -2.69910     0.23409     0.00763     0.03537     0.19110
    -2.69719     0.21282     0.00674     0.03126     0.17482
    -2.69529     0.19272     0.00593     0.02750     0.15929
    -2.69338     0.17381     0.00519     0.02407     0.14454
    -2.69148     0.15612     0.00452     0.02097     0.13063
    -2.68957     0.13967     0.00392     0.01817     0.11757
    -2.68767     0.12444     0.00338     0.01568     0.10539
    -2.68576     0.11042     0.00290     0.01346     0.09407
    -2.68386     0.09758     0.00248     0.01149     0.08361
    -2.68195     0.08588     0.00211     0.00977     0.07401
    -2.68005     0.07528     0.00178     0.00826     0.06523
    -2.67814     0.06570     0.00150     0.00695     0.05725
    -2.67624     0.05711     0.00126     0.00582     0.05003
    -2.67434     0.04943     0.00105     0.00485     0.04353
    -2.67243     0.04261     0.00087     0.00403     0.03771
    -2.67053     0.03657     0.00072     0.00332     0.03253
    -2.66862     0.03126     0.00059     0.00273     0.02794
    -2.66672     0.02660     0.00048     0.00223     0.02389
    -2.66481     0.02254     0.00039     0.00181     0.02034
    -2.66291     0.01902     0.00032     0.00147     0.01724
    -2.66100     0.01598     0.00025     0.00118     0.01454
    -2.65910     0.01337     0.00020     0.00095     0.01221
    -2.65719     0.01113     0.00016     0.00076     0.01021
    -2.65529     0.00923     0.00013     0.00060     0.00850
    -2.65338     0.00762     0.00010     0.00047     0.00705
    -2.65148     0.00626     0.00008     0.00037     0.00581
    -2.64957     0.00513     0.00006     0.00029     0.00477
    -2.64767     0.00418     0.00005     0.00023     0.00390
    -2.64576     0.00339     0.00004     0.00018     0.00317
    -2.64386     0.00273     0.00003     0.00014     0.00257
    -2.64195     0.00220     0.00002     0.00010     0.00207
    -2.64005     0.00176     0.00002     0.00008     0.00166
    -2.63814     0.00140     0.00001     0.00006     0.00133
    -2.63624     0.00111     0.00001     0.00005     0.00106
    -2.63433     0.00088     0.00001     0.00003     0.00084
    -2.63243     0.00069     0.00001     0.00003     0.00066
    -2.63052     0.00054     0.00000     0.00002     0.00052
    -2.62862     0.00042     0.00000     0.00002     0.00040
    -2.62672     0.00033     0.00000     0.00001     0.00031
    -2.62481     0.00025     0.00000     0.00001     0.00024
    -2.62291     0.00020     0.00000     0.00001     0.00019
    -2.62100     0.00015     0.00000     0.00001     0.00014
    -2.61910     0.00012     0.00000     0.00001     0.00011
    -2.61719     0.00010     0.00000     0.00001     0.00009
    -2.61529     0.00008     0.00000     0.00001     0.00007
    -2.61338     0.00007     0.00000     0.00002     0.00005
    -2.61148     0.00007     0.00000     0.00002     0.00004
    -2.60957     0.00007     0.00000     0.00003     0.00004
    -2.60767     0.00008     0.00000     0.00004     0.00004
    -2.60576     0.00009     0.00000     0.00005     0.00004
    -2.60386     0.00011     0.00000     0.00007     0.00004
    -2.60195     0.00014     0.00000     0.00009     0.00005
    -2.60005     0.00018     0.00000     0.00012     0.00006
    -2.59814     0.00023     0.00000     0.00015     0.00007
    -2.59624     0.00029     0.00001     0.00020     0.00009
    -2.59433     0.00037     0.00001     0.00026     0.00011
    -2.59243     0.00047     0.00001     0.00033     0.00014
    -2.59052     0.00060     0.00001     0.00041     0.00017
    -2.58862     0.00076     0.00001     0.00052     0.00022
    -2.58671     0.00095     0.00002     0.00066     0.00028
    -2.58481     0.00119     0.00002     0.00082     0.00035
    -2.58290     0.00148     0.00003     0.00102     0.00043
    -2.58100     0.00183     0.00003     0.00126     0.00053
    -2.57910     0.00225     0.00004     0.00155     0.00066
    -2.57719     0.00276     0.00005     0.00191     0.00080
    -2.57529     0.00337     0.00006     0.00233     0.00098
    -2.57338     0.00409     0.00008     0.00282     0.00119
    -2.57148     0.00495     0.00009     0.00341     0.00144
    -2.56957     0.00595     0.00011     0.00410     0.00174
    -2.56767     0.00712     0.00013     0.00491     0.00208
    -2.56576     0.00848     0.00016     0.00584     0.00248
    -2.56386     0.01005     0.00019     0.00692     0.00294
    -2.56195     0.01185     0.00022     0.00816     0.00348
    -2.56005     0.01391     0.00026     0.00957     0.00409
    -2.55814     0.01624     0.00030     0.01117     0.00478
    -2.55624     0.01888     0.00035     0.01297     0.00556
    -2.55433     0.02184     0.00040     0.01500     0.00644
    -2.55243     0.02514     0.00046     0.01725     0.00743
    -2.55052     0.02880     0.00053     0.01975     0.00852
    -2.54862     0.03284     0.00060     0.02250     0.00973
    -2.54671     0.03725     0.00068     0.02550     0.01107
    -2.54481     0.04207     0.00077     0.02877     0.01252
    -2.54290     0.04727     0.00086     0.03230     0.01411
    -2.54100     0.05286     0.00097     0.03608     0.01582
    -2.53909     0.05884     0.00107     0.04011     0.01765
    -2.53719     0.06517     0.00119     0.04437     0.01962
    -2.53528     0.07185     0.00131     0.04885     0.02170
    -2.53338     0.07884     0.00143     0.05351     0.02389
    -2.53148     0.08610     0.00156     0.05834     0.02620
    -2.52957     0.09358     0.00169     0.06329     0.02860
    -2.52767     0.10124     0.00183     0.06833     0.03108
    -2.52576     0.10902     0.00196     0.07341     0.03364
    -2.52386     0.11685     0.00210     0.07849     0.03626
    -2.52195     0.12467     0.00223     0.08351     0.03893
    -2.52005     0.13240     0.00236     0.08842     0.04162
    -2.51814     0.13997     0.00248     0.09317     0.04432
    -2.51624     0.14731     0.00260     0.09770     0.04701
    -2.51433     0.15435     0.00272     0.10195     0.04968
    -2.51243     0.16101     0.00282     0.10588     0.05231
    -2.51052     0.16722     0.00291     0.10943     0.05488
    -2.50862     0.17293     0.00299     0.11256     0.05737
    -2.50671     0.17807     0.00306     0.11522     0.05979
    -2.50481     0.18260     0.00311     0.11738     0.06210
    -2.50290     0.18647     0.00315     0.11902     0.06430
    -2.50100     0.18966     0.00318     0.12010     0.06638
    -2.49909     0.19214     0.00319     0.12062     0.06834
    -2.49719     0.19391     0.00318     0.12057     0.07016
    -2.49528     0.19495     0.00316     0.11995     0.07185
    -2.49338     0.19529     0.00312     0.11878     0.07340
    -2.49147     0.19494     0.00307     0.11707     0.07480
    -2.48957     0.19393     0.00300     0.11486     0.07606
    -2.48766     0.19228     0.00292     0.11217     0.07719
    -2.48576     0.19005     0.00283     0.10905     0.07817
    -2.48386     0.18727     0.00273     0.10553     0.07901
    -2.48195     0.18400     0.00262     0.10167     0.07971
    -2.48005     0.18030     0.00250     0.09752     0.08027
    -2.47814     0.17621     0.00238     0.09313     0.08070
    -2.47624     0.17178     0.00225     0.08855     0.08098
    -2.47433     0.16708     0.00211     0.08385     0.08112
    -2.47243     0.16216     0.00198     0.07906     0.08112
    -2.47052     0.15705     0.00184     0.07424     0.08097
    -2.46862     0.15181     0.00171     0.06943     0.08066
    -2.46671     0.14647     0.00158     0.06469     0.08021
    -2.46481     0.14107     0.00145     0.06004     0.07959
    -2.46290     0.13565     0.00132     0.05552     0.07881
    -2.46100     0.13022     0.00120     0.05116     0.07786
    -2.45909     0.12481     0.00109     0.04698     0.07674
    -2.45719     0.11943     0.00098     0.04301     0.07545
    -2.45528     0.11412     0.00088     0.03925     0.07398
    -2.45338     0.10887     0.00078     0.03573     0.07235
    -2.45147     0.10370     0.00069     0.03245     0.07055
    -2.44957     0.09862     0.00061     0.02941     0.06860
    -2.44766     0.09363     0.00054     0.02661     0.06648
    -2.44576     0.08875     0.00047     0.02405     0.06423
    -2.44385     0.08399     0.00041     0.02173     0.06185
    -2.44195     0.07936     0.00036     0.01965     0.05935
    -2.44004     0.07486     0.00031     0.01779     0.05676
    -2.43814     0.07051     0.00026     0.01616     0.05409
    -2.43624     0.06632     0.00023     0.01474     0.05135
    -2.43433     0.06231     0.00019     0.01354     0.04858
    -2.43243     0.05850     0.00016     0.01255     0.04579
    -2.43052     0.05491     0.00014     0.01176     0.04300
    -2.42862     0.05154     0.00012     0.01118     0.04024
    -2.42671     0.04843     0.00010     0.01080     0.03753
    -2.42481     0.04560     0.00009     0.01063     0.03488
    -2.42290     0.04307     0.00008     0.01067     0.03232
    -2.42100     0.04086     0.00007     0.01092     0.02986
    -2.41909     0.03898     0.00007     0.01139     0.02752
    -2.41719     0.03747     0.00007     0.01209     0.02532
    -2.41528     0.03635     0.00008     0.01301     0.02326
    -2.41338     0.03563     0.00009     0.01418     0.02136
    -2.41147     0.03532     0.00010     0.01560     0.01963
    -2.40957     0.03545     0.00012     0.01727     0.01806
    -2.40766     0.03603     0.00014     0.01921     0.01668
    -2.40576     0.03706     0.00018     0.02141     0.01548
    -2.40385     0.03856     0.00022     0.02389     0.01445
    -2.40195     0.04053     0.00027     0.02664     0.01361
    -2.40004     0.04296     0.00034     0.02967     0.01295
    -2.39814     0.04586     0.00042     0.03297     0.01247
    -2.39623     0.04921     0.00052     0.03652     0.01216
    -2.39433     0.05300     0.00064     0.04033     0.01202
    -2.39243     0.05721     0.00079     0.04437     0.01205
    -2.39052     0.06183     0.00096     0.04863     0.01224
    -2.38862     0.06682     0.00117     0.05306     0.01259
    -2.38671     0.07216     0.00141     0.05766     0.01309
    -2.38481     0.07781     0.00170     0.06238     0.01374
    -2.38290     0.08374     0.00204     0.06718     0.01453
    -2.38100     0.08990     0.00243     0.07202     0.01546
    -2.37909     0.09626     0.00288     0.07685     0.01653
    -2.37719     0.10276     0.00340     0.08163     0.01774
    -2.37528     0.10937     0.00400     0.08630     0.01908
    -2.37338     0.11604     0.00467     0.09081     0.02055
    -2.37147     0.12272     0.00544     0.09512     0.02216
    -2.36957     0.12937     0.00630     0.09916     0.02390
    -2.36766     0.13595     0.00726     0.10290     0.02579
    -2.36576     0.14242     0.00832     0.10628     0.02781
    -2.36385     0.14875     0.00950     0.10927     0.02998
    -2.36195     0.15492     0.01079     0.11183     0.03230
    -2.36004     0.16088     0.01219     0.11393     0.03477
    -2.35814     0.16663     0.01371     0.11553     0.03739
    -2.35623     0.17216     0.01534     0.11664     0.04018
    -2.35433     0.17744     0.01708     0.11723     0.04313
    -2.35242     0.18247     0.01892     0.11730     0.04625
    -2.35052     0.18725     0.02087     0.11686     0.04953
    -2.34861     0.19179     0.02290     0.11591     0.05298
    -2.34671     0.19608     0.02500     0.11449     0.05659
    -2.34481     0.20013     0.02716     0.11260     0.06037
    -2.34290     0.20396     0.02937     0.11029     0.06430
    -2.34100     0.20756     0.03160     0.10758     0.06837
    -2.33909     0.21094     0.03384     0.10452     0.07258
    -2.33719     0.21411     0.03605     0.10116     0.07690
    -2.33528     0.21708     0.03823     0.09752     0.08133
    -2.33338     0.21984     0.04033     0.09367     0.08584
    -2.33147     0.22238     0.04235     0.08964     0.09040
    -2.32957     0.22471     0.04424     0.08548     0.09499
    -2.32766     0.22682     0.04600     0.08123     0.09959
    -2.32576     0.22868     0.04759     0.07694     0.10415
    -2.32385     0.23028     0.04900     0.07264     0.10864
    -2.32195     0.23160     0.05020     0.06837     0.11303
    -2.32004     0.23262     0.05118     0.06416     0.11729
    -2.31814     0.23332     0.05192     0.06004     0.12136
    -2.31623     0.23367     0.05242     0.05603     0.12522
    -2.31433     0.23364     0.05266     0.05214     0.12883
    -2.31242     0.23320     0.05265     0.04841     0.13215
    -2.31052     0.23234     0.05238     0.04483     0.13514
    -2.30861     0.23104     0.05185     0.04142     0.13777
    -2.30671     0.22927     0.05108     0.03819     0.14000
    -2.30480     0.22702     0.05007     0.03513     0.14182
    -2.30290     0.22429     0.04885     0.03224     0.14320
    -2.30099     0.22106     0.04742     0.02954     0.14410
    -2.29909     0.21734     0.04581     0.02700     0.14453
    -2.29719     0.21313     0.04404     0.02463     0.14447
    -2.29528     0.20845     0.04212     0.02242     0.14390
    -2.29338     0.20331     0.04010     0.02037     0.14284
    -2.29147     0.19773     0.03798     0.01847     0.14128
    -2.28957     0.19175     0.03581     0.01670     0.13924
    -2.28766     0.18539     0.03359     0.01508     0.13673
    -2.28576     0.17870     0.03135     0.01358     0.13377
    -2.28385     0.17171     0.02912     0.01220     0.13039
    -2.28195     0.16447     0.02692     0.01093     0.12662
    -2.28004     0.15702     0.02476     0.00977     0.12249
    -2.27814     0.14941     0.02267     0.00871     0.11804
    -2.27623     0.14169     0.02065     0.00774     0.11331
    -2.27433     0.13391     0.01872     0.00686     0.10834
    -2.27242     0.12612     0.01688     0.00606     0.10317
    -2.27052     0.11836     0.01516     0.00534     0.09786
    -2.26861     0.11068     0.01354     0.00469     0.09245
    -2.26671     0.10313     0.01204     0.00411     0.08698
    -2.26480     0.09574     0.01066     0.00358     0.08150
    -2.26290     0.08855     0.00939     0.00312     0.07605
    -2.26099     0.08160     0.00823     0.00270     0.07067
    -2.25909     0.07492     0.00719     0.00234     0.06539
    -2.25718     0.06853     0.00625     0.00202     0.06025
    -2.25528     0.06245     0.00542     0.00174     0.05528
    -2.25337     0.05670     0.00469     0.00150     0.05051
    -2.25147     0.05130     0.00404     0.00130     0.04595
    -2.24957     0.04625     0.00349     0.00113     0.04163
    -2.24766     0.04157     0.00301     0.00099     0.03757
    -2.24576     0.03725     0.00262     0.00087     0.03376
    -2.24385     0.03330     0.00229     0.00079     0.03022
    -2.24195     0.02973     0.00203     0.00074     0.02696
    -2.24004     0.02651     0.00183     0.00071     0.02397
    -2.23814     0.02366     0.00169     0.00071     0.02126
    -2.23623     0.02116     0.00161     0.00073     0.01882
    -2.23433     0.01901     0.00159     0.00079     0.01664
    -2.23242     0.01721     0.00161     0.00088     0.01472
    -2.23052     0.01576     0.00170     0.00100     0.01306
    -2.22861     0.01465     0.00184     0.00116     0.01165
    -2.22671     0.01387     0.00203     0.00136     0.01048
    -2.22480     0.01344     0.00228     0.00160     0.00955
    -2.22290     0.01335     0.00259     0.00190     0.00885
    -2.22099     0.01361     0.00297     0.00226     0.00839
    -2.21909     0.01423     0.00340     0.00268     0.00815
    -2.21718     0.01522     0.00391     0.00317     0.00813
    -2.21528     0.01658     0.00449     0.00375     0.00835
    -2.21337     0.01835     0.00514     0.00441     0.00880
    -2.21147     0.02052     0.00587     0.00516     0.00949
    -2.20956     0.02313     0.00668     0.00602     0.01043
    -2.20766     0.02618     0.00757     0.00700     0.01161
    -2.20575     0.02969     0.00854     0.00810     0.01306
    -2.20385     0.03369     0.00959     0.00932     0.01478
    -2.20195     0.03819     0.01072     0.01069     0.01678
    -2.20004     0.04319     0.01193     0.01220     0.01907
    -2.19814     0.04872     0.01321     0.01385     0.02165
    -2.19623     0.05477     0.01456     0.01566     0.02454
    -2.19433     0.06134     0.01597     0.01762     0.02774
    -2.19242     0.06843     0.01744     0.01974     0.03125
    -2.19052     0.07602     0.01894     0.02201     0.03506
    -2.18861     0.08409     0.02048     0.02443     0.03918
    -2.18671     0.09261     0.02203     0.02699     0.04359
    -2.18480     0.10154     0.02358     0.02967     0.04828
    -2.18290     0.11082     0.02512     0.03247     0.05323
    -2.18099     0.12041     0.02664     0.03537     0.05840
    -2.17909     0.13022     0.02810     0.03835     0.06378
    -2.17718     0.14019     0.02950     0.04138     0.06931
    -2.17528     0.15023     0.03083     0.04445     0.07496
    -2.17337     0.16024     0.03205     0.04751     0.08068
    -2.17147     0.17013     0.03316     0.05055     0.08641
    -2.16956     0.17979     0.03415     0.05354     0.09210
    -2.16766     0.18911     0.03499     0.05643     0.09769
    -2.16575     0.19800     0.03568     0.05920     0.10312
    -2.16385     0.20633     0.03620     0.06182     0.10831
    -2.16194     0.21401     0.03656     0.06424     0.11321
    -2.16004     0.22095     0.03674     0.06645     0.11776
    -2.15814     0.22704     0.03674     0.06841     0.12189
    -2.15623     0.23221     0.03656     0.07009     0.12556
    -2.15433     0.23640     0.03621     0.07148     0.12871
    -2.15242     0.23953     0.03569     0.07255     0.13129
    -2.15052     0.24157     0.03500     0.07329     0.13327
    -2.14861     0.24248     0.03416     0.07369     0.13463
    -2.14671     0.24227     0.03319     0.07374     0.13535
    -2.14480     0.24092     0.03208     0.07344     0.13541
    -2.14290     0.23847     0.03086     0.07279     0.13482
    -2.14099     0.23495     0.02954     0.07182     0.13359
    -2.13909     0.23041     0.02814     0.07052     0.13174
    -2.13718     0.22491     0.02668     0.06893     0.12931
    -2.13528     0.21854     0.02517     0.06705     0.12632
    -2.13337     0.21139     0.02364     0.06493     0.12283
    -2.13147     0.20355     0.02209     0.06258     0.11889
    -2.12956     0.19513     0.02054     0.06004     0.11456
    -2.12766     0.18625     0.01901     0.05735     0.10990
    -2.12575     0.17702     0.01750     0.05453     0.10498
    -2.12385     0.16754     0.01604     0.05162     0.09988
    -2.12194     0.15795     0.01463     0.04867     0.09465
    -2.12004     0.14835     0.01328     0.04569     0.08938
    -2.11813     0.13885     0.01200     0.04273     0.08412
    -2.11623     0.12954     0.01079     0.03982     0.07894
    -2.11432     0.12052     0.00965     0.03697     0.07390
    -2.11242     0.11188     0.00859     0.03423     0.06906
    -2.11052     0.10369     0.00761     0.03160     0.06447
    -2.10861     0.09601     0.00671     0.02912     0.06017
    -2.10671     0.08889     0.00589     0.02680     0.05620
    -2.10480     0.08238     0.00515     0.02464     0.05259
    -2.10290     0.07651     0.00447     0.02267     0.04937
    -2.10099     0.07130     0.00387     0.02088     0.04655
    -2.09909     0.06676     0.00333     0.01928     0.04414
    -2.09718     0.06288     0.00286     0.01787     0.04215
    -2.09528     0.05967     0.00243     0.01666     0.04058
    -2.09337     0.05711     0.00207     0.01562     0.03942
    -2.09147     0.05516     0.00175     0.01477     0.03865
    -2.08956     0.05381     0.00147     0.01408     0.03826
    -2.08766     0.05300     0.00123     0.01355     0.03822
    -2.08575     0.05270     0.00102     0.01317     0.03851
    -2.08385     0.05286     0.00085     0.01292     0.03910
    -2.08194     0.05343     0.00070     0.01279     0.03995
    -2.08004     0.05436     0.00057     0.01277     0.04102
    -2.07813     0.05559     0.00047     0.01283     0.04229
    -2.07623     0.05706     0.00038     0.01297     0.04371
    -2.07432     0.05873     0.00031     0.01318     0.04524
    -2.07242     0.06052     0.00025     0.01343     0.04685
    -2.07051     0.06240     0.00020     0.01371     0.04849
    -2.06861     0.06430     0.00016     0.01400     0.05014
    -2.06670     0.06618     0.00013     0.01430     0.05175
    -2.06480     0.06800     0.00010     0.01460     0.05330
    -2.06290     0.06971     0.00008     0.01487     0.05476
    -2.06099     0.07129     0.00006     0.01512     0.05611
    -2.05909     0.07269     0.00005     0.01533     0.05732
    -2.05718     0.07391     0.00004     0.01550     0.05837
    -2.05528     0.07491     0.00003     0.01561     0.05927
    -2.05337     0.07569     0.00002     0.01568     0.06000
    -2.05147     0.07625     0.00002     0.01568     0.06055
    -2.04956     0.07659     0.00001     0.01563     0.06094
    -2.04766     0.07670     0.00001     0.01552     0.06117
    -2.04575     0.07661     0.00001     0.01535     0.06125
    -2.04385     0.07634     0.00001     0.01513     0.06120
    -2.04194     0.07590     0.00000     0.01486     0.06103
    -2.04004     0.07531     0.00000     0.01454     0.06076
    -2.03813     0.07461     0.00000     0.01419     0.06042
    -2.03623     0.07382     0.00000     0.01379     0.06003
    -2.03432     0.07298     0.00000     0.01337     0.05961
    -2.03242     0.07210     0.00000     0.01292     0.05918
    -2.03051     0.07122     0.00000     0.01246     0.05876
    -2.02861     0.07037     0.00000     0.01199     0.05838
    -2.02670     0.06956     0.00000     0.01151     0.05804
    -2.02480     0.06881     0.00000     0.01104     0.05777
    -2.02289     0.06814     0.00000     0.01057     0.05757
    -2.02099     0.06756     0.00000     0.01012     0.05744
    -2.01908     0.06707     0.00000     0.00968     0.05739
    -2.01718     0.06668     0.00000     0.00926     0.05742
    -2.01528     0.06637     0.00000     0.00886     0.05751
    -2.01337     0.06614     0.00000     0.00848     0.05766
    -2.01147     0.06598     0.00000     0.00813     0.05785
    -2.00956     0.06586     0.00000     0.00780     0.05806
    -2.00766     0.06578     0.00000     0.00749     0.05829
    -2.00575     0.06570     0.00000     0.00720     0.05850
    -2.00385     0.06560     0.00000     0.00694     0.05867
    -2.00194     0.06547     0.00000     0.00669     0.05878
    -2.00004     0.06527     0.00000     0.00646     0.05881
    -1.99813     0.06498    -0.00000     0.00624     0.05874
    -1.99623     0.06458    -0.00000     0.00603     0.05855
    -1.99432     0.06405    -0.00000     0.00583     0.05822
    -1.99242     0.06338    -0.00000     0.00564     0.05774
    -1.99051     0.06254    -0.00000     0.00545     0.05709
    -1.98861     0.06154    -0.00000     0.00526     0.05628
    -1.98670     0.06036    -0.00000     0.00508     0.05529
    -1.98480     0.05902    -0.00000     0.00489     0.05412
    -1.98289     0.05750    -0.00000     0.00470     0.05280
    -1.98099     0.05582    -0.00000     0.00451     0.05131
    -1.97908     0.05399    -0.00000     0.00432     0.04967
    -1.97718     0.05202    -0.00000     0.00412     0.04790
    -1.97527     0.04994    -0.00000     0.00392     0.04603
    -1.97337     0.04777    -0.00000     0.00371     0.04406
    -1.97146     0.04553    -0.00000     0.00351     0.04202
    -1.96956     0.04325    -0.00000     0.00330     0.03995
    -1.96766     0.04097    -0.00000     0.00310     0.03787
    -1.96575     0.03870    -0.00000     0.00289     0.03581
    -1.96385     0.03649    -0.00000     0.00269     0.03380
    -1.96194     0.03436    -0.00000     0.00249     0.03187
    -1.96004     0.03235    -0.00000     0.00230     0.03005
    -1.95813     0.03051    -0.00000     0.00212     0.02839
    -1.95623     0.02885    -0.00000     0.00194     0.02691
    -1.95432     0.02741    -0.00000     0.00177     0.02564
    -1.95242     0.02624    -0.00000     0.00162     0.02463
    -1.95051     0.02537    -0.00001     0.00147     0.02391
    -1.94861     0.02484    -0.00001     0.00134     0.02351
    -1.94670     0.02468    -0.00001     0.00123     0.02347
    -1.94480     0.02494    -0.00001     0.00113     0.02383
    -1.94289     0.02566    -0.00001     0.00105     0.02462
    -1.94099     0.02687    -0.00002     0.00099     0.02590
    -1.93908     0.02862    -0.00002     0.00095     0.02769
    -1.93718     0.03095    -0.00003     0.00094     0.03004
    -1.93527     0.03391    -0.00003     0.00096     0.03298
    -1.93337     0.03754    -0.00004     0.00101     0.03657
    -1.93146     0.04188    -0.00005     0.00109     0.04084
    -1.92956     0.04697    -0.00006     0.00122     0.04582
    -1.92765     0.05286    -0.00007     0.00139     0.05155
    -1.92575     0.05958    -0.00009     0.00160     0.05807
    -1.92384     0.06716    -0.00011     0.00188     0.06539
    -1.92194     0.07563    -0.00013     0.00222     0.07354
    -1.92004     0.08501    -0.00015     0.00262     0.08254
    -1.91813     0.09532    -0.00018     0.00310     0.09239
    -1.91623     0.10655    -0.00021     0.00367     0.10308
    -1.91432     0.11869    -0.00024     0.00432     0.11461
    -1.91242     0.13174    -0.00028     0.00508     0.12694
    -1.91051     0.14565    -0.00032     0.00594     0.14003
    -1.90861     0.16038    -0.00037     0.00691     0.15384
    -1.90670     0.17587    -0.00042     0.00801     0.16829
    -1.90480     0.19204    -0.00048     0.00922     0.18330
    -1.90289     0.20881    -0.00054     0.01057     0.19879
    -1.90099     0.22606    -0.00061     0.01204     0.21463
    -1.89908     0.24368    -0.00068     0.01364     0.23072
    -1.89718     0.26153    -0.00076     0.01538     0.24692
    -1.89527     0.27948    -0.00084     0.01724     0.26309
    -1.89337     0.29736    -0.00093     0.01922     0.27907
    -1.89146     0.31501    -0.00102     0.02131     0.29472
    -1.88956     0.33226    -0.00112     0.02350     0.30988
    -1.88765     0.34895    -0.00121     0.02578     0.32438
    -1.88575     0.36490    -0.00131     0.02813     0.33808
    -1.88384     0.37995    -0.00141     0.03054     0.35082
    -1.88194     0.39394    -0.00151     0.03298     0.36247
    -1.88003     0.40670    -0.00161     0.03543     0.37289
    -1.87813     0.41812    -0.00170     0.03786     0.38197
    -1.87623     0.42806    -0.00179     0.04025     0.38961
    -1.87432     0.43643    -0.00188     0.04258     0.39573
    -1.87242     0.44314    -0.00196     0.04481     0.40028
    -1.87051     0.44813    -0.00203     0.04693     0.40322
    -1.86861     0.45137    -0.00209     0.04891     0.40455
    -1.86670     0.45285    -0.00214     0.05071     0.40427
    -1.86480     0.45260    -0.00218     0.05234     0.40243
    -1.86289     0.45065    -0.00220     0.05375     0.39910
    -1.86099     0.44710    -0.00221     0.05495     0.39435
    -1.85908     0.44202    -0.00220     0.05592     0.38830
    -1.85718     0.43556    -0.00217     0.05665     0.38108
    -1.85527     0.42786    -0.00213     0.05714     0.37285
    -1.85337     0.41909    -0.00206     0.05740     0.36375
    -1.85146     0.40943    -0.00198     0.05742     0.35399
    -1.84956     0.39907    -0.00188     0.05722     0.34373
    -1.84765     0.38824    -0.00175     0.05681     0.33318
    -1.84575     0.37715    -0.00161     0.05622     0.32253
    -1.84384     0.36601    -0.00144     0.05546     0.31199
    -1.84194     0.35504    -0.00125     0.05456     0.30173
    -1.84003     0.34446    -0.00104     0.05354     0.29196
    -1.83813     0.33446    -0.00082     0.05244     0.28284
    -1.83622     0.32525    -0.00057     0.05129     0.27453
    -1.83432     0.31698    -0.00031     0.05010     0.26718
    -1.83241     0.30982    -0.00002     0.04892     0.26092
    -1.83051     0.30388     0.00027     0.04777     0.25584
    -1.82861     0.29928     0.00059     0.04667     0.25202
    -1.82670     0.29609     0.00091     0.04565     0.24953
    -1.82480     0.29436     0.00125     0.04473     0.24838
    -1.82289     0.29409     0.00160     0.04392     0.24857
    -1.82099     0.29529     0.00195     0.04324     0.25009
    -1.81908     0.29789     0.00231     0.04269     0.25289
    -1.81718     0.30182     0.00267     0.04228     0.25687
    -1.81527     0.30698     0.00302     0.04201     0.26195
    -1.81337     0.31324     0.00338     0.04187     0.26799
    -1.81146     0.32045     0.00373     0.04186     0.27487
    -1.80956     0.32843     0.00406     0.04196     0.28241
    -1.80765     0.33700     0.00439     0.04216     0.29045
    -1.80575     0.34595     0.00470     0.04244     0.29880
    -1.80384     0.35507     0.00499     0.04279     0.30728
    -1.80194     0.36415     0.00526     0.04318     0.31570
    -1.80003     0.37298     0.00551     0.04360     0.32388
    -1.79813     0.38136     0.00572     0.04401     0.33162
    -1.79622     0.38909     0.00591     0.04441     0.33876
    -1.79432     0.39599     0.00607     0.04478     0.34514
    -1.79241     0.40192     0.00620     0.04508     0.35063
    -1.79051     0.40673     0.00630     0.04532     0.35511
    -1.78860     0.41032     0.00636     0.04548     0.35848
    -1.78670     0.41262     0.00639     0.04555     0.36068
    -1.78479     0.41357     0.00639     0.04552     0.36166
    -1.78289     0.41316     0.00636     0.04540     0.36140
    -1.78099     0.41140     0.00629     0.04518     0.35993
    -1.77908     0.40835     0.00620     0.04487     0.35728
    -1.77718     0.40409     0.00609     0.04448     0.35352
    -1.77527     0.39871     0.00595     0.04402     0.34874
    -1.77337     0.39235     0.00579     0.04350     0.34306
    -1.77146     0.38517     0.00562     0.04294     0.33661
    -1.76956     0.37734     0.00544     0.04237     0.32953
    -1.76765     0.36903     0.00525     0.04179     0.32198
    -1.76575     0.36044     0.00506     0.04124     0.31414
    -1.76384     0.35177     0.00487     0.04073     0.30618
    -1.76194     0.34322     0.00469     0.04028     0.29826
    -1.76003     0.33497     0.00452     0.03991     0.29055
    -1.75813     0.32721     0.00436     0.03964     0.28321
    -1.75622     0.32011     0.00423     0.03948     0.27639
    -1.75432     0.31381     0.00412     0.03946     0.27022
    -1.75241     0.30844     0.00404     0.03957     0.26482
    -1.75051     0.30410     0.00400     0.03983     0.26027
    -1.74860     0.30088     0.00399     0.04024     0.25666
    -1.74670     0.29883     0.00402     0.04079     0.25402
    -1.74479     0.29796     0.00409     0.04148     0.25238
    -1.74289     0.29828     0.00421     0.04231     0.25175
    -1.74098     0.29975     0.00437     0.04327     0.25210
    -1.73908     0.30231     0.00458     0.04433     0.25339
    -1.73717     0.30588     0.00484     0.04548     0.25556
    -1.73527     0.31035     0.00515     0.04670     0.25851
    -1.73337     0.31561     0.00550     0.04797     0.26214
    -1.73146     0.32150     0.00589     0.04925     0.26635
    -1.72956     0.32788     0.00633     0.05054     0.27101
    -1.72765     0.33457     0.00681     0.05179     0.27598
    -1.72575     0.34143     0.00732     0.05299     0.28111
    -1.72384     0.34826     0.00786     0.05412     0.28628
    -1.72194     0.35490     0.00843     0.05514     0.29133
    -1.72003     0.36118     0.00901     0.05603     0.29614
    -1.71813     0.36696     0.00961     0.05679     0.30056
    -1.71622     0.37207     0.01022     0.05739     0.30447
    -1.71432     0.37639     0.01082     0.05781     0.30776
    -1.71241     0.37981     0.01141     0.05806     0.31034
    -1.71051     0.38221     0.01199     0.05811     0.31210
    -1.70860     0.38352     0.01254     0.05798     0.31299
    -1.70670     0.38368     0.01306     0.05767     0.31295
    -1.70479     0.38264     0.01354     0.05717     0.31193
    -1.70289     0.38039     0.01398     0.05649     0.30992
    -1.70098     0.37692     0.01436     0.05565     0.30691
    -1.69908     0.37224     0.01468     0.05466     0.30291
    -1.69717     0.36640     0.01493     0.05353     0.29794
    -1.69527     0.35944     0.01512     0.05228     0.29204
    -1.69336     0.35144     0.01524     0.05093     0.28527
    -1.69146     0.34246     0.01528     0.04949     0.27768
    -1.68955     0.33259     0.01525     0.04799     0.26934
    -1.68765     0.32194     0.01515     0.04645     0.26034
    -1.68575     0.31062     0.01498     0.04488     0.25076
    -1.68384     0.29872     0.01473     0.04329     0.24069
    -1.68194     0.28636     0.01442     0.04171     0.23023
    -1.68003     0.27365     0.01404     0.04015     0.21945
    -1.67813     0.26070     0.01361     0.03862     0.20847
    -1.67622     0.24762     0.01313     0.03712     0.19737
    -1.67432     0.23452     0.01260     0.03567     0.18624
    -1.67241     0.22148     0.01204     0.03428     0.17517
    -1.67051     0.20860     0.01144     0.03293     0.16422
    -1.66860     0.19596     0.01082     0.03165     0.15349
    -1.66670     0.18363     0.01018     0.03041     0.14303
    -1.66479     0.17168     0.00954     0.02924     0.13290
    -1.66289     0.16016     0.00889     0.02811     0.12316
    -1.66098     0.14913     0.00825     0.02703     0.11385
    -1.65908     0.13862     0.00761     0.02600     0.10501
    -1.65717     0.12867     0.00699     0.02500     0.09668
    -1.65527     0.11930     0.00639     0.02403     0.08887
    -1.65336     0.11053     0.00581     0.02309     0.08162
    -1.65146     0.10238     0.00526     0.02218     0.07494
    -1.64955     0.09485     0.00474     0.02128     0.06884
    -1.64765     0.08796     0.00424     0.02039     0.06332
    -1.64574     0.08170     0.00379     0.01952     0.05839
    -1.64384     0.07608     0.00336     0.01866     0.05406
    -1.64194     0.07109     0.00297     0.01780     0.05032
    -1.64003     0.06674     0.00261     0.01695     0.04718
    -1.63813     0.06301     0.00228     0.01611     0.04462
    -1.63622     0.05991     0.00198     0.01528     0.04265
    -1.63432     0.05744     0.00172     0.01447     0.04125
    -1.63241     0.05559     0.00148     0.01366     0.04044
    -1.63051     0.05435     0.00127     0.01288     0.04020
    -1.62860     0.05372     0.00108     0.01211     0.04052
    -1.62670     0.05370     0.00092     0.01137     0.04140
    -1.62479     0.05427     0.00078     0.01066     0.04283
    -1.62289     0.05543     0.00065     0.00998     0.04480
    -1.62098     0.05718     0.00055     0.00933     0.04730
    -1.61908     0.05948     0.00046     0.00872     0.05030
    -1.61717     0.06232     0.00038     0.00815     0.05379
    -1.61527     0.06569     0.00031     0.00763     0.05775
    -1.61336     0.06955     0.00026     0.00715     0.06214
    -1.61146     0.07386     0.00021     0.00671     0.06694
    -1.60955     0.07859     0.00017     0.00632     0.07210
    -1.60765     0.08370     0.00014     0.00597     0.07759
    -1.60574     0.08913     0.00011     0.00567     0.08334
    -1.60384     0.09482     0.00009     0.00541     0.08932
    -1.60193     0.10073     0.00007     0.00519     0.09547
    -1.60003     0.10678     0.00006     0.00501     0.10171
    -1.59812     0.11290     0.00004     0.00487     0.10799
    -1.59622     0.11903     0.00003     0.00475     0.11424
    -1.59432     0.12509     0.00003     0.00467     0.12039
    -1.59241     0.13100     0.00002     0.00461     0.12637
    -1.59051     0.13671     0.00002     0.00457     0.13212
    -1.58860     0.14213     0.00001     0.00456     0.13756
    -1.58670     0.14720     0.00001     0.00455     0.14264
    -1.58479     0.15186     0.00001     0.00456     0.14729
    -1.58289     0.15606     0.00001     0.00458     0.15147
    -1.58098     0.15974     0.00000     0.00460     0.15513
    -1.57908     0.16286     0.00000     0.00462     0.15823
    -1.57717     0.16540     0.00000     0.00465     0.16075
    -1.57527     0.16733     0.00000     0.00467     0.16265
    -1.57336     0.16863     0.00000     0.00469     0.16393
    -1.57146     0.16930     0.00000     0.00471     0.16459
    -1.56955     0.16935     0.00000     0.00472     0.16463
    -1.56765     0.16878     0.00000     0.00472     0.16406
    -1.56574     0.16762     0.00000     0.00471     0.16291
    -1.56384     0.16590     0.00000     0.00470     0.16120
    -1.56193     0.16365     0.00000     0.00467     0.15898
    -1.56003     0.16091     0.00000     0.00464     0.15627
    -1.55812     0.15772     0.00000     0.00460     0.15312
    -1.55622     0.15413     0.00000     0.00455     0.14958
    -1.55431     0.15019     0.00000     0.00449     0.14570
    -1.55241     0.14595     0.00000     0.00443     0.14152
    -1.55050     0.14145     0.00000     0.00436     0.13709
    -1.54860     0.13674     0.00000     0.00428     0.13246
    -1.54670     0.13186     0.00000     0.00419     0.12767
    -1.54479     0.12686     0.00000     0.00410     0.12276
    -1.54289     0.12178     0.00000     0.00401     0.11777
    -1.54098     0.11664     0.00000     0.00390     0.11274
    -1.53908     0.11149     0.00000     0.00380     0.10769
    -1.53717     0.10634     0.00000     0.00369     0.10266
    -1.53527     0.10123     0.00000     0.00357     0.09766
    -1.53336     0.09617     0.00000     0.00345     0.09272
    -1.53146     0.09118     0.00000     0.00333     0.08785
    -1.52955     0.08628     0.00000     0.00320     0.08308
    -1.52765     0.08147    -0.00000     0.00307     0.07840
    -1.52574     0.07677    -0.00000     0.00294     0.07383
    -1.52384     0.07219    -0.00000     0.00280     0.06938
    -1.52193     0.06772    -0.00000     0.00267     0.06506
    -1.52003     0.06339    -0.00000     0.00253     0.06086
    -1.51812     0.05920    -0.00000     0.00239     0.05680
    -1.51622     0.05514    -0.00000     0.00226     0.05288
    -1.51431     0.05122    -0.00000     0.00212     0.04910
    -1.51241     0.04746    -0.00000     0.00199     0.04547
    -1.51050     0.04384    -0.00000     0.00185     0.04199
    -1.50860     0.04039    -0.00000     0.00172     0.03866
    -1.50669     0.03708    -0.00000     0.00160     0.03549
    -1.50479     0.03394    -0.00000     0.00147     0.03247
    -1.50288     0.03097    -0.00000     0.00135     0.02961
    -1.50098     0.02815    -0.00000     0.00124     0.02691
    -1.49908     0.02550    -0.00000     0.00113     0.02437
    -1.49717     0.02302    -0.00000     0.00103     0.02200
    -1.49527     0.02070    -0.00000     0.00093     0.01977
    -1.49336     0.01854    -0.00000     0.00083     0.01771
    -1.49146     0.01655    -0.00000     0.00075     0.01580
    -1.48955     0.01470    -0.00000     0.00067     0.01404
    -1.48765     0.01301    -0.00000     0.00059     0.01242
    -1.48574     0.01147    -0.00000     0.00052     0.01095
    -1.48384     0.01007    -0.00000     0.00046     0.00961
    -1.48193     0.00880    -0.00000     0.00041     0.00839
    -1.48003     0.00766    -0.00000     0.00035     0.00730
    -1.47812     0.00664    -0.00000     0.00031     0.00633
    -1.47622     0.00573    -0.00000     0.00027     0.00546
    -1.47431     0.00492    -0.00000     0.00023     0.00469
    -1.47241     0.00421    -0.00000     0.00020     0.00401
    -1.47050     0.00358    -0.00000     0.00017     0.00341
    -1.46860     0.00304    -0.00000     0.00015     0.00289
    -1.46669     0.00257    -0.00000     0.00013     0.00244
    -1.46479     0.00217    -0.00000     0.00012     0.00205
    -1.46288     0.00182    -0.00000     0.00010     0.00172
    -1.46098     0.00153    -0.00000     0.00010     0.00144
    -1.45907     0.00129    -0.00000     0.00009     0.00120
    -1.45717     0.00109    -0.00000     0.00009     0.00100
    -1.45526     0.00093    -0.00000     0.00009     0.00083
    -1.45336     0.00080    -0.00000     0.00010     0.00070
    -1.45146     0.00070    -0.00000     0.00011     0.00059
    -1.44955     0.00063    -0.00000     0.00013     0.00051
    -1.44765     0.00059    -0.00000     0.00015     0.00044
    -1.44574     0.00058    -0.00000     0.00018     0.00040
    -1.44384     0.00058    -0.00000     0.00021     0.00037
    -1.44193     0.00062    -0.00000     0.00025     0.00036
    -1.44003     0.00067    -0.00000     0.00030     0.00037
    -1.43812     0.00076    -0.00000     0.00037     0.00039
    -1.43622     0.00087    -0.00000     0.00044     0.00043
    -1.43431     0.00100    -0.00000     0.00053     0.00048
    -1.43241     0.00117    -0.00000     0.00063     0.00054
    -1.43050     0.00137    -0.00000     0.00074     0.00062
    -1.42860     0.00160    -0.00000     0.00088     0.00072
    -1.42669     0.00187    -0.00000     0.00104     0.00084
    -1.42479     0.00218    -0.00000     0.00121     0.00097
    -1.42288     0.00254    -0.00000     0.00141     0.00112
    -1.42098     0.00294    -0.00000     0.00164     0.00130
    -1.41907     0.00339    -0.00000     0.00189     0.00149
    -1.41717     0.00389    -0.00000     0.00217     0.00171
    -1.41526     0.00444    -0.00000     0.00248     0.00196
    -1.41336     0.00505    -0.00000     0.00283     0.00222
    -1.41145     0.00571    -0.00000     0.00320     0.00252
    -1.40955     0.00643    -0.00000     0.00360     0.00283
    -1.40764     0.00721    -0.00000     0.00404     0.00317
    -1.40574     0.00804    -0.00000     0.00450     0.00354
    -1.40384     0.00893    -0.00000     0.00500     0.00393
    -1.40193     0.00986    -0.00000     0.00552     0.00434
    -1.40003     0.01084    -0.00000     0.00607     0.00477
    -1.39812     0.01185    -0.00000     0.00664     0.00522
    -1.39622     0.01290    -0.00000     0.00722     0.00568
    -1.39431     0.01397    -0.00000     0.00782     0.00615
    -1.39241     0.01506    -0.00000     0.00843     0.00663
    -1.39050     0.01615    -0.00000     0.00904     0.00711
    -1.38860     0.01724    -0.00000     0.00965     0.00759
    -1.38669     0.01831    -0.00000     0.01025     0.00806
    -1.38479     0.01935    -0.00000     0.01083     0.00852
    -1.38288     0.02035    -0.00000     0.01139     0.00896
    -1.38098     0.02130    -0.00000     0.01192     0.00937
    -1.37907     0.02218    -0.00000     0.01242     0.00976
    -1.37717     0.02299    -0.00000     0.01287     0.01012
    -1.37526     0.02370    -0.00000     0.01327     0.01043
    -1.37336     0.02433    -0.00000     0.01362     0.01071
    -1.37145     0.02484    -0.00000     0.01391     0.01093
    -1.36955     0.02525    -0.00000     0.01414     0.01111
    -1.36764     0.02553    -0.00000     0.01429     0.01124
    -1.36574     0.02569    -0.00000     0.01439     0.01131
    -1.36383     0.02573    -0.00000     0.01441     0.01132
    -1.36193     0.02564    -0.00000     0.01436     0.01128
    -1.36003     0.02542    -0.00000     0.01424     0.01119
    -1.35812     0.02509    -0.00000     0.01405     0.01104
    -1.35622     0.02464    -0.00000     0.01379     0.01084
    -1.35431     0.02407    -0.00000     0.01348     0.01059
    -1.35241     0.02341    -0.00000     0.01311     0.01030
    -1.35050     0.02265    -0.00000     0.01268     0.00997
    -1.34860     0.02181    -0.00000     0.01221     0.00960
    -1.34669     0.02090    -0.00000     0.01170     0.00920
    -1.34479     0.01993    -0.00000     0.01116     0.00877
    -1.34288     0.01891    -0.00000     0.01059     0.00832
    -1.34098     0.01785    -0.00000     0.01000     0.00786
    -1.33907     0.01678    -0.00000     0.00939     0.00738
    -1.33717     0.01569    -0.00000     0.00878     0.00690
    -1.33526     0.01459    -0.00000     0.00817     0.00642
    -1.33336     0.01351    -0.00000     0.00757     0.00595
    -1.33145     0.01245    -0.00000     0.00697     0.00548
    -1.32955     0.01142    -0.00000     0.00639     0.00502
    -1.32764     0.01041    -0.00000     0.00583     0.00458
    -1.32574     0.00946    -0.00000     0.00529     0.00416
    -1.32383     0.00854    -0.00000     0.00478     0.00376
    -1.32193     0.00768    -0.00000     0.00430     0.00338
    -1.32002     0.00687    -0.00000     0.00385     0.00302
    -1.31812     0.00612    -0.00000     0.00343     0.00269
    -1.31621     0.00542    -0.00000     0.00303     0.00239
    -1.31431     0.00478    -0.00000     0.00268     0.00210
    -1.31241     0.00419    -0.00000     0.00235     0.00184
    -1.31050     0.00366    -0.00000     0.00205     0.00161
    -1.30860     0.00318    -0.00000     0.00178     0.00140
    -1.30669     0.00275    -0.00000     0.00154     0.00121
    -1.30479     0.00236    -0.00000     0.00132     0.00104
    -1.30288     0.00202    -0.00000     0.00113     0.00089
    -1.30098     0.00172    -0.00000     0.00097     0.00076
    -1.29907     0.00146    -0.00000     0.00082     0.00064
    -1.29717     0.00123    -0.00000     0.00069     0.00054
    -1.29526     0.00104    -0.00000     0.00058     0.00046
    -1.29336     0.00086    -0.00000     0.00048     0.00038
    -1.29145     0.00072    -0.00000     0.00040     0.00032
    -1.28955     0.00059    -0.00000     0.00033     0.00026
    -1.28764     0.00049    -0.00000     0.00027     0.00022
    -1.28574     0.00040    -0.00000     0.00022     0.00018
    -1.28383     0.00033    -0.00000     0.00018     0.00014
    -1.28193     0.00027    -0.00000     0.00015     0.00012
    -1.28002     0.00022    -0.00000     0.00012     0.00009
    -1.27812     0.00017    -0.00000     0.00010     0.00008
    -1.27621     0.00014    -0.00000     0.00008     0.00006
    -1.27431     0.00011    -0.00000     0.00006     0.00005
    -1.27240     0.00009    -0.00000     0.00005     0.00004
    -1.27050     0.00007    -0.00000     0.00004     0.00003
    -1.26859     0.00006    -0.00000     0.00004     0.00002
    -1.26669     0.00005    -0.00000     0.00003     0.00002
    -1.26479     0.00004    -0.00000     0.00003     0.00001
    -1.26288     0.00004    -0.00000     0.00002     0.00001
    -1.26098     0.00003    -0.00000     0.00002     0.00001
    -1.25907     0.00003    -0.00000     0.00003     0.00001
    -1.25717     0.00003    -0.00000     0.00003     0.00000
    -1.25526     0.00004    -0.00000     0.00003     0.00000
    -1.25336     0.00004    -0.00000     0.00004     0.00000
    -1.25145     0.00005    -0.00000     0.00005     0.00000
    -1.24955     0.00006    -0.00000     0.00006     0.00000
    -1.24764     0.00007    -0.00000     0.00007     0.00000
    -1.24574     0.00008    -0.00000     0.00008     0.00000
    -1.24383     0.00010    -0.00000     0.00010     0.00000
    -1.24193     0.00012    -0.00000     0.00012     0.00000
    -1.24002     0.00014    -0.00000     0.00014     0.00000
    -1.23812     0.00017    -0.00000     0.00017     0.00000
    -1.23621     0.00021    -0.00000     0.00020     0.00000
    -1.23431     0.00024    -0.00000     0.00024     0.00000
    -1.23240     0.00029    -0.00000     0.00029     0.00000
    -1.23050     0.00034    -0.00000     0.00034     0.00000
    -1.22859     0.00040    -0.00000     0.00040     0.00000
    -1.22669     0.00046    -0.00000     0.00046     0.00000
    -1.22478     0.00054    -0.00000     0.00054     0.00000
    -1.22288     0.00062    -0.00000     0.00062     0.00000
    -1.22097     0.00071    -0.00000     0.00071     0.00000
    -1.21907     0.00082    -0.00000     0.00081     0.00000
    -1.21717     0.00093    -0.00000     0.00092     0.00001
    -1.21526     0.00105    -0.00000     0.00104     0.00001
    -1.21336     0.00119    -0.00000     0.00118     0.00001
    -1.21145     0.00133    -0.00000     0.00132     0.00001
    -1.20955     0.00149    -0.00000     0.00147     0.00002
    -1.20764     0.00165    -0.00000     0.00163     0.00002
    -1.20574     0.00183    -0.00000     0.00180     0.00003
    -1.20383     0.00202    -0.00000     0.00198     0.00004
    -1.20193     0.00222    -0.00000     0.00216     0.00005
    -1.20002     0.00242    -0.00000     0.00235     0.00007
    -1.19812     0.00264    -0.00000     0.00255     0.00009
    -1.19621     0.00286    -0.00000     0.00275     0.00012
    -1.19431     0.00310    -0.00000     0.00294     0.00015
    -1.19240     0.00334    -0.00000     0.00314     0.00020
    -1.19050     0.00358    -0.00000     0.00333     0.00025
    -1.18859     0.00384    -0.00000     0.00352     0.00032
    -1.18669     0.00410    -0.00000     0.00370     0.00040
    -1.18478     0.00437    -0.00000     0.00386     0.00051
    -1.18288     0.00465    -0.00000     0.00402     0.00063
    -1.18097     0.00495    -0.00000     0.00416     0.00079
    -1.17907     0.00526    -0.00000     0.00428     0.00098
    -1.17716     0.00559    -0.00000     0.00438     0.00121
    -1.17526     0.00595    -0.00000     0.00446     0.00149
    -1.17335     0.00634    -0.00000     0.00452     0.00182
    -1.17145     0.00677    -0.00000     0.00455     0.00222
    -1.16955     0.00724    -0.00000     0.00456     0.00269
    -1.16764     0.00777    -0.00000     0.00453     0.00324
    -1.16574     0.00837    -0.00000     0.00449     0.00388
    -1.16383     0.00905    -0.00000     0.00441     0.00464
    -1.16193     0.00981    -0.00000     0.00431     0.00551
    -1.16002     0.01068    -0.00000     0.00417     0.00651
    -1.15812     0.01167    -0.00000     0.00402     0.00766
    -1.15621     0.01279    -0.00000     0.00383     0.00896
    -1.15431     0.01406    -0.00000     0.00362     0.01044
    -1.15240     0.01549    -0.00000     0.00339     0.01211
    -1.15050     0.01710    -0.00000     0.00313     0.01397
    -1.14859     0.01890    -0.00000     0.00286     0.01604
    -1.14669     0.02090    -0.00000     0.00256     0.01834
    -1.14478     0.02311    -0.00000     0.00225     0.02086
    -1.14288     0.02553    -0.00000     0.00192     0.02361
    -1.14097     0.02819    -0.00000     0.00158     0.02661
    -1.13907     0.03107    -0.00000     0.00123     0.02984
    -1.13716     0.03418    -0.00000     0.00087     0.03331
    -1.13526     0.03751    -0.00000     0.00051     0.03701
    -1.13335     0.04107    -0.00000     0.00014     0.04093
    -1.13145     0.04482    -0.00000    -0.00023     0.04505
    -1.12954     0.04877    -0.00000    -0.00060     0.04937
    -1.12764     0.05289    -0.00000    -0.00096     0.05386
    -1.12574     0.05717    -0.00000    -0.00132     0.05849
    -1.12383     0.06156    -0.00000    -0.00167     0.06324
    -1.12193     0.06606    -0.00000    -0.00201     0.06807
    -1.12002     0.07062    -0.00000    -0.00234     0.07296
    -1.11812     0.07521    -0.00000    -0.00265     0.07787
    -1.11621     0.07981    -0.00000    -0.00295     0.08275
    -1.11431     0.08437    -0.00000    -0.00322     0.08759
    -1.11240     0.08886    -0.00000    -0.00347     0.09234
    -1.11050     0.09325    -0.00000    -0.00370     0.09696
    -1.10859     0.09751    -0.00000    -0.00391     0.10142
    -1.10669     0.10161    -0.00000    -0.00409     0.10570
    -1.10478     0.10553    -0.00000    -0.00424     0.10977
    -1.10288     0.10924    -0.00000    -0.00437     0.11360
    -1.10097     0.11272    -0.00000    -0.00446     0.11718
    -1.09907     0.11597    -0.00000    -0.00453     0.12050
    -1.09716     0.11897    -0.00000    -0.00457     0.12354
    -1.09526     0.12173    -0.00000    -0.00458     0.12631
    -1.09335     0.12424    -0.00000    -0.00457     0.12881
    -1.09145     0.12651    -0.00000    -0.00453     0.13104
    -1.08954     0.12856    -0.00000    -0.00447     0.13302
    -1.08764     0.13039    -0.00000    -0.00438     0.13477
    -1.08573     0.13202    -0.00000    -0.00428     0.13630
    -1.08383     0.13346    -0.00000    -0.00416     0.13763
    -1.08192     0.13475    -0.00000    -0.00403     0.13878
    -1.08002     0.13589    -0.00000    -0.00389     0.13978
    -1.07812     0.13691    -0.00000    -0.00375     0.14066
    -1.07621     0.13783    -0.00000    -0.00359     0.14142
    -1.07431     0.13865    -0.00000    -0.00344     0.14209
    -1.07240     0.13940    -0.00000    -0.00329     0.14269
    -1.07050     0.14007    -0.00000    -0.00315     0.14322
    -1.06859     0.14068    -0.00000    -0.00301     0.14369
    -1.06669     0.14123    -0.00000    -0.00288     0.14411
    -1.06478     0.14171    -0.00000    -0.00277     0.14447
    -1.06288     0.14211    -0.00000    -0.00266     0.14478
    -1.06097     0.14243    -0.00000    -0.00257     0.14500
    -1.05907     0.14265    -0.00000    -0.00250     0.14514
    -1.05716     0.14275    -0.00000    -0.00243     0.14518
    -1.05526     0.14270    -0.00000    -0.00239     0.14509
    -1.05335     0.14250    -0.00000    -0.00235     0.14485
    -1.05145     0.14211    -0.00000    -0.00233     0.14443
    -1.04954     0.14150    -0.00000    -0.00232     0.14382
    -1.04764     0.14067    -0.00000    -0.00232     0.14298
    -1.04573     0.13958    -0.00000    -0.00232     0.14190
    -1.04383     0.13821    -0.00000    -0.00234     0.14055
    -1.04192     0.13656    -0.00000    -0.00235     0.13891
    -1.04002     0.13461    -0.00000    -0.00237     0.13698
    -1.03811     0.13234    -0.00000    -0.00239     0.13473
    -1.03621     0.12976    -0.00000    -0.00241     0.13217
    -1.03430     0.12686    -0.00000    -0.00242     0.12928
    -1.03240     0.12366    -0.00000    -0.00243     0.12609
    -1.03050     0.12016    -0.00000    -0.00243     0.12259
    -1.02859     0.11639    -0.00000    -0.00242     0.11881
    -1.02669     0.11235    -0.00000    -0.00241     0.11476
    -1.02478     0.10807    -0.00000    -0.00238     0.11046
    -1.02288     0.10359    -0.00000    -0.00235     0.10594
    -1.02097     0.09893    -0.00000    -0.00231     0.10123
    -1.01907     0.09412    -0.00000    -0.00225     0.09638
    -1.01716     0.08921    -0.00000    -0.00219     0.09140
    -1.01526     0.08423    -0.00000    -0.00212     0.08635
    -1.01335     0.07921    -0.00000    -0.00204     0.08125
    -1.01145     0.07419    -0.00000    -0.00195     0.07614
    -1.00954     0.06921    -0.00000    -0.00186     0.07107
    -1.00764     0.06429    -0.00000    -0.00176     0.06606
    -1.00573     0.05948    -0.00000    -0.00166     0.06114
    -1.00383     0.05479    -0.00000    -0.00156     0.05636
    -1.00192     0.05026    -0.00000    -0.00146     0.05172
    -1.00002     0.04591    -0.00000    -0.00135     0.04726
    -0.99811     0.04175    -0.00000    -0.00125     0.04300
    -0.99621     0.03781    -0.00000    -0.00115     0.03896
    -0.99430     0.03408    -0.00000    -0.00105     0.03514
    -0.99240     0.03059    -0.00000    -0.00096     0.03155
    -0.99049     0.02734    -0.00000    -0.00087     0.02820
    -0.98859     0.02432    -0.00000    -0.00078     0.02510
    -0.98668     0.02154    -0.00000    -0.00070     0.02223
    -0.98478     0.01899    -0.00000    -0.00062     0.01961
    -0.98288     0.01666    -0.00000    -0.00055     0.01721
    -0.98097     0.01456    -0.00000    -0.00049     0.01504
    -0.97907     0.01266    -0.00000    -0.00043     0.01308
    -0.97716     0.01096    -0.00000    -0.00037     0.01133
    -0.97526     0.00944    -0.00000    -0.00032     0.00976
    -0.97335     0.00810    -0.00000    -0.00028     0.00838
    -0.97145     0.00691    -0.00000    -0.00024     0.00715
    -0.96954     0.00587    -0.00000    -0.00021     0.00608
    -0.96764     0.00497    -0.00000    -0.00017     0.00514
    -0.96573     0.00418    -0.00000    -0.00015     0.00433
    -0.96383     0.00350    -0.00000    -0.00012     0.00363
    -0.96192     0.00292    -0.00000    -0.00010     0.00303
    -0.96002     0.00243    -0.00000    -0.00009     0.00251
    -0.95811     0.00200    -0.00000    -0.00007     0.00208
    -0.95621     0.00165    -0.00000    -0.00006     0.00171
    -0.95430     0.00135    -0.00000    -0.00005     0.00140
    -0.95240     0.00110    -0.00000    -0.00004     0.00114
    -0.95049     0.00089    -0.00000    -0.00003     0.00092
    -0.94859     0.00072    -0.00000    -0.00003     0.00074
    -0.94668     0.00058    -0.00000    -0.00002     0.00060
    -0.94478     0.00046    -0.00000    -0.00002     0.00048
    -0.94287     0.00037    -0.00000    -0.00001     0.00038
    -0.94097     0.00029    -0.00000    -0.00001     0.00030
    -0.93906     0.00023    -0.00000    -0.00001     0.00024
    -0.93716     0.00018    -0.00000    -0.00001     0.00019
    -0.93526     0.00014    -0.00000    -0.00001     0.00014
    -0.93335     0.00011    -0.00000    -0.00000     0.00011
    -0.93145     0.00008    -0.00000    -0.00000     0.00009
    -0.92954     0.00006    -0.00000    -0.00000     0.00007
    -0.92764     0.00005    -0.00000    -0.00000     0.00005
    -0.92573     0.00004    -0.00000    -0.00000     0.00004
    -0.92383     0.00003    -0.00000    -0.00000     0.00003
    -0.92192     0.00002    -0.00000    -0.00000     0.00002
    -0.92002     0.00002    -0.00000    -0.00000     0.00002
    -0.91811     0.00001    -0.00000    -0.00000     0.00001
    -0.91621     0.00001     0.00000    -0.00000     0.00001
    -0.91430     0.00001     0.00000    -0.00000     0.00001
    -0.91240     0.00000     0.00000    -0.00000     0.00001
    -0.91049     0.00000     0.00000    -0.00000     0.00000
    -0.90859     0.00000     0.00000    -0.00000     0.00000
    -0.90668     0.00000     0.00000    -0.00000     0.00000
    -0.90478     0.00000     0.00000    -0.00000     0.00000
    -0.90287     0.00000     0.00000    -0.00000     0.00000
    -0.90097     0.00000     0.00000    -0.00000     0.00000
    -0.89906     0.00000     0.00000    -0.00000     0.00000
    -0.89716     0.00000     0.00000    -0.00000     0.00000
    -0.89525     0.00000     0.00000    -0.00000     0.00000
    -0.89335     0.00000     0.00000    -0.00000     0.00000
    -0.89145     0.00000     0.00000    -0.00000     0.00000
    -0.88954     0.00000     0.00000    -0.00000     0.00000
    -0.88764     0.00000     0.00000    -0.00000     0.00000
    -0.88573     0.00000     0.00000    -0.00000     0.00000
    -0.88383     0.00000     0.00000    -0.00000     0.00000
    -0.88192     0.00000     0.00000    -0.00000     0.00000
    -0.88002     0.00000     0.00000    -0.00000     0.00000
    -0.87811     0.00000     0.00000    -0.00000     0.00000
    -0.87621     0.00000     0.00000    -0.00000     0.00000
    -0.87430     0.00000     0.00000    -0.00000     0.00000
    -0.87240     0.00000     0.00000    -0.00000     0.00000
    -0.87049     0.00000     0.00000    -0.00000     0.00000
    -0.86859     0.00000     0.00000    -0.00000     0.00000
    -0.86668     0.00000     0.00000    -0.00000     0.00000
    -0.86478     0.00000     0.00000    -0.00000     0.00000
    -0.86287     0.00000     0.00000    -0.00000     0.00000
    -0.86097     0.00000     0.00000    -0.00000     0.00000
    -0.85906     0.00000     0.00000    -0.00000     0.00000
    -0.85716     0.00000     0.00000    -0.00000     0.00000
    -0.85525     0.00000     0.00000    -0.00000     0.00000
    -0.85335     0.00000     0.00000    -0.00000     0.00000
    -0.85144     0.00000     0.00000    -0.00000     0.00000
    -0.84954     0.00000     0.00000    -0.00000     0.00000
    -0.84763     0.00000     0.00000    -0.00000     0.00000
    -0.84573     0.00000     0.00000    -0.00000     0.00000
    -0.84383     0.00000     0.00000    -0.00000     0.00000
    -0.84192     0.00000     0.00000    -0.00000     0.00000
    -0.84002     0.00000     0.00000    -0.00000     0.00000
    -0.83811     0.00000     0.00000    -0.00000     0.00000
    -0.83621     0.00000     0.00000    -0.00000     0.00000
    -0.83430     0.00000     0.00000    -0.00000     0.00000
    -0.83240     0.00000     0.00000    -0.00000     0.00000
    -0.83049     0.00000     0.00000    -0.00000     0.00000
    -0.82859     0.00000     0.00000    -0.00000     0.00000
    -0.82668     0.00000     0.00000    -0.00000     0.00000
    -0.82478     0.00000     0.00000    -0.00000     0.00000
    -0.82287     0.00000     0.00000    -0.00000     0.00000
    -0.82097     0.00000     0.00000    -0.00000     0.00000
    -0.81906     0.00000     0.00000    -0.00000     0.00000
    -0.81716     0.00000     0.00000    -0.00000     0.00000
    -0.81525     0.00000     0.00000    -0.00000     0.00000
    -0.81335     0.00000     0.00000    -0.00000     0.00000
    -0.81144     0.00000     0.00000    -0.00000     0.00000
    -0.80954     0.00000     0.00000    -0.00000     0.00000
    -0.80763     0.00000     0.00000    -0.00000     0.00000
    -0.80573     0.00000     0.00000    -0.00000     0.00000
    -0.80382     0.00000     0.00000    -0.00000     0.00000
    -0.80192     0.00000     0.00000    -0.00000     0.00000
    -0.80001     0.00000     0.00000    -0.00000     0.00000
    -0.79811     0.00000     0.00000    -0.00000     0.00000
    -0.79621     0.00000     0.00000    -0.00000     0.00000
    -0.79430     0.00000     0.00000    -0.00000     0.00000
    -0.79240     0.00000     0.00000    -0.00000     0.00000
    -0.79049     0.00000     0.00000    -0.00000     0.00000
    -0.78859     0.00000     0.00000    -0.00000     0.00000
    -0.78668     0.00000     0.00000    -0.00000     0.00000
    -0.78478     0.00000     0.00000    -0.00000     0.00000
    -0.78287     0.00000     0.00000    -0.00000     0.00000
    -0.78097     0.00000     0.00000    -0.00000     0.00000
    -0.77906     0.00000     0.00000     0.00000     0.00000
    -0.77716     0.00000     0.00000     0.00000     0.00000
    -0.77525     0.00000     0.00000     0.00000     0.00000
    -0.77335     0.00000     0.00000     0.00000     0.00000
    -0.77144     0.00000     0.00000     0.00000     0.00000
    -0.76954     0.00000     0.00000     0.00000     0.00000
    -0.76763     0.00000     0.00000     0.00000     0.00000
    -0.76573     0.00000     0.00000     0.00000     0.00000
    -0.76382     0.00000     0.00000     0.00000     0.00000
    -0.76192     0.00000     0.00000     0.00000     0.00000
    -0.76001     0.00000     0.00000     0.00000     0.00000
    -0.75811     0.00000     0.00000     0.00000     0.00000
    -0.75620     0.00000     0.00000     0.00000     0.00000
    -0.75430     0.00000     0.00000     0.00000     0.00000
    -0.75239     0.00000     0.00000     0.00000     0.00000
    -0.75049     0.00000     0.00000     0.00000     0.00000
    -0.74859     0.00000     0.00000     0.00000     0.00000
    -0.74668     0.00000     0.00000     0.00000     0.00000
    -0.74478     0.00000     0.00000     0.00000     0.00000
    -0.74287     0.00000     0.00000     0.00000     0.00000
    -0.74097     0.00000     0.00000     0.00000     0.00000
    -0.73906     0.00000     0.00000     0.00000     0.00000
    -0.73716     0.00000     0.00000     0.00000     0.00000
    -0.73525     0.00000     0.00000     0.00000     0.00000
    -0.73335     0.00000     0.00000     0.00000     0.00000
    -0.73144     0.00000     0.00000     0.00000     0.00000
    -0.72954     0.00000     0.00000     0.00000     0.00000
    -0.72763     0.00000     0.00000     0.00000     0.00000
    -0.72573     0.00000     0.00000     0.00000     0.00000
    -0.72382     0.00000     0.00000     0.00000     0.00000
    -0.72192     0.00000     0.00000     0.00000     0.00000
    -0.72001     0.00000     0.00000     0.00000     0.00000
    -0.71811     0.00000     0.00000     0.00000     0.00000
    -0.71620     0.00000     0.00000     0.00000     0.00000
    -0.71430     0.00000     0.00000     0.00000     0.00000
    -0.71239     0.00000     0.00000     0.00000     0.00000
    -0.71049     0.00000     0.00000     0.00000     0.00000
    -0.70858     0.00000     0.00000     0.00000     0.00000
    -0.70668     0.00000     0.00000     0.00000     0.00000
    -0.70477     0.00000     0.00000     0.00000     0.00000
    -0.70287     0.00000     0.00000     0.00000     0.00000
    -0.70097     0.00000     0.00000     0.00000     0.00000
    -0.69906     0.00000     0.00000     0.00000     0.00000
    -0.69716     0.00000     0.00000     0.00000     0.00000
    -0.69525     0.00000     0.00000     0.00000     0.00000
    -0.69335     0.00000     0.00000     0.00000     0.00000
    -0.69144     0.00000     0.00000     0.00000     0.00000
    -0.68954     0.00000     0.00000     0.00000     0.00000
    -0.68763     0.00000     0.00000     0.00000     0.00000
    -0.68573     0.00000     0.00000     0.00000     0.00000
    -0.68382     0.00000     0.00000     0.00000     0.00000
    -0.68192     0.00000     0.00000     0.00000     0.00000
    -0.68001     0.00000     0.00000     0.00000     0.00000
    -0.67811     0.00000     0.00000     0.00000     0.00000
    -0.67620     0.00000     0.00000     0.00000     0.00000
    -0.67430     0.00000     0.00000     0.00000     0.00000
    -0.67239     0.00000     0.00000     0.00000     0.00000
    -0.67049     0.00000     0.00000     0.00000     0.00000
    -0.66858     0.00000     0.00000     0.00000     0.00000
    -0.66668     0.00000     0.00000     0.00000     0.00000
    -0.66477     0.00000     0.00000     0.00000     0.00000
    -0.66287     0.00000     0.00000     0.00000     0.00000
    -0.66096     0.00000     0.00000     0.00000     0.00000
    -0.65906     0.00000     0.00000     0.00000     0.00000
    -0.65715     0.00000     0.00000     0.00000     0.00000
    -0.65525     0.00000     0.00000     0.00000     0.00000
    -0.65335     0.00000     0.00000     0.00000     0.00000
    -0.65144     0.00000     0.00000     0.00000     0.00000
    -0.64954     0.00000     0.00000     0.00000     0.00000
    -0.64763     0.00000     0.00000     0.00000     0.00000
    -0.64573     0.00000     0.00000     0.00000     0.00000
    -0.64382     0.00000     0.00000     0.00000     0.00000
    -0.64192     0.00000     0.00000     0.00000     0.00000
    -0.64001     0.00000     0.00000     0.00000     0.00000
    -0.63811     0.00000     0.00000     0.00000     0.00000
    -0.63620     0.00000     0.00000     0.00000     0.00000
    -0.63430     0.00000     0.00000     0.00000     0.00000
    -0.63239     0.00000     0.00000     0.00000     0.00000
    -0.63049     0.00000     0.00000     0.00000     0.00000
    -0.62858     0.00000     0.00000     0.00000     0.00000
    -0.62668     0.00000     0.00000     0.00000     0.00000
    -0.62477     0.00000     0.00000     0.00000     0.00000
    -0.62287     0.00000     0.00000     0.00000     0.00000
    -0.62096     0.00000     0.00000     0.00000     0.00000
    -0.61906     0.00000     0.00000     0.00000     0.00000
    -0.61715     0.00000     0.00000     0.00000     0.00000
    -0.61525     0.00000     0.00000     0.00000     0.00000
    -0.61334     0.00000     0.00000     0.00000     0.00000
    -0.61144     0.00000     0.00000     0.00000     0.00000
    -0.60954     0.00000     0.00000     0.00000     0.00000
    -0.60763     0.00000     0.00000     0.00000     0.00000
    -0.60573     0.00000     0.00000     0.00000     0.00000
    -0.60382     0.00000     0.00000     0.00000     0.00000
    -0.60192     0.00000     0.00000     0.00000     0.00000
    -0.60001     0.00000     0.00000     0.00000     0.00000
    -0.59811     0.00000     0.00000     0.00000     0.00000
    -0.59620     0.00000     0.00000     0.00000     0.00000
    -0.59430     0.00000     0.00000     0.00000     0.00000
    -0.59239     0.00000     0.00000     0.00000     0.00000
    -0.59049     0.00000     0.00000     0.00000     0.00000
    -0.58858     0.00000     0.00000     0.00000     0.00000
    -0.58668     0.00000     0.00000     0.00000     0.00000
    -0.58477     0.00000     0.00000     0.00000     0.00000
    -0.58287     0.00000     0.00000     0.00000     0.00000
    -0.58096     0.00000     0.00000     0.00000     0.00000
    -0.57906     0.00000     0.00000     0.00000     0.00000
    -0.57715     0.00000     0.00000     0.00000     0.00000
    -0.57525     0.00000     0.00000     0.00000     0.00000
    -0.57334     0.00000     0.00000     0.00000     0.00000
    -0.57144     0.00000     0.00000     0.00000     0.00000
    -0.56953     0.00000     0.00000     0.00000     0.00000
    -0.56763     0.00000     0.00000     0.00000     0.00000
    -0.56572     0.00000     0.00000     0.00000     0.00000
    -0.56382     0.00000     0.00000     0.00000     0.00000
    -0.56192     0.00000     0.00000     0.00000     0.00000
    -0.56001     0.00000     0.00000     0.00000     0.00000
    -0.55811     0.00000     0.00000     0.00000     0.00000
    -0.55620     0.00000     0.00000     0.00000     0.00000
    -0.55430     0.00000     0.00000     0.00000     0.00000
    -0.55239     0.00000     0.00000     0.00000     0.00000
    -0.55049     0.00000     0.00000     0.00000     0.00000
    -0.54858     0.00000     0.00000     0.00000     0.00000
    -0.54668     0.00000     0.00000     0.00000     0.00000
    -0.54477     0.00000     0.00000     0.00000     0.00000
    -0.54287     0.00000     0.00000     0.00000     0.00000
    -0.54096     0.00000     0.00000     0.00000     0.00000
    -0.53906     0.00000     0.00000     0.00000     0.00000
    -0.53715     0.00000     0.00000     0.00000     0.00000
    -0.53525     0.00000     0.00000     0.00000     0.00000
    -0.53334     0.00000     0.00000     0.00000     0.00000
    -0.53144     0.00000     0.00000     0.00000     0.00000
    -0.52953     0.00000     0.00000     0.00000     0.00000
    -0.52763     0.00000     0.00000     0.00000     0.00000
    -0.52572     0.00000     0.00000     0.00000     0.00000
    -0.52382     0.00000     0.00000     0.00000     0.00000
    -0.52191     0.00000     0.00000     0.00000     0.00000
    -0.52001     0.00000     0.00000     0.00000     0.00000
    -0.51810     0.00000     0.00000     0.00000     0.00000
    -0.51620     0.00000     0.00000     0.00000     0.00000
    -0.51430     0.00000     0.00000     0.00000     0.00000
    -0.51239     0.00000     0.00000     0.00000     0.00000
    -0.51049     0.00000     0.00000     0.00000     0.00000
    -0.50858     0.00000     0.00000     0.00000     0.00000
    -0.50668     0.00000     0.00000     0.00000     0.00000
    -0.50477     0.00000     0.00000     0.00000     0.00000
    -0.50287     0.00000     0.00000     0.00000     0.00000
    -0.50096     0.00000     0.00000     0.00000     0.00000
    -0.49906     0.00000     0.00000     0.00000     0.00000
    -0.49715     0.00000     0.00000     0.00000     0.00000
    -0.49525     0.00000     0.00000     0.00000     0.00000
    -0.49334     0.00000     0.00000     0.00000     0.00000
    -0.49144     0.00000     0.00000     0.00000     0.00000
    -0.48953     0.00000     0.00000     0.00000     0.00000
    -0.48763     0.00000     0.00000     0.00000     0.00000
    -0.48572     0.00000     0.00000     0.00000     0.00000
    -0.48382     0.00000     0.00000     0.00000     0.00000
    -0.48191     0.00000     0.00000     0.00000     0.00000
    -0.48001     0.00000     0.00000     0.00000     0.00000
    -0.47810     0.00000     0.00000     0.00000     0.00000
    -0.47620     0.00000     0.00000     0.00000     0.00000
    -0.47429     0.00000     0.00000     0.00000     0.00000
    -0.47239     0.00000     0.00000     0.00000     0.00000
    -0.47048     0.00000     0.00000     0.00000     0.00000
    -0.46858     0.00000     0.00000     0.00000     0.00000
    -0.46668     0.00000     0.00000     0.00000     0.00000
    -0.46477     0.00000     0.00000     0.00000     0.00000
    -0.46287     0.00000     0.00000     0.00000     0.00000
    -0.46096     0.00000     0.00000     0.00000     0.00000
    -0.45906     0.00000     0.00000     0.00000     0.00000
    -0.45715     0.00000     0.00000     0.00000     0.00000
    -0.45525     0.00000     0.00000     0.00000     0.00000
    -0.45334     0.00000     0.00000     0.00000     0.00000
    -0.45144     0.00000     0.00000     0.00000     0.00000
    -0.44953     0.00000     0.00000     0.00000     0.00000
    -0.44763     0.00000     0.00000     0.00000     0.00000
    -0.44572     0.00000     0.00000     0.00000     0.00000
    -0.44382     0.00000     0.00000     0.00000     0.00000
    -0.44191     0.00000     0.00000     0.00000     0.00000
    -0.44001     0.00000     0.00000     0.00000     0.00000
    -0.43810     0.00000     0.00000     0.00000     0.00000
    -0.43620     0.00000     0.00000     0.00000     0.00000
    -0.43429     0.00000     0.00000     0.00000     0.00000
    -0.43239     0.00000     0.00000     0.00000     0.00000
    -0.43048     0.00000     0.00000     0.00000     0.00000
    -0.42858     0.00000     0.00000     0.00000     0.00000
    -0.42667     0.00000     0.00000     0.00000     0.00000
    -0.42477     0.00000     0.00000     0.00000     0.00000
    -0.42286     0.00000     0.00000     0.00000     0.00000
    -0.42096     0.00000     0.00000     0.00000     0.00000
    -0.41906     0.00000     0.00000     0.00000     0.00000
    -0.41715     0.00000     0.00000     0.00000     0.00000
    -0.41525     0.00000     0.00000     0.00000     0.00000
    -0.41334     0.00000     0.00000     0.00000     0.00000
    -0.41144     0.00000     0.00000     0.00000     0.00000
    -0.40953     0.00000     0.00000     0.00000     0.00000
    -0.40763     0.00000     0.00000     0.00000     0.00000
    -0.40572     0.00000     0.00000     0.00000     0.00000
    -0.40382     0.00000     0.00000     0.00000     0.00000
    -0.40191     0.00000     0.00000     0.00000     0.00000
    -0.40001     0.00000     0.00000     0.00000     0.00000
    -0.39810     0.00000     0.00000     0.00000     0.00000
    -0.39620     0.00000     0.00000     0.00000     0.00000
    -0.39429     0.00000     0.00000     0.00000     0.00000
    -0.39239     0.00000     0.00000     0.00000     0.00000
    -0.39048     0.00000     0.00000     0.00000     0.00000
    -0.38858     0.00000     0.00000     0.00000     0.00000
    -0.38667     0.00000     0.00000     0.00000     0.00000
    -0.38477     0.00000     0.00000     0.00000     0.00000
    -0.38286     0.00000     0.00000     0.00000     0.00000
    -0.38096     0.00000     0.00000     0.00000     0.00000
    -0.37905     0.00000     0.00000     0.00000     0.00000
    -0.37715     0.00000     0.00000     0.00000     0.00000
    -0.37525     0.00000     0.00000     0.00000     0.00000
    -0.37334     0.00000     0.00000     0.00000     0.00000
    -0.37144     0.00000     0.00000     0.00000     0.00000
    -0.36953     0.00000     0.00000     0.00000     0.00000
    -0.36763     0.00000     0.00000     0.00000     0.00000
    -0.36572     0.00000     0.00000     0.00000     0.00000
    -0.36382     0.00000     0.00000     0.00000     0.00000
    -0.36191     0.00000     0.00000     0.00000     0.00000
    -0.36001     0.00000     0.00000     0.00000     0.00000
    -0.35810     0.00000     0.00000     0.00000     0.00000
    -0.35620     0.00000     0.00000     0.00000     0.00000
    -0.35429     0.00000     0.00000     0.00000     0.00000
    -0.35239     0.00000     0.00000     0.00000     0.00000
    -0.35048     0.00000     0.00000     0.00000     0.00000
    -0.34858     0.00000     0.00000     0.00000     0.00000
    -0.34667     0.00000     0.00000     0.00000     0.00000
    -0.34477     0.00000     0.00000     0.00000     0.00000
    -0.34286     0.00000     0.00000     0.00000     0.00000
    -0.34096     0.00000     0.00000     0.00000     0.00000
    -0.33905     0.00000     0.00000     0.00000     0.00000
    -0.33715     0.00000     0.00000     0.00000     0.00000
    -0.33524     0.00000     0.00000     0.00000     0.00000
    -0.33334     0.00000     0.00000     0.00000     0.00000
    -0.33143     0.00000     0.00000     0.00000     0.00000
    -0.32953     0.00000     0.00000     0.00000     0.00000
    -0.32763     0.00000     0.00000     0.00000     0.00000
    -0.32572     0.00000     0.00000     0.00000     0.00000
    -0.32382     0.00000     0.00000     0.00000     0.00000
    -0.32191     0.00000     0.00000     0.00000     0.00000
    -0.32001     0.00000     0.00000     0.00000     0.00000
    -0.31810     0.00000     0.00000     0.00000     0.00000
    -0.31620     0.00000     0.00000     0.00000     0.00000
    -0.31429     0.00000     0.00000     0.00000     0.00000
    -0.31239     0.00000     0.00000     0.00000     0.00000
    -0.31048     0.00000     0.00000     0.00000     0.00000
    -0.30858     0.00000     0.00000     0.00000     0.00000
    -0.30667     0.00000     0.00000     0.00000     0.00000
    -0.30477     0.00000     0.00000     0.00000     0.00000
    -0.30286     0.00000     0.00000     0.00000     0.00000
    -0.30096     0.00000     0.00000     0.00000     0.00000
    -0.29905     0.00000     0.00000     0.00000     0.00000
    -0.29715     0.00000     0.00000     0.00000     0.00000
    -0.29524     0.00000     0.00000     0.00000     0.00000
    -0.29334     0.00000     0.00000     0.00000     0.00000
    -0.29143     0.00000     0.00000     0.00000     0.00000
    -0.28953     0.00000     0.00000     0.00000     0.00000
    -0.28762     0.00000     0.00000     0.00000     0.00000
    -0.28572     0.00000     0.00000     0.00000     0.00000
    -0.28381     0.00000     0.00000     0.00000     0.00000
    -0.28191     0.00000     0.00000     0.00000     0.00000
    -0.28001     0.00000     0.00000     0.00000     0.00000
    -0.27810     0.00000     0.00000     0.00000     0.00000
    -0.27620     0.00000     0.00000     0.00000     0.00000
    -0.27429     0.00000     0.00000     0.00000     0.00000
    -0.27239     0.00000     0.00000     0.00000     0.00000
    -0.27048     0.00000     0.00000     0.00000     0.00000
    -0.26858     0.00000     0.00000     0.00000     0.00000
    -0.26667     0.00000     0.00000     0.00000     0.00000
    -0.26477     0.00000     0.00000     0.00000     0.00000
    -0.26286     0.00000     0.00000     0.00000     0.00000
    -0.26096     0.00000     0.00000     0.00000     0.00000
    -0.25905     0.00000     0.00000     0.00000     0.00000
    -0.25715     0.00000     0.00000     0.00000     0.00000
    -0.25524     0.00000     0.00000     0.00000     0.00000
    -0.25334     0.00000     0.00000     0.00000     0.00000
    -0.25143     0.00000     0.00000     0.00000     0.00000
    -0.24953     0.00000     0.00000     0.00000     0.00000
    -0.24762     0.00000     0.00000     0.00000     0.00000
    -0.24572     0.00000     0.00000     0.00000     0.00000
    -0.24381     0.00000     0.00000     0.00000     0.00000
    -0.24191     0.00000     0.00000     0.00000     0.00000
    -0.24000     0.00000     0.00000     0.00000     0.00000
    -0.23810     0.00000     0.00000     0.00000     0.00000
    -0.23619     0.00000     0.00000     0.00000     0.00000
    -0.23429     0.00000     0.00000     0.00000     0.00000
    -0.23239     0.00000     0.00000     0.00000     0.00000
    -0.23048     0.00000     0.00000     0.00000     0.00000
    -0.22858     0.00000     0.00000     0.00000     0.00000
    -0.22667     0.00000     0.00000     0.00000     0.00000
    -0.22477     0.00000     0.00000     0.00000     0.00000
    -0.22286     0.00000     0.00000     0.00000     0.00000
    -0.22096     0.00000     0.00000     0.00000     0.00000
    -0.21905     0.00000     0.00000     0.00000     0.00000
    -0.21715     0.00000     0.00000     0.00000     0.00000
    -0.21524     0.00000     0.00000     0.00000     0.00000
    -0.21334     0.00000     0.00000     0.00000     0.00000
    -0.21143     0.00000     0.00000     0.00000     0.00000
    -0.20953     0.00000     0.00000     0.00000     0.00000
    -0.20762     0.00000     0.00000     0.00000     0.00000
    -0.20572     0.00000     0.00000     0.00000     0.00000
    -0.20381     0.00000     0.00000     0.00000     0.00000
    -0.20191     0.00000     0.00000     0.00000     0.00000
    -0.20000     0.00000     0.00000     0.00000     0.00000
    -0.19810     0.00000     0.00000     0.00000     0.00000
    -0.19619     0.00000     0.00000     0.00000     0.00000
    -0.19429     0.00000     0.00000     0.00000     0.00000
    -0.19238     0.00000     0.00000     0.00000     0.00000
    -0.19048     0.00000     0.00000     0.00000     0.00000
    -0.18857     0.00000     0.00000     0.00000     0.00000
    -0.18667     0.00000     0.00000     0.00000     0.00000
    -0.18477     0.00000     0.00000     0.00000     0.00000
    -0.18286     0.00000     0.00000     0.00000     0.00000
    -0.18096     0.00000     0.00000     0.00000     0.00000
    -0.17905     0.00000     0.00000     0.00000     0.00000
    -0.17715     0.00000     0.00000     0.00000     0.00000
    -0.17524     0.00000     0.00000     0.00000     0.00000
    -0.17334     0.00000     0.00000     0.00000     0.00000
    -0.17143     0.00000     0.00000     0.00000     0.00000
    -0.16953     0.00000     0.00000     0.00000     0.00000
    -0.16762     0.00000     0.00000     0.00000     0.00000
    -0.16572     0.00000     0.00000     0.00000     0.00000
    -0.16381     0.00000     0.00000     0.00000     0.00000
    -0.16191     0.00000     0.00000     0.00000     0.00000
    -0.16000     0.00000     0.00000     0.00000     0.00000
    -0.15810     0.00000     0.00000     0.00000     0.00000
    -0.15619     0.00000     0.00000     0.00000     0.00000
    -0.15429     0.00000     0.00000     0.00000     0.00000
    -0.15238     0.00000     0.00000     0.00000     0.00000
    -0.15048     0.00000     0.00000     0.00000     0.00000
    -0.14857     0.00000     0.00000     0.00000     0.00000
    -0.14667     0.00000     0.00000     0.00000     0.00000
    -0.14476     0.00000     0.00000     0.00000     0.00000
    -0.14286     0.00000     0.00000     0.00000     0.00000
    -0.14095     0.00000     0.00000     0.00000     0.00000
    -0.13905     0.00000     0.00000     0.00000     0.00000
    -0.13715     0.00000     0.00000     0.00000     0.00000
    -0.13524     0.00000     0.00000     0.00000     0.00000
    -0.13334     0.00000     0.00000     0.00000     0.00000
    -0.13143     0.00000     0.00000     0.00000     0.00000
    -0.12953     0.00000     0.00000     0.00000     0.00000
    -0.12762     0.00000     0.00000     0.00000     0.00000
    -0.12572     0.00000     0.00000     0.00000     0.00000
    -0.12381     0.00000     0.00000     0.00000     0.00000
    -0.12191     0.00000     0.00000     0.00000     0.00000
    -0.12000     0.00000     0.00000     0.00000     0.00000
    -0.11810     0.00000     0.00000     0.00000     0.00000
    -0.11619     0.00000     0.00000     0.00000     0.00000
    -0.11429     0.00000     0.00000     0.00000     0.00000
    -0.11238     0.00000     0.00000     0.00000     0.00000
    -0.11048     0.00000     0.00000     0.00000     0.00000
    -0.10857     0.00000     0.00000     0.00000     0.00000
    -0.10667     0.00000     0.00000     0.00000     0.00000
    -0.10476     0.00000     0.00000     0.00000     0.00000
    -0.10286     0.00000     0.00000     0.00000     0.00000
    -0.10095     0.00000     0.00000     0.00000     0.00000
    -0.09905     0.00000     0.00000     0.00000     0.00000
    -0.09714     0.00000     0.00000     0.00000     0.00000
    -0.09524     0.00000     0.00000     0.00000     0.00000
    -0.09334     0.00000     0.00000     0.00000     0.00000
    -0.09143     0.00000     0.00000     0.00000     0.00000
    -0.08953     0.00000     0.00000     0.00000     0.00000
    -0.08762     0.00000     0.00000     0.00000     0.00000
    -0.08572     0.00000     0.00000     0.00000     0.00000
    -0.08381     0.00000     0.00000     0.00000     0.00000
    -0.08191     0.00000     0.00000     0.00000     0.00000
    -0.08000     0.00000     0.00000     0.00000     0.00000
    -0.07810     0.00000     0.00000     0.00000     0.00000
    -0.07619     0.00000     0.00000     0.00000     0.00000
    -0.07429     0.00000     0.00000     0.00000     0.00000
    -0.07238     0.00000     0.00000     0.00000     0.00000
    -0.07048     0.00000     0.00000     0.00000     0.00000
    -0.06857     0.00000     0.00000     0.00000     0.00000
    -0.06667     0.00000     0.00000     0.00000     0.00000
    -0.06476     0.00000     0.00000     0.00000     0.00000
    -0.06286     0.00000     0.00000     0.00000     0.00000
    -0.06095     0.00000     0.00000     0.00000     0.00000
    -0.05905     0.00000     0.00000     0.00000     0.00000
    -0.05714     0.00000     0.00000     0.00000     0.00000
    -0.05524     0.00000     0.00000     0.00000     0.00000
    -0.05333     0.00000     0.00000     0.00000     0.00000
    -0.05143     0.00000     0.00000     0.00000     0.00000
    -0.04952     0.00000     0.00000     0.00000     0.00000
    -0.04762     0.00000     0.00000     0.00000     0.00000
    -0.04572     0.00000     0.00000     0.00000     0.00000
    -0.04381     0.00000     0.00000     0.00000     0.00000
    -0.04191     0.00000     0.00000     0.00000     0.00000
    -0.04000     0.00000     0.00000     0.00000     0.00000
    -0.03810     0.00000     0.00000     0.00000     0.00000
    -0.03619     0.00000     0.00000     0.00000     0.00000
    -0.03429     0.00000     0.00000     0.00000     0.00000
    -0.03238     0.00000     0.00000     0.00000     0.00000
    -0.03048     0.00000     0.00000     0.00000     0.00000
    -0.02857     0.00000     0.00000     0.00000     0.00000
    -0.02667     0.00000     0.00000     0.00000     0.00000
    -0.02476     0.00000     0.00000     0.00000     0.00000
    -0.02286     0.00000     0.00000     0.00000     0.00000
    -0.02095     0.00000     0.00000     0.00000     0.00000
    -0.01905     0.00000     0.00000     0.00000     0.00000
    -0.01714     0.00000     0.00000     0.00000     0.00000
    -0.01524     0.00000     0.00000     0.00000     0.00000
    -0.01333     0.00000     0.00000     0.00000     0.00000
    -0.01143     0.00000     0.00000     0.00000     0.00000
    -0.00952     0.00000     0.00000     0.00000     0.00000
    -0.00762     0.00000     0.00000     0.00000     0.00000
    -0.00571     0.00000     0.00000     0.00000     0.00000
    -0.00381     0.00000     0.00000     0.00000     0.00000
    -0.00190     0.00000     0.00000     0.00000     0.00000
     0.00000     0.00000     0.00000     0.00000     0.00000
     0.00190     0.00000     0.00000     0.00000     0.00000
     0.00381     0.00000     0.00000     0.00000     0.00000
     0.00571     0.00000     0.00000     0.00000     0.00000
     0.00762     0.00000     0.00000     0.00000     0.00000
     0.00952     0.00000     0.00000     0.00000     0.00000
     0.01143     0.00000     0.00000     0.00000     0.00000
     0.01333     0.00000     0.00000     0.00000     0.00000
     0.01524     0.00000     0.00000     0.00000     0.00000
     0.01714     0.00000     0.00000     0.00000     0.00000
     0.01905     0.00000     0.00000     0.00000     0.00000
     0.02095     0.00000     0.00000     0.00000     0.00000
     0.02286     0.00000     0.00000     0.00000     0.00000
     0.02476     0.00000     0.00000     0.00000     0.00000
     0.02667     0.00000     0.00000     0.00000     0.00000
     0.02857     0.00000     0.00000     0.00000     0.00000
     0.03048     0.00000     0.00000     0.00000     0.00000
     0.03238     0.00000     0.00000     0.00000     0.00000
     0.03429     0.00000     0.00000     0.00000     0.00000
     0.03619     0.00000     0.00000     0.00000     0.00000
     0.03810     0.00000     0.00000     0.00000     0.00000
     0.04000     0.00000     0.00000     0.00000     0.00000
     0.04191     0.00000     0.00000     0.00000     0.00000
     0.04381     0.00000     0.00000     0.00000     0.00000
     0.04572     0.00000     0.00000     0.00000     0.00000
     0.04762     0.00000     0.00000     0.00000     0.00000
     0.04952     0.00000     0.00000     0.00000     0.00000
     0.05143     0.00000     0.00000     0.00000     0.00000
     0.05333     0.00000     0.00000     0.00000     0.00000
     0.05524     0.00000     0.00000     0.00000     0.00000
     0.05714     0.00000     0.00000     0.00000     0.00000
     0.05905     0.00000     0.00000     0.00000     0.00000
     0.06095     0.00000     0.00000     0.00000     0.00000
     0.06286     0.00000     0.00000     0.00000     0.00000
     0.06476     0.00000     0.00000     0.00000     0.00000
     0.06667     0.00000     0.00000     0.00000     0.00000
     0.06857     0.00000     0.00000     0.00000     0.00000
     0.07048     0.00000     0.00000     0.00000     0.00000
     0.07238     0.00000     0.00000     0.00000     0.00000
     0.07429     0.00000     0.00000     0.00000     0.00000
     0.07619     0.00000     0.00000     0.00000     0.00000
     0.07810     0.00000     0.00000     0.00000     0.00000
     0.08000     0.00000     0.00000     0.00000     0.00000
     0.08191     0.00000     0.00000     0.00000     0.00000
     0.08381     0.00000     0.00000     0.00000     0.00000
     0.08572     0.00000     0.00000     0.00000     0.00000
     0.08762     0.00000     0.00000     0.00000     0.00000
     0.08953     0.00000     0.00000     0.00000     0.00000
     0.09143     0.00000     0.00000     0.00000     0.00000
     0.09334     0.00000     0.00000     0.00000     0.00000
     0.09524     0.00000     0.00000     0.00000     0.00000
     0.09714     0.00000     0.00000     0.00000     0.00000
     0.09905     0.00000     0.00000     0.00000     0.00000
     0.10095     0.00000     0.00000     0.00000     0.00000
     0.10286     0.00000     0.00000     0.00000     0.00000
     0.10476     0.00000     0.00000     0.00000     0.00000
     0.10667     0.00000     0.00000     0.00000     0.00000
     0.10857     0.00000     0.00000     0.00000     0.00000
     0.11048     0.00000     0.00000     0.00000     0.00000
     0.11238     0.00000     0.00000     0.00000     0.00000
     0.11429     0.00000     0.00000     0.00000     0.00000
     0.11619     0.00000     0.00000     0.00000     0.00000
     0.11810     0.00000     0.00000     0.00000     0.00000
     0.12000     0.00000     0.00000     0.00000     0.00000
     0.12191     0.00000     0.00000     0.00000     0.00000
     0.12381     0.00000     0.00000     0.00000     0.00000
     0.12572     0.00000     0.00000     0.00000     0.00000
     0.12762     0.00000     0.00000     0.00000     0.00000
     0.12953     0.00000     0.00000     0.00000     0.00000
     0.13143     0.00000     0.00000     0.00000     0.00000
     0.13334     0.00000     0.00000     0.00000     0.00000
     0.13524     0.00000     0.00000     0.00000     0.00000
     0.13715     0.00000     0.00000     0.00000     0.00000
     0.13905     0.00000     0.00000     0.00000     0.00000
     0.14095     0.00000     0.00000     0.00000     0.00000
     0.14286     0.00000     0.00000     0.00000     0.00000
     0.14476     0.00000     0.00000     0.00000     0.00000
     0.14667     0.00000     0.00000     0.00000     0.00000
     0.14857     0.00000     0.00000     0.00000     0.00000
     0.15048     0.00000     0.00000     0.00000     0.00000
     0.15238     0.00000     0.00000     0.00000     0.00000
     0.15429     0.00000     0.00000     0.00000     0.00000
     0.15619     0.00000     0.00000     0.00000     0.00000
     0.15810     0.00000     0.00000     0.00000     0.00000
     0.16000     0.00000     0.00000     0.00000     0.00000
     0.16191     0.00000     0.00000     0.00000     0.00000
     0.16381     0.00000     0.00000     0.00000     0.00000
     0.16572     0.00000     0.00000     0.00000     0.00000
     0.16762     0.00000     0.00000     0.00000     0.00000
     0.16953     0.00000     0.00000     0.00000     0.00000
     0.17143     0.00000     0.00000     0.00000     0.00000
     0.17334     0.00000     0.00000     0.00000     0.00000
     0.17524     0.00000     0.00000     0.00000     0.00000
     0.17715     0.00000     0.00000     0.00000     0.00000
     0.17905     0.00000     0.00000     0.00000     0.00000
     0.18096     0.00000     0.00000     0.00000     0.00000
     0.18286     0.00000     0.00000     0.00000     0.00000
     0.18477     0.00000     0.00000     0.00000     0.00000
     0.18667     0.00000     0.00000     0.00000     0.00000
     0.18857     0.00000     0.00000     0.00000     0.00000
     0.19048     0.00000     0.00000     0.00000     0.00000
     0.19238     0.00000     0.00000     0.00000     0.00000
     0.19429     0.00000     0.00000     0.00000     0.00000
     0.19619     0.00000     0.00000     0.00000     0.00000
     0.19810     0.00000     0.00000     0.00000     0.00000
     0.20000     0.00000     0.00000     0.00000     0.00000
     0.20191     0.00000     0.00000     0.00000     0.00000
     0.20381     0.00000     0.00000     0.00000     0.00000
     0.20572     0.00000     0.00000     0.00000     0.00000
     0.20762     0.00000     0.00000     0.00000     0.00000
     0.20953     0.00000     0.00000     0.00000     0.00000
     0.21143     0.00000     0.00000     0.00000     0.00000
     0.21334     0.00000     0.00000     0.00000     0.00000
     0.21524     0.00000     0.00000     0.00000     0.00000
     0.21715     0.00000     0.00000     0.00000     0.00000
     0.21905     0.00000     0.00000     0.00000     0.00000
     0.22096     0.00000     0.00000     0.00000     0.00000
     0.22286     0.00000     0.00000     0.00000     0.00000
     0.22477     0.00000     0.00000     0.00000     0.00000
     0.22667     0.00000     0.00000     0.00000     0.00000
     0.22858     0.00000     0.00000     0.00000     0.00000
     0.23048     0.00000     0.00000     0.00000     0.00000
     0.23239     0.00000     0.00000     0.00000     0.00000
     0.23429     0.00000     0.00000     0.00000     0.00000
     0.23619     0.00000     0.00000     0.00000     0.00000
     0.23810     0.00000     0.00000     0.00000     0.00000
     0.24000     0.00000     0.00000     0.00000     0.00000
     0.24191     0.00000     0.00000     0.00000     0.00000
     0.24381     0.00000     0.00000     0.00000     0.00000
     0.24572     0.00000     0.00000     0.00000     0.00000
     0.24762     0.00000     0.00000     0.00000     0.00000
     0.24953     0.00000     0.00000     0.00000     0.00000
     0.25143     0.00000     0.00000     0.00000     0.00000
     0.25334     0.00000     0.00000     0.00000     0.00000
     0.25524     0.00000     0.00000     0.00000     0.00000
     0.25715     0.00000     0.00000     0.00000     0.00000
     0.25905     0.00000     0.00000     0.00000     0.00000
     0.26096     0.00000     0.00000     0.00000     0.00000
     0.26286     0.00000     0.00000     0.00000     0.00000
     0.26477     0.00000     0.00000     0.00000     0.00000
     0.26667     0.00000     0.00000     0.00000     0.00000
     0.26858     0.00000     0.00000     0.00000     0.00000
     0.27048     0.00000     0.00000     0.00000     0.00000
     0.27239     0.00000     0.00000     0.00000     0.00000
     0.27429     0.00000     0.00000     0.00000     0.00000
     0.27620     0.00000     0.00000     0.00000     0.00000
     0.27810     0.00000     0.00000     0.00000     0.00000
     0.28001     0.00000     0.00000     0.00000     0.00000
     0.28191     0.00000     0.00000     0.00000     0.00000
     0.28381     0.00000     0.00000     0.00000     0.00000
     0.28572     0.00000     0.00000     0.00000     0.00000
     0.28762     0.00000     0.00000     0.00000     0.00000
     0.28953     0.00000     0.00000     0.00000     0.00000
     0.29143     0.00000     0.00000     0.00000     0.00000
     0.29334     0.00000     0.00000     0.00000     0.00000
     0.29524     0.00000     0.00000     0.00000     0.00000
     0.29715     0.00000     0.00000     0.00000     0.00000
     0.29905     0.00000     0.00000     0.00000     0.00000
     0.30096     0.00000     0.00000     0.00000     0.00000
     0.30286     0.00000     0.00000     0.00000     0.00000
     0.30477     0.00000     0.00000     0.00000     0.00000
     0.30667     0.00000     0.00000     0.00000     0.00000
     0.30858     0.00000     0.00000     0.00000     0.00000
     0.31048     0.00000     0.00000     0.00000     0.00000
     0.31239     0.00000     0.00000     0.00000     0.00000
     0.31429     0.00000     0.00000     0.00000     0.00000
     0.31620     0.00000     0.00000     0.00000     0.00000
     0.31810     0.00000     0.00000     0.00000     0.00000
     0.32001     0.00000     0.00000     0.00000     0.00000
     0.32191     0.00000     0.00000     0.00000     0.00000
     0.32382     0.00000     0.00000     0.00000     0.00000
     0.32572     0.00000     0.00000     0.00000     0.00000
     0.32763     0.00000     0.00000     0.00000     0.00000
     0.32953     0.00000     0.00000     0.00000     0.00000
     0.33143     0.00000     0.00000     0.00000     0.00000
     0.33334     0.00000     0.00000     0.00000     0.00000
     0.33524     0.00000     0.00000     0.00000     0.00000
     0.33715     0.00000     0.00000     0.00000     0.00000
     0.33905     0.00000     0.00000     0.00000     0.00000
     0.34096     0.00000     0.00000     0.00000     0.00000
     0.34286     0.00000     0.00000     0.00000     0.00000
     0.34477     0.00000     0.00000     0.00000     0.00000
     0.34667     0.00000     0.00000     0.00000     0.00000
     0.34858     0.00000     0.00000     0.00000     0.00000
     0.35048     0.00000     0.00000     0.00000     0.00000
     0.35239     0.00000     0.00000     0.00000     0.00000
     0.35429     0.00000     0.00000     0.00000     0.00000
     0.35620     0.00000     0.00000     0.00000     0.00000
     0.35810     0.00000     0.00000     0.00000     0.00000
     0.36001     0.00000     0.00000     0.00000     0.00000
     0.36191     0.00000     0.00000     0.00000     0.00000
     0.36382     0.00000     0.00000     0.00000     0.00000
     0.36572     0.00000     0.00000     0.00000     0.00000
     0.36763     0.00000     0.00000     0.00000     0.00000
     0.36953     0.00000     0.00000     0.00000     0.00000
     0.37144     0.00000     0.00000     0.00000     0.00000
     0.37334     0.00000     0.00000     0.00000     0.00000
     0.37525     0.00000     0.00000     0.00000     0.00000
     0.37715     0.00000     0.00000     0.00000     0.00000
     0.37905     0.00000     0.00000     0.00000     0.00000
     0.38096     0.00000     0.00000     0.00000     0.00000
     0.38286     0.00000     0.00000     0.00000     0.00000
     0.38477     0.00000     0.00000     0.00000     0.00000
     0.38667     0.00000     0.00000     0.00000     0.00000
     0.38858     0.00000     0.00000     0.00000     0.00000
     0.39048     0.00000     0.00000     0.00000     0.00000
     0.39239     0.00000     0.00000     0.00000     0.00000
     0.39429     0.00000     0.00000     0.00000     0.00000
     0.39620     0.00000     0.00000     0.00000     0.00000
     0.39810     0.00000     0.00000     0.00000     0.00000
     0.40001     0.00000     0.00000     0.00000     0.00000
     0.40191     0.00000     0.00000     0.00000     0.00000
     0.40382     0.00000     0.00000     0.00000     0.00000
     0.40572     0.00000     0.00000     0.00000     0.00000
     0.40763     0.00000     0.00000     0.00000     0.00000
     0.40953     0.00000     0.00000     0.00000     0.00000
     0.41144     0.00000     0.00000     0.00000     0.00000
     0.41334     0.00000     0.00000     0.00000     0.00000
     0.41525     0.00000     0.00000     0.00000     0.00000
     0.41715     0.00000     0.00000     0.00000     0.00000
     0.41906     0.00000     0.00000     0.00000     0.00000
     0.42096     0.00000     0.00000     0.00000     0.00000
     0.42286     0.00000     0.00000     0.00000     0.00000
     0.42477     0.00000     0.00000     0.00000     0.00000
     0.42667     0.00000     0.00000     0.00000     0.00000
     0.42858     0.00000     0.00000     0.00000     0.00000
     0.43048     0.00000     0.00000     0.00000     0.00000
     0.43239     0.00000     0.00000     0.00000     0.00000
     0.43429     0.00000     0.00000     0.00000     0.00000
     0.43620     0.00000     0.00000     0.00000     0.00000
     0.43810     0.00000     0.00000     0.00000     0.00000
     0.44001     0.00000     0.00000     0.00000     0.00000
     0.44191     0.00000     0.00000     0.00000     0.00000
     0.44382     0.00000     0.00000     0.00000     0.00000
     0.44572     0.00000     0.00000     0.00000     0.00000
     0.44763     0.00000     0.00000     0.00000     0.00000
     0.44953     0.00000     0.00000     0.00000     0.00000
     0.45144     0.00000     0.00000     0.00000     0.00000
     0.45334     0.00000     0.00000     0.00000     0.00000
     0.45525     0.00000     0.00000     0.00000     0.00000
     0.45715     0.00000     0.00000     0.00000     0.00000
     0.45906     0.00000     0.00000     0.00000     0.00000
     0.46096     0.00000     0.00000     0.00000     0.00000
     0.46287     0.00000     0.00000     0.00000     0.00000
     0.46477     0.00000     0.00000     0.00000     0.00000
     0.46668     0.00000     0.00000     0.00000     0.00000
     0.46858     0.00000     0.00000     0.00000     0.00000
     0.47048     0.00000     0.00000     0.00000     0.00000
     0.47239     0.00000     0.00000     0.00000     0.00000
     0.47429     0.00000     0.00000     0.00000     0.00000
     0.47620     0.00000     0.00000     0.00000     0.00000
     0.47810     0.00000     0.00000     0.00000     0.00000
     0.48001     0.00000     0.00000     0.00000     0.00000
     0.48191     0.00000     0.00000     0.00000     0.00000
     0.48382     0.00000     0.00000     0.00000     0.00000
     0.48572     0.00000     0.00000     0.00000     0.00000
     0.48763     0.00000     0.00000     0.00000     0.00000
     0.48953     0.00000     0.00000     0.00000     0.00000
     0.49144     0.00000     0.00000     0.00000     0.00000
     0.49334     0.00000     0.00000     0.00000     0.00000
     0.49525     0.00000     0.00000     0.00000     0.00000
     0.49715     0.00000     0.00000     0.00000     0.00000
     0.49906     0.00000     0.00000     0.00000     0.00000
     0.50096     0.00000     0.00000     0.00000     0.00000
     0.50287     0.00000     0.00000     0.00000     0.00000
     0.50477     0.00000     0.00000     0.00000     0.00000
     0.50668     0.00000     0.00000     0.00000     0.00000
     0.50858     0.00000     0.00000     0.00000     0.00000
     0.51049     0.00000     0.00000     0.00000     0.00000
     0.51239     0.00000     0.00000     0.00000     0.00000
     0.51430     0.00000     0.00000     0.00000     0.00000
     0.51620     0.00000     0.00000     0.00000     0.00000
     0.51810     0.00000     0.00000     0.00000     0.00000
     0.52001     0.00000     0.00000     0.00000     0.00000
     0.52191     0.00000     0.00000     0.00000     0.00000
     0.52382     0.00000     0.00000     0.00000     0.00000
     0.52572     0.00000     0.00000     0.00000     0.00000
     0.52763     0.00000     0.00000     0.00000     0.00000
     0.52953     0.00000     0.00000     0.00000     0.00000
     0.53144     0.00000     0.00000     0.00000     0.00000
     0.53334     0.00000     0.00000     0.00000     0.00000
     0.53525     0.00000     0.00000     0.00000     0.00000
     0.53715     0.00000     0.00000     0.00000     0.00000
     0.53906     0.00000     0.00000     0.00000     0.00000
     0.54096     0.00000     0.00000     0.00000     0.00000
     0.54287     0.00000     0.00000     0.00000     0.00000
     0.54477     0.00000     0.00000     0.00000     0.00000
     0.54668     0.00000     0.00000     0.00000     0.00000
     0.54858     0.00000     0.00000     0.00000     0.00000
     0.55049     0.00000     0.00000     0.00000     0.00000
     0.55239     0.00000     0.00000     0.00000     0.00000
     0.55430     0.00000     0.00000     0.00000     0.00000
     0.55620     0.00000     0.00000     0.00000     0.00000
     0.55811     0.00000     0.00000     0.00000     0.00000
     0.56001     0.00000     0.00000     0.00000     0.00000
     0.56192     0.00000     0.00000     0.00000     0.00000
     0.56382     0.00000     0.00000     0.00000     0.00000
     0.56572     0.00000     0.00000     0.00000     0.00000
     0.56763     0.00000     0.00000     0.00000     0.00000
     0.56953     0.00000     0.00000     0.00000     0.00000
     0.57144     0.00000     0.00000     0.00000     0.00000
     0.57334     0.00000     0.00000     0.00000     0.00000
     0.57525     0.00000     0.00000     0.00000     0.00000
     0.57715     0.00000     0.00000     0.00000     0.00000
     0.57906     0.00000     0.00000     0.00000     0.00000
     0.58096     0.00000     0.00000     0.00000     0.00000
     0.58287     0.00000     0.00000     0.00000     0.00000
     0.58477     0.00000     0.00000     0.00000     0.00000
     0.58668     0.00000     0.00000     0.00000     0.00000
     0.58858     0.00000     0.00000     0.00000     0.00000
     0.59049     0.00000     0.00000     0.00000     0.00000
     0.59239     0.00000     0.00000     0.00000     0.00000
     0.59430     0.00000     0.00000     0.00000     0.00000
     0.59620     0.00000     0.00000     0.00000     0.00000
     0.59811     0.00000     0.00000     0.00000     0.00000
     0.60001     0.00000     0.00000     0.00000     0.00000
     0.60192     0.00000     0.00000     0.00000     0.00000
     0.60382     0.00000     0.00000     0.00000     0.00000
     0.60573     0.00000     0.00000     0.00000     0.00000
     0.60763     0.00000     0.00000     0.00000     0.00000
     0.60954     0.00000     0.00000     0.00000     0.00000
     0.61144     0.00000     0.00000     0.00000     0.00000
     0.61334     0.00000     0.00000     0.00000     0.00000
     0.61525     0.00000     0.00000     0.00000     0.00000
     0.61715     0.00000     0.00000     0.00000     0.00000
     0.61906     0.00000     0.00000     0.00000     0.00000
     0.62096     0.00000     0.00000     0.00000     0.00000
     0.62287     0.00000     0.00000     0.00000     0.00000
     0.62477     0.00000     0.00000     0.00000     0.00000
     0.62668     0.00000     0.00000     0.00000     0.00000
     0.62858     0.00000     0.00000     0.00000     0.00000
     0.63049     0.00000     0.00000     0.00000     0.00000
     0.63239     0.00000     0.00000     0.00000     0.00000
     0.63430     0.00000     0.00000     0.00000     0.00000
     0.63620     0.00000     0.00000     0.00000     0.00000
     0.63811     0.00000     0.00000     0.00000     0.00000
     0.64001     0.00000     0.00000     0.00000     0.00000
     0.64192     0.00000     0.00000     0.00000     0.00000
     0.64382     0.00000     0.00000     0.00000     0.00000
     0.64573     0.00000     0.00000     0.00000     0.00000
     0.64763     0.00000     0.00000     0.00000     0.00000
     0.64954     0.00000     0.00000     0.00000     0.00000
     0.65144     0.00000     0.00000     0.00000     0.00000
     0.65335     0.00000     0.00000     0.00000     0.00000
     0.65525     0.00000     0.00000     0.00000     0.00000
     0.65715     0.00000     0.00000     0.00000     0.00000
     0.65906     0.00000     0.00000     0.00000     0.00000
     0.66096     0.00000     0.00000     0.00000     0.00000
     0.66287     0.00000     0.00000     0.00000     0.00000
     0.66477     0.00000     0.00000     0.00000     0.00000
     0.66668     0.00000     0.00000     0.00000     0.00000
     0.66858     0.00000     0.00000     0.00000     0.00000
     0.67049     0.00000     0.00000     0.00000     0.00000
     0.67239     0.00000     0.00000     0.00000     0.00000
     0.67430     0.00000     0.00000     0.00000     0.00000
     0.67620     0.00000     0.00000     0.00000     0.00000
     0.67811     0.00000     0.00000     0.00000     0.00000
     0.68001     0.00000     0.00000     0.00000     0.00000
     0.68192     0.00000     0.00000     0.00000     0.00000
     0.68382     0.00000     0.00000     0.00000     0.00000
     0.68573     0.00000     0.00000     0.00000     0.00000
     0.68763     0.00000     0.00000     0.00000     0.00000
     0.68954     0.00000     0.00000     0.00000     0.00000
     0.69144     0.00000     0.00000     0.00000     0.00000
     0.69335     0.00000     0.00000     0.00000     0.00000
     0.69525     0.00000     0.00000     0.00000     0.00000
     0.69716     0.00000     0.00000     0.00000     0.00000
     0.69906     0.00000     0.00000     0.00000     0.00000
     0.70097     0.00000     0.00000     0.00000     0.00000
     0.70287     0.00000     0.00000     0.00000     0.00000
     0.70477     0.00000     0.00000     0.00000     0.00000
     0.70668     0.00000     0.00000     0.00000     0.00000
     0.70858     0.00000     0.00000     0.00000     0.00000
     0.71049     0.00000     0.00000     0.00000     0.00000
     0.71239     0.00000     0.00000     0.00000     0.00000
     0.71430     0.00000     0.00000     0.00000     0.00000
     0.71620     0.00000     0.00000     0.00000     0.00000
     0.71811     0.00000     0.00000     0.00000     0.00000
     0.72001     0.00000     0.00000     0.00000     0.00000
     0.72192     0.00000     0.00000     0.00000     0.00000
     0.72382     0.00000     0.00000     0.00000     0.00000
     0.72573     0.00000     0.00000     0.00000     0.00000
     0.72763     0.00000     0.00000     0.00000     0.00000
     0.72954     0.00000     0.00000     0.00000     0.00000
     0.73144     0.00000     0.00000     0.00000     0.00000
     0.73335     0.00000     0.00000     0.00000     0.00000
     0.73525     0.00000     0.00000     0.00000     0.00000
     0.73716     0.00000     0.00000     0.00000     0.00000
     0.73906     0.00000     0.00000     0.00000     0.00000
     0.74097     0.00000     0.00000     0.00000     0.00000
     0.74287     0.00000     0.00000     0.00000     0.00000
     0.74478     0.00000     0.00000     0.00000     0.00000
     0.74668     0.00000     0.00000     0.00000     0.00000
     0.74859     0.00000     0.00000     0.00000     0.00000
     0.75049     0.00000     0.00000     0.00000     0.00000
     0.75239     0.00000     0.00000     0.00000     0.00000
     0.75430     0.00000     0.00000     0.00000     0.00000
     0.75620     0.00000     0.00000     0.00000     0.00000
     0.75811     0.00000     0.00000     0.00000     0.00000
     0.76001     0.00000     0.00000     0.00000     0.00000
     0.76192     0.00000     0.00000     0.00000     0.00000
     0.76382     0.00000     0.00000     0.00000     0.00000
     0.76573     0.00000     0.00000     0.00000     0.00000
     0.76763     0.00000     0.00000     0.00000     0.00000
     0.76954     0.00000     0.00000     0.00000     0.00000
     0.77144     0.00000     0.00000     0.00000     0.00000
     0.77335     0.00000     0.00000     0.00000     0.00000
     0.77525     0.00000     0.00000     0.00000     0.00000
     0.77716     0.00000     0.00000     0.00000     0.00000
     0.77906     0.00000     0.00000     0.00000     0.00000
     0.78097     0.00000     0.00000     0.00000     0.00000
     0.78287     0.00000     0.00000     0.00000     0.00000
     0.78478     0.00000     0.00000     0.00000     0.00000
     0.78668     0.00000     0.00000     0.00000     0.00000
     0.78859     0.00000     0.00000     0.00000     0.00000
     0.79049     0.00000     0.00000     0.00000     0.00000
     0.79240     0.00000     0.00000     0.00000     0.00000
     0.79430     0.00000     0.00000     0.00000     0.00000
     0.79621     0.00000     0.00000     0.00000     0.00000
     0.79811     0.00000     0.00000     0.00000     0.00000
     0.80001     0.00000     0.00000     0.00000     0.00000
     0.80192     0.00000     0.00000     0.00000     0.00000
     0.80382     0.00000     0.00000     0.00000     0.00000
     0.80573     0.00000     0.00000     0.00000     0.00000
     0.80763     0.00000     0.00000     0.00000     0.00000
     0.80954     0.00000     0.00000     0.00000     0.00000
     0.81144     0.00000     0.00000     0.00000     0.00000
     0.81335     0.00000     0.00000     0.00000     0.00000
     0.81525     0.00000     0.00000     0.00000     0.00000
     0.81716     0.00000     0.00000     0.00000     0.00000
     0.81906     0.00000     0.00000     0.00000     0.00000
     0.82097     0.00000     0.00000     0.00000     0.00000
     0.82287     0.00000     0.00000     0.00000     0.00000
     0.82478     0.00000     0.00000     0.00000     0.00000
     0.82668     0.00000     0.00000     0.00000     0.00000
     0.82859     0.00001     0.00000     0.00000     0.00001
     0.83049     0.00001     0.00000     0.00000     0.00001
     0.83240     0.00001     0.00000     0.00000     0.00001
     0.83430     0.00001     0.00000     0.00000     0.00001
     0.83621     0.00002     0.00000     0.00000     0.00002
     0.83811     0.00002     0.00000     0.00000     0.00002
     0.84002     0.00003     0.00000     0.00000     0.00003
     0.84192     0.00004     0.00000     0.00000     0.00004
     0.84383     0.00005     0.00000     0.00000     0.00005
     0.84573     0.00006     0.00000     0.00000     0.00006
     0.84763     0.00008     0.00000     0.00000     0.00008
     0.84954     0.00010     0.00000     0.00000     0.00010
     0.85144     0.00012     0.00000     0.00000     0.00012
     0.85335     0.00015     0.00000     0.00000     0.00015
     0.85525     0.00019     0.00000     0.00000     0.00019
     0.85716     0.00024     0.00000     0.00000     0.00024
     0.85906     0.00030     0.00000     0.00000     0.00030
     0.86097     0.00037     0.00000     0.00000     0.00037
     0.86287     0.00045     0.00000     0.00000     0.00045
     0.86478     0.00055     0.00000     0.00000     0.00055
     0.86668     0.00067     0.00000     0.00000     0.00067
     0.86859     0.00081     0.00000     0.00000     0.00081
     0.87049     0.00097     0.00000     0.00000     0.00097
     0.87240     0.00116     0.00000     0.00000     0.00116
     0.87430     0.00138     0.00000     0.00000     0.00138
     0.87621     0.00164     0.00000     0.00000     0.00164
     0.87811     0.00194     0.00000     0.00000     0.00194
     0.88002     0.00227     0.00000     0.00000     0.00227
     0.88192     0.00265     0.00000     0.00000     0.00265
     0.88383     0.00309     0.00000     0.00000     0.00309
     0.88573     0.00357     0.00000     0.00000     0.00357
     0.88764     0.00411     0.00000     0.00000     0.00411
     0.88954     0.00471     0.00000     0.00000     0.00471
     0.89145     0.00537     0.00000     0.00000     0.00537
     0.89335     0.00610     0.00000     0.00000     0.00610
     0.89525     0.00689     0.00000     0.00000     0.00689
     0.89716     0.00774     0.00000     0.00000     0.00774
     0.89906     0.00866     0.00000     0.00000     0.00866
     0.90097     0.00963     0.00000     0.00000     0.00963
     0.90287     0.01067     0.00000     0.00000     0.01067
     0.90478     0.01177     0.00000     0.00000     0.01177
     0.90668     0.01291     0.00000     0.00000     0.01291
     0.90859     0.01410     0.00000     0.00000     0.01410
     0.91049     0.01533     0.00000     0.00000     0.01533
     0.91240     0.01658     0.00000     0.00000     0.01658
     0.91430     0.01786     0.00000     0.00000     0.01786
     0.91621     0.01914     0.00000     0.00000     0.01914
     0.91811     0.02043     0.00000     0.00000     0.02043
     0.92002     0.02170     0.00000     0.00000     0.02170
     0.92192     0.02295     0.00000     0.00000     0.02295
     0.92383     0.02417     0.00000     0.00000     0.02417
     0.92573     0.02535     0.00000     0.00000     0.02535
     0.92764     0.02647     0.00000     0.00000     0.02647
     0.92954     0.02753     0.00000     0.00000     0.02753
     0.93145     0.02853     0.00000     0.00000     0.02853
     0.93335     0.02944     0.00000     0.00000     0.02944
     0.93526     0.03028     0.00000     0.00000     0.03028
     0.93716     0.03104     0.00000     0.00000     0.03104
     0.93906     0.03172     0.00000     0.00000     0.03172
     0.94097     0.03231     0.00000     0.00000     0.03231
     0.94287     0.03283     0.00000     0.00000     0.03283
     0.94478     0.03327     0.00000     0.00000     0.03327
     0.94668     0.03365     0.00000     0.00000     0.03365
     0.94859     0.03397     0.00000     0.00000     0.03397
     0.95049     0.03425     0.00000     0.00000     0.03425
     0.95240     0.03448     0.00000     0.00000     0.03448
     0.95430     0.03470     0.00000     0.00000     0.03470
     0.95621     0.03489     0.00000     0.00000     0.03489
     0.95811     0.03509     0.00000     0.00000     0.03509
     0.96002     0.03529     0.00000     0.00000     0.03529
     0.96192     0.03551     0.00000     0.00000     0.03551
     0.96383     0.03576     0.00000     0.00000     0.03576
     0.96573     0.03603     0.00000     0.00000     0.03603
     0.96764     0.03634     0.00000     0.00000     0.03634
     0.96954     0.03669     0.00000     0.00000     0.03669
     0.97145     0.03708     0.00000     0.00000     0.03708
     0.97335     0.03750     0.00000     0.00000     0.03750
     0.97526     0.03796     0.00000     0.00000     0.03796
     0.97716     0.03843     0.00000     0.00000     0.03843
     0.97907     0.03892     0.00000     0.00000     0.03892
     0.98097     0.03941     0.00000     0.00000     0.03941
     0.98288     0.03989     0.00000     0.00000     0.03989
     0.98478     0.04035     0.00000     0.00000     0.04035
     0.98668     0.04076     0.00000     0.00000     0.04076
     0.98859     0.04112     0.00000     0.00000     0.04112
     0.99049     0.04140     0.00000     0.00000     0.04140
     0.99240     0.04160     0.00000     0.00000     0.04160
     0.99430     0.04170     0.00000     0.00000     0.04170
     0.99621     0.04169     0.00000     0.00000     0.04169
     0.99811     0.04156     0.00000     0.00000     0.04156
     1.00002     0.04129     0.00000     0.00000     0.04129
     1.00192     0.04089     0.00000     0.00000     0.04089
     1.00383     0.04035     0.00000     0.00000     0.04035
     1.00573     0.03967     0.00000     0.00000     0.03967
     1.00764     0.03885     0.00000     0.00000     0.03885
     1.00954     0.03789     0.00000     0.00000     0.03789
     1.01145     0.03681     0.00000     0.00000     0.03681
     1.01335     0.03560     0.00000     0.00000     0.03560
     1.01526     0.03429     0.00000     0.00000     0.03429
     1.01716     0.03289     0.00000     0.00000     0.03289
     1.01907     0.03141     0.00000     0.00000     0.03141
     1.02097     0.02986     0.00000     0.00000     0.02986
     1.02288     0.02827     0.00000     0.00000     0.02827
     1.02478     0.02664     0.00000     0.00000     0.02664
     1.02669     0.02500     0.00000     0.00000     0.02500
     1.02859     0.02336     0.00000     0.00000     0.02336
     1.03050     0.02174     0.00000     0.00000     0.02174
     1.03240     0.02015     0.00000     0.00000     0.02015
     1.03430     0.01861     0.00000     0.00000     0.01861
     1.03621     0.01712     0.00000     0.00000     0.01712
     1.03811     0.01570     0.00000     0.00000     0.01570
     1.04002     0.01435     0.00000     0.00000     0.01435
     1.04192     0.01309     0.00000    -0.00000     0.01309
     1.04383     0.01192     0.00000    -0.00000     0.01192
     1.04573     0.01084     0.00000    -0.00000     0.01084
     1.04764     0.00986     0.00000    -0.00000     0.00986
     1.04954     0.00897     0.00000    -0.00000     0.00897
     1.05145     0.00818     0.00000    -0.00000     0.00818
     1.05335     0.00749     0.00000    -0.00000     0.00749
     1.05526     0.00689     0.00000    -0.00000     0.00689
     1.05716     0.00638     0.00000    -0.00000     0.00638
     1.05907     0.00596     0.00000    -0.00000     0.00596
     1.06097     0.00561     0.00000    -0.00000     0.00561
     1.06288     0.00534     0.00000    -0.00000     0.00534
     1.06478     0.00514     0.00000    -0.00000     0.00514
     1.06669     0.00499     0.00000    -0.00000     0.00499
     1.06859     0.00491     0.00000    -0.00000     0.00491
     1.07050     0.00487     0.00000    -0.00000     0.00487
     1.07240     0.00487     0.00000    -0.00000     0.00487
     1.07431     0.00490     0.00000    -0.00000     0.00490
     1.07621     0.00497     0.00000    -0.00000     0.00497
     1.07812     0.00505     0.00000    -0.00000     0.00505
     1.08002     0.00515     0.00000    -0.00000     0.00515
     1.08192     0.00526     0.00000    -0.00000     0.00526
     1.08383     0.00537     0.00000    -0.00000     0.00537
     1.08573     0.00548     0.00000    -0.00000     0.00548
     1.08764     0.00558     0.00000    -0.00000     0.00558
     1.08954     0.00567     0.00000    -0.00000     0.00567
     1.09145     0.00574     0.00000    -0.00000     0.00574
     1.09335     0.00580     0.00000    -0.00000     0.00580
     1.09526     0.00584     0.00000    -0.00000     0.00584
     1.09716     0.00585     0.00000    -0.00000     0.00585
     1.09907     0.00584     0.00000    -0.00000     0.00584
     1.10097     0.00581     0.00000    -0.00000     0.00581
     1.10288     0.00575     0.00000    -0.00000     0.00575
     1.10478     0.00567     0.00000    -0.00000     0.00567
     1.10669     0.00556     0.00000    -0.00000     0.00556
     1.10859     0.00542     0.00000    -0.00000     0.00542
     1.11050     0.00527     0.00000    -0.00000     0.00527
     1.11240     0.00510     0.00000    -0.00000     0.00510
     1.11431     0.00490     0.00000    -0.00000     0.00490
     1.11621     0.00470     0.00000    -0.00000     0.00470
     1.11812     0.00448     0.00000    -0.00000     0.00448
     1.12002     0.00425     0.00000    -0.00000     0.00425
     1.12193     0.00401     0.00000    -0.00000     0.00401
     1.12383     0.00377     0.00000    -0.00000     0.00377
     1.12574     0.00352     0.00000    -0.00000     0.00352
     1.12764     0.00327     0.00000    -0.00000     0.00327
     1.12954     0.00303     0.00000    -0.00000     0.00303
     1.13145     0.00279     0.00000    -0.00000     0.00279
     1.13335     0.00256     0.00000    -0.00000     0.00256
     1.13526     0.00233     0.00000    -0.00000     0.00233
     1.13716     0.00212     0.00000    -0.00000     0.00212
     1.13907     0.00191     0.00000    -0.00000     0.00191
     1.14097     0.00172     0.00000    -0.00000     0.00172
     1.14288     0.00154     0.00000    -0.00000     0.00154
     1.14478     0.00137     0.00000    -0.00000     0.00137
     1.14669     0.00121     0.00000    -0.00000     0.00121
     1.14859     0.00107     0.00000    -0.00000     0.00107
     1.15050     0.00094     0.00000    -0.00000     0.00094
     1.15240     0.00082     0.00000    -0.00000     0.00082
     1.15431     0.00071     0.00000    -0.00000     0.00071
     1.15621     0.00061     0.00000    -0.00000     0.00061
     1.15812     0.00053     0.00000    -0.00000     0.00053
     1.16002     0.00045     0.00000    -0.00000     0.00045
     1.16193     0.00039     0.00000    -0.00000     0.00039
     1.16383     0.00033     0.00000    -0.00000     0.00033
     1.16574     0.00028     0.00000    -0.00000     0.00028
     1.16764     0.00023     0.00000    -0.00000     0.00023
     1.16955     0.00019     0.00000    -0.00000     0.00019
     1.17145     0.00016     0.00000    -0.00000     0.00016
     1.17335     0.00013     0.00000    -0.00000     0.00013
     1.17526     0.00011     0.00000    -0.00000     0.00011
     1.17716     0.00009     0.00000    -0.00000     0.00009
     1.17907     0.00007     0.00000    -0.00000     0.00007
     1.18097     0.00006     0.00000    -0.00000     0.00006
     1.18288     0.00005     0.00000    -0.00000     0.00005
     1.18478     0.00004     0.00000    -0.00000     0.00004
     1.18669     0.00003     0.00000    -0.00000     0.00003
     1.18859     0.00002     0.00000    -0.00000     0.00002
     1.19050     0.00002     0.00000    -0.00000     0.00002
     1.19240     0.00002     0.00000    -0.00000     0.00002
     1.19431     0.00001     0.00000    -0.00000     0.00001
     1.19621     0.00001     0.00000    -0.00000     0.00001
     1.19812     0.00001     0.00000    -0.00000     0.00001
     1.20002     0.00001     0.00000    -0.00000     0.00001
     1.20193     0.00000     0.00000    -0.00000     0.00000
     1.20383     0.00000     0.00000    -0.00000     0.00000
     1.20574     0.00000     0.00000    -0.00000     0.00000
     1.20764     0.00000     0.00000    -0.00000     0.00000
     1.20955     0.00000     0.00000    -0.00000     0.00000
     1.21145     0.00000     0.00000    -0.00000     0.00000
     1.21336     0.00000     0.00000    -0.00000     0.00000
     1.21526     0.00000     0.00000    -0.00000     0.00000
     1.21717     0.00000     0.00000    -0.00000     0.00000
     1.21907     0.00000     0.00000    -0.00000     0.00000
     1.22097     0.00000     0.00000    -0.00000     0.00000
     1.22288     0.00000     0.00000    -0.00000     0.00000
     1.22478     0.00000     0.00000    -0.00000     0.00000
     1.22669     0.00000     0.00000    -0.00000     0.00000
     1.22859     0.00000     0.00000    -0.00000     0.00000
     1.23050     0.00000     0.00000    -0.00000     0.00000
     1.23240     0.00000     0.00000    -0.00000     0.00000
     1.23431     0.00000     0.00000    -0.00000     0.00000
     1.23621     0.00000     0.00000    -0.00000     0.00000
     1.23812     0.00000     0.00000    -0.00000     0.00000
     1.24002     0.00000     0.00000    -0.00000     0.00000
     1.24193     0.00000     0.00000    -0.00000     0.00000
     1.24383     0.00000     0.00000    -0.00000     0.00000
     1.24574     0.00000     0.00000    -0.00000     0.00000
     1.24764     0.00000     0.00000    -0.00000     0.00000
     1.24955     0.00000     0.00000    -0.00000     0.00000
     1.25145     0.00000     0.00000    -0.00000     0.00000
     1.25336     0.00000     0.00000    -0.00000     0.00000
     1.25526     0.00000     0.00000    -0.00000     0.00000
     1.25717     0.00000     0.00000    -0.00000     0.00000
     1.25907     0.00000     0.00000    -0.00000     0.00000
     1.26098     0.00000     0.00000     0.00000     0.00000
     1.26288     0.00000     0.00000     0.00000     0.00000
     1.26479     0.00000     0.00000     0.00000     0.00000
     1.26669     0.00000     0.00000     0.00000     0.00000
     1.26859     0.00000     0.00000     0.00000     0.00000
     1.27050     0.00000     0.00000     0.00000     0.00000
     1.27240     0.00000     0.00000     0.00000     0.00000
     1.27431     0.00000     0.00000     0.00000     0.00000
     1.27621     0.00000     0.00000     0.00000     0.00000
     1.27812     0.00000     0.00000     0.00000     0.00000
     1.28002     0.00000     0.00000     0.00000     0.00000
     1.28193     0.00000     0.00000     0.00000     0.00000
     1.28383     0.00000     0.00000     0.00000     0.00000
     1.28574     0.00000     0.00000     0.00000     0.00000
     1.28764     0.00000     0.00000     0.00000     0.00000
     1.28955     0.00000     0.00000     0.00000     0.00000
     1.29145     0.00000     0.00000     0.00000     0.00000
     1.29336     0.00000     0.00000     0.00000     0.00000
     1.29526     0.00000     0.00000     0.00000     0.00000
     1.29717     0.00000     0.00000     0.00000     0.00000
     1.29907     0.00000     0.00000     0.00000     0.00000
     1.30098     0.00000     0.00000     0.00000     0.00000
     1.30288     0.00000     0.00000     0.00000     0.00000
     1.30479     0.00000     0.00000     0.00000     0.00000
     1.30669     0.00000     0.00000     0.00000     0.00000
     1.30860     0.00000     0.00000     0.00000     0.00000
     1.31050     0.00000     0.00000     0.00000     0.00000
     1.31241     0.00000     0.00000     0.00000     0.00000
     1.31431     0.00000     0.00000     0.00000     0.00000
     1.31621     0.00000     0.00000     0.00000     0.00000
     1.31812     0.00000     0.00000     0.00000     0.00000
     1.32002     0.00000     0.00000     0.00000     0.00000
     1.32193     0.00000     0.00000     0.00000     0.00000
     1.32383     0.00000     0.00000     0.00000     0.00000
     1.32574     0.00000     0.00000     0.00000     0.00000
     1.32764     0.00000     0.00000     0.00000     0.00000
     1.32955     0.00000     0.00000     0.00000     0.00000
     1.33145     0.00000     0.00000     0.00000     0.00000
     1.33336     0.00000     0.00000     0.00000     0.00000
     1.33526     0.00000     0.00000     0.00000     0.00000
     1.33717     0.00000     0.00000     0.00000     0.00000
     1.33907     0.00000     0.00000     0.00000     0.00000
     1.34098     0.00000     0.00000     0.00000     0.00000
     1.34288     0.00000     0.00000     0.00000     0.00000
     1.34479     0.00000     0.00000     0.00000     0.00000
     1.34669     0.00000     0.00000     0.00000     0.00000
     1.34860     0.00000     0.00000     0.00000     0.00000
     1.35050     0.00000     0.00000     0.00000     0.00000
     1.35241     0.00000     0.00000     0.00000     0.00000
     1.35431     0.00000     0.00000     0.00000     0.00000
     1.35622     0.00000     0.00000     0.00000     0.00000
     1.35812     0.00000     0.00000     0.00000     0.00000
     1.36003     0.00000     0.00000     0.00000     0.00000
     1.36193     0.00000     0.00000     0.00000     0.00000
     1.36383     0.00000     0.00000     0.00000     0.00000
     1.36574     0.00000     0.00000     0.00000     0.00000
     1.36764     0.00000     0.00000     0.00000     0.00000
     1.36955     0.00000     0.00000     0.00000     0.00000
     1.37145     0.00000     0.00000     0.00000     0.00000
     1.37336     0.00000     0.00000     0.00000     0.00000
     1.37526     0.00000     0.00000     0.00000     0.00000
     1.37717     0.00000     0.00000     0.00000     0.00000
     1.37907     0.00000     0.00000     0.00000     0.00000
     1.38098     0.00000     0.00000     0.00000     0.00000
     1.38288     0.00000     0.00000     0.00000     0.00000
     1.38479     0.00000     0.00000     0.00000     0.00000
     1.38669     0.00000     0.00000     0.00000     0.00000
     1.38860     0.00000     0.00000     0.00000     0.00000
     1.39050     0.00000     0.00000     0.00000     0.00000
     1.39241     0.00000     0.00000     0.00000     0.00000
     1.39431     0.00000     0.00000     0.00000     0.00000
     1.39622     0.00000     0.00000     0.00000     0.00000
     1.39812     0.00000     0.00000     0.00000     0.00000
     1.40003     0.00000     0.00000     0.00000     0.00000
     1.40193     0.00000     0.00000     0.00000     0.00000
     1.40384     0.00000     0.00000     0.00000     0.00000
     1.40574     0.00000     0.00000     0.00000     0.00000
     1.40764     0.00000     0.00000     0.00000     0.00000
     1.40955     0.00000     0.00000     0.00000     0.00000
     1.41145     0.00000     0.00000     0.00000     0.00000
     1.41336     0.00000     0.00000     0.00000     0.00000
     1.41526     0.00000     0.00000     0.00000     0.00000
     1.41717     0.00000     0.00000     0.00000     0.00000
     1.41907     0.00000     0.00000     0.00000     0.00000
     1.42098     0.00000     0.00000     0.00000     0.00000
     1.42288     0.00000     0.00000     0.00000     0.00000
     1.42479     0.00000     0.00000     0.00000     0.00000
     1.42669     0.00000     0.00000     0.00000     0.00000
     1.42860     0.00000     0.00000     0.00000     0.00000
     1.43050     0.00000     0.00000     0.00000     0.00000
     1.43241     0.00000     0.00000     0.00000     0.00000
     1.43431     0.00000     0.00000     0.00000     0.00000
     1.43622     0.00000     0.00000     0.00000     0.00000
     1.43812     0.00000     0.00000     0.00000     0.00000
     1.44003     0.00000     0.00000     0.00000     0.00000
     1.44193     0.00000     0.00000     0.00000     0.00000
     1.44384     0.00000     0.00000     0.00000     0.00000
     1.44574     0.00000     0.00000     0.00000     0.00000
     1.44765     0.00000     0.00000     0.00000     0.00000
     1.44955     0.00000     0.00000     0.00000     0.00000
     1.45146     0.00000     0.00000     0.00000     0.00000
     1.45336     0.00000     0.00000     0.00000     0.00000
     1.45526     0.00000     0.00000     0.00000     0.00000
     1.45717     0.00000     0.00000     0.00000     0.00000
     1.45907     0.00000     0.00000     0.00000     0.00000
     1.46098     0.00000     0.00000     0.00000     0.00000
     1.46288     0.00000     0.00000     0.00000     0.00000
     1.46479     0.00000     0.00000     0.00000     0.00000
     1.46669     0.00000     0.00000     0.00000     0.00000
     1.46860     0.00000     0.00000     0.00000     0.00000
     1.47050     0.00000     0.00000     0.00000     0.00000
     1.47241     0.00000     0.00000     0.00000     0.00000
     1.47431     0.00000     0.00000     0.00000     0.00000
     1.47622     0.00000     0.00000     0.00000     0.00000
     1.47812     0.00000     0.00000     0.00000     0.00000
     1.48003     0.00000     0.00000     0.00000     0.00000
     1.48193     0.00000     0.00000     0.00000     0.00000
     1.48384     0.00000     0.00000     0.00000     0.00000
     1.48574     0.00000     0.00000     0.00000     0.00000
     1.48765     0.00000     0.00000     0.00000     0.00000
     1.48955     0.00000     0.00000     0.00000     0.00000
     1.49146     0.00000     0.00000     0.00000     0.00000
     1.49336     0.00000     0.00000     0.00000     0.00000
     1.49527     0.00000     0.00000     0.00000     0.00000
     1.49717     0.00000     0.00000     0.00000     0.00000
     1.49908     0.00000     0.00000     0.00000     0.00000
     1.50098     0.00000     0.00000     0.00000     0.00000
     1.50288     0.00000     0.00000     0.00000     0.00000
     1.50479     0.00000     0.00000     0.00000     0.00000
     1.50669     0.00000     0.00000     0.00000     0.00000
     1.50860     0.00000     0.00000     0.00000     0.00000
     1.51050     0.00000     0.00000     0.00000     0.00000
     1.51241     0.00000     0.00000     0.00000     0.00000
     1.51431     0.00000     0.00000     0.00000     0.00000
     1.51622     0.00000     0.00000     0.00000     0.00000
     1.51812     0.00000     0.00000     0.00000     0.00000
     1.52003     0.00000     0.00000     0.00000     0.00000
     1.52193     0.00000     0.00000     0.00000     0.00000
     1.52384     0.00000     0.00000     0.00000     0.00000
     1.52574     0.00000     0.00000     0.00000     0.00000
     1.52765     0.00000     0.00000     0.00000     0.00000
     1.52955     0.00000     0.00000     0.00000     0.00000
     1.53146     0.00000     0.00000     0.00000     0.00000
     1.53336     0.00000     0.00000     0.00000     0.00000
     1.53527     0.00000     0.00000     0.00000     0.00000
     1.53717     0.00000     0.00000     0.00000     0.00000
     1.53908     0.00000     0.00000     0.00000     0.00000
     1.54098     0.00000     0.00000     0.00000     0.00000
     1.54289     0.00000     0.00000     0.00000     0.00000
     1.54479     0.00000     0.00000     0.00000     0.00000
     1.54670     0.00000     0.00000     0.00000     0.00000
     1.54860     0.00000     0.00000     0.00000     0.00000
     1.55050     0.00000     0.00000     0.00000     0.00000
     1.55241     0.00000     0.00000     0.00000     0.00000
     1.55431     0.00000     0.00000     0.00000     0.00000
     1.55622     0.00000     0.00000     0.00000     0.00000
     1.55812     0.00000     0.00000     0.00000     0.00000
     1.56003     0.00000     0.00000     0.00000     0.00000
     1.56193     0.00000     0.00000     0.00000     0.00000
     1.56384     0.00000     0.00000     0.00000     0.00000
     1.56574     0.00000     0.00000     0.00000     0.00000
     1.56765     0.00000     0.00000     0.00000     0.00000
     1.56955     0.00000     0.00000     0.00000     0.00000
     1.57146     0.00000     0.00000     0.00000     0.00000
     1.57336     0.00001     0.00000     0.00000     0.00001
     1.57527     0.00001     0.00000     0.00000     0.00001
     1.57717     0.00001     0.00000     0.00000     0.00001
     1.57908     0.00001     0.00000     0.00000     0.00001
     1.58098     0.00002     0.00000     0.00000     0.00002
     1.58289     0.00002     0.00000     0.00000     0.00002
     1.58479     0.00003     0.00000     0.00000     0.00003
     1.58670     0.00004     0.00000     0.00000     0.00004
     1.58860     0.00005     0.00000     0.00000     0.00005
     1.59051     0.00007     0.00000     0.00000     0.00007
     1.59241     0.00009     0.00000     0.00000     0.00009
     1.59432     0.00011     0.00000     0.00000     0.00011
     1.59622     0.00015     0.00000     0.00000     0.00014
     1.59812     0.00019     0.00000     0.00000     0.00018
     1.60003     0.00024     0.00000     0.00000     0.00023
     1.60193     0.00030     0.00000     0.00000     0.00030
     1.60384     0.00038     0.00000     0.00000     0.00037
     1.60574     0.00047     0.00000     0.00001     0.00047
     1.60765     0.00059     0.00000     0.00001     0.00058
     1.60955     0.00073     0.00000     0.00001     0.00072
     1.61146     0.00090     0.00000     0.00001     0.00089
     1.61336     0.00111     0.00000     0.00001     0.00110
     1.61527     0.00136     0.00000     0.00002     0.00134
     1.61717     0.00165     0.00000     0.00002     0.00163
     1.61908     0.00200     0.00000     0.00003     0.00198
     1.62098     0.00242     0.00000     0.00003     0.00239
     1.62289     0.00290     0.00000     0.00004     0.00286
     1.62479     0.00346     0.00000     0.00004     0.00342
     1.62670     0.00411     0.00000     0.00005     0.00406
     1.62860     0.00486     0.00000     0.00006     0.00480
     1.63051     0.00572     0.00000     0.00007     0.00565
     1.63241     0.00670     0.00000     0.00008     0.00661
     1.63432     0.00780     0.00000     0.00010     0.00771
     1.63622     0.00905     0.00000     0.00011     0.00894
     1.63813     0.01045     0.00000     0.00013     0.01032
     1.64003     0.01200     0.00000     0.00015     0.01185
     1.64194     0.01372     0.00000     0.00017     0.01355
     1.64384     0.01561     0.00000     0.00019     0.01542
     1.64574     0.01768     0.00000     0.00022     0.01746
     1.64765     0.01993     0.00000     0.00025     0.01968
     1.64955     0.02236     0.00000     0.00028     0.02208
     1.65146     0.02497     0.00000     0.00031     0.02466
     1.65336     0.02775     0.00000     0.00034     0.02740
     1.65527     0.03070     0.00000     0.00038     0.03032
     1.65717     0.03381     0.00000     0.00042     0.03339
     1.65908     0.03707     0.00000     0.00046     0.03661
     1.66098     0.04045     0.00000     0.00050     0.03995
     1.66289     0.04395     0.00000     0.00054     0.04341
     1.66479     0.04754     0.00000     0.00058     0.04696
     1.66670     0.05120     0.00000     0.00062     0.05058
     1.66860     0.05491     0.00000     0.00067     0.05424
     1.67051     0.05863     0.00000     0.00071     0.05792
     1.67241     0.06235     0.00000     0.00075     0.06160
     1.67432     0.06603     0.00000     0.00079     0.06524
     1.67622     0.06965     0.00000     0.00083     0.06882
     1.67813     0.07318     0.00000     0.00087     0.07231
     1.68003     0.07659     0.00000     0.00091     0.07568
     1.68194     0.07986     0.00000     0.00094     0.07892
     1.68384     0.08297     0.00000     0.00097     0.08200
     1.68575     0.08589     0.00000     0.00099     0.08490
     1.68765     0.08862     0.00000     0.00102     0.08761
     1.68955     0.09114     0.00000     0.00104     0.09010
     1.69146     0.09343     0.00000     0.00105     0.09238
     1.69336     0.09549     0.00000     0.00106     0.09443
     1.69527     0.09732     0.00000     0.00107     0.09625
     1.69717     0.09892     0.00000     0.00107     0.09784
     1.69908     0.10027     0.00000     0.00107     0.09920
     1.70098     0.10140     0.00000     0.00107     0.10033
     1.70289     0.10230     0.00000     0.00106     0.10124
     1.70479     0.10298     0.00000     0.00105     0.10193
     1.70670     0.10344     0.00000     0.00103     0.10241
     1.70860     0.10370     0.00000     0.00102     0.10268
     1.71051     0.10376     0.00000     0.00100     0.10277
     1.71241     0.10364     0.00000     0.00098     0.10266
     1.71432     0.10333     0.00000     0.00095     0.10237
     1.71622     0.10284     0.00000     0.00093     0.10191
     1.71813     0.10218     0.00000     0.00090     0.10128
     1.72003     0.10135     0.00000     0.00087     0.10048
     1.72194     0.10036     0.00000     0.00084     0.09951
     1.72384     0.09920     0.00000     0.00081     0.09838
     1.72575     0.09788     0.00000     0.00078     0.09709
     1.72765     0.09640     0.00000     0.00075     0.09565
     1.72956     0.09476     0.00000     0.00072     0.09404
     1.73146     0.09297     0.00000     0.00069     0.09227
     1.73337     0.09102     0.00000     0.00066     0.09036
     1.73527     0.08893     0.00000     0.00063     0.08829
     1.73717     0.08669     0.00000     0.00061     0.08608
     1.73908     0.08431     0.00000     0.00058     0.08373
     1.74098     0.08181     0.00000     0.00055     0.08126
     1.74289     0.07920     0.00000     0.00052     0.07868
     1.74479     0.07650     0.00000     0.00049     0.07600
     1.74670     0.07371     0.00000     0.00047     0.07324
     1.74860     0.07087     0.00000     0.00044     0.07042
     1.75051     0.06798     0.00000     0.00042     0.06757
     1.75241     0.06509     0.00000     0.00039     0.06470
     1.75432     0.06221     0.00000     0.00037     0.06184
     1.75622     0.05937     0.00000     0.00034     0.05903
     1.75813     0.05660     0.00000     0.00032     0.05627
     1.76003     0.05392     0.00000     0.00030     0.05361
     1.76194     0.05136     0.00000     0.00028     0.05107
     1.76384     0.04894     0.00000     0.00026     0.04867
     1.76575     0.04669     0.00000     0.00025     0.04644
     1.76765     0.04463     0.00000     0.00023     0.04439
     1.76956     0.04277     0.00000     0.00022     0.04256
     1.77146     0.04114     0.00000     0.00020     0.04094
     1.77337     0.03974     0.00000     0.00019     0.03955
     1.77527     0.03859     0.00000     0.00018     0.03841
     1.77718     0.03768     0.00000     0.00017     0.03751
     1.77908     0.03702     0.00000     0.00016     0.03686
     1.78099     0.03661     0.00000     0.00015     0.03646
     1.78289     0.03644     0.00000     0.00015     0.03629
     1.78479     0.03650     0.00000     0.00014     0.03636
     1.78670     0.03677     0.00000     0.00014     0.03663
     1.78860     0.03724     0.00000     0.00013     0.03710
     1.79051     0.03788     0.00000     0.00013     0.03775
     1.79241     0.03868     0.00000     0.00013     0.03856
     1.79432     0.03962     0.00000     0.00013     0.03949
     1.79622     0.04065     0.00000     0.00013     0.04053
     1.79813     0.04177     0.00000     0.00013     0.04164
     1.80003     0.04293     0.00000     0.00013     0.04281
     1.80194     0.04411     0.00000     0.00013     0.04399
     1.80384     0.04529     0.00000     0.00012     0.04517
     1.80575     0.04643     0.00000     0.00012     0.04631
     1.80765     0.04752     0.00000     0.00012     0.04739
     1.80956     0.04851     0.00000     0.00012     0.04839
     1.81146     0.04940     0.00000     0.00012     0.04928
     1.81337     0.05016     0.00000     0.00012     0.05004
     1.81527     0.05077     0.00000     0.00012     0.05065
     1.81718     0.05122     0.00000     0.00012     0.05111
     1.81908     0.05150     0.00000     0.00012     0.05139
     1.82099     0.05160     0.00000     0.00011     0.05148
     1.82289     0.05150     0.00000     0.00011     0.05139
     1.82480     0.05121     0.00000     0.00011     0.05110
     1.82670     0.05073     0.00000     0.00010     0.05062
     1.82861     0.05006     0.00000     0.00010     0.04996
     1.83051     0.04920     0.00000     0.00010     0.04910
     1.83241     0.04816     0.00000     0.00009     0.04807
     1.83432     0.04696     0.00000     0.00009     0.04688
     1.83622     0.04561     0.00000     0.00008     0.04553
     1.83813     0.04412     0.00000     0.00008     0.04404
     1.84003     0.04250     0.00000     0.00007     0.04243
     1.84194     0.04077     0.00000     0.00007     0.04071
     1.84384     0.03896     0.00000     0.00006     0.03890
     1.84575     0.03707     0.00000     0.00006     0.03702
     1.84765     0.03514     0.00000     0.00005     0.03508
     1.84956     0.03316     0.00000     0.00005     0.03311
     1.85146     0.03117     0.00000     0.00004     0.03112
     1.85337     0.02917     0.00000     0.00004     0.02913
     1.85527     0.02719     0.00000     0.00004     0.02716
     1.85718     0.02524     0.00000     0.00003     0.02521
     1.85908     0.02333     0.00000     0.00003     0.02330
     1.86099     0.02148     0.00000     0.00002     0.02145
     1.86289     0.01969     0.00000     0.00002     0.01966
     1.86480     0.01797     0.00000     0.00002     0.01795
     1.86670     0.01633     0.00000     0.00002     0.01631
     1.86861     0.01478     0.00000     0.00001     0.01476
     1.87051     0.01332     0.00000     0.00001     0.01331
     1.87242     0.01195     0.00000     0.00001     0.01194
     1.87432     0.01068     0.00000     0.00001     0.01067
     1.87623     0.00950     0.00000     0.00001     0.00949
     1.87813     0.00841     0.00000     0.00001     0.00841
     1.88003     0.00742     0.00000     0.00001     0.00741
     1.88194     0.00651     0.00000     0.00000     0.00651
     1.88384     0.00569     0.00000     0.00000     0.00569
     1.88575     0.00496     0.00000     0.00000     0.00495
     1.88765     0.00429     0.00000     0.00000     0.00429
     1.88956     0.00370     0.00000     0.00000     0.00370
     1.89146     0.00318     0.00000     0.00000     0.00318
     1.89337     0.00272     0.00000     0.00000     0.00272
     1.89527     0.00231     0.00000     0.00000     0.00231
     1.89718     0.00196     0.00000     0.00000     0.00196
     1.89908     0.00165     0.00000     0.00000     0.00165
     1.90099     0.00139     0.00000     0.00000     0.00139
     1.90289     0.00116     0.00000     0.00000     0.00116
     1.90480     0.00097     0.00000     0.00000     0.00097
     1.90670     0.00080     0.00000     0.00000     0.00080
     1.90861     0.00066     0.00000     0.00000     0.00066
     1.91051     0.00054     0.00000     0.00000     0.00054
     1.91242     0.00044     0.00000     0.00000     0.00044
     1.91432     0.00036     0.00000     0.00000     0.00036
     1.91623     0.00029     0.00000     0.00000     0.00029
     1.91813     0.00023     0.00000     0.00000     0.00023
     1.92004     0.00019     0.00000     0.00000     0.00019
     1.92194     0.00015     0.00000     0.00000     0.00015
     1.92384     0.00012     0.00000     0.00000     0.00012
     1.92575     0.00009     0.00000     0.00000     0.00009
     1.92765     0.00007     0.00000    -0.00000     0.00007
     1.92956     0.00006     0.00000    -0.00000     0.00006
     1.93146     0.00005     0.00000    -0.00000     0.00005
     1.93337     0.00004     0.00000    -0.00000     0.00004
     1.93527     0.00003     0.00000    -0.00000     0.00003
     1.93718     0.00002     0.00000    -0.00000     0.00002
     1.93908     0.00002     0.00000    -0.00000     0.00002
     1.94099     0.00001     0.00000    -0.00000     0.00001
     1.94289     0.00001     0.00000    -0.00000     0.00001
     1.94480     0.00001     0.00000    -0.00000     0.00001
     1.94670     0.00001     0.00000    -0.00000     0.00001
     1.94861     0.00001     0.00000    -0.00000     0.00001
     1.95051     0.00001     0.00000    -0.00000     0.00001
     1.95242     0.00002     0.00000    -0.00000     0.00001
     1.95432     0.00002     0.00001    -0.00000     0.00002
     1.95623     0.00003     0.00001    -0.00000     0.00002
     1.95813     0.00004     0.00001    -0.00001     0.00003
     1.96004     0.00005     0.00001    -0.00001     0.00004
     1.96194     0.00007     0.00002    -0.00001     0.00005
     1.96385     0.00009     0.00003    -0.00001     0.00007
     1.96575     0.00011     0.00003    -0.00002     0.00009
     1.96766     0.00015     0.00005    -0.00002     0.00012
     1.96956     0.00019     0.00006    -0.00003     0.00016
     1.97146     0.00025     0.00008    -0.00004     0.00021
     1.97337     0.00032     0.00010    -0.00005     0.00027
     1.97527     0.00041     0.00013    -0.00006     0.00034
     1.97718     0.00053     0.00017    -0.00008     0.00044
     1.97908     0.00067     0.00022    -0.00010     0.00056
     1.98099     0.00085     0.00028    -0.00013     0.00070
     1.98289     0.00107     0.00035    -0.00016     0.00088
     1.98480     0.00134     0.00044    -0.00021     0.00111
     1.98670     0.00167     0.00055    -0.00026     0.00138
     1.98861     0.00207     0.00069    -0.00032     0.00170
     1.99051     0.00256     0.00086    -0.00040     0.00210
     1.99242     0.00314     0.00106    -0.00050     0.00258
     1.99432     0.00384     0.00131    -0.00061     0.00315
     1.99623     0.00468     0.00160    -0.00075     0.00382
     1.99813     0.00567     0.00196    -0.00091     0.00462
     2.00004     0.00683     0.00238    -0.00110     0.00556
     2.00194     0.00819     0.00287    -0.00133     0.00665
     2.00385     0.00978     0.00345    -0.00159     0.00793
     2.00575     0.01162     0.00413    -0.00190     0.00940
     2.00766     0.01373     0.00491    -0.00226     0.01108
     2.00956     0.01616     0.00582    -0.00268     0.01301
     2.01147     0.01891     0.00686    -0.00315     0.01520
     2.01337     0.02204     0.00806    -0.00369     0.01767
     2.01528     0.02555     0.00941    -0.00430     0.02044
     2.01718     0.02947     0.01093    -0.00499     0.02353
     2.01908     0.03384     0.01264    -0.00576     0.02696
     2.02099     0.03867     0.01455    -0.00662     0.03074
     2.02289     0.04397     0.01667    -0.00757     0.03487
     2.02480     0.04975     0.01900    -0.00862     0.03937
     2.02670     0.05603     0.02156    -0.00976     0.04422
     2.02861     0.06278     0.02434    -0.01100     0.04944
     2.03051     0.07002     0.02735    -0.01233     0.05501
     2.03242     0.07771     0.03058    -0.01377     0.06090
     2.03432     0.08582     0.03402    -0.01529     0.06709
     2.03623     0.09433     0.03767    -0.01691     0.07356
     2.03813     0.10317     0.04152    -0.01860     0.08025
     2.04004     0.11230     0.04553    -0.02036     0.08713
     2.04194     0.12165     0.04970    -0.02219     0.09414
     2.04385     0.13114     0.05398    -0.02406     0.10122
     2.04575     0.14068     0.05835    -0.02596     0.10830
     2.04766     0.15019     0.06276    -0.02788     0.11531
     2.04956     0.15958     0.06719    -0.02980     0.12218
     2.05147     0.16872     0.07158    -0.03169     0.12883
     2.05337     0.17753     0.07589    -0.03354     0.13519
     2.05528     0.18591     0.08007    -0.03533     0.14116
     2.05718     0.19374     0.08408    -0.03703     0.14669
     2.05909     0.20093     0.08786    -0.03863     0.15170
     2.06099     0.20738     0.09136    -0.04011     0.15613
     2.06290     0.21302     0.09455    -0.04143     0.15991
     2.06480     0.21777     0.09737    -0.04260     0.16299
     2.06670     0.22156     0.09980    -0.04358     0.16534
     2.06861     0.22434     0.10179    -0.04437     0.16693
     2.07051     0.22609     0.10332    -0.04496     0.16773
     2.07242     0.22679     0.10437    -0.04533     0.16774
     2.07432     0.22642     0.10492    -0.04548     0.16698
     2.07623     0.22501     0.10496    -0.04540     0.16545
     2.07813     0.22259     0.10450    -0.04510     0.16320
     2.08004     0.21921     0.10353    -0.04458     0.16026
     2.08194     0.21494     0.10208    -0.04384     0.15669
     2.08385     0.20984     0.10016    -0.04289     0.15257
     2.08575     0.20401     0.09781    -0.04175     0.14795
     2.08766     0.19755     0.09504    -0.04043     0.14294
     2.08956     0.19058     0.09191    -0.03894     0.13760
     2.09147     0.18321     0.08846    -0.03729     0.13205
     2.09337     0.17557     0.08472    -0.03552     0.12637
     2.09528     0.16778     0.08075    -0.03362     0.12066
     2.09718     0.15996     0.07659    -0.03164     0.11501
     2.09909     0.15225     0.07229    -0.02957     0.10953
     2.10099     0.14476     0.06791    -0.02744     0.10430
     2.10290     0.13761     0.06348    -0.02527     0.09941
     2.10480     0.13091     0.05905    -0.02308     0.09493
     2.10671     0.12475     0.05467    -0.02087     0.09095
     2.10861     0.11922     0.05037    -0.01867     0.08752
     2.11052     0.11440     0.04618    -0.01648     0.08470
     2.11242     0.11035     0.04214    -0.01431     0.08253
     2.11432     0.10713     0.03826    -0.01218     0.08104
     2.11623     0.10476     0.03458    -0.01008     0.08027
     2.11813     0.10328     0.03109    -0.00803     0.08022
     2.12004     0.10268     0.02783    -0.00603     0.08089
     2.12194     0.10297     0.02479    -0.00409     0.08227
     2.12385     0.10411     0.02197    -0.00219     0.08434
     2.12575     0.10609     0.01938    -0.00036     0.08706
     2.12766     0.10884     0.01702     0.00142     0.09039
     2.12956     0.11231     0.01488     0.00315     0.09429
     2.13147     0.11643     0.01294     0.00482     0.09867
     2.13337     0.12112     0.01121     0.00643     0.10348
     2.13528     0.12629     0.00967     0.00799     0.10864
     2.13718     0.13185     0.00831     0.00949     0.11405
     2.13909     0.13769     0.00712     0.01094     0.11963
     2.14099     0.14371     0.00608     0.01234     0.12529
     2.14290     0.14980     0.00519     0.01369     0.13093
     2.14480     0.15586     0.00442     0.01499     0.13645
     2.14671     0.16178     0.00378     0.01625     0.14176
     2.14861     0.16747     0.00324     0.01746     0.14677
     2.15052     0.17282     0.00280     0.01864     0.15138
     2.15242     0.17776     0.00245     0.01979     0.15553
     2.15433     0.18221     0.00218     0.02090     0.15913
     2.15623     0.18611     0.00199     0.02201     0.16212
     2.15814     0.18941     0.00186     0.02310     0.16445
     2.16004     0.19207     0.00180     0.02420     0.16607
     2.16194     0.19406     0.00180     0.02531     0.16695
     2.16385     0.19539     0.00186     0.02645     0.16709
     2.16575     0.19605     0.00196     0.02763     0.16646
     2.16766     0.19607     0.00212     0.02887     0.16508
     2.16956     0.19549     0.00233     0.03019     0.16297
     2.17147     0.19435     0.00259     0.03160     0.16016
     2.17337     0.19271     0.00290     0.03312     0.15669
     2.17528     0.19064     0.00325     0.03477     0.15261
     2.17718     0.18821     0.00366     0.03657     0.14798
     2.17909     0.18550     0.00411     0.03851     0.14288
     2.18099     0.18260     0.00460     0.04063     0.13736
     2.18290     0.17958     0.00514     0.04292     0.13152
     2.18480     0.17653     0.00573     0.04540     0.12541
     2.18671     0.17353     0.00635     0.04806     0.11912
     2.18861     0.17063     0.00702     0.05090     0.11272
     2.19052     0.16791     0.00771     0.05391     0.10629
     2.19242     0.16540     0.00844     0.05708     0.09988
     2.19433     0.16316     0.00920     0.06039     0.09357
     2.19623     0.16120     0.00997     0.06382     0.08741
     2.19814     0.15954     0.01076     0.06735     0.08144
     2.20004     0.15819     0.01155     0.07093     0.07571
     2.20195     0.15712     0.01234     0.07453     0.07025
     2.20385     0.15632     0.01312     0.07811     0.06508
     2.20575     0.15574     0.01388     0.08163     0.06023
     2.20766     0.15535     0.01462     0.08504     0.05569
     2.20956     0.15510     0.01532     0.08830     0.05149
     2.21147     0.15492     0.01597     0.09135     0.04760
     2.21337     0.15476     0.01657     0.09415     0.04403
     2.21528     0.15454     0.01711     0.09666     0.04077
     2.21718     0.15421     0.01758     0.09883     0.03779
     2.21909     0.15370     0.01798     0.10064     0.03508
     2.22099     0.15295     0.01829     0.10203     0.03262
     2.22290     0.15191     0.01852     0.10300     0.03039
     2.22480     0.15053     0.01866     0.10351     0.02836
     2.22671     0.14878     0.01871     0.10356     0.02651
     2.22861     0.14662     0.01867     0.10313     0.02482
     2.23052     0.14404     0.01854     0.10223     0.02327
     2.23242     0.14102     0.01832     0.10087     0.02184
     2.23433     0.13758     0.01801     0.09906     0.02051
     2.23623     0.13371     0.01762     0.09682     0.01927
     2.23814     0.12944     0.01715     0.09419     0.01810
     2.24004     0.12480     0.01662     0.09119     0.01699
     2.24195     0.11982     0.01602     0.08786     0.01594
     2.24385     0.11455     0.01537     0.08425     0.01493
     2.24576     0.10904     0.01468     0.08040     0.01396
     2.24766     0.10332     0.01394     0.07636     0.01302
     2.24957     0.09747     0.01318     0.07217     0.01212
     2.25147     0.09153     0.01240     0.06787     0.01125
     2.25337     0.08555     0.01161     0.06353     0.01041
     2.25528     0.07959     0.01082     0.05917     0.00961
     2.25718     0.07370     0.01003     0.05485     0.00883
     2.25909     0.06792     0.00925     0.05059     0.00809
     2.26099     0.06230     0.00849     0.04643     0.00738
     2.26290     0.05688     0.00776     0.04241     0.00670
     2.26480     0.05167     0.00705     0.03855     0.00607
     2.26671     0.04672     0.00638     0.03487     0.00547
     2.26861     0.04204     0.00574     0.03139     0.00491
     2.27052     0.03764     0.00514     0.02812     0.00438
     2.27242     0.03355     0.00458     0.02506     0.00390
     2.27433     0.02975     0.00407     0.02223     0.00345
     2.27623     0.02625     0.00359     0.01962     0.00304
     2.27814     0.02306     0.00315     0.01724     0.00267
     2.28004     0.02015     0.00276     0.01507     0.00233
     2.28195     0.01753     0.00240     0.01311     0.00202
     2.28385     0.01517     0.00208     0.01134     0.00175
     2.28576     0.01306     0.00179     0.00977     0.00151
     2.28766     0.01120     0.00153     0.00837     0.00129
     2.28957     0.00955     0.00131     0.00714     0.00110
     2.29147     0.00810     0.00111     0.00606     0.00093
     2.29338     0.00685     0.00094     0.00512     0.00079
     2.29528     0.00575     0.00079     0.00430     0.00066
     2.29719     0.00481     0.00066     0.00360     0.00055
     2.29909     0.00400     0.00055     0.00300     0.00046
     2.30099     0.00332     0.00045     0.00248     0.00038
     2.30290     0.00273     0.00037     0.00205     0.00031
     2.30480     0.00224     0.00031     0.00168     0.00026
     2.30671     0.00183     0.00025     0.00137     0.00021
     2.30861     0.00149     0.00020     0.00111     0.00017
     2.31052     0.00120     0.00016     0.00090     0.00014
     2.31242     0.00097     0.00013     0.00072     0.00011
     2.31433     0.00077     0.00011     0.00058     0.00009
     2.31623     0.00062     0.00008     0.00046     0.00007
     2.31814     0.00049     0.00007     0.00037     0.00006
     2.32004     0.00038     0.00005     0.00029     0.00004
     2.32195     0.00030     0.00004     0.00023     0.00003
     2.32385     0.00024     0.00003     0.00018     0.00003
     2.32576     0.00018     0.00003     0.00014     0.00002
     2.32766     0.00014     0.00002     0.00011     0.00002
     2.32957     0.00011     0.00001     0.00008     0.00001
     2.33147     0.00008     0.00001     0.00006     0.00001
     2.33338     0.00006     0.00001     0.00005     0.00001
     2.33528     0.00005     0.00001     0.00004     0.00001
     2.33719     0.00004     0.00000     0.00003     0.00000
     2.33909     0.00003     0.00000     0.00002     0.00000
     2.34100     0.00002     0.00000     0.00002     0.00000
     2.34290     0.00002     0.00000     0.00001     0.00000
     2.34481     0.00001     0.00000     0.00001     0.00000
     2.34671     0.00001     0.00000     0.00001     0.00000
     2.34861     0.00001     0.00000     0.00000     0.00000
     2.35052     0.00000     0.00000     0.00000     0.00000
     2.35242     0.00000     0.00000     0.00000     0.00000
     2.35433     0.00000     0.00000     0.00000     0.00000
     2.35623     0.00000     0.00000     0.00000     0.00000
     2.35814     0.00000     0.00000     0.00000     0.00000
     2.36004     0.00000     0.00000     0.00000     0.00000
     2.36195     0.00000     0.00000     0.00000     0.00000
     2.36385     0.00000     0.00000     0.00000     0.00000
     2.36576     0.00000     0.00000     0.00000     0.00000
     2.36766     0.00000     0.00000     0.00000     0.00000
     2.36957     0.00000     0.00000     0.00000     0.00000
     2.37147     0.00000     0.00000     0.00000     0.00000
     2.37338     0.00000     0.00000     0.00000     0.00000
     2.37528     0.00000     0.00000     0.00000     0.00000
     2.37719     0.00000     0.00000     0.00000     0.00000
     2.37909     0.00000     0.00000     0.00000     0.00000
     2.38100     0.00000     0.00000     0.00000     0.00000
     2.38290     0.00000     0.00000     0.00000     0.00000
     2.38481     0.00000     0.00000     0.00000     0.00000
     2.38671     0.00000     0.00000     0.00000     0.00000
     2.38862     0.00000     0.00000     0.00000     0.00000
     2.39052     0.00000     0.00000     0.00000     0.00000
     2.39243     0.00000     0.00000     0.00000     0.00000
     2.39433     0.00000     0.00000     0.00000     0.00000
     2.39623     0.00000     0.00000     0.00000     0.00000
     2.39814     0.00000     0.00000     0.00000     0.00000
     2.40004     0.00000     0.00000     0.00000     0.00000
     2.40195     0.00000     0.00000     0.00000     0.00000
     2.40385     0.00000     0.00000     0.00000     0.00000
     2.40576     0.00000     0.00000     0.00000     0.00000
     2.40766     0.00000     0.00000     0.00000     0.00000
     2.40957     0.00000     0.00000     0.00000     0.00000
     2.41147     0.00000     0.00000     0.00000     0.00000
     2.41338     0.00000     0.00000     0.00000     0.00000
     2.41528     0.00000     0.00000     0.00000     0.00000
     2.41719     0.00000     0.00000     0.00000     0.00000
     2.41909     0.00000     0.00000     0.00000     0.00000
     2.42100     0.00000     0.00000     0.00000     0.00000
     2.42290     0.00000     0.00000     0.00000     0.00000
     2.42481     0.00000     0.00000     0.00000     0.00000
     2.42671     0.00000     0.00000     0.00000     0.00000
     2.42862     0.00000     0.00000     0.00000     0.00000
     2.43052     0.00000     0.00000     0.00000     0.00000
     2.43243     0.00000     0.00000     0.00000     0.00000
     2.43433     0.00000     0.00000     0.00000     0.00000
     2.43624     0.00000     0.00000     0.00000     0.00000
     2.43814     0.00000     0.00000     0.00000     0.00000
     2.44004     0.00000     0.00000     0.00000     0.00000
     2.44195     0.00000     0.00000     0.00000     0.00000
     2.44385     0.00000     0.00000     0.00000     0.00000
     2.44576     0.00000     0.00000     0.00000     0.00000
     2.44766     0.00000     0.00000     0.00000     0.00000
     2.44957     0.00000     0.00000     0.00000     0.00000
     2.45147     0.00000     0.00000     0.00000     0.00000
     2.45338     0.00000     0.00000     0.00000     0.00000
     2.45528     0.00000     0.00000     0.00000     0.00000
     2.45719     0.00000     0.00000     0.00000     0.00000
     2.45909     0.00000     0.00000     0.00000     0.00000
     2.46100     0.00000     0.00000     0.00000     0.00000
     2.46290     0.00000     0.00000     0.00000     0.00000
     2.46481     0.00000     0.00000     0.00000     0.00000
     2.46671     0.00000     0.00000     0.00000     0.00000
     2.46862     0.00000     0.00000     0.00000     0.00000
     2.47052     0.00000     0.00000     0.00000     0.00000
     2.47243     0.00000     0.00000     0.00000     0.00000
     2.47433     0.00000     0.00000     0.00000     0.00000
     2.47624     0.00000     0.00000     0.00000     0.00000
     2.47814     0.00000     0.00000     0.00000     0.00000
     2.48005     0.00000     0.00000     0.00000     0.00000
     2.48195     0.00000     0.00000     0.00000     0.00000
     2.48386     0.00000     0.00000     0.00000     0.00000
     2.48576     0.00000     0.00000     0.00000     0.00000
     2.48766     0.00000     0.00000     0.00000     0.00000
     2.48957     0.00000     0.00000     0.00000     0.00000
     2.49147     0.00000     0.00000     0.00000     0.00000
     2.49338     0.00000     0.00000     0.00000     0.00000
     2.49528     0.00000     0.00000     0.00000     0.00000
     2.49719     0.00000     0.00000     0.00000     0.00000
     2.49909     0.00000     0.00000     0.00000     0.00000
     2.50100     0.00000     0.00000     0.00000     0.00000
     2.50290     0.00000     0.00000     0.00000     0.00000
     2.50481     0.00000     0.00000     0.00000     0.00000
     2.50671     0.00000     0.00000     0.00000     0.00000
     2.50862     0.00000     0.00000     0.00000     0.00000
     2.51052     0.00000     0.00000     0.00000     0.00000
     2.51243     0.00000     0.00000     0.00000     0.00000
     2.51433     0.00000     0.00000     0.00000     0.00000
     2.51624     0.00000     0.00000     0.00000     0.00000
     2.51814     0.00000     0.00000     0.00000     0.00000
     2.52005     0.00000     0.00000     0.00000     0.00000
     2.52195     0.00000     0.00000     0.00000     0.00000
     2.52386     0.00000     0.00000     0.00000     0.00000
     2.52576     0.00000     0.00000     0.00000     0.00000
     2.52767     0.00000     0.00000     0.00000     0.00000
     2.52957     0.00000     0.00000     0.00000     0.00000
     2.53148     0.00000     0.00000     0.00000     0.00000
     2.53338     0.00000     0.00000     0.00000     0.00000
     2.53528     0.00000     0.00000     0.00000     0.00000
     2.53719     0.00000     0.00000     0.00000     0.00000
     2.53909     0.00000     0.00000     0.00000     0.00000
     2.54100     0.00000     0.00000     0.00000     0.00000
     2.54290     0.00000     0.00000     0.00000     0.00000
     2.54481     0.00000     0.00000     0.00000     0.00000
     2.54671     0.00000     0.00000     0.00000     0.00000
     2.54862     0.00000     0.00000     0.00000     0.00000
     2.55052     0.00000     0.00000     0.00000     0.00000
     2.55243     0.00000     0.00000     0.00000     0.00000
     2.55433     0.00000     0.00000     0.00000     0.00000
     2.55624     0.00000     0.00000     0.00000     0.00000
     2.55814     0.00000     0.00000     0.00000     0.00000
     2.56005     0.00000     0.00000     0.00000     0.00000
     2.56195     0.00000     0.00000     0.00000     0.00000
     2.56386     0.00000     0.00000     0.00000     0.00000
     2.56576     0.00000     0.00000     0.00000     0.00000
     2.56767     0.00000     0.00000     0.00000     0.00000
     2.56957     0.00000     0.00000     0.00000     0.00000
     2.57148     0.00000     0.00000     0.00000     0.00000
     2.57338     0.00000     0.00000     0.00000     0.00000
     2.57529     0.00000     0.00000     0.00000     0.00000
     2.57719     0.00000     0.00000     0.00000     0.00000
     2.57910     0.00000     0.00000     0.00000     0.00000
     2.58100     0.00000     0.00000    -0.00000     0.00000
     2.58290     0.00000     0.00000    -0.00000     0.00000
     2.58481     0.00000     0.00000    -0.00000     0.00000
     2.58671     0.00000     0.00000    -0.00000     0.00000
     2.58862     0.00000     0.00000    -0.00000     0.00000
     2.59052     0.00000     0.00000    -0.00000     0.00000
     2.59243     0.00000     0.00000    -0.00000     0.00000
     2.59433     0.00000     0.00000    -0.00000     0.00000
     2.59624     0.00000     0.00000    -0.00000     0.00000
     2.59814     0.00000     0.00000    -0.00000     0.00000
     2.60005     0.00000     0.00000    -0.00000     0.00000
     2.60195     0.00000     0.00000    -0.00000     0.00000
     2.60386     0.00000     0.00000    -0.00000     0.00000
     2.60576     0.00000     0.00000    -0.00000     0.00000
     2.60767     0.00000     0.00000    -0.00000     0.00000
     2.60957     0.00000     0.00000    -0.00000     0.00000
     2.61148     0.00000     0.00000    -0.00000     0.00000
     2.61338     0.00000     0.00000    -0.00000     0.00000
     2.61529     0.00000     0.00000    -0.00000     0.00000
     2.61719     0.00000     0.00000    -0.00000     0.00000
     2.61910     0.00000     0.00000    -0.00000     0.00000
     2.62100     0.00000     0.00000    -0.00000     0.00000
     2.62291     0.00000     0.00000    -0.00000     0.00000
     2.62481     0.00000     0.00000    -0.00000     0.00000
     2.62672     0.00000     0.00000    -0.00000     0.00000
     2.62862     0.00000     0.00000    -0.00000     0.00000
     2.63052     0.00000     0.00000    -0.00000     0.00000
     2.63243     0.00000     0.00000    -0.00000     0.00000
     2.63433     0.00000     0.00000    -0.00000     0.00001
     2.63624     0.00001     0.00000    -0.00000     0.00001
     2.63814     0.00001     0.00000    -0.00000     0.00001
     2.64005     0.00001     0.00000    -0.00000     0.00001
     2.64195     0.00002     0.00000    -0.00000     0.00002
     2.64386     0.00002     0.00000    -0.00000     0.00002
     2.64576     0.00003     0.00000    -0.00000     0.00003
     2.64767     0.00003     0.00000    -0.00000     0.00004
     2.64957     0.00004     0.00000    -0.00001     0.00005
     2.65148     0.00005     0.00000    -0.00001     0.00006
     2.65338     0.00007     0.00000    -0.00001     0.00008
     2.65529     0.00009     0.00000    -0.00001     0.00010
     2.65719     0.00011     0.00000    -0.00001     0.00013
     2.65910     0.00014     0.00000    -0.00002     0.00016
     2.66100     0.00018     0.00000    -0.00002     0.00020
     2.66291     0.00022     0.00000    -0.00003     0.00025
     2.66481     0.00027     0.00000    -0.00004     0.00031
     2.66672     0.00034     0.00000    -0.00005     0.00038
     2.66862     0.00041     0.00000    -0.00006     0.00047
     2.67053     0.00051     0.00000    -0.00007     0.00058
     2.67243     0.00062     0.00000    -0.00009     0.00071
     2.67434     0.00075     0.00000    -0.00011     0.00086
     2.67624     0.00090     0.00000    -0.00013     0.00103
     2.67814     0.00108     0.00000    -0.00016     0.00124
     2.68005     0.00129     0.00000    -0.00019     0.00149
     2.68195     0.00154     0.00000    -0.00023     0.00177
     2.68386     0.00182     0.00000    -0.00028     0.00210
     2.68576     0.00215     0.00000    -0.00033     0.00248
     2.68767     0.00252     0.00000    -0.00039     0.00291
     2.68957     0.00294     0.00000    -0.00046     0.00340
     2.69148     0.00341     0.00000    -0.00054     0.00395
     2.69338     0.00394     0.00000    -0.00063     0.00458
     2.69529     0.00454     0.00000    -0.00074     0.00527
     2.69719     0.00520     0.00000    -0.00085     0.00605
     2.69910     0.00593     0.00000    -0.00098     0.00691
     2.70100     0.00673     0.00000    -0.00113     0.00785
     2.70291     0.00760     0.00000    -0.00128     0.00888
     2.70481     0.00855     0.00001    -0.00146     0.01000
     2.70672     0.00957     0.00001    -0.00165     0.01121
     2.70862     0.01066     0.00001    -0.00185     0.01251
     2.71053     0.01183     0.00001    -0.00207     0.01389
     2.71243     0.01306     0.00002    -0.00231     0.01536
     2.71434     0.01436     0.00002    -0.00256     0.01690
     2.71624     0.01572     0.00003    -0.00283     0.01851
     2.71815     0.01713     0.00004    -0.00311     0.02019
     2.72005     0.01858     0.00005    -0.00340     0.02193
     2.72195     0.02007     0.00007    -0.00371     0.02370
     2.72386     0.02159     0.00009    -0.00402     0.02551
     2.72576     0.02312     0.00012    -0.00434     0.02734
     2.72767     0.02467     0.00015    -0.00467     0.02918
     2.72957     0.02622     0.00020    -0.00500     0.03101
     2.73148     0.02775     0.00026    -0.00533     0.03283
     2.73338     0.02927     0.00032    -0.00566     0.03461
     2.73529     0.03077     0.00041    -0.00599     0.03635
     2.73719     0.03224     0.00052    -0.00632     0.03804
     2.73910     0.03368     0.00065    -0.00665     0.03967
     2.74100     0.03509     0.00082    -0.00697     0.04124
     2.74291     0.03648     0.00101    -0.00729     0.04275
     2.74481     0.03785     0.00126    -0.00760     0.04419
     2.74672     0.03921     0.00155    -0.00791     0.04558
     2.74862     0.04059     0.00190    -0.00823     0.04693
     2.75053     0.04200     0.00231    -0.00855     0.04824
     2.75243     0.04346     0.00281    -0.00888     0.04954
     2.75434     0.04502     0.00339    -0.00923     0.05086
     2.75624     0.04670     0.00408    -0.00960     0.05222
     2.75815     0.04854     0.00488    -0.01000     0.05366
     2.76005     0.05059     0.00580    -0.01043     0.05522
     2.76196     0.05290     0.00688    -0.01092     0.05694
     2.76386     0.05551     0.00811    -0.01146     0.05886
     2.76577     0.05849     0.00952    -0.01207     0.06104
     2.76767     0.06188     0.01111    -0.01276     0.06353
     2.76957     0.06574     0.01292    -0.01354     0.06637
     2.77148     0.07013     0.01494    -0.01443     0.06961
     2.77338     0.07509     0.01720    -0.01542     0.07331
     2.77529     0.08068     0.01971    -0.01654     0.07750
     2.77719     0.08693     0.02249    -0.01778     0.08223
     2.77910     0.09389     0.02553    -0.01917     0.08753
     2.78100     0.10158     0.02885    -0.02070     0.09343
     2.78291     0.11002     0.03245    -0.02237     0.09994
     2.78481     0.11921     0.03633    -0.02419     0.10707
     2.78672     0.12917     0.04049    -0.02616     0.11483
     2.78862     0.13986     0.04493    -0.02826     0.12319
     2.79053     0.15126     0.04964    -0.03050     0.13213
     2.79243     0.16334     0.05459    -0.03287     0.14162
     2.79434     0.17603     0.05978    -0.03535     0.15159
     2.79624     0.18927     0.06519    -0.03792     0.16200
     2.79815     0.20299     0.07078    -0.04056     0.17277
     2.80005     0.21710     0.07653    -0.04326     0.18382
     2.80196     0.23150     0.08242    -0.04598     0.19506
     2.80386     0.24608     0.08841    -0.04871     0.20639
     2.80577     0.26076     0.09447    -0.05142     0.21771
     2.80767     0.27540     0.10056    -0.05407     0.22891
     2.80958     0.28992     0.10665    -0.05664     0.23991
     2.81148     0.30420     0.11271    -0.05910     0.25058
     2.81339     0.31815     0.11871    -0.06141     0.26085
     2.81529     0.33168     0.12461    -0.06356     0.27063
     2.81719     0.34470     0.13039    -0.06552     0.27983
     2.81910     0.35717     0.13603    -0.06725     0.28839
     2.82100     0.36902     0.14150    -0.06875     0.29626
     2.82291     0.38022     0.14680    -0.06999     0.30341
     2.82481     0.39075     0.15189    -0.07096     0.30982
     2.82672     0.40061     0.15678    -0.07165     0.31548
     2.82862     0.40981     0.16145    -0.07205     0.32040
     2.83053     0.41838     0.16591    -0.07215     0.32462
     2.83243     0.42635     0.17013    -0.07195     0.32817
     2.83434     0.43379     0.17413    -0.07146     0.33111
     2.83624     0.44074     0.17791    -0.07068     0.33352
     2.83815     0.44728     0.18144    -0.06962     0.33545
     2.84005     0.45346     0.18474    -0.06828     0.33700
     2.84196     0.45936     0.18780    -0.06669     0.33825
     2.84386     0.46502     0.19060    -0.06485     0.33927
     2.84577     0.47051     0.19314    -0.06279     0.34015
     2.84767     0.47587     0.19541    -0.06051     0.34096
     2.84958     0.48112     0.19738    -0.05803     0.34177
     2.85148     0.48627     0.19903    -0.05537     0.34261
     2.85339     0.49134     0.20034    -0.05255     0.34354
     2.85529     0.49630     0.20129    -0.04957     0.34458
     2.85720     0.50111     0.20186    -0.04647     0.34573
     2.85910     0.50573     0.20200    -0.04324     0.34698
     2.86101     0.51010     0.20170    -0.03991     0.34831
     2.86291     0.51413     0.20094    -0.03649     0.34968
     2.86481     0.51774     0.19969    -0.03298     0.35103
     2.86672     0.52083     0.19793    -0.02940     0.35230
     2.86862     0.52330     0.19566    -0.02576     0.35341
     2.87053     0.52507     0.19286    -0.02206     0.35427
     2.87243     0.52602     0.18954    -0.01832     0.35480
     2.87434     0.52608     0.18571    -0.01453     0.35490
     2.87624     0.52516     0.18138    -0.01070     0.35448
     2.87815     0.52320     0.17657    -0.00683     0.35346
     2.88005     0.52015     0.17132    -0.00293     0.35176
     2.88196     0.51598     0.16566     0.00102     0.34930
     2.88386     0.51068     0.15965     0.00501     0.34602
     2.88577     0.50426     0.15333     0.00904     0.34189
     2.88767     0.49675     0.14676     0.01312     0.33687
     2.88958     0.48821     0.13999     0.01727     0.33095
     2.89148     0.47871     0.13310     0.02148     0.32413
     2.89339     0.46835     0.12614     0.02577     0.31644
     2.89529     0.45722     0.11918     0.03015     0.30790
     2.89720     0.44547     0.11228     0.03462     0.29857
     2.89910     0.43322     0.10550     0.03920     0.28852
     2.90101     0.42062     0.09889     0.04391     0.27782
     2.90291     0.40782     0.09251     0.04874     0.26657
     2.90482     0.39497     0.08640     0.05370     0.25486
     2.90672     0.38221     0.08060     0.05881     0.24280
     2.90863     0.36969     0.07513     0.06407     0.23049
     2.91053     0.35754     0.07003     0.06947     0.21804
     2.91243     0.34588     0.06531     0.07501     0.20556
     2.91434     0.33481     0.06097     0.08068     0.19316
     2.91624     0.32444     0.05702     0.08648     0.18094
     2.91815     0.31483     0.05346     0.09238     0.16899
     2.92005     0.30603     0.05027     0.09838     0.15739
     2.92196     0.29809     0.04743     0.10443     0.14623
     2.92386     0.29101     0.04493     0.11052     0.13556
     2.92577     0.28480     0.04274     0.11662     0.12544
     2.92767     0.27943     0.04083     0.12268     0.11592
     2.92958     0.27487     0.03917     0.12867     0.10702
     2.93148     0.27106     0.03773     0.13456     0.09877
     2.93339     0.26796     0.03648     0.14029     0.09118
     2.93529     0.26547     0.03539     0.14583     0.08425
     2.93720     0.26352     0.03441     0.15114     0.07797
     2.93910     0.26202     0.03353     0.15617     0.07232
     2.94101     0.26089     0.03272     0.16088     0.06729
     2.94291     0.26002     0.03194     0.16524     0.06283
     2.94482     0.25932     0.03119     0.16922     0.05892
     2.94672     0.25871     0.03043     0.17277     0.05552
     2.94863     0.25810     0.02966     0.17587     0.05258
     2.95053     0.25740     0.02885     0.17849     0.05006
     2.95244     0.25655     0.02801     0.18062     0.04792
     2.95434     0.25547     0.02712     0.18224     0.04611
     2.95624     0.25410     0.02619     0.18333     0.04458
     2.95815     0.25239     0.02520     0.18389     0.04330
     2.96005     0.25029     0.02416     0.18391     0.04222
     2.96196     0.24778     0.02309     0.18339     0.04130
     2.96386     0.24481     0.02197     0.18234     0.04050
     2.96577     0.24138     0.02082     0.18076     0.03980
     2.96767     0.23748     0.01965     0.17867     0.03915
     2.96958     0.23309     0.01847     0.17609     0.03853
     2.97148     0.22822     0.01728     0.17302     0.03792
     2.97339     0.22288     0.01609     0.16950     0.03729
     2.97529     0.21709     0.01492     0.16554     0.03663
     2.97720     0.21087     0.01376     0.16118     0.03592
     2.97910     0.20425     0.01264     0.15645     0.03516
     2.98101     0.19726     0.01156     0.15138     0.03433
     2.98291     0.18994     0.01051     0.14600     0.03343
     2.98482     0.18232     0.00952     0.14035     0.03245
     2.98672     0.17446     0.00858     0.13448     0.03141
     2.98863     0.16640     0.00769     0.12841     0.03029
     2.99053     0.15818     0.00687     0.12220     0.02911
     2.99244     0.14986     0.00610     0.11589     0.02787
     2.99434     0.14148     0.00539     0.10951     0.02658
     2.99625     0.13310     0.00474     0.10311     0.02526
     2.99815     0.12477     0.00415     0.09672     0.02390
     3.00006     0.11652     0.00362     0.09039     0.02252
     3.00196     0.10841     0.00313     0.08415     0.02113
     3.00386     0.10049     0.00270     0.07804     0.01974
     3.00577     0.09278     0.00232     0.07210     0.01836
     3.00767     0.08532     0.00198     0.06634     0.01701
     3.00958     0.07815     0.00169     0.06079     0.01568
     3.01148     0.07130     0.00143     0.05548     0.01439
     3.01339     0.06477     0.00120     0.05042     0.01315
     3.01529     0.05860     0.00101     0.04564     0.01196
     3.01720     0.05280     0.00084     0.04113     0.01083
     3.01910     0.04737     0.00070     0.03691     0.00976
     3.02101     0.04231     0.00057     0.03298     0.00876
     3.02291     0.03763     0.00047     0.02934     0.00782
     3.02482     0.03332     0.00039     0.02598     0.00695
     3.02672     0.02937     0.00031     0.02291     0.00615
     3.02863     0.02578     0.00025     0.02011     0.00541
     3.03053     0.02252     0.00020     0.01758     0.00474
     3.03244     0.01959     0.00016     0.01529     0.00414
     3.03434     0.01696     0.00013     0.01324     0.00359
     3.03625     0.01462     0.00010     0.01141     0.00310
     3.03815     0.01254     0.00008     0.00979     0.00267
     3.04006     0.01071     0.00006     0.00836     0.00228
     3.04196     0.00910     0.00005     0.00711     0.00194
     3.04387     0.00770     0.00004     0.00602     0.00165
     3.04577     0.00649     0.00003     0.00507     0.00139
     3.04768     0.00544     0.00002     0.00425     0.00117
     3.04958     0.00454     0.00002     0.00354     0.00097
     3.05148     0.00377     0.00001     0.00294     0.00081
     3.05339     0.00311     0.00001     0.00243     0.00067
     3.05529     0.00256     0.00001     0.00200     0.00055
     3.05720     0.00210     0.00001     0.00164     0.00045
     3.05910     0.00171     0.00000     0.00133     0.00037
     3.06101     0.00138     0.00000     0.00108     0.00030
     3.06291     0.00112     0.00000     0.00087     0.00024
     3.06482     0.00090     0.00000     0.00070     0.00020
     3.06672     0.00072     0.00000     0.00056     0.00016
     3.06863     0.00057     0.00000     0.00044     0.00013
     3.07053     0.00046     0.00000     0.00035     0.00010
     3.07244     0.00036     0.00000     0.00028     0.00008
     3.07434     0.00029     0.00000     0.00022     0.00007
     3.07625     0.00023     0.00000     0.00017     0.00006
     3.07815     0.00019     0.00000     0.00013     0.00005
     3.08006     0.00016     0.00001     0.00010     0.00005
     3.08196     0.00014     0.00001     0.00008     0.00005
     3.08387     0.00012     0.00001     0.00006     0.00006
     3.08577     0.00012     0.00002     0.00004     0.00007
     3.08768     0.00013     0.00002     0.00003     0.00008
     3.08958     0.00015     0.00003     0.00002     0.00010
     3.09149     0.00017     0.00003     0.00001     0.00013
     3.09339     0.00021     0.00005    -0.00000     0.00017
     3.09530     0.00026     0.00006    -0.00001     0.00022
     3.09720     0.00034     0.00008    -0.00002     0.00028
     3.09910     0.00043     0.00010    -0.00003     0.00036
     3.10101     0.00054     0.00013    -0.00004     0.00046
     3.10291     0.00069     0.00016    -0.00005     0.00058
     3.10482     0.00087     0.00020    -0.00007     0.00074
     3.10672     0.00110     0.00026    -0.00009     0.00093
     3.10863     0.00138     0.00032    -0.00011     0.00117
     3.11053     0.00172     0.00040    -0.00014     0.00146
     3.11244     0.00214     0.00050    -0.00017     0.00181
     3.11434     0.00265     0.00062    -0.00022     0.00224
     3.11625     0.00326     0.00076    -0.00027     0.00276
     3.11815     0.00400     0.00094    -0.00033     0.00339
     3.12006     0.00488     0.00114    -0.00040     0.00413
     3.12196     0.00592     0.00139    -0.00048     0.00502
     3.12387     0.00715     0.00168    -0.00058     0.00606
     3.12577     0.00860     0.00201    -0.00070     0.00729
     3.12768     0.01029     0.00241    -0.00084     0.00872
     3.12958     0.01225     0.00287    -0.00100     0.01038
     3.13149     0.01451     0.00340    -0.00119     0.01230
     3.13339     0.01710     0.00400    -0.00140     0.01449
     3.13530     0.02006     0.00470    -0.00164     0.01700
     3.13720     0.02342     0.00548    -0.00191     0.01985
     3.13911     0.02721     0.00637    -0.00222     0.02306
     3.14101     0.03145     0.00736    -0.00257     0.02665
     3.14292     0.03618     0.00847    -0.00295     0.03066
     3.14482     0.04141     0.00970    -0.00338     0.03510
     3.14672     0.04717     0.01105    -0.00385     0.03998
     3.14863     0.05347     0.01252    -0.00437     0.04532
     3.15053     0.06032     0.01413    -0.00493     0.05112
     3.15244     0.06771     0.01586    -0.00553     0.05738
     3.15434     0.07564     0.01771    -0.00618     0.06410
     3.15625     0.08408     0.01969    -0.00686     0.07126
     3.15815     0.09301     0.02178    -0.00759     0.07882
     3.16006     0.10239     0.02398    -0.00836     0.08677
     3.16196     0.11217     0.02627    -0.00915     0.09505
     3.16387     0.12229     0.02864    -0.00998     0.10362
     3.16577     0.13267     0.03107    -0.01082     0.11242
     3.16768     0.14324     0.03355    -0.01168     0.12137
     3.16958     0.15391     0.03605    -0.01254     0.13040
     3.17149     0.16458     0.03856    -0.01341     0.13943
     3.17339     0.17514     0.04103    -0.01426     0.14837
     3.17530     0.18550     0.04347    -0.01509     0.15712
     3.17720     0.19554     0.04583    -0.01590     0.16561
     3.17911     0.20515     0.04809    -0.01666     0.17372
     3.18101     0.21423     0.05023    -0.01737     0.18138
     3.18292     0.22269     0.05222    -0.01803     0.18850
     3.18482     0.23042     0.05405    -0.01862     0.19499
     3.18673     0.23734     0.05570    -0.01914     0.20079
     3.18863     0.24340     0.05715    -0.01958     0.20583
     3.19054     0.24854     0.05839    -0.01993     0.21008
     3.19244     0.25273     0.05941    -0.02018     0.21350
     3.19434     0.25594     0.06021    -0.02034     0.21607
     3.19625     0.25819     0.06080    -0.02040     0.21779
     3.19815     0.25950     0.06118    -0.02036     0.21868
     3.20006     0.25992     0.06136    -0.02023     0.21878
     3.20196     0.25952     0.06137    -0.01999     0.21814
     3.20387     0.25838     0.06122    -0.01967     0.21683
     3.20577     0.25660     0.06094    -0.01926     0.21492
     3.20768     0.25432     0.06056    -0.01876     0.21253
     3.20958     0.25167     0.06011    -0.01819     0.20975
     3.21149     0.24879     0.05964    -0.01756     0.20672
     3.21339     0.24584     0.05917    -0.01687     0.20354
     3.21530     0.24298     0.05875    -0.01613     0.20035
     3.21720     0.24037     0.05842    -0.01535     0.19729
     3.21911     0.23815     0.05822    -0.01454     0.19447
     3.22101     0.23649     0.05818    -0.01371     0.19202
     3.22292     0.23551     0.05833    -0.01287     0.19006
     3.22482     0.23535     0.05870    -0.01203     0.18868
     3.22673     0.23610     0.05932    -0.01120     0.18798
     3.22863     0.23784     0.06021    -0.01038     0.18802
     3.23054     0.24064     0.06137    -0.00959     0.18886
     3.23244     0.24454     0.06283    -0.00882     0.19053
     3.23435     0.24952     0.06456    -0.00809     0.19304
     3.23625     0.25558     0.06658    -0.00739     0.19639
     3.23815     0.26266     0.06885    -0.00673     0.20054
     3.24006     0.27069     0.07136    -0.00612     0.20545
     3.24196     0.27956     0.07409    -0.00555     0.21102
     3.24387     0.28914     0.07698    -0.00502     0.21718
     3.24577     0.29928     0.08001    -0.00454     0.22381
     3.24768     0.30981     0.08312    -0.00410     0.23079
     3.24958     0.32054     0.08627    -0.00371     0.23798
     3.25149     0.33127     0.08939    -0.00336     0.24523
     3.25339     0.34179     0.09245    -0.00304     0.25238
     3.25530     0.35190     0.09537    -0.00276     0.25930
     3.25720     0.36140     0.09810    -0.00251     0.26581
     3.25911     0.37007     0.10059    -0.00229     0.27177
     3.26101     0.37773     0.10279    -0.00210     0.27703
     3.26292     0.38420     0.10466    -0.00193     0.28147
     3.26482     0.38934     0.10614    -0.00178     0.28498
     3.26673     0.39300     0.10721    -0.00165     0.28743
     3.26863     0.39508     0.10784    -0.00153     0.28877
     3.27054     0.39550     0.10800    -0.00143     0.28892
     3.27244     0.39421     0.10769    -0.00133     0.28785
     3.27435     0.39120     0.10690    -0.00124     0.28553
     3.27625     0.38646     0.10564    -0.00116     0.28198
     3.27816     0.38004     0.10391    -0.00108     0.27721
     3.28006     0.37201     0.10173    -0.00100     0.27128
     3.28197     0.36246     0.09913    -0.00092     0.26424
     3.28387     0.35151     0.09615    -0.00083     0.25619
     3.28577     0.33929     0.09282    -0.00074     0.24721
     3.28768     0.32596     0.08918    -0.00064     0.23742
     3.28958     0.31168     0.08528    -0.00053     0.22693
     3.29149     0.29663     0.08117    -0.00040     0.21587
     3.29339     0.28099     0.07689    -0.00026     0.20437
     3.29530     0.26495     0.07250    -0.00010     0.19255
     3.29720     0.24868     0.06805     0.00008     0.18055
     3.29911     0.23237     0.06359     0.00029     0.16849
     3.30101     0.21617     0.05916     0.00053     0.15649
     3.30292     0.20025     0.05480     0.00080     0.14465
     3.30482     0.18476     0.05056     0.00112     0.13308
     3.30673     0.16982     0.04646     0.00150     0.12186
     3.30863     0.15555     0.04255     0.00192     0.11108
     3.31054     0.14206     0.03884     0.00242     0.10080
     3.31244     0.12942     0.03537     0.00299     0.09106
     3.31435     0.11771     0.03214     0.00364     0.08193
     3.31625     0.10697     0.02918     0.00439     0.07341
     3.31816     0.09726     0.02648     0.00524     0.06554
     3.32006     0.08859     0.02406     0.00621     0.05832
     3.32197     0.08098     0.02192     0.00731     0.05175
     3.32387     0.07443     0.02005     0.00855     0.04582
     3.32578     0.06893     0.01845     0.00994     0.04053
     3.32768     0.06448     0.01712     0.01151     0.03585
     3.32959     0.06104     0.01604     0.01324     0.03175
     3.33149     0.05860     0.01521     0.01517     0.02822
     3.33339     0.05712     0.01460     0.01730     0.02521
     3.33530     0.05656     0.01421     0.01965     0.02270
     3.33720     0.05689     0.01402     0.02221     0.02066
     3.33911     0.05806     0.01401     0.02500     0.01905
     3.34101     0.06004     0.01417     0.02802     0.01785
     3.34292     0.06277     0.01448     0.03127     0.01702
     3.34482     0.06622     0.01491     0.03477     0.01654
     3.34673     0.07033     0.01546     0.03850     0.01637
     3.34863     0.07505     0.01610     0.04246     0.01649
     3.35054     0.08033     0.01681     0.04664     0.01688
     3.35244     0.08612     0.01757     0.05104     0.01751
     3.35435     0.09236     0.01837     0.05563     0.01837
     3.35625     0.09900     0.01918     0.06040     0.01942
     3.35816     0.10597     0.02000     0.06532     0.02065
     3.36006     0.11322     0.02079     0.07038     0.02204
     3.36197     0.12067     0.02155     0.07554     0.02357
     3.36387     0.12827     0.02226     0.08078     0.02523
     3.36578     0.13594     0.02291     0.08604     0.02698
     3.36768     0.14361     0.02348     0.09130     0.02882
     3.36959     0.15121     0.02396     0.09652     0.03073
     3.37149     0.15867     0.02434     0.10165     0.03268
     3.37340     0.16592     0.02462     0.10665     0.03465
     3.37530     0.17288     0.02479     0.11146     0.03663
     3.37721     0.17948     0.02484     0.11606     0.03859
     3.37911     0.18567     0.02477     0.12038     0.04052
     3.38101     0.19136     0.02458     0.12439     0.04239
     3.38292     0.19650     0.02428     0.12803     0.04418
     3.38482     0.20103     0.02387     0.13128     0.04588
     3.38673     0.20490     0.02335     0.13409     0.04746
     3.38863     0.20807     0.02273     0.13643     0.04891
     3.39054     0.21050     0.02203     0.13826     0.05021
     3.39244     0.21216     0.02123     0.13957     0.05135
     3.39435     0.21303     0.02037     0.14034     0.05232
     3.39625     0.21310     0.01945     0.14054     0.05310
     3.39816     0.21236     0.01848     0.14019     0.05369
     3.40006     0.21083     0.01747     0.13927     0.05408
     3.40197     0.20851     0.01644     0.13780     0.05428
     3.40387     0.20544     0.01539     0.13578     0.05427
     3.40578     0.20165     0.01434     0.13325     0.05406
     3.40768     0.19718     0.01329     0.13022     0.05367
     3.40959     0.19208     0.01226     0.12673     0.05309
     3.41149     0.18640     0.01126     0.12281     0.05233
     3.41340     0.18022     0.01028     0.11851     0.05142
     3.41530     0.17358     0.00935     0.11388     0.05035
     3.41721     0.16657     0.00846     0.10896     0.04915
     3.41911     0.15925     0.00761     0.10380     0.04783
     3.42102     0.15169     0.00682     0.09846     0.04641
     3.42292     0.14397     0.00608     0.09298     0.04490
     3.42483     0.13615     0.00539     0.08743     0.04332
     3.42673     0.12830     0.00476     0.08184     0.04169
     3.42863     0.12048     0.00418     0.07627     0.04002
     3.43054     0.11275     0.00366     0.07077     0.03833
     3.43244     0.10517     0.00318     0.06536     0.03663
     3.43435     0.09778     0.00275     0.06010     0.03492
     3.43625     0.09062     0.00237     0.05501     0.03324
     3.43816     0.08373     0.00203     0.05013     0.03157
     3.44006     0.07713     0.00173     0.04547     0.02993
     3.44197     0.07085     0.00147     0.04105     0.02833
     3.44387     0.06491     0.00124     0.03689     0.02677
     3.44578     0.05931     0.00105     0.03300     0.02526
     3.44768     0.05405     0.00087     0.02939     0.02379
     3.44959     0.04915     0.00073     0.02605     0.02238
     3.45149     0.04460     0.00060     0.02298     0.02101
     3.45340     0.04038     0.00050     0.02018     0.01970
     3.45530     0.03649     0.00041     0.01763     0.01844
     3.45721     0.03291     0.00033     0.01534     0.01724
     3.45911     0.02963     0.00027     0.01328     0.01608
     3.46102     0.02664     0.00022     0.01144     0.01498
     3.46292     0.02391     0.00018     0.00981     0.01392
     3.46483     0.02143     0.00014     0.00838     0.01291
     3.46673     0.01918     0.00011     0.00712     0.01195
     3.46864     0.01714     0.00009     0.00602     0.01103
     3.47054     0.01529     0.00007     0.00506     0.01016
     3.47244     0.01363     0.00005     0.00424     0.00934
     3.47435     0.01213     0.00004     0.00353     0.00855
     3.47625     0.01078     0.00003     0.00293     0.00781
     3.47816     0.00956     0.00003     0.00242     0.00712
     3.48006     0.00847     0.00002     0.00199     0.00646
     3.48197     0.00749     0.00002     0.00162     0.00585
     3.48387     0.00661     0.00001     0.00132     0.00528
     3.48578     0.00582     0.00001     0.00107     0.00474
     3.48768     0.00512     0.00001     0.00086     0.00425
     3.48959     0.00449     0.00000     0.00069     0.00379
     3.49149     0.00393     0.00000     0.00055     0.00337
     3.49340     0.00342     0.00000     0.00044     0.00298
     3.49530     0.00298     0.00000     0.00035     0.00263
     3.49721     0.00259     0.00000     0.00027     0.00231
     3.49911     0.00224     0.00000     0.00021     0.00202
     3.50102     0.00193     0.00000     0.00017     0.00176
     3.50292     0.00166     0.00000     0.00013     0.00153
     3.50483     0.00142     0.00000     0.00010     0.00132
     3.50673     0.00121     0.00000     0.00008     0.00114
     3.50864     0.00103     0.00000     0.00006     0.00097
     3.51054     0.00087     0.00000     0.00004     0.00083
     3.51245     0.00074     0.00000     0.00003     0.00070
     3.51435     0.00062     0.00000     0.00003     0.00060
     3.51626     0.00052     0.00000     0.00002     0.00050
     3.51816     0.00043     0.00000     0.00001     0.00042
     3.52006     0.00036     0.00000     0.00001     0.00035
     3.52197     0.00030     0.00000     0.00001     0.00029
     3.52387     0.00025     0.00000     0.00001     0.00024
     3.52578     0.00020     0.00000     0.00000     0.00020
     3.52768     0.00016     0.00000     0.00000     0.00016
     3.52959     0.00013     0.00000     0.00000     0.00013
     3.53149     0.00011     0.00000     0.00000     0.00011
     3.53340     0.00009     0.00000     0.00000     0.00009
     3.53530     0.00007     0.00000     0.00000     0.00007
     3.53721     0.00006     0.00000     0.00000     0.00006
     3.53911     0.00004     0.00000     0.00000     0.00004
     3.54102     0.00004     0.00000     0.00000     0.00003
     3.54292     0.00003     0.00000     0.00000     0.00003
     3.54483     0.00002     0.00000     0.00000     0.00002
     3.54673     0.00002     0.00000     0.00000     0.00002
     3.54864     0.00001     0.00000     0.00000     0.00001
     3.55054     0.00001     0.00000     0.00000     0.00001
     3.55245     0.00001     0.00000     0.00000     0.00001
     3.55435     0.00001     0.00000     0.00000     0.00001
     3.55626     0.00000     0.00000     0.00000     0.00000
     3.55816     0.00000     0.00000     0.00000     0.00000
     3.56007     0.00000     0.00000     0.00000     0.00000
     3.56197     0.00000     0.00000     0.00000     0.00000
     3.56388     0.00000     0.00000     0.00000     0.00000
     3.56578     0.00000     0.00000    -0.00000     0.00000
     3.56768     0.00000     0.00000    -0.00000     0.00000
     3.56959     0.00000     0.00000    -0.00000     0.00000
     3.57149     0.00000     0.00000    -0.00000     0.00000
     3.57340     0.00000     0.00000    -0.00000     0.00000
     3.57530     0.00000     0.00000    -0.00000     0.00000
     3.57721     0.00000     0.00000    -0.00000     0.00000
     3.57911     0.00000     0.00000    -0.00000     0.00000
     3.58102     0.00000     0.00000    -0.00000     0.00000
     3.58292     0.00000     0.00000    -0.00000     0.00000
     3.58483     0.00000     0.00000    -0.00000     0.00000
     3.58673     0.00000     0.00000    -0.00000     0.00000
     3.58864     0.00000     0.00000    -0.00000     0.00000
     3.59054     0.00000     0.00000    -0.00000     0.00000
     3.59245     0.00000     0.00000    -0.00000     0.00000
     3.59435     0.00000     0.00000    -0.00000     0.00000
     3.59626     0.00000     0.00000    -0.00000     0.00000
     3.59816     0.00000     0.00000    -0.00000     0.00000
     3.60007     0.00000     0.00000    -0.00000     0.00000
     3.60197     0.00000     0.00000    -0.00000     0.00000
     3.60388     0.00000     0.00000    -0.00000     0.00000
     3.60578     0.00000     0.00000    -0.00000     0.00000
     3.60769     0.00000     0.00000    -0.00000     0.00000
     3.60959     0.00000     0.00000    -0.00000     0.00000
     3.61150     0.00000     0.00000    -0.00000     0.00000
     3.61340     0.00000     0.00000    -0.00000     0.00000
     3.61530     0.00000     0.00000    -0.00000     0.00000
     3.61721     0.00000     0.00000    -0.00000     0.00000
     3.61911     0.00000     0.00000    -0.00000     0.00000
     3.62102     0.00000     0.00000    -0.00000     0.00000
     3.62292     0.00000     0.00000     0.00000     0.00000
     3.62483     0.00000     0.00000     0.00000     0.00000
     3.62673     0.00000     0.00000     0.00000     0.00000
     3.62864     0.00000     0.00000     0.00000     0.00000
     3.63054     0.00000     0.00000     0.00000     0.00000
     3.63245     0.00000     0.00000     0.00000     0.00000
     3.63435     0.00000     0.00000     0.00000     0.00000
     3.63626     0.00000     0.00000     0.00000     0.00000
     3.63816     0.00000     0.00000     0.00000     0.00000
     3.64007     0.00000     0.00000     0.00000     0.00000
     3.64197     0.00000     0.00000     0.00000     0.00000
     3.64388     0.00000     0.00000     0.00000     0.00000
     3.64578     0.00000     0.00000     0.00000     0.00000
     3.64769     0.00000     0.00000     0.00000     0.00000
     3.64959     0.00000     0.00000     0.00000     0.00000
     3.65150     0.00000     0.00000     0.00000     0.00000
     3.65340     0.00000     0.00000     0.00000     0.00000
     3.65531     0.00000     0.00000     0.00000     0.00000
     3.65721     0.00000     0.00000     0.00000     0.00000
     3.65912     0.00000     0.00000     0.00000     0.00000
     3.66102     0.00000     0.00000     0.00000     0.00000
     3.66292     0.00000     0.00000     0.00000     0.00000
     3.66483     0.00000     0.00000     0.00000     0.00000
     3.66673     0.00000     0.00000     0.00000     0.00000
     3.66864     0.00000     0.00000     0.00000     0.00000
     3.67054     0.00000     0.00000     0.00000     0.00000
     3.67245     0.00000     0.00000     0.00000     0.00000
     3.67435     0.00000     0.00000     0.00000     0.00000
     3.67626     0.00000     0.00000     0.00000     0.00000
     3.67816     0.00000     0.00000     0.00000     0.00000
     3.68007     0.00000     0.00000     0.00000     0.00000
     3.68197     0.00000     0.00000     0.00000     0.00000
     3.68388     0.00000     0.00000     0.00000     0.00000
     3.68578     0.00000     0.00000     0.00000     0.00000
     3.68769     0.00000     0.00000     0.00000     0.00000
     3.68959     0.00000     0.00000     0.00000     0.00000
     3.69150     0.00000     0.00000     0.00000     0.00000
     3.69340     0.00000     0.00000     0.00000     0.00000
     3.69531     0.00000     0.00000     0.00000     0.00000
     3.69721     0.00000     0.00000     0.00000     0.00000
     3.69912     0.00000     0.00000     0.00000     0.00000
     3.70102     0.00000     0.00000     0.00000     0.00000
     3.70293     0.00000     0.00000     0.00000     0.00000
     3.70483     0.00000     0.00000     0.00000     0.00000
     3.70674     0.00000     0.00000     0.00000     0.00000
     3.70864     0.00000     0.00000     0.00000     0.00000
     3.71054     0.00000     0.00000     0.00000     0.00000
     3.71245     0.00000     0.00000     0.00000     0.00000
     3.71435     0.00000     0.00000     0.00000     0.00000
     3.71626     0.00000     0.00000     0.00000     0.00000
     3.71816     0.00000     0.00000     0.00000     0.00000
     3.72007     0.00000     0.00000     0.00000     0.00000
     3.72197     0.00000     0.00000     0.00000     0.00000
     3.72388     0.00000     0.00000     0.00000     0.00000
     3.72578     0.00000     0.00000     0.00000     0.00000
     3.72769     0.00000     0.00000     0.00000     0.00000
     3.72959     0.00000     0.00000     0.00000     0.00000
     3.73150     0.00000     0.00000     0.00000     0.00000
     3.73340     0.00000     0.00000     0.00000     0.00000
     3.73531     0.00000     0.00000     0.00000     0.00000
     3.73721     0.00000     0.00000     0.00000     0.00000
     3.73912     0.00000     0.00000     0.00000     0.00000
     3.74102     0.00000     0.00000     0.00000     0.00000
     3.74293     0.00000     0.00000     0.00000     0.00000
     3.74483     0.00000     0.00000     0.00000     0.00000
     3.74674     0.00000     0.00000     0.00000     0.00000
     3.74864     0.00000     0.00000     0.00000     0.00000
     3.75055     0.00000     0.00000     0.00000     0.00000
     3.75245     0.00000     0.00000     0.00000     0.00000
     3.75435     0.00000     0.00000     0.00000     0.00000
     3.75626     0.00000     0.00000     0.00000     0.00000
     3.75816     0.00000     0.00000     0.00000     0.00000
     3.76007     0.00000     0.00000     0.00000     0.00000
     3.76197     0.00000     0.00000     0.00000     0.00000
     3.76388     0.00000     0.00000     0.00000     0.00000
     3.76578     0.00000     0.00000    -0.00000     0.00000
     3.76769     0.00000     0.00000    -0.00000     0.00000
     3.76959     0.00000     0.00000    -0.00000     0.00000
     3.77150     0.00000     0.00000    -0.00000     0.00000
     3.77340     0.00000     0.00000    -0.00000     0.00000
     3.77531     0.00000     0.00000    -0.00000     0.00000
     3.77721     0.00000     0.00000    -0.00000     0.00000
     3.77912     0.00000     0.00000    -0.00000     0.00000
     3.78102     0.00000     0.00000    -0.00000     0.00000
     3.78293     0.00000     0.00000    -0.00000     0.00000
     3.78483     0.00000     0.00000    -0.00000     0.00000
     3.78674     0.00000     0.00000    -0.00000     0.00000
     3.78864     0.00000     0.00000    -0.00000     0.00000
     3.79055     0.00000     0.00000    -0.00000     0.00000
     3.79245     0.00000     0.00000    -0.00000     0.00000
     3.79436     0.00000     0.00000    -0.00000     0.00000
     3.79626     0.00000     0.00000    -0.00000     0.00000
     3.79817     0.00000     0.00000    -0.00000     0.00000
     3.80007     0.00000     0.00000    -0.00000     0.00000
     3.80197     0.00000     0.00000    -0.00000     0.00000
     3.80388     0.00000     0.00000    -0.00000     0.00000
     3.80578     0.00000     0.00000    -0.00000     0.00000
     3.80769     0.00000     0.00000    -0.00000     0.00000
     3.80959     0.00000     0.00000    -0.00000     0.00000
     3.81150     0.00000     0.00000    -0.00000     0.00000
     3.81340     0.00000     0.00000    -0.00000     0.00000
     3.81531     0.00000     0.00000    -0.00000     0.00000
     3.81721     0.00000     0.00000    -0.00000     0.00000
     3.81912     0.00001     0.00000    -0.00000     0.00000
     3.82102     0.00001     0.00001    -0.00000     0.00000
     3.82293     0.00001     0.00001    -0.00000     0.00001
     3.82483     0.00001     0.00001    -0.00001     0.00001
     3.82674     0.00002     0.00001    -0.00001     0.00001
     3.82864     0.00002     0.00002    -0.00001     0.00001
     3.83055     0.00003     0.00002    -0.00001     0.00002
     3.83245     0.00004     0.00003    -0.00001     0.00002
     3.83436     0.00005     0.00004    -0.00002     0.00003
     3.83626     0.00006     0.00005    -0.00002     0.00003
     3.83817     0.00008     0.00006    -0.00003     0.00004
     3.84007     0.00010     0.00008    -0.00004     0.00005
     3.84198     0.00012     0.00010    -0.00005     0.00007
     3.84388     0.00015     0.00012    -0.00006     0.00008
     3.84579     0.00019     0.00015    -0.00007     0.00010
     3.84769     0.00023     0.00019    -0.00009     0.00013
     3.84959     0.00028     0.00023    -0.00011     0.00016
     3.85150     0.00034     0.00029    -0.00014     0.00019
     3.85340     0.00042     0.00035    -0.00016     0.00023
     3.85531     0.00051     0.00042    -0.00020     0.00028
     3.85721     0.00061     0.00051    -0.00024     0.00034
     3.85912     0.00073     0.00061    -0.00029     0.00041
     3.86102     0.00087     0.00073    -0.00034     0.00049
     3.86293     0.00103     0.00086    -0.00041     0.00058
     3.86483     0.00122     0.00102    -0.00048     0.00068
     3.86674     0.00144     0.00120    -0.00057     0.00080
     3.86864     0.00168     0.00140    -0.00066     0.00094
     3.87055     0.00196     0.00163    -0.00077     0.00109
     3.87245     0.00227     0.00189    -0.00089     0.00127
     3.87436     0.00261     0.00218    -0.00103     0.00146
     3.87626     0.00300     0.00250    -0.00118     0.00168
     3.87817     0.00342     0.00286    -0.00135     0.00191
     3.88007     0.00389     0.00325    -0.00153     0.00217
     3.88198     0.00439     0.00367    -0.00173     0.00246
     3.88388     0.00494     0.00413    -0.00195     0.00276
     3.88579     0.00553     0.00462    -0.00218     0.00309
     3.88769     0.00616     0.00515    -0.00243     0.00344
     3.88960     0.00683     0.00571    -0.00269     0.00382
     3.89150     0.00753     0.00629    -0.00297     0.00421
     3.89341     0.00827     0.00691    -0.00326     0.00462
     3.89531     0.00903     0.00755    -0.00356     0.00505
     3.89721     0.00982     0.00820    -0.00387     0.00549
     3.89912     0.01062     0.00887    -0.00419     0.00593
     3.90102     0.01143     0.00955    -0.00451     0.00639
     3.90293     0.01224     0.01023    -0.00483     0.00684
     3.90483     0.01305     0.01090    -0.00515     0.00729
     3.90674     0.01384     0.01156    -0.00546     0.00773
     3.90864     0.01460     0.01220    -0.00576     0.00816
     3.91055     0.01534     0.01282    -0.00605     0.00857
     3.91245     0.01603     0.01339    -0.00632     0.00896
     3.91436     0.01667     0.01393    -0.00658     0.00932
     3.91626     0.01726     0.01442    -0.00681     0.00964
     3.91817     0.01777     0.01485    -0.00701     0.00993
     3.92007     0.01821     0.01522    -0.00718     0.01018
     3.92198     0.01858     0.01552    -0.00733     0.01038
     3.92388     0.01885     0.01575    -0.00744     0.01054
     3.92579     0.01904     0.01591    -0.00751     0.01064
     3.92769     0.01913     0.01599    -0.00755     0.01069
     3.92960     0.01913     0.01599    -0.00755     0.01069
     3.93150     0.01904     0.01591    -0.00751     0.01064
     3.93341     0.01886     0.01576    -0.00744     0.01054
     3.93531     0.01858     0.01553    -0.00733     0.01039
     3.93722     0.01823     0.01523    -0.00719     0.01019
     3.93912     0.01779     0.01486    -0.00701     0.00994
     3.94103     0.01727     0.01443    -0.00681     0.00965
     3.94293     0.01669     0.01394    -0.00658     0.00933
     3.94483     0.01605     0.01341    -0.00633     0.00897
     3.94674     0.01537     0.01283    -0.00605     0.00859
     3.94864     0.01464     0.01222    -0.00576     0.00818
     3.95055     0.01387     0.01158    -0.00546     0.00775
     3.95245     0.01309     0.01092    -0.00514     0.00731
     3.95436     0.01229     0.01025    -0.00482     0.00687
     3.95626     0.01149     0.00957    -0.00450     0.00642
     3.95817     0.01069     0.00890    -0.00418     0.00597
     3.96007     0.00990     0.00823    -0.00386     0.00553
     3.96198     0.00913     0.00758    -0.00354     0.00510
     3.96388     0.00839     0.00694    -0.00323     0.00468
     3.96579     0.00769     0.00633    -0.00293     0.00428
     3.96769     0.00702     0.00575    -0.00264     0.00390
     3.96960     0.00639     0.00520    -0.00235     0.00355
     3.97150     0.00582     0.00468    -0.00208     0.00322
     3.97341     0.00530     0.00420    -0.00183     0.00293
     3.97531     0.00483     0.00375    -0.00158     0.00266
     3.97722     0.00443     0.00335    -0.00134     0.00242
     3.97912     0.00408     0.00298    -0.00111     0.00221
     3.98103     0.00380     0.00265    -0.00089     0.00204
     3.98293     0.00359     0.00236    -0.00067     0.00191
     3.98484     0.00345     0.00210    -0.00046     0.00181
     3.98674     0.00339     0.00188    -0.00024     0.00175
     3.98864     0.00340     0.00170    -0.00002     0.00172
     3.99055     0.00349     0.00155     0.00020     0.00174
     3.99245     0.00367     0.00144     0.00043     0.00180
     3.99436     0.00393     0.00136     0.00067     0.00190
     3.99626     0.00428     0.00131     0.00093     0.00204
     3.99817     0.00473     0.00129     0.00121     0.00223
     4.00007     0.00528     0.00130     0.00150     0.00247
     4.00198     0.00593     0.00135     0.00183     0.00276
     4.00388     0.00669     0.00141     0.00218     0.00309
     4.00579     0.00755     0.00151     0.00256     0.00348
     4.00769     0.00853     0.00164     0.00297     0.00392
     4.00960     0.00963     0.00179     0.00342     0.00442
     4.01150     0.01084     0.00196     0.00391     0.00496
     4.01341     0.01216     0.00217     0.00443     0.00557
     4.01531     0.01361     0.00239     0.00500     0.00622
     4.01722     0.01516     0.00264     0.00560     0.00693
     4.01912     0.01682     0.00291     0.00623     0.00768
     4.02103     0.01858     0.00319     0.00690     0.00848
     4.02293     0.02043     0.00350     0.00760     0.00932
     4.02484     0.02236     0.00382     0.00833     0.01020
     4.02674     0.02436     0.00416     0.00909     0.01112
     4.02865     0.02641     0.00450     0.00986     0.01205
     4.03055     0.02850     0.00485     0.01064     0.01300
     4.03246     0.03060     0.00521     0.01143     0.01396
     4.03436     0.03270     0.00556     0.01222     0.01492
     4.03626     0.03477     0.00591     0.01300     0.01587
     4.03817     0.03680     0.00625     0.01376     0.01679
     4.04007     0.03875     0.00658     0.01449     0.01768
     4.04198     0.04061     0.00690     0.01519     0.01853
     4.04388     0.04235     0.00719     0.01584     0.01932
     4.04579     0.04395     0.00747     0.01644     0.02005
     4.04769     0.04539     0.00771     0.01697     0.02071
     4.04960     0.04665     0.00792     0.01744     0.02128
     4.05150     0.04770     0.00810     0.01784     0.02176
     4.05341     0.04855     0.00824     0.01815     0.02215
     4.05531     0.04916     0.00835     0.01838     0.02243
     4.05722     0.04954     0.00841     0.01853     0.02260
     4.05912     0.04968     0.00844     0.01858     0.02266
     4.06103     0.04957     0.00842     0.01854     0.02262
     4.06293     0.04923     0.00836     0.01841     0.02246
     4.06484     0.04865     0.00826     0.01819     0.02219
     4.06674     0.04783     0.00812     0.01789     0.02182
     4.06865     0.04681     0.00795     0.01750     0.02135
     4.07055     0.04558     0.00774     0.01704     0.02079
     4.07246     0.04416     0.00750     0.01652     0.02015
     4.07436     0.04259     0.00723     0.01593     0.01943
     4.07627     0.04086     0.00694     0.01528     0.01864
     4.07817     0.03902     0.00663     0.01459     0.01780
     4.08008     0.03707     0.00630     0.01386     0.01691
     4.08198     0.03505     0.00595     0.01311     0.01599
     4.08388     0.03298     0.00560     0.01233     0.01505
     4.08579     0.03088     0.00524     0.01155     0.01409
     4.08769     0.02877     0.00489     0.01076     0.01313
     4.08960     0.02668     0.00453     0.00998     0.01217
     4.09150     0.02461     0.00418     0.00921     0.01123
     4.09341     0.02260     0.00384     0.00845     0.01031
     4.09531     0.02065     0.00351     0.00772     0.00942
     4.09722     0.01877     0.00319     0.00702     0.00856
     4.09912     0.01698     0.00288     0.00635     0.00775
     4.10103     0.01529     0.00260     0.00572     0.00698
     4.10293     0.01370     0.00233     0.00512     0.00625
     4.10484     0.01221     0.00207     0.00457     0.00557
     4.10674     0.01084     0.00184     0.00405     0.00494
     4.10865     0.00957     0.00162     0.00358     0.00436
     4.11055     0.00840     0.00143     0.00314     0.00383
     4.11246     0.00735     0.00125     0.00275     0.00335
     4.11436     0.00639     0.00109     0.00239     0.00292
     4.11627     0.00553     0.00094     0.00207     0.00252
     4.11817     0.00477     0.00081     0.00178     0.00217
     4.12008     0.00409     0.00069     0.00153     0.00186
     4.12198     0.00349     0.00059     0.00130     0.00159
     4.12389     0.00296     0.00050     0.00111     0.00135
     4.12579     0.00250     0.00042     0.00093     0.00114
     4.12770     0.00210     0.00036     0.00079     0.00096
     4.12960     0.00176     0.00030     0.00066     0.00080
     4.13150     0.00146     0.00025     0.00055     0.00067
     4.13341     0.00121     0.00021     0.00045     0.00055
     4.13531     0.00100     0.00017     0.00037     0.00046
     4.13722     0.00082     0.00014     0.00031     0.00037
     4.13912     0.00067     0.00011     0.00025     0.00031
     4.14103     0.00054     0.00009     0.00020     0.00025
     4.14293     0.00044     0.00007     0.00016     0.00020
     4.14484     0.00035     0.00006     0.00013     0.00016
     4.14674     0.00028     0.00005     0.00011     0.00013
     4.14865     0.00023     0.00004     0.00008     0.00010
     4.15055     0.00018     0.00003     0.00007     0.00008
     4.15246     0.00014     0.00002     0.00005     0.00006
     4.15436     0.00011     0.00002     0.00004     0.00005
     4.15627     0.00009     0.00001     0.00003     0.00004
     4.15817     0.00007     0.00001     0.00003     0.00003
     4.16008     0.00005     0.00001     0.00002     0.00002
     4.16198     0.00004     0.00001     0.00001     0.00002
     4.16389     0.00003     0.00001     0.00001     0.00001
     4.16579     0.00002     0.00000     0.00001     0.00001
     4.16770     0.00002     0.00000     0.00001     0.00001
     4.16960     0.00001     0.00000     0.00000     0.00001
     4.17151     0.00001     0.00000     0.00000     0.00000
     4.17341     0.00001     0.00000     0.00000     0.00000
     4.17532     0.00001     0.00000     0.00000     0.00000
     4.17722     0.00000     0.00000     0.00000     0.00000
     4.17912     0.00000     0.00000     0.00000     0.00000
     4.18103     0.00000     0.00000     0.00000     0.00000
     4.18293     0.00000     0.00000     0.00000     0.00000
     4.18484     0.00000     0.00000     0.00000     0.00000
     4.18674     0.00000     0.00000     0.00000     0.00000
     4.18865     0.00000     0.00000     0.00000     0.00000
     4.19055     0.00000     0.00000     0.00000     0.00000
     4.19246     0.00000     0.00000     0.00000     0.00000
     4.19436     0.00000     0.00000     0.00000     0.00000
     4.19627     0.00000     0.00000     0.00000     0.00000
     4.19817     0.00000     0.00000     0.00000     0.00000
     4.20008     0.00000     0.00000     0.00000     0.00000
     4.20198     0.00000     0.00000     0.00000     0.00000
     4.20389     0.00000     0.00000     0.00000     0.00000
     4.20579     0.00000     0.00000     0.00000     0.00000
     4.20770     0.00000     0.00000     0.00000     0.00000
     4.20960     0.00000     0.00000     0.00000     0.00000
     4.21151     0.00000     0.00000     0.00000     0.00000
     4.21341     0.00000     0.00000     0.00000     0.00000
     4.21532     0.00000     0.00000     0.00000     0.00000
     4.21722     0.00000     0.00000     0.00000     0.00000
     4.21913     0.00000     0.00000     0.00000     0.00000
     4.22103     0.00000     0.00000     0.00000     0.00000
     4.22293     0.00000     0.00000     0.00000     0.00000
     4.22484     0.00000     0.00000     0.00000     0.00000
     4.22674     0.00000     0.00000     0.00000     0.00000
     4.22865     0.00000     0.00000     0.00000     0.00000
     4.23055     0.00000     0.00000     0.00000     0.00000
     4.23246     0.00000     0.00000     0.00000     0.00000
     4.23436     0.00000     0.00000     0.00000     0.00000
     4.23627     0.00000     0.00000     0.00000     0.00000
     4.23817     0.00000     0.00000     0.00000     0.00000
     4.24008     0.00000     0.00000     0.00000     0.00000
     4.24198     0.00000     0.00000     0.00000     0.00000
     4.24389     0.00000     0.00000     0.00000     0.00000
     4.24579     0.00000     0.00000     0.00000     0.00000
     4.24770     0.00000     0.00000     0.00000     0.00000
     4.24960     0.00000     0.00000     0.00000     0.00000
     4.25151     0.00000     0.00000     0.00000     0.00000
     4.25341     0.00000     0.00000     0.00000     0.00000
     4.25532     0.00000     0.00000     0.00000     0.00000
     4.25722     0.00000     0.00000     0.00000     0.00000
     4.25913     0.00000     0.00000     0.00000     0.00000
     4.26103     0.00000     0.00000     0.00000     0.00000
     4.26294     0.00000     0.00000     0.00000     0.00000
     4.26484     0.00000     0.00000     0.00000     0.00000
     4.26675     0.00001     0.00000     0.00000     0.00001
     4.26865     0.00001     0.00000     0.00000     0.00001
     4.27055     0.00001     0.00000     0.00000     0.00001
     4.27246     0.00001     0.00000     0.00000     0.00001
     4.27436     0.00002     0.00000     0.00000     0.00002
     4.27627     0.00003     0.00000     0.00000     0.00002
     4.27817     0.00003     0.00000     0.00000     0.00003
     4.28008     0.00004     0.00000     0.00000     0.00004
     4.28198     0.00006     0.00000     0.00001     0.00005
     4.28389     0.00008     0.00000     0.00001     0.00007
     4.28579     0.00010     0.00000     0.00001     0.00009
     4.28770     0.00013     0.00000     0.00001     0.00011
     4.28960     0.00016     0.00000     0.00001     0.00014
     4.29151     0.00021     0.00000     0.00002     0.00018
     4.29341     0.00026     0.00001     0.00002     0.00023
     4.29532     0.00033     0.00001     0.00003     0.00029
     4.29722     0.00042     0.00001     0.00004     0.00037
     4.29913     0.00052     0.00001     0.00005     0.00046
     4.30103     0.00065     0.00001     0.00006     0.00058
     4.30294     0.00080     0.00002     0.00007     0.00072
     4.30484     0.00099     0.00002     0.00009     0.00088
     4.30675     0.00122     0.00002     0.00011     0.00108
     4.30865     0.00149     0.00003     0.00013     0.00132
     4.31056     0.00181     0.00004     0.00016     0.00161
     4.31246     0.00218     0.00004     0.00019     0.00194
     4.31437     0.00263     0.00005     0.00023     0.00234
     4.31627     0.00315     0.00007     0.00028     0.00280
     4.31817     0.00375     0.00008     0.00033     0.00334
     4.32008     0.00445     0.00009     0.00040     0.00396
     4.32198     0.00525     0.00011     0.00047     0.00467
     4.32389     0.00617     0.00013     0.00055     0.00549
     4.32579     0.00721     0.00015     0.00064     0.00642
     4.32770     0.00838     0.00018     0.00074     0.00746
     4.32960     0.00971     0.00021     0.00086     0.00864
     4.33151     0.01118     0.00024     0.00099     0.00995
     4.33341     0.01282     0.00028     0.00113     0.01140
     4.33532     0.01462     0.00032     0.00129     0.01301
     4.33722     0.01660     0.00037     0.00147     0.01477
     4.33913     0.01876     0.00043     0.00166     0.01668
     4.34103     0.02110     0.00049     0.00186     0.01875
     4.34294     0.02361     0.00055     0.00208     0.02099
     4.34484     0.02630     0.00063     0.00231     0.02337
     4.34675     0.02916     0.00071     0.00256     0.02590
     4.34865     0.03218     0.00080     0.00281     0.02857
     4.35056     0.03533     0.00089     0.00308     0.03136
     4.35246     0.03862     0.00100     0.00336     0.03426
     4.35437     0.04202     0.00112     0.00364     0.03726
     4.35627     0.04551     0.00125     0.00393     0.04033
     4.35818     0.04905     0.00139     0.00422     0.04344
     4.36008     0.05264     0.00154     0.00451     0.04658
     4.36199     0.05622     0.00171     0.00479     0.04972
     4.36389     0.05979     0.00189     0.00506     0.05283
     4.36579     0.06330     0.00209     0.00533     0.05588
     4.36770     0.06672     0.00231     0.00558     0.05884
     4.36960     0.07002     0.00254     0.00580     0.06167
     4.37151     0.07317     0.00279     0.00601     0.06437
     4.37341     0.07615     0.00307     0.00619     0.06688
     4.37532     0.07891     0.00336     0.00635     0.06920
     4.37722     0.08145     0.00368     0.00647     0.07130
     4.37913     0.08374     0.00402     0.00656     0.07316
     4.38103     0.08576     0.00439     0.00661     0.07476
     4.38294     0.08750     0.00477     0.00663     0.07610
     4.38484     0.08895     0.00519     0.00660     0.07716
     4.38675     0.09011     0.00563     0.00654     0.07794
     4.38865     0.09097     0.00609     0.00645     0.07843
     4.39056     0.09154     0.00657     0.00631     0.07866
     4.39246     0.09183     0.00708     0.00614     0.07861
     4.39437     0.09185     0.00760     0.00594     0.07830
     4.39627     0.09160     0.00815     0.00570     0.07776
     4.39818     0.09111     0.00870     0.00543     0.07698
     4.40008     0.09040     0.00926     0.00514     0.07599
     4.40199     0.08947     0.00983     0.00483     0.07481
     4.40389     0.08836     0.01040     0.00450     0.07346
     4.40580     0.08708     0.01096     0.00415     0.07197
     4.40770     0.08565     0.01152     0.00380     0.07034
     4.40961     0.08409     0.01205     0.00344     0.06860
     4.41151     0.08241     0.01256     0.00307     0.06678
     4.41341     0.08063     0.01305     0.00271     0.06488
     4.41532     0.07876     0.01349     0.00235     0.06292
     4.41722     0.07682     0.01390     0.00200     0.06092
     4.41913     0.07481     0.01426     0.00167     0.05889
     4.42103     0.07274     0.01456     0.00135     0.05683
     4.42294     0.07062     0.01481     0.00104     0.05477
     4.42484     0.06845     0.01500     0.00076     0.05270
     4.42675     0.06624     0.01512     0.00050     0.05063
     4.42865     0.06399     0.01517     0.00026     0.04856
     4.43056     0.06170     0.01516     0.00004     0.04650
     4.43246     0.05938     0.01508    -0.00015     0.04445
     4.43437     0.05702     0.01493    -0.00032     0.04242
     4.43627     0.05464     0.01471    -0.00047     0.04040
     4.43818     0.05223     0.01443    -0.00059     0.03840
     4.44008     0.04980     0.01409    -0.00069     0.03641
     4.44199     0.04736     0.01369    -0.00078     0.03445
     4.44389     0.04492     0.01324    -0.00084     0.03251
     4.44580     0.04247     0.01274    -0.00088     0.03060
     4.44770     0.04003     0.01221    -0.00091     0.02873
     4.44961     0.03761     0.01164    -0.00092     0.02689
     4.45151     0.03521     0.01104    -0.00092     0.02509
     4.45342     0.03285     0.01043    -0.00090     0.02333
     4.45532     0.03054     0.00980    -0.00088     0.02163
     4.45723     0.02829     0.00917    -0.00085     0.01997
     4.45913     0.02610     0.00853    -0.00082     0.01838
     4.46103     0.02399     0.00790    -0.00077     0.01686
     4.46294     0.02195     0.00729    -0.00073     0.01540
     4.46484     0.02001     0.00668    -0.00068     0.01401
     4.46675     0.01817     0.00610    -0.00063     0.01270
     4.46865     0.01642     0.00554    -0.00058     0.01146
     4.47056     0.01478     0.00501    -0.00053     0.01030
     4.47246     0.01324     0.00451    -0.00048     0.00922
     4.47437     0.01181     0.00404    -0.00044     0.00821
     4.47627     0.01049     0.00360    -0.00039     0.00729
     4.47818     0.00928     0.00319    -0.00035     0.00644
     4.48008     0.00816     0.00281    -0.00031     0.00566
     4.48199     0.00715     0.00247    -0.00028     0.00496
     4.48389     0.00624     0.00216    -0.00024     0.00433
     4.48580     0.00542     0.00188    -0.00021     0.00376
     4.48770     0.00469     0.00162    -0.00018     0.00325
     4.48961     0.00404     0.00140    -0.00016     0.00281
     4.49151     0.00347     0.00120    -0.00014     0.00241
     4.49342     0.00298     0.00102    -0.00012     0.00207
     4.49532     0.00255     0.00087    -0.00010     0.00178
     4.49723     0.00218     0.00073    -0.00008     0.00154
     4.49913     0.00188     0.00061    -0.00007     0.00134
     4.50104     0.00163     0.00051    -0.00006     0.00118
     4.50294     0.00144     0.00043    -0.00005     0.00106
     4.50484     0.00129     0.00035    -0.00004     0.00098
     4.50675     0.00120     0.00029    -0.00003     0.00094
     4.50865     0.00116     0.00024    -0.00003     0.00095
     4.51056     0.00117     0.00020    -0.00002     0.00100
     4.51246     0.00125     0.00016    -0.00002     0.00111
     4.51437     0.00138     0.00013    -0.00001     0.00127
     4.51627     0.00159     0.00010    -0.00001     0.00150
     4.51818     0.00188     0.00008    -0.00001     0.00181
     4.52008     0.00227     0.00007    -0.00001     0.00221
     4.52199     0.00276     0.00005    -0.00001     0.00271
     4.52389     0.00338     0.00004    -0.00000     0.00334
     4.52580     0.00415     0.00003    -0.00000     0.00412
     4.52770     0.00509     0.00003    -0.00000     0.00507
     4.52961     0.00623     0.00002    -0.00000     0.00621
     4.53151     0.00761     0.00002    -0.00000     0.00760
     4.53342     0.00926     0.00001    -0.00000     0.00925
     4.53532     0.01122     0.00001    -0.00000     0.01121
     4.53723     0.01353     0.00001    -0.00000     0.01352
     4.53913     0.01624     0.00001    -0.00000     0.01624
     4.54104     0.01941     0.00000    -0.00000     0.01941
     4.54294     0.02309     0.00000    -0.00000     0.02309
     4.54485     0.02733     0.00000    -0.00000     0.02733
     4.54675     0.03220     0.00000    -0.00000     0.03220
     4.54866     0.03774     0.00000    -0.00000     0.03774
     4.55056     0.04403     0.00000    -0.00000     0.04403
     4.55246     0.05111     0.00000    -0.00000     0.05111
     4.55437     0.05904     0.00000    -0.00000     0.05904
     4.55627     0.06787     0.00000    -0.00000     0.06787
     4.55818     0.07763     0.00000    -0.00000     0.07763
     4.56008     0.08837     0.00000    -0.00000     0.08837
     4.56199     0.10010     0.00000    -0.00000     0.10010
     4.56389     0.11284     0.00000    -0.00000     0.11284
     4.56580     0.12657     0.00000    -0.00000     0.12657
     4.56770     0.14129     0.00000    -0.00000     0.14129
     4.56961     0.15694     0.00000    -0.00000     0.15694
     4.57151     0.17347     0.00000    -0.00000     0.17347
     4.57342     0.19081     0.00000    -0.00000     0.19081
     4.57532     0.20885     0.00000    -0.00000     0.20885
     4.57723     0.22749     0.00000    -0.00000     0.22749
     4.57913     0.24657     0.00000    -0.00000     0.24657
     4.58104     0.26595     0.00000    -0.00000     0.26595
     4.58294     0.28545     0.00000    -0.00000     0.28545
     4.58485     0.30489     0.00000    -0.00000     0.30489
     4.58675     0.32405     0.00000    -0.00000     0.32405
     4.58866     0.34273     0.00000    -0.00000     0.34273
     4.59056     0.36073     0.00000    -0.00000     0.36073
     4.59247     0.37780    -0.00000     0.00000     0.37780
     4.59437     0.39376    -0.00000     0.00000     0.39376
     4.59628     0.40838    -0.00000     0.00000     0.40838
     4.59818     0.42147    -0.00000     0.00000     0.42147
     4.60008     0.43286    -0.00000     0.00000     0.43286
     4.60199     0.44238    -0.00000     0.00000     0.44238
     4.60389     0.44991    -0.00000     0.00000     0.44991
     4.60580     0.45532    -0.00000     0.00000     0.45532
     4.60770     0.45855    -0.00000     0.00000     0.45855
     4.60961     0.45954    -0.00000     0.00000     0.45954
     4.61151     0.45828    -0.00000     0.00000     0.45828
     4.61342     0.45479    -0.00000     0.00000     0.45479
     4.61532     0.44913    -0.00000     0.00000     0.44913
     4.61723     0.44136    -0.00000     0.00000     0.44136
     4.61913     0.43161    -0.00000     0.00000     0.43161
     4.62104     0.42001    -0.00000     0.00000     0.42001
     4.62294     0.40673    -0.00000     0.00000     0.40673
     4.62485     0.39194    -0.00000     0.00000     0.39194
     4.62675     0.37584    -0.00000     0.00000     0.37584
     4.62866     0.35864    -0.00000     0.00000     0.35864
     4.63056     0.34056    -0.00000     0.00000     0.34056
     4.63247     0.32181    -0.00000     0.00000     0.32181
     4.63437     0.30260    -0.00000     0.00000     0.30260
     4.63628     0.28315    -0.00000     0.00000     0.28315
     4.63818     0.26365    -0.00000     0.00000     0.26365
     4.64009     0.24430    -0.00000     0.00000     0.24430
     4.64199     0.22526    -0.00000     0.00000     0.22526
     4.64390     0.20669    -0.00000     0.00000     0.20669
     4.64580     0.18872    -0.00000     0.00000     0.18872
     4.64770     0.17147    -0.00000     0.00000     0.17147
     4.64961     0.15504    -0.00000     0.00000     0.15504
     4.65151     0.13950    -0.00000     0.00000     0.13950
     4.65342     0.12490    -0.00000     0.00000     0.12490
     4.65532     0.11128    -0.00000     0.00000     0.11128
     4.65723     0.09867    -0.00000     0.00000     0.09867
     4.65913     0.08705    -0.00000     0.00000     0.08705
     4.66104     0.07643    -0.00000     0.00000     0.07643
     4.66294     0.06677    -0.00000     0.00000     0.06677
     4.66485     0.05805    -0.00000     0.00000     0.05805
     4.66675     0.05023    -0.00000     0.00000     0.05023
     4.66866     0.04324    -0.00000     0.00000     0.04324
     4.67056     0.03705    -0.00000     0.00000     0.03705
     4.67247     0.03158    -0.00000     0.00000     0.03158
     4.67437     0.02679    -0.00000     0.00000     0.02679
     4.67628     0.02262    -0.00000     0.00000     0.02262
     4.67818     0.01900    -0.00000     0.00000     0.01900
     4.68009     0.01589    -0.00000     0.00000     0.01589
     4.68199     0.01322    -0.00000     0.00000     0.01322
     4.68390     0.01094    -0.00000     0.00000     0.01094
     4.68580     0.00901    -0.00000     0.00000     0.00901
     4.68771     0.00739    -0.00000     0.00000     0.00739
     4.68961     0.00603    -0.00000     0.00000     0.00603
     4.69152     0.00489    -0.00000     0.00000     0.00489
     4.69342     0.00395    -0.00000     0.00000     0.00395
     4.69532     0.00318    -0.00000     0.00000     0.00318
     4.69723     0.00254    -0.00000     0.00000     0.00254
     4.69913     0.00202    -0.00000     0.00000     0.00202
     4.70104     0.00160    -0.00000     0.00000     0.00160
     4.70294     0.00126    -0.00000     0.00000     0.00126
     4.70485     0.00099    -0.00000     0.00000     0.00099
     4.70675     0.00077    -0.00000     0.00000     0.00077
     4.70866     0.00060    -0.00000     0.00000     0.00060
     4.71056     0.00046    -0.00000     0.00000     0.00046
     4.71247     0.00036    -0.00000     0.00000     0.00036
     4.71437     0.00027    -0.00000     0.00000     0.00027
     4.71628     0.00021    -0.00000     0.00000     0.00021
     4.71818     0.00016    -0.00000     0.00000     0.00016
     4.72009     0.00012    -0.00000     0.00000     0.00012
     4.72199     0.00009    -0.00000     0.00000     0.00009
     4.72390     0.00007    -0.00000     0.00000     0.00007
     4.72580     0.00005    -0.00000     0.00000     0.00005
     4.72771     0.00004    -0.00000     0.00000     0.00004
     4.72961     0.00003    -0.00000     0.00000     0.00003
     4.73152     0.00002    -0.00000     0.00000     0.00002
     4.73342     0.00001    -0.00000     0.00000     0.00001
     4.73533     0.00001    -0.00000     0.00000     0.00001
     4.73723     0.00001    -0.00000     0.00000     0.00001
     4.73913     0.00001    -0.00000     0.00000     0.00001
     4.74104     0.00000    -0.00000     0.00000     0.00000
     4.74294     0.00000    -0.00000     0.00000     0.00000
     4.74485     0.00000    -0.00000     0.00000     0.00000
     4.74675     0.00000    -0.00000     0.00000     0.00000
     4.74866     0.00000    -0.00000     0.00000     0.00000
     4.75056     0.00000    -0.00000     0.00000     0.00000
     4.75247     0.00000    -0.00000     0.00000     0.00000
     4.75437     0.00000    -0.00000     0.00000     0.00000
     4.75628     0.00000    -0.00000     0.00000     0.00000
     4.75818     0.00000    -0.00000     0.00000     0.00000
     4.76009     0.00000    -0.00000     0.00000     0.00000
     4.76199     0.00000    -0.00000     0.00000     0.00000
     4.76390     0.00000    -0.00000     0.00000     0.00000
     4.76580     0.00000    -0.00000     0.00000     0.00000
     4.76771     0.00000    -0.00000     0.00000     0.00000
     4.76961     0.00000    -0.00000     0.00000     0.00000
     4.77152     0.00000     0.00000     0.00000     0.00000
     4.77342     0.00000     0.00000     0.00000     0.00000
     4.77533     0.00000     0.00000     0.00000     0.00000
     4.77723     0.00000     0.00000     0.00000     0.00000
     4.77914     0.00000     0.00000     0.00000     0.00000
     4.78104     0.00000     0.00000     0.00000     0.00000
     4.78295     0.00000     0.00000     0.00000     0.00000
     4.78485     0.00000     0.00000     0.00000     0.00000
     4.78675     0.00000     0.00000     0.00000     0.00000
     4.78866     0.00000     0.00000     0.00000     0.00000
     4.79056     0.00000     0.00000     0.00000     0.00000
     4.79247     0.00000     0.00000     0.00000     0.00000
     4.79437     0.00000     0.00000     0.00000     0.00000
     4.79628     0.00000     0.00000     0.00000     0.00000
     4.79818     0.00000     0.00000     0.00000     0.00000
     4.80009     0.00000     0.00000     0.00000     0.00000
     4.80199     0.00000     0.00000     0.00000     0.00000
     4.80390     0.00000     0.00000     0.00000     0.00000
     4.80580     0.00000     0.00000     0.00000     0.00000
     4.80771     0.00000     0.00000     0.00000     0.00000
     4.80961     0.00000     0.00000     0.00000     0.00000
     4.81152     0.00000     0.00000     0.00000     0.00000
     4.81342     0.00000     0.00000     0.00000     0.00000
     4.81533     0.00000     0.00000     0.00000     0.00000
     4.81723     0.00000     0.00000     0.00000     0.00000
     4.81914     0.00000     0.00000     0.00000     0.00000
     4.82104     0.00000     0.00000     0.00000     0.00000
     4.82295     0.00000     0.00000     0.00000     0.00000
     4.82485     0.00000     0.00000     0.00000     0.00000
     4.82676     0.00000     0.00000     0.00000     0.00000
     4.82866     0.00000     0.00000     0.00000     0.00000
     4.83057     0.00000     0.00000     0.00000     0.00000
     4.83247     0.00000     0.00000     0.00000     0.00000
     4.83437     0.00000     0.00000     0.00000     0.00000
     4.83628     0.00000     0.00000     0.00000     0.00000
     4.83818     0.00000     0.00000     0.00000     0.00000
     4.84009     0.00000     0.00000     0.00000     0.00000
     4.84199     0.00000     0.00000     0.00000     0.00000
     4.84390     0.00000     0.00000     0.00000     0.00000
     4.84580     0.00000     0.00000     0.00000     0.00000
     4.84771     0.00000     0.00000    -0.00000     0.00000
     4.84961     0.00000     0.00000    -0.00000     0.00000
     4.85152     0.00000     0.00000    -0.00000     0.00000
     4.85342     0.00000     0.00000    -0.00000     0.00000
     4.85533     0.00000     0.00000    -0.00000     0.00000
     4.85723     0.00000     0.00000    -0.00000     0.00000
     4.85914     0.00000     0.00000    -0.00000     0.00000
     4.86104     0.00000     0.00000    -0.00000     0.00000
     4.86295     0.00000     0.00000    -0.00000     0.00000
     4.86485     0.00000     0.00000    -0.00000     0.00000
     4.86676     0.00000     0.00000    -0.00000     0.00000
     4.86866     0.00000     0.00000    -0.00000     0.00000
     4.87057     0.00000     0.00000    -0.00000     0.00000
     4.87247     0.00000     0.00000    -0.00000     0.00000
     4.87438     0.00000     0.00000    -0.00000     0.00000
     4.87628     0.00000     0.00000    -0.00000     0.00000
     4.87819     0.00000     0.00000    -0.00000     0.00000
     4.88009     0.00000     0.00000    -0.00000     0.00000
     4.88199     0.00000     0.00000    -0.00000     0.00000
     4.88390     0.00000     0.00000    -0.00000     0.00000
     4.88580     0.00000     0.00000    -0.00000     0.00000
     4.88771     0.00000     0.00000    -0.00000     0.00000
     4.88961     0.00000     0.00000    -0.00000     0.00000
     4.89152     0.00000     0.00000    -0.00000     0.00000
     4.89342     0.00000     0.00000    -0.00000     0.00000
     4.89533     0.00000     0.00000    -0.00000     0.00000
     4.89723     0.00000     0.00000    -0.00000     0.00000
     4.89914     0.00000     0.00000    -0.00000     0.00001
     4.90104     0.00001     0.00000    -0.00000     0.00001
     4.90295     0.00001     0.00000    -0.00000     0.00001
     4.90485     0.00001     0.00000    -0.00000     0.00001
     4.90676     0.00001     0.00000    -0.00000     0.00002
     4.90866     0.00002     0.00000    -0.00000     0.00002
     4.91057     0.00002     0.00000    -0.00001     0.00003
     4.91247     0.00003     0.00000    -0.00001     0.00004
     4.91438     0.00004     0.00000    -0.00001     0.00005
     4.91628     0.00005     0.00000    -0.00001     0.00006
     4.91819     0.00006     0.00000    -0.00002     0.00008
     4.92009     0.00008     0.00000    -0.00002     0.00010
     4.92200     0.00010     0.00000    -0.00002     0.00013
     4.92390     0.00013     0.00000    -0.00003     0.00016
     4.92581     0.00016     0.00000    -0.00004     0.00020
     4.92771     0.00020     0.00000    -0.00005     0.00025
     4.92961     0.00025     0.00000    -0.00006     0.00031
     4.93152     0.00030     0.00000    -0.00007     0.00038
     4.93342     0.00037     0.00000    -0.00009     0.00046
     4.93533     0.00045     0.00000    -0.00011     0.00056
     4.93723     0.00055     0.00000    -0.00014     0.00068
     4.93914     0.00066     0.00000    -0.00016     0.00082
     4.94104     0.00079     0.00000    -0.00020     0.00099
     4.94295     0.00094     0.00000    -0.00024     0.00118
     4.94485     0.00112     0.00000    -0.00028     0.00141
     4.94676     0.00133     0.00000    -0.00034     0.00167
     4.94866     0.00157     0.00000    -0.00040     0.00196
     4.95057     0.00184     0.00000    -0.00047     0.00231
     4.95247     0.00215     0.00000    -0.00055     0.00270
     4.95438     0.00249     0.00000    -0.00064     0.00314
     4.95628     0.00289     0.00000    -0.00075     0.00363
     4.95819     0.00332     0.00000    -0.00086     0.00419
     4.96009     0.00381     0.00000    -0.00099     0.00481
     4.96200     0.00435     0.00000    -0.00114     0.00549
     4.96390     0.00494     0.00000    -0.00131     0.00625
     4.96581     0.00559     0.00000    -0.00149     0.00708
     4.96771     0.00630     0.00000    -0.00168     0.00798
     4.96962     0.00707     0.00000    -0.00190     0.00897
     4.97152     0.00789     0.00000    -0.00213     0.01003
     4.97343     0.00877     0.00000    -0.00239     0.01116
     4.97533     0.00971     0.00000    -0.00266     0.01238
     4.97723     0.01071     0.00000    -0.00296     0.01366
     4.97914     0.01175     0.00000    -0.00327     0.01502
     4.98104     0.01285     0.00000    -0.00360     0.01644
     4.98295     0.01398     0.00000    -0.00394     0.01793
     4.98485     0.01516     0.00000    -0.00431     0.01947
     4.98676     0.01637     0.00000    -0.00469     0.02106
     4.98866     0.01760     0.00000    -0.00508     0.02268
     4.99057     0.01885     0.00000    -0.00548     0.02433
     4.99247     0.02011     0.00000    -0.00589     0.02600
     4.99438     0.02137     0.00000    -0.00631     0.02767
     4.99628     0.02262     0.00000    -0.00672     0.02934
     4.99819     0.02384     0.00000    -0.00714     0.03099
     5.00009     0.02504     0.00000    -0.00756     0.03260
     5.00200     0.02620     0.00000    -0.00797     0.03416
     5.00390     0.02731     0.00000    -0.00836     0.03567
     5.00581     0.02835     0.00000    -0.00875     0.03710
     5.00771     0.02933     0.00000    -0.00911     0.03844
     5.00962     0.03023     0.00000    -0.00945     0.03968
     5.01152     0.03104     0.00000    -0.00977     0.04081
     5.01343     0.03176     0.00000    -0.01006     0.04182
     5.01533     0.03237     0.00000    -0.01032     0.04269
     5.01724     0.03288     0.00000    -0.01054     0.04342
     5.01914     0.03327     0.00000    -0.01072     0.04399
     5.02104     0.03355     0.00000    -0.01087     0.04441
     5.02295     0.03370     0.00000    -0.01097     0.04467
     5.02485     0.03374     0.00000    -0.01103     0.04476
     5.02676     0.03365     0.00000    -0.01104     0.04469
     5.02866     0.03343     0.00000    -0.01102     0.04445
     5.03057     0.03310     0.00000    -0.01094     0.04405
     5.03247     0.03266     0.00000    -0.01083     0.04348
     5.03438     0.03210     0.00000    -0.01067     0.04277
     5.03628     0.03143     0.00000    -0.01047     0.04190
     5.03819     0.03067     0.00000    -0.01023     0.04090
     5.04009     0.02981     0.00000    -0.00996     0.03976
     5.04200     0.02886     0.00000    -0.00965     0.03851
     5.04390     0.02784     0.00000    -0.00931     0.03716
     5.04581     0.02676     0.00000    -0.00895     0.03571
     5.04771     0.02561     0.00000    -0.00857     0.03418
     5.04962     0.02442     0.00000    -0.00816     0.03259
     5.05152     0.02320     0.00000    -0.00775     0.03095
     5.05343     0.02195     0.00000    -0.00732     0.02927
     5.05533     0.02069     0.00000    -0.00689     0.02757
     5.05724     0.01941     0.00000    -0.00645     0.02586
     5.05914     0.01815     0.00000    -0.00601     0.02416
     5.06105     0.01690     0.00000    -0.00558     0.02248
     5.06295     0.01567     0.00000    -0.00516     0.02083
     5.06486     0.01446     0.00000    -0.00475     0.01921
     5.06676     0.01330     0.00000    -0.00435     0.01765
     5.06866     0.01218     0.00000    -0.00397     0.01615
     5.07057     0.01110     0.00000    -0.00360     0.01471
     5.07247     0.01008     0.00000    -0.00326     0.01334
     5.07438     0.00911     0.00000    -0.00293     0.01204
     5.07628     0.00820     0.00000    -0.00263     0.01082
     5.07819     0.00735     0.00000    -0.00234     0.00969
     5.08009     0.00655     0.00000    -0.00208     0.00863
     5.08200     0.00582    -0.00000    -0.00184     0.00766
     5.08390     0.00515    -0.00000    -0.00162     0.00676
     5.08581     0.00453    -0.00000    -0.00141     0.00594
     5.08771     0.00397    -0.00000    -0.00123     0.00520
     5.08962     0.00346    -0.00000    -0.00107     0.00453
     5.09152     0.00301    -0.00000    -0.00092     0.00393
     5.09343     0.00260    -0.00000    -0.00079     0.00339
     5.09533     0.00224    -0.00000    -0.00068     0.00292
     5.09724     0.00192    -0.00000    -0.00058     0.00249
     5.09914     0.00163    -0.00000    -0.00049     0.00212
     5.10105     0.00139    -0.00000    -0.00041     0.00180
     5.10295     0.00117    -0.00000    -0.00035     0.00152
     5.10486     0.00099    -0.00000    -0.00029     0.00128
     5.10676     0.00083    -0.00000    -0.00024     0.00107
     5.10867     0.00069    -0.00000    -0.00020     0.00089
     5.11057     0.00058    -0.00000    -0.00016     0.00074
     5.11248     0.00048    -0.00000    -0.00013     0.00061
     5.11438     0.00040    -0.00000    -0.00011     0.00051
     5.11628     0.00034    -0.00000    -0.00009     0.00043
     5.11819     0.00029    -0.00000    -0.00007     0.00036
     5.12009     0.00025    -0.00000    -0.00006     0.00031
     5.12200     0.00022    -0.00000    -0.00005     0.00027
     5.12390     0.00021    -0.00000    -0.00004     0.00025
     5.12581     0.00021    -0.00000    -0.00003     0.00024
     5.12771     0.00023    -0.00000    -0.00002     0.00025
     5.12962     0.00026    -0.00000    -0.00002     0.00028
     5.13152     0.00031    -0.00001    -0.00002     0.00033
     5.13343     0.00039    -0.00001    -0.00001     0.00041
     5.13533     0.00049    -0.00001    -0.00001     0.00051
     5.13724     0.00063    -0.00001    -0.00001     0.00066
     5.13914     0.00082    -0.00002    -0.00001     0.00085
     5.14105     0.00107    -0.00002    -0.00001     0.00110
     5.14295     0.00139    -0.00003    -0.00001     0.00143
     5.14486     0.00180    -0.00004    -0.00002     0.00185
     5.14676     0.00233    -0.00005    -0.00002     0.00239
     5.14867     0.00299    -0.00006    -0.00002     0.00308
     5.15057     0.00384    -0.00008    -0.00003     0.00394
     5.15248     0.00490    -0.00010    -0.00004     0.00503
     5.15438     0.00622    -0.00012    -0.00005     0.00639
     5.15629     0.00786    -0.00015    -0.00006     0.00807
     5.15819     0.00989    -0.00019    -0.00007     0.01016
     5.16010     0.01239    -0.00024    -0.00009     0.01272
     5.16200     0.01544    -0.00030    -0.00011     0.01585
     5.16390     0.01916    -0.00037    -0.00014     0.01966
     5.16581     0.02365    -0.00045    -0.00017     0.02427
     5.16771     0.02907    -0.00055    -0.00020     0.02982
     5.16962     0.03555    -0.00067    -0.00025     0.03647
     5.17152     0.04328    -0.00081    -0.00030     0.04440
     5.17343     0.05245    -0.00098    -0.00036     0.05379
     5.17533     0.06325    -0.00117    -0.00043     0.06486
     5.17724     0.07593    -0.00140    -0.00051     0.07784
     5.17914     0.09072    -0.00166    -0.00061     0.09299
     5.18105     0.10788    -0.00196    -0.00072     0.11056
     5.18295     0.12769    -0.00230    -0.00085     0.13084
     5.18486     0.15043    -0.00269    -0.00099     0.15411
     5.18676     0.17639    -0.00313    -0.00115     0.18068
     5.18867     0.20588    -0.00362    -0.00133     0.21084
     5.19057     0.23917    -0.00417    -0.00154     0.24489
     5.19248     0.27656    -0.00479    -0.00176     0.28311
     5.19438     0.31831    -0.00546    -0.00201     0.32578
     5.19629     0.36467    -0.00620    -0.00228     0.37315
     5.19819     0.41584    -0.00700    -0.00258     0.42541
     5.20010     0.47199    -0.00787    -0.00290     0.48276
     5.20200     0.53325    -0.00880    -0.00324     0.54530
     5.20391     0.59969    -0.00980    -0.00361     0.61310
     5.20581     0.67129    -0.01086    -0.00400     0.68614
     5.20772     0.74797    -0.01197    -0.00441     0.76434
     5.20962     0.82958    -0.01313    -0.00483     0.84754
     5.21152     0.91586    -0.01433    -0.00528     0.93547
     5.21343     1.00646    -0.01557    -0.00573     1.02776
     5.21533     1.10096    -0.01683    -0.00620     1.12398
     5.21724     1.19880    -0.01810    -0.00666     1.22357
     5.21914     1.29936    -0.01938    -0.00713     1.32587
     5.22105     1.40190    -0.02064    -0.00760     1.43014
     5.22295     1.50561    -0.02188    -0.00805     1.53554
     5.22486     1.60960    -0.02308    -0.00850     1.64117
     5.22676     1.71291    -0.02422    -0.00892     1.74605
     5.22867     1.81453    -0.02530    -0.00931     1.84915
     5.23057     1.91341    -0.02630    -0.00968     1.94939
     5.23248     2.00848    -0.02720    -0.01001     2.04570
     5.23438     2.09866    -0.02800    -0.01031     2.13697
     5.23629     2.18291    -0.02867    -0.01056     2.22214
     5.23819     2.26019    -0.02923    -0.01076     2.30018
     5.24010     2.32956    -0.02964    -0.01091     2.37012
     5.24200     2.39014    -0.02992    -0.01101     2.43107
     5.24391     2.44114    -0.03005    -0.01106     2.48225
     5.24581     2.48190    -0.03003    -0.01106     2.52298
     5.24772     2.51186    -0.02987    -0.01100     2.55272
     5.24962     2.53063    -0.02956    -0.01088     2.57107
     5.25153     2.53795    -0.02911    -0.01072     2.57778
     5.25343     2.53373    -0.02853    -0.01050     2.57277
     5.25533     2.51802    -0.02783    -0.01024     2.55609
     5.25724     2.49104    -0.02700    -0.00994     2.52799
     5.25914     2.45315    -0.02608    -0.00960     2.48883
     5.26105     2.40485    -0.02506    -0.00923     2.43914
     5.26295     2.34679    -0.02397    -0.00882     2.37958
     5.26486     2.27972    -0.02281    -0.00840     2.31092
     5.26676     2.20449    -0.02160    -0.00795     2.23404
     5.26867     2.12204    -0.02036    -0.00749     2.14989
     5.27057     2.03338    -0.01909    -0.00703     2.05949
     5.27248     1.93955    -0.01781    -0.00656     1.96392
     5.27438     1.84162    -0.01654    -0.00609     1.86425
     5.27629     1.74066    -0.01529    -0.00563     1.76158
     5.27819     1.63774    -0.01406    -0.00518     1.65697
     5.28010     1.53386    -0.01286    -0.00474     1.55146
     5.28200     1.43002    -0.01171    -0.00431     1.44604
     5.28391     1.32711    -0.01061    -0.00391     1.34163
     5.28581     1.22598    -0.00957    -0.00352     1.23907
     5.28772     1.12737    -0.00859    -0.00316     1.13912
     5.28962     1.03194    -0.00767    -0.00282     1.04243
     5.29153     0.94026    -0.00681    -0.00251     0.94958
     5.29343     0.85279    -0.00602    -0.00222     0.86103
     5.29534     0.76991    -0.00530    -0.00195     0.77716
     5.29724     0.69189    -0.00464    -0.00171     0.69824
     5.29915     0.61892    -0.00404    -0.00149     0.62444
     5.30105     0.55109    -0.00350    -0.00129     0.55588
     5.30295     0.48844    -0.00301    -0.00111     0.49257
     5.30486     0.43091    -0.00258    -0.00096     0.43445
     5.30676     0.37841    -0.00220    -0.00082     0.38142
     5.30867     0.33077    -0.00185    -0.00069     0.33332
     5.31057     0.28780    -0.00155    -0.00059     0.28994
     5.31248     0.24925    -0.00128    -0.00049     0.25103
     5.31438     0.21488    -0.00105    -0.00041     0.21634
     5.31629     0.18440    -0.00083    -0.00035     0.18558
     5.31819     0.15753    -0.00064    -0.00029     0.15845
     5.32010     0.13397    -0.00046    -0.00024     0.13466
     5.32200     0.11343    -0.00029    -0.00019     0.11391
     5.32391     0.09563    -0.00012    -0.00016     0.09591
     5.32581     0.08029     0.00005    -0.00013     0.08038
     5.32772     0.06717     0.00023    -0.00010     0.06704
     5.32962     0.05600     0.00042    -0.00008     0.05566
     5.33153     0.04658     0.00065    -0.00007     0.04600
     5.33343     0.03868     0.00091    -0.00005     0.03783
     5.33534     0.03214     0.00122    -0.00004     0.03097
     5.33724     0.02678     0.00158    -0.00003     0.02523
     5.33915     0.02245     0.00201    -0.00003     0.02046
     5.34105     0.01903     0.00254    -0.00002     0.01652
     5.34296     0.01641     0.00316    -0.00002     0.01327
     5.34486     0.01451     0.00391    -0.00001     0.01061
     5.34677     0.01324     0.00481    -0.00001     0.00844
     5.34867     0.01255     0.00587    -0.00001     0.00669
     5.35057     0.01239     0.00713    -0.00001     0.00527
     5.35248     0.01274     0.00861    -0.00000     0.00413
     5.35438     0.01357     0.01034    -0.00000     0.00323
     5.35629     0.01487     0.01237    -0.00000     0.00251
     5.35819     0.01665     0.01471    -0.00000     0.00194
     5.36010     0.01890     0.01741    -0.00000     0.00149
     5.36200     0.02164     0.02050    -0.00000     0.00114
     5.36391     0.02489     0.02402    -0.00000     0.00087
     5.36581     0.02867     0.02801    -0.00000     0.00066
     5.36772     0.03300     0.03250    -0.00000     0.00050
     5.36962     0.03791     0.03753    -0.00000     0.00038
     5.37153     0.04341     0.04313    -0.00000     0.00028
     5.37343     0.04952     0.04931    -0.00000     0.00021
     5.37534     0.05626     0.05611    -0.00000     0.00016
     5.37724     0.06365     0.06353    -0.00000     0.00011
     5.37915     0.07167     0.07159    -0.00000     0.00008
     5.38105     0.08033     0.08027    -0.00000     0.00006
     5.38296     0.08960     0.08956    -0.00000     0.00004
     5.38486     0.09947     0.09944    -0.00000     0.00003
     5.38677     0.10989     0.10987     0.00000     0.00002
     5.38867     0.12081     0.12080     0.00000     0.00002
     5.39058     0.13218     0.13216     0.00000     0.00001
     5.39248     0.14390     0.14389     0.00000     0.00001
     5.39439     0.15591     0.15590     0.00000     0.00001
     5.39629     0.16809     0.16808     0.00000     0.00001
     5.39819     0.18034     0.18033     0.00000     0.00001
     5.40010     0.19253     0.19253     0.00000     0.00001
     5.40200     0.20455     0.20454     0.00000     0.00001
     5.40391     0.21625     0.21625     0.00000     0.00001
     5.40581     0.22751     0.22750     0.00000     0.00001
     5.40772     0.23819     0.23817     0.00000     0.00001
     5.40962     0.24814     0.24813     0.00000     0.00002
     5.41153     0.25725     0.25723     0.00000     0.00002
     5.41343     0.26540     0.26537     0.00000     0.00003
     5.41534     0.27247     0.27243     0.00000     0.00004
     5.41724     0.27836     0.27830     0.00000     0.00005
     5.41915     0.28299     0.28292     0.00000     0.00007
     5.42105     0.28630     0.28620     0.00000     0.00009
     5.42296     0.28824     0.28811     0.00000     0.00012
     5.42486     0.28878     0.28861     0.00001     0.00016
     5.42677     0.28792     0.28771     0.00001     0.00021
     5.42867     0.28569     0.28540     0.00001     0.00028
     5.43058     0.28210     0.28173     0.00001     0.00036
     5.43248     0.27723     0.27675     0.00001     0.00046
     5.43439     0.27114     0.27053     0.00002     0.00060
     5.43629     0.26395     0.26316     0.00002     0.00076
     5.43820     0.25574     0.25475     0.00002     0.00097
     5.44010     0.24666     0.24540     0.00003     0.00124
     5.44201     0.23683     0.23524     0.00004     0.00156
     5.44391     0.22641     0.22440     0.00004     0.00196
     5.44581     0.21553     0.21303     0.00005     0.00245
     5.44772     0.20437     0.20125     0.00006     0.00305
     5.44962     0.19306     0.18921     0.00008     0.00378
     5.45153     0.18177     0.17702     0.00009     0.00465
     5.45343     0.17065     0.16483     0.00011     0.00571
     5.45534     0.15984     0.15275     0.00013     0.00696
     5.45724     0.14948     0.14088     0.00015     0.00846
     5.45915     0.13971     0.12932     0.00017     0.01022
     5.46105     0.13065     0.11816     0.00020     0.01230
     5.46296     0.12241     0.10747     0.00023     0.01472
     5.46486     0.11510     0.09731     0.00026     0.01753
     5.46677     0.10880     0.08772     0.00029     0.02078
     5.46867     0.10360     0.07875     0.00033     0.02452
     5.47058     0.09957     0.07041     0.00037     0.02878
     5.47248     0.09676     0.06272     0.00041     0.03363
     5.47439     0.09523     0.05568     0.00046     0.03909
     5.47629     0.09501     0.04928     0.00051     0.04523
     5.47820     0.09613     0.04350     0.00055     0.05207
     5.48010     0.09859     0.03833     0.00060     0.05966
     5.48201     0.10241     0.03373     0.00065     0.06803
     5.48391     0.10757     0.02968     0.00070     0.07718
     5.48582     0.11404     0.02614     0.00075     0.08715
     5.48772     0.12180     0.02308     0.00079     0.09793
     5.48963     0.13079     0.02045     0.00084     0.10951
     5.49153     0.14094     0.01821     0.00088     0.12185
     5.49343     0.15218     0.01634     0.00091     0.13494
     5.49534     0.16442     0.01478     0.00094     0.14870
     5.49724     0.17754     0.01351     0.00096     0.16307
     5.49915     0.19141     0.01248     0.00098     0.17795
     5.50105     0.20591     0.01167     0.00098     0.19325
     5.50296     0.22088     0.01105     0.00098     0.20885
     5.50486     0.23616     0.01057     0.00097     0.22461
     5.50677     0.25157     0.01023     0.00095     0.24038
     5.50867     0.26692     0.00999     0.00092     0.25601
     5.51058     0.28204     0.00983     0.00088     0.27133
     5.51248     0.29673     0.00973     0.00083     0.28617
     5.51439     0.31080     0.00967     0.00078     0.30035
     5.51629     0.32405     0.00964     0.00071     0.31370
     5.51820     0.33631     0.00963     0.00064     0.32604
     5.52010     0.34740     0.00962     0.00056     0.33723
     5.52201     0.35717     0.00960     0.00047     0.34709
     5.52391     0.36546     0.00957     0.00038     0.35551
     5.52582     0.37217     0.00952     0.00028     0.36236
     5.52772     0.37718     0.00945     0.00019     0.36754
     5.52963     0.38041     0.00934     0.00009     0.37098
     5.53153     0.38183     0.00921    -0.00001     0.37263
     5.53344     0.38140     0.00904    -0.00010     0.37247
     5.53534     0.37913     0.00884    -0.00019     0.37049
     5.53724     0.37505     0.00861    -0.00028     0.36672
     5.53915     0.36921     0.00834    -0.00036     0.36123
     5.54105     0.36171     0.00806    -0.00043     0.35408
     5.54296     0.35263     0.00774    -0.00050     0.34538
     5.54486     0.34211     0.00741    -0.00055     0.33526
     5.54677     0.33030     0.00706    -0.00060     0.32384
     5.54867     0.31734     0.00669    -0.00064     0.31129
     5.55058     0.30341     0.00632    -0.00067     0.29777
     5.55248     0.28868     0.00593    -0.00069     0.28344
     5.55439     0.27333     0.00555    -0.00071     0.26849
     5.55629     0.25754     0.00516    -0.00071     0.25309
     5.55820     0.24148     0.00478    -0.00071     0.23741
     5.56010     0.22532     0.00441    -0.00070     0.22161
     5.56201     0.20922     0.00405    -0.00069     0.20586
     5.56391     0.19333     0.00370    -0.00066     0.19029
     5.56582     0.17777     0.00336    -0.00064     0.17504
     5.56772     0.16267     0.00304    -0.00061     0.16023
     5.56963     0.14812     0.00274    -0.00058     0.14596
     5.57153     0.13422     0.00246    -0.00054     0.13231
     5.57344     0.12104     0.00219    -0.00051     0.11935
     5.57534     0.10861     0.00195    -0.00047     0.10713
     5.57725     0.09699     0.00172    -0.00043     0.09570
     5.57915     0.08619     0.00151    -0.00040     0.08507
     5.58106     0.07622     0.00133    -0.00036     0.07525
     5.58296     0.06707     0.00116    -0.00032     0.06624
     5.58486     0.05874     0.00100    -0.00029     0.05802
     5.58677     0.05119     0.00087    -0.00026     0.05058
     5.58867     0.04439     0.00074    -0.00023     0.04387
     5.59058     0.03831     0.00064    -0.00020     0.03787
     5.59248     0.03290     0.00054    -0.00018     0.03253
     5.59439     0.02811     0.00046    -0.00015     0.02781
     5.59629     0.02391     0.00039    -0.00013     0.02365
     5.59820     0.02023     0.00032    -0.00012     0.02002
     5.60010     0.01704     0.00027    -0.00010     0.01687
     5.60201     0.01428     0.00023    -0.00008     0.01414
     5.60391     0.01191     0.00019    -0.00007     0.01180
     5.60582     0.00989     0.00015    -0.00006     0.00979
     5.60772     0.00817     0.00013    -0.00005     0.00809
     5.60963     0.00672     0.00010    -0.00004     0.00665
     5.61153     0.00550     0.00008    -0.00003     0.00545
     5.61344     0.00448     0.00007    -0.00003     0.00444
     5.61534     0.00364     0.00005    -0.00002     0.00361
     5.61725     0.00295     0.00004    -0.00002     0.00292
     5.61915     0.00238     0.00003    -0.00002     0.00237
     5.62106     0.00193     0.00003    -0.00001     0.00192
     5.62296     0.00157     0.00002    -0.00001     0.00156
     5.62487     0.00129     0.00002    -0.00001     0.00129
     5.62677     0.00109     0.00001    -0.00001     0.00109
     5.62868     0.00095     0.00001    -0.00001     0.00095
     5.63058     0.00087     0.00000    -0.00001     0.00087
     5.63248     0.00085     0.00000    -0.00001     0.00086
     5.63439     0.00089    -0.00000    -0.00001     0.00090
     5.63629     0.00100    -0.00000    -0.00001     0.00101
     5.63820     0.00117    -0.00001    -0.00001     0.00119
     5.64010     0.00144    -0.00001    -0.00001     0.00146
     5.64201     0.00180    -0.00002    -0.00001     0.00183
     5.64391     0.00228    -0.00002    -0.00002     0.00233
     5.64582     0.00292    -0.00003    -0.00002     0.00297
     5.64772     0.00373    -0.00004    -0.00003     0.00380
     5.64963     0.00477    -0.00005    -0.00004     0.00486
     5.65153     0.00608    -0.00006    -0.00005     0.00619
     5.65344     0.00772    -0.00008    -0.00006     0.00786
     5.65534     0.00976    -0.00010    -0.00008     0.00995
     5.65725     0.01229    -0.00013    -0.00010     0.01252
     5.65915     0.01540    -0.00016    -0.00013     0.01569
     5.66106     0.01921    -0.00020    -0.00016     0.01957
     5.66296     0.02385    -0.00025    -0.00019     0.02430
     5.66487     0.02946    -0.00031    -0.00024     0.03001
     5.66677     0.03621    -0.00039    -0.00029     0.03689
     5.66868     0.04430    -0.00047    -0.00036     0.04513
     5.67058     0.05392    -0.00058    -0.00044     0.05494
     5.67249     0.06532    -0.00070    -0.00053     0.06655
     5.67439     0.07874    -0.00084    -0.00064     0.08022
     5.67630     0.09446    -0.00101    -0.00077     0.09623
     5.67820     0.11275    -0.00120    -0.00092     0.11488
     5.68010     0.13394    -0.00143    -0.00109     0.13646
     5.68201     0.15832    -0.00169    -0.00129     0.16130
     5.68391     0.18623    -0.00199    -0.00152     0.18974
     5.68582     0.21799    -0.00233    -0.00177     0.22209
     5.68772     0.25392    -0.00271    -0.00207     0.25870
     5.68963     0.29433    -0.00314    -0.00240     0.29986
     5.69153     0.33949    -0.00362    -0.00276     0.34588
     5.69344     0.38968    -0.00416    -0.00317     0.39701
     5.69534     0.44509    -0.00475    -0.00362     0.45346
     5.69725     0.50590    -0.00540    -0.00412     0.51542
     5.69915     0.57221    -0.00611    -0.00466     0.58297
     5.70106     0.64405    -0.00687    -0.00524     0.65616
     5.70296     0.72136    -0.00770    -0.00587     0.73493
     5.70487     0.80400    -0.00858    -0.00654     0.81912
     5.70677     0.89173    -0.00952    -0.00726     0.90850
     5.70868     0.98420    -0.01050    -0.00801     1.00271
     5.71058     1.08094    -0.01153    -0.00880     1.10127
     5.71249     1.18139    -0.01261    -0.00962     1.20362
     5.71439     1.28487    -0.01371    -0.01046     1.30904
     5.71630     1.39058    -0.01484    -0.01132     1.41674
     5.71820     1.49763    -0.01598    -0.01219     1.52580
     5.72011     1.60504    -0.01713    -0.01306     1.63523
     5.72201     1.71174    -0.01827    -0.01393     1.74394
     5.72392     1.81661    -0.01938    -0.01479     1.85078
     5.72582     1.91849    -0.02047    -0.01562     1.95457
     5.72772     2.01617    -0.02151    -0.01641     2.05410
     5.72963     2.10847    -0.02250    -0.01716     2.14813
     5.73153     2.19422    -0.02341    -0.01786     2.23549
     5.73344     2.27229    -0.02425    -0.01849     2.31504
     5.73534     2.34164    -0.02499    -0.01906     2.38569
     5.73725     2.40132    -0.02562    -0.01955     2.44648
     5.73915     2.45047    -0.02615    -0.01995     2.49656
     5.74106     2.48841    -0.02655    -0.02025     2.53522
     5.74296     2.51458    -0.02683    -0.02047     2.56188
     5.74487     2.52861    -0.02698    -0.02058     2.57618
     5.74677     2.53029    -0.02700    -0.02059     2.57789
     5.74868     2.51960    -0.02689    -0.02051     2.56699
     5.75058     2.49669    -0.02664    -0.02032     2.54365
     5.75249     2.46189    -0.02627    -0.02004     2.50820
     5.75439     2.41572    -0.02578    -0.01966     2.46116
     5.75630     2.35883    -0.02517    -0.01920     2.40320
     5.75820     2.29203    -0.02446    -0.01866     2.33515
     5.76011     2.21625    -0.02365    -0.01804     2.25793
     5.76201     2.13250    -0.02275    -0.01736     2.17261
     5.76392     2.04190    -0.02179    -0.01662     2.08031
     5.76582     1.94562    -0.02076    -0.01584     1.98222
     5.76773     1.84484    -0.01968    -0.01502     1.87954
     5.76963     1.74077    -0.01857    -0.01417     1.77351
     5.77153     1.63459    -0.01744    -0.01330     1.66533
     5.77344     1.52745    -0.01629    -0.01243     1.55618
     5.77534     1.42045    -0.01515    -0.01156     1.44715
     5.77725     1.31459    -0.01401    -0.01070     1.33931
     5.77915     1.21083    -0.01290    -0.00985     1.23359
     5.78106     1.11001    -0.01182    -0.00903     1.13086
     5.78296     1.01286    -0.01078    -0.00824     1.03188
     5.78487     0.92003    -0.00978    -0.00748     0.93729
     5.78677     0.83204    -0.00883    -0.00676     0.84763
     5.78868     0.74934    -0.00793    -0.00609     0.76335
     5.79058     0.67224    -0.00709    -0.00545     0.68478
     5.79249     0.60100    -0.00631    -0.00487     0.61218
     5.79439     0.53577    -0.00558    -0.00433     0.54569
     5.79630     0.47666    -0.00492    -0.00385     0.48543
     5.79820     0.42369    -0.00431    -0.00341     0.43141
     5.80011     0.37685    -0.00376    -0.00302     0.38363
     5.80201     0.33609    -0.00327    -0.00267     0.34203
     5.80392     0.30135    -0.00282    -0.00237     0.30654
     5.80582     0.27253    -0.00243    -0.00212     0.27707
     5.80773     0.24955    -0.00207    -0.00191     0.25354
     5.80963     0.23235    -0.00177    -0.00175     0.23586
     5.81154     0.22085    -0.00150    -0.00162     0.22397
     5.81344     0.21501    -0.00126    -0.00154     0.21782
     5.81535     0.21483    -0.00106    -0.00150     0.21739
     5.81725     0.22031    -0.00088    -0.00150     0.22269
     5.81915     0.23149    -0.00073    -0.00153     0.23376
     5.82106     0.24845    -0.00061    -0.00161     0.25066
     5.82296     0.27125    -0.00050    -0.00173     0.27348
     5.82487     0.30002    -0.00041    -0.00188     0.30231
     5.82677     0.33487    -0.00033    -0.00207     0.33727
     5.82868     0.37590    -0.00027    -0.00231     0.37848
     5.83058     0.42323    -0.00022    -0.00258     0.42602
     5.83249     0.47693    -0.00017    -0.00289     0.48000
     5.83439     0.53706    -0.00014    -0.00325     0.54045
     5.83630     0.60362    -0.00011    -0.00364     0.60737
     5.83820     0.67656    -0.00009    -0.00407     0.68072
     5.84011     0.75575    -0.00007    -0.00454     0.76036
     5.84201     0.84098    -0.00005    -0.00505     0.84608
     5.84392     0.93196    -0.00004    -0.00559     0.93759
     5.84582     1.02827    -0.00003    -0.00617     1.03447
     5.84773     1.12942    -0.00003    -0.00677     1.13621
     5.84963     1.23477    -0.00002    -0.00740     1.24219
     5.85154     1.34361    -0.00001    -0.00805     1.35168
     5.85344     1.45508    -0.00001    -0.00872     1.46381
     5.85535     1.56824    -0.00001    -0.00940     1.57765
     5.85725     1.68205    -0.00001    -0.01008     1.69213
     5.85916     1.79538    -0.00000    -0.01076     1.80614
     5.86106     1.90704    -0.00000    -0.01143     1.91847
     5.86297     2.01578    -0.00000    -0.01208     2.02786
     5.86487     2.12035    -0.00000    -0.01270     2.13306
     5.86677     2.21946    -0.00000    -0.01330     2.23276
     5.86868     2.31187    -0.00000    -0.01385     2.32572
     5.87058     2.39637    -0.00000    -0.01436     2.41072
     5.87249     2.47182    -0.00000    -0.01481     2.48663
     5.87439     2.53719    -0.00000    -0.01520     2.55239
     5.87630     2.59157    -0.00000    -0.01553     2.60709
     5.87820     2.63418    -0.00000    -0.01578     2.64996
     5.88011     2.66440    -0.00000    -0.01596     2.68036
     5.88201     2.68179    -0.00000    -0.01607     2.69786
     5.88392     2.68611    -0.00000    -0.01609     2.70220
     5.88582     2.67729    -0.00000    -0.01604     2.69333
     5.88773     2.65545    -0.00000    -0.01591     2.67135
     5.88963     2.62091    -0.00000    -0.01570     2.63661
     5.89154     2.57418    -0.00000    -0.01542     2.58960
     5.89344     2.51593    -0.00000    -0.01507     2.53100
     5.89535     2.44697    -0.00000    -0.01466     2.46163
     5.89725     2.36827    -0.00000    -0.01419     2.38246
     5.89916     2.28090    -0.00000    -0.01366     2.29456
     5.90106     2.18601    -0.00000    -0.01310     2.19911
     5.90297     2.08483    -0.00000    -0.01249     2.09732
     5.90487     1.97862    -0.00000    -0.01185     1.99047
     5.90678     1.86864    -0.00000    -0.01119     1.87983
     5.90868     1.75614     0.00000    -0.01052     1.76666
     5.91059     1.64235     0.00000    -0.00984     1.65219
     5.91249     1.52843     0.00000    -0.00916     1.53758
     5.91439     1.41545     0.00000    -0.00848     1.42393
     5.91630     1.30442     0.00000    -0.00781     1.31223
     5.91820     1.19622     0.00000    -0.00717     1.20339
     5.92011     1.09164     0.00000    -0.00654     1.09818
     5.92201     0.99132     0.00000    -0.00594     0.99726
     5.92392     0.89583     0.00000    -0.00537     0.90120
     5.92582     0.80558     0.00000    -0.00483     0.81041
     5.92773     0.72088     0.00000    -0.00432     0.72520
     5.92963     0.64193     0.00000    -0.00385     0.64578
     5.93154     0.56884     0.00000    -0.00341     0.57224
     5.93344     0.50160     0.00000    -0.00300     0.50460
     5.93535     0.44015     0.00000    -0.00264     0.44278
     5.93725     0.38434     0.00000    -0.00230     0.38664
     5.93916     0.33396     0.00000    -0.00200     0.33596
     5.94106     0.28877     0.00000    -0.00173     0.29050
     5.94297     0.24848     0.00000    -0.00149     0.24997
     5.94487     0.21276     0.00000    -0.00127     0.21403
     5.94678     0.18128     0.00000    -0.00109     0.18237
     5.94868     0.15371     0.00000    -0.00092     0.15463
     5.95059     0.12970     0.00000    -0.00078     0.13047
     5.95249     0.10890     0.00000    -0.00065     0.10955
     5.95440     0.09099     0.00000    -0.00055     0.09153
     5.95630     0.07565     0.00000    -0.00045     0.07610
     5.95821     0.06259     0.00000    -0.00038     0.06297
     5.96011     0.05154     0.00000    -0.00031     0.05184
     5.96201     0.04222     0.00000    -0.00025     0.04248
     5.96392     0.03443     0.00000    -0.00021     0.03463
     5.96582     0.02793     0.00000    -0.00017     0.02810
     5.96773     0.02255     0.00000    -0.00014     0.02269
     5.96963     0.01812     0.00000    -0.00011     0.01823
     5.97154     0.01449     0.00000    -0.00009     0.01458
     5.97344     0.01153     0.00000    -0.00008     0.01161
     5.97535     0.00914     0.00000    -0.00006     0.00920
     5.97725     0.00721     0.00001    -0.00005     0.00725
     5.97916     0.00566     0.00001    -0.00005     0.00570
     5.98106     0.00443     0.00001    -0.00004     0.00446
     5.98297     0.00346     0.00001    -0.00004     0.00349
     5.98487     0.00269     0.00002    -0.00005     0.00272
     5.98678     0.00210     0.00002    -0.00005     0.00213
     5.98868     0.00164     0.00003    -0.00006     0.00168
     5.99059     0.00130     0.00003    -0.00007     0.00134
     5.99249     0.00105     0.00004    -0.00009     0.00109
     5.99440     0.00087     0.00005    -0.00011     0.00093
     5.99630     0.00075     0.00007    -0.00014     0.00082
     5.99821     0.00069     0.00009    -0.00017     0.00077
     6.00011     0.00067     0.00011    -0.00021     0.00077
     6.00202     0.00069     0.00013    -0.00027     0.00082
     6.00392     0.00075     0.00017    -0.00033     0.00091
     6.00583     0.00084     0.00020    -0.00040     0.00104
     6.00773     0.00098     0.00025    -0.00049     0.00122
     6.00963     0.00115     0.00030    -0.00060     0.00145
     6.01154     0.00137     0.00037    -0.00073     0.00173
     6.01344     0.00163     0.00045    -0.00088     0.00207
     6.01535     0.00195     0.00054    -0.00106     0.00247
     6.01725     0.00232     0.00064    -0.00127     0.00295
     6.01916     0.00275     0.00076    -0.00151     0.00350
     6.02106     0.00326     0.00090    -0.00179     0.00414
     6.02297     0.00383     0.00106    -0.00211     0.00488
     6.02487     0.00449     0.00125    -0.00247     0.00572
     6.02678     0.00524     0.00146    -0.00288     0.00667
     6.02868     0.00609     0.00169    -0.00335     0.00774
     6.03059     0.00703     0.00195    -0.00387     0.00895
     6.03249     0.00809     0.00225    -0.00445     0.01029
     6.03440     0.00925     0.00257    -0.00509     0.01177
     6.03630     0.01054     0.00293    -0.00580     0.01341
     6.03821     0.01194     0.00332    -0.00657     0.01519
     6.04011     0.01346     0.00374    -0.00741     0.01713
     6.04202     0.01511     0.00420    -0.00832     0.01923
     6.04392     0.01687     0.00469    -0.00929     0.02147
     6.04583     0.01874     0.00521    -0.01032     0.02385
     6.04773     0.02073     0.00576    -0.01141     0.02638
     6.04964     0.02281     0.00634    -0.01256     0.02902
     6.05154     0.02497     0.00694    -0.01375     0.03178
     6.05344     0.02721     0.00756    -0.01498     0.03463
     6.05535     0.02950     0.00820    -0.01624     0.03755
     6.05725     0.03183     0.00885    -0.01753     0.04051
     6.05916     0.03418     0.00950    -0.01882     0.04350
     6.06106     0.03652     0.01015    -0.02011     0.04648
     6.06297     0.03883     0.01079    -0.02138     0.04942
     6.06487     0.04108     0.01142    -0.02262     0.05229
     6.06678     0.04326     0.01202    -0.02382     0.05505
     6.06868     0.04532     0.01259    -0.02495     0.05768
     6.07059     0.04725     0.01313    -0.02602     0.06014
     6.07249     0.04902     0.01362    -0.02699     0.06239
     6.07440     0.05061     0.01406    -0.02787     0.06442
     6.07630     0.05200     0.01445    -0.02863     0.06618
     6.07821     0.05316     0.01477    -0.02927     0.06766
     6.08011     0.05409     0.01503    -0.02978     0.06884
     6.08202     0.05476     0.01522    -0.03015     0.06969
     6.08392     0.05517     0.01533    -0.03037     0.07021
     6.08583     0.05531     0.01537    -0.03045     0.07039
     6.08773     0.05518     0.01533    -0.03038     0.07023
     6.08964     0.05478     0.01522    -0.03016     0.06972
     6.09154     0.05413     0.01504    -0.02979     0.06888
     6.09345     0.05322     0.01478    -0.02929     0.06772
     6.09535     0.05207     0.01446    -0.02865     0.06626
     6.09726     0.05070     0.01408    -0.02789     0.06451
     6.09916     0.04913     0.01364    -0.02702     0.06251
     6.10106     0.04738     0.01315    -0.02605     0.06028
     6.10297     0.04548     0.01261    -0.02499     0.05786
     6.10487     0.04346     0.01204    -0.02386     0.05528
     6.10678     0.04134     0.01144    -0.02266     0.05257
     6.10868     0.03916     0.01081    -0.02142     0.04977
     6.11059     0.03694     0.01017    -0.02015     0.04692
     6.11249     0.03472     0.00952    -0.01887     0.04407
     6.11440     0.03253     0.00887    -0.01758     0.04124
     6.11630     0.03041     0.00822    -0.01630     0.03849
     6.11821     0.02838     0.00758    -0.01504     0.03584
     6.12011     0.02650     0.00696    -0.01381     0.03335
     6.12202     0.02479     0.00636    -0.01263     0.03106
     6.12392     0.02330     0.00578    -0.01149     0.02901
     6.12583     0.02207     0.00523    -0.01041     0.02726
     6.12773     0.02115     0.00470    -0.00940     0.02585
     6.12964     0.02061     0.00421    -0.00845     0.02485
     6.13154     0.02051     0.00375    -0.00757     0.02432
     6.13345     0.02091     0.00333    -0.00676     0.02434
     6.13535     0.02192     0.00294    -0.00603     0.02501
     6.13726     0.02363     0.00258    -0.00538     0.02643
     6.13916     0.02616     0.00226    -0.00480     0.02870
     6.14107     0.02965     0.00196    -0.00430     0.03198
     6.14297     0.03425     0.00170    -0.00388     0.03642
     6.14488     0.04014     0.00146    -0.00353     0.04221
     6.14678     0.04753     0.00125    -0.00326     0.04954
     6.14868     0.05666     0.00107    -0.00308     0.05867
     6.15059     0.06778     0.00091    -0.00297     0.06984
     6.15249     0.08117     0.00077    -0.00294     0.08335
     6.15440     0.09717     0.00065    -0.00300     0.09953
     6.15630     0.11612     0.00054    -0.00314     0.11872
     6.15821     0.13838     0.00045    -0.00337     0.14130
     6.16011     0.16436     0.00037    -0.00370     0.16768
     6.16202     0.19447     0.00031    -0.00412     0.19828
     6.16392     0.22915     0.00026    -0.00465     0.23354
     6.16583     0.26884     0.00021    -0.00528     0.27391
     6.16773     0.31397     0.00018    -0.00603     0.31982
     6.16964     0.36498     0.00015    -0.00690     0.37173
     6.17154     0.42228     0.00013    -0.00790     0.43005
     6.17345     0.48625     0.00011    -0.00903     0.49516
     6.17535     0.55722     0.00010    -0.01029     0.56741
     6.17726     0.63547     0.00009    -0.01170     0.64708
     6.17916     0.72121     0.00009    -0.01325     0.73437
     6.18107     0.81454     0.00010    -0.01495     0.82939
     6.18297     0.91547     0.00011    -0.01679     0.93216
     6.18488     1.02391     0.00012    -0.01879     1.04257
     6.18678     1.13961     0.00015    -0.02092     1.16038
     6.18869     1.26221     0.00018    -0.02319     1.28523
     6.19059     1.39119     0.00021    -0.02560     1.41657
     6.19250     1.52588     0.00026    -0.02812     1.55374
     6.19440     1.66546     0.00032    -0.03075     1.69589
     6.19630     1.80896     0.00039    -0.03347     1.84203
     6.19821     1.95526     0.00048    -0.03627     1.99105
     6.20011     2.10311     0.00058    -0.03912     2.14165
     6.20202     2.25115     0.00071    -0.04201     2.29245
     6.20392     2.39791     0.00085    -0.04491     2.44197
     6.20583     2.54184     0.00103    -0.04780     2.58861
     6.20773     2.68134     0.00123    -0.05066     2.73078
     6.20964     2.81480     0.00146    -0.05347     2.86681
     6.21154     2.94062     0.00173    -0.05619     2.99508
     6.21345     3.05722     0.00203    -0.05881     3.11400
     6.21535     3.16314     0.00238    -0.06131     3.22206
     6.21726     3.25698     0.00278    -0.06366     3.31785
     6.21916     3.33752     0.00323    -0.06585     3.40014
     6.22107     3.40369     0.00373    -0.06787     3.46783
     6.22297     3.45462     0.00430    -0.06971     3.52004
     6.22488     3.48967     0.00492    -0.07136     3.55611
     6.22678     3.50841     0.00560    -0.07280     3.57562
     6.22869     3.51068     0.00635    -0.07405     3.57839
     6.23059     3.49656     0.00716    -0.07511     3.56450
     6.23250     3.46635     0.00805    -0.07597     3.53427
     6.23440     3.42064     0.00899    -0.07664     3.48830
     6.23631     3.36023     0.01001    -0.07714     3.42736
     6.23821     3.28611     0.01108    -0.07748     3.35250
     6.24012     3.19948     0.01222    -0.07766     3.26493
     6.24202     3.10172     0.01342    -0.07770     3.16600
     6.24392     2.99429     0.01466    -0.07761     3.05724
     6.24583     2.87881     0.01597    -0.07741     2.94025
     6.24773     2.75693     0.01731    -0.07710     2.81672
     6.24964     2.63036     0.01870    -0.07668     2.68834
     6.25154     2.50079     0.02013    -0.07618     2.55684
     6.25345     2.36991     0.02161    -0.07559     2.42389
     6.25535     2.23934     0.02312    -0.07491     2.29113
     6.25726     2.11063     0.02468    -0.07414     2.16009
     6.25916     1.98523     0.02629    -0.07328     2.03221
     6.26107     1.86446     0.02796    -0.07231     1.90880
     6.26297     1.74952     0.02972    -0.07123     1.79103
     6.26488     1.64148     0.03159    -0.07002     1.67991
     6.26678     1.54124     0.03360    -0.06866     1.57630
     6.26869     1.44955     0.03578    -0.06714     1.48091
     6.27059     1.36704     0.03819    -0.06543     1.39428
     6.27250     1.29416     0.04090    -0.06352     1.31678
     6.27440     1.23123     0.04396    -0.06136     1.24863
     6.27631     1.17845     0.04747    -0.05895     1.18993
     6.27821     1.13587     0.05153    -0.05625     1.14059
     6.28012     1.10345     0.05623    -0.05323     1.10045
     6.28202     1.08103     0.06172    -0.04986     1.06918
     6.28393     1.06837     0.06813    -0.04612     1.04637
     6.28583     1.06514     0.07560    -0.04197     1.03151
     6.28773     1.07093     0.08430    -0.03738     1.02401
     6.28964     1.08529     0.09440    -0.03231     1.02320
     6.29154     1.10768     0.10608    -0.02675     1.02835
     6.29345     1.13755     0.11953    -0.02065     1.03867
     6.29535     1.17431     0.13494    -0.01399     1.05336
     6.29726     1.21732     0.15250    -0.00674     1.07157
     6.29916     1.26594     0.17238     0.00113     1.09243
     6.30107     1.31949     0.19476     0.00964     1.11510
     6.30297     1.37731     0.21980     0.01881     1.13870
     6.30488     1.43872     0.24763     0.02867     1.16242
     6.30678     1.50302     0.27837     0.03921     1.18544
     6.30869     1.56954     0.31210     0.05044     1.20700
     6.31059     1.63760     0.34884     0.06236     1.22640
     6.31250     1.70655     0.38860     0.07495     1.24299
     6.31440     1.77573     0.43133     0.08819     1.25621
     6.31631     1.84450     0.47691     0.10204     1.26555
     6.31821     1.91225     0.52518     0.11645     1.27062
     6.32012     1.97838     0.57592     0.13136     1.27110
     6.32202     2.04232     0.62883     0.14669     1.26679
     6.32393     2.10350     0.68357     0.16236     1.25757
     6.32583     2.16141     0.73973     0.17826     1.24342
     6.32774     2.21553     0.79683     0.19427     1.22443
     6.32964     2.26542     0.85437     0.21026     1.20079
     6.33155     2.31062     0.91177     0.22610     1.17275
     6.33345     2.35075     0.96843     0.24163     1.14068
     6.33535     2.38544     1.02373     0.25671     1.10501
     6.33726     2.41438     1.07700     0.27117     1.06621
     6.33916     2.43731     1.12761     0.28485     1.02485
     6.34107     2.45401     1.17490     0.29760     0.98152
     6.34297     2.46435     1.21825     0.30927     0.93683
     6.34488     2.46822     1.25707     0.31971     0.89145
     6.34678     2.46563     1.29082     0.32879     0.84601
     6.34869     2.45662     1.31902     0.33640     0.80120
     6.35059     2.44134     1.34126     0.34245     0.75763
     6.35250     2.41999     1.35720     0.34684     0.71595
     6.35440     2.39287     1.36659     0.34953     0.67675
     6.35631     2.36037     1.36930     0.35048     0.64059
     6.35821     2.32294     1.36527     0.34969     0.60798
     6.36012     2.28111     1.35455     0.34717     0.57940
     6.36202     2.23547     1.33727     0.34297     0.55524
     6.36393     2.18669     1.31368     0.33714     0.53587
     6.36583     2.13546     1.28410     0.32979     0.52158
     6.36774     2.08253     1.24894     0.32101     0.51259
     6.36964     2.02866     1.20867     0.31093     0.50907
     6.37155     1.97461     1.16383     0.29968     0.51110
     6.37345     1.92115     1.11501     0.28743     0.51871
     6.37536     1.86899     1.06282     0.27433     0.53184
     6.37726     1.81882     1.00790     0.26055     0.55037
     6.37917     1.77126     0.95091     0.24624     0.57411
     6.38107     1.72687     0.89248     0.23159     0.60280
     6.38297     1.68609     0.83325     0.21674     0.63610
     6.38488     1.64927     0.77382     0.20185     0.67360
     6.38678     1.61667     0.71475     0.18707     0.71485
     6.38869     1.58840     0.65657     0.17252     0.75931
     6.39059     1.56448     0.59975     0.15833     0.80639
     6.39250     1.54479     0.54471     0.14460     0.85548
     6.39440     1.52910     0.49181     0.13141     0.90588
     6.39631     1.51708     0.44134     0.11885     0.95690
     6.39821     1.50830     0.39355     0.10696     1.00779
     6.40012     1.50222     0.34861     0.09579     1.05782
     6.40202     1.49826     0.30665     0.08537     1.10624
     6.40393     1.49577     0.26775     0.07572     1.15230
     6.40583     1.49406     0.23193     0.06683     1.19530
     6.40774     1.49243     0.19917     0.05870     1.23457
     6.40964     1.49018     0.16941     0.05131     1.26946
     6.41155     1.48663     0.14257     0.04463     1.29943
     6.41345     1.48114     0.11853     0.03864     1.32397
     6.41536     1.47312     0.09716     0.03329     1.34267
     6.41726     1.46205     0.07830     0.02854     1.35521
     6.41917     1.44751     0.06179     0.02435     1.36136
     6.42107     1.42913     0.04745     0.02068     1.36100
     6.42298     1.40669     0.03512     0.01748     1.35409
     6.42488     1.38004     0.02460     0.01471     1.34073
     6.42679     1.34912     0.01574     0.01232     1.32107
     6.42869     1.31401     0.00836     0.01027     1.29539
     6.43059     1.27485     0.00230     0.00852     1.26403
     6.43250     1.23188    -0.00260     0.00703     1.22744
     6.43440     1.18542    -0.00647     0.00578     1.18611
     6.43631     1.13587    -0.00945     0.00474     1.14058
     6.43821     1.08365    -0.01167     0.00386     1.09146
     6.44012     1.02926    -0.01323     0.00313     1.03936
     6.44202     0.97321    -0.01424     0.00253     0.98492
     6.44393     0.91603    -0.01479     0.00204     0.92878
     6.44583     0.85825    -0.01496     0.00164     0.87158
     6.44774     0.80040    -0.01483     0.00131     0.81392
     6.44964     0.74296    -0.01446     0.00104     0.75638
     6.45155     0.68643    -0.01390     0.00082     0.69950
     6.45345     0.63122    -0.01321     0.00065     0.64378
     6.45536     0.57774    -0.01242     0.00051     0.58965
     6.45726     0.52633    -0.01156     0.00040     0.53750
     6.45917     0.47729    -0.01068     0.00031     0.48765
     6.46107     0.43084    -0.00978     0.00024     0.44039
     6.46298     0.38720    -0.00889     0.00018     0.39591
     6.46488     0.34650    -0.00803     0.00013     0.35440
     6.46679     0.30884    -0.00720     0.00009     0.31595
     6.46869     0.27428    -0.00642     0.00005     0.28065
     6.47060     0.24285    -0.00569     0.00002     0.24852
     6.47250     0.21454    -0.00501    -0.00002     0.21957
     6.47441     0.18934    -0.00439    -0.00005     0.19378
     6.47631     0.16720    -0.00382    -0.00008     0.17111
     6.47821     0.14808    -0.00331    -0.00013     0.15151
     6.48012     0.13194    -0.00285    -0.00017     0.13496
     6.48202     0.11873    -0.00244    -0.00023     0.12140
     6.48393     0.10844    -0.00208    -0.00029     0.11081
     6.48583     0.10105    -0.00176    -0.00037     0.10318
     6.48774     0.09660    -0.00148    -0.00046     0.09854
     6.48964     0.09513    -0.00123    -0.00058     0.09694
     6.49155     0.09672    -0.00102    -0.00071     0.09845
     6.49345     0.10150    -0.00084    -0.00087     0.10321
     6.49536     0.10963    -0.00068    -0.00107     0.11137
     6.49726     0.12132    -0.00054    -0.00129     0.12315
     6.49917     0.13681    -0.00041    -0.00156     0.13878
     6.50107     0.15639    -0.00030    -0.00187     0.15857
     6.50298     0.18038    -0.00020    -0.00224     0.18282
     6.50488     0.20915    -0.00010    -0.00267     0.21192
     6.50679     0.24308    -0.00001    -0.00316     0.24625
     6.50869     0.28260     0.00008    -0.00372     0.28623
     6.51060     0.32812     0.00018    -0.00436     0.33230
     6.51250     0.38009     0.00028    -0.00509     0.38490
     6.51441     0.43894     0.00040    -0.00592     0.44446
     6.51631     0.50510     0.00053    -0.00685     0.51142
     6.51822     0.57896     0.00069    -0.00789     0.58616
     6.52012     0.66087     0.00087    -0.00905     0.66905
     6.52203     0.75112     0.00108    -0.01033     0.76037
     6.52393     0.84995     0.00132    -0.01174     0.86037
     6.52583     0.95750     0.00161    -0.01329     0.96918
     6.52774     1.07383     0.00195    -0.01497     1.08685
     6.52964     1.19886     0.00234    -0.01680     1.21332
     6.53155     1.33243     0.00279    -0.01877     1.34840
     6.53345     1.47421     0.00331    -0.02088     1.49178
     6.53536     1.62377     0.00392    -0.02313     1.64298
     6.53726     1.78051     0.00460    -0.02552     1.80142
     6.53917     1.94370     0.00538    -0.02804     1.96636
     6.54107     2.11247     0.00626    -0.03068     2.13689
     6.54298     2.28582     0.00725    -0.03344     2.31201
     6.54488     2.46260     0.00835    -0.03630     2.49055
     6.54679     2.64158     0.00957    -0.03924     2.67125
     6.54869     2.82140     0.01091    -0.04227     2.85275
     6.55060     3.00064     0.01238    -0.04534     3.03360
     6.55250     3.17782     0.01398    -0.04846     3.21230
     6.55441     3.35141     0.01571    -0.05159     3.38730
     6.55631     3.51991     0.01756    -0.05472     3.55707
     6.55822     3.68178     0.01952    -0.05783     3.72009
     6.56012     3.83559     0.02160    -0.06088     3.87487
     6.56203     3.97993     0.02378    -0.06387     4.02002
     6.56393     4.11353     0.02603    -0.06675     4.15425
     6.56584     4.23521     0.02836    -0.06952     4.27637
     6.56774     4.34396     0.03073    -0.07215     4.38538
     6.56964     4.43894     0.03311    -0.07460     4.48043
     6.57155     4.51948     0.03549    -0.07687     4.56086
     6.57345     4.58513     0.03783    -0.07893     4.62622
     6.57536     4.63561     0.04010    -0.08076     4.67627
     6.57726     4.67092     0.04225    -0.08234     4.71100
     6.57917     4.69122     0.04426    -0.08366     4.73062
     6.58107     4.69693     0.04608    -0.08471     4.73555
     6.58298     4.68866     0.04766    -0.08546     4.72646
     6.58488     4.66726     0.04897    -0.08592     4.70421
     6.58679     4.63375     0.04996    -0.08607     4.66986
     6.58869     4.58934     0.05059    -0.08592     4.62466
     6.59060     4.53540     0.05082    -0.08545     4.57003
     6.59250     4.47348     0.05061    -0.08468     4.50754
     6.59441     4.40520     0.04992    -0.08361     4.43889
     6.59631     4.33232     0.04872    -0.08224     4.36584
     6.59822     4.25666     0.04698    -0.08060     4.29028
     6.60012     4.18008     0.04467    -0.07868     4.21409
     6.60203     4.10445     0.04177    -0.07651     4.13919
     6.60393     4.03162     0.03827    -0.07411     4.06746
     6.60584     3.96341     0.03415    -0.07149     4.00075
     6.60774     3.90153     0.02942    -0.06868     3.94079
     6.60965     3.84758     0.02407    -0.06571     3.88921
     6.61155     3.80301     0.01813    -0.06259     3.84747
     6.61346     3.76909     0.01160    -0.05936     3.81685
     6.61536     3.74687     0.00451    -0.05604     3.79840
     6.61726     3.73718    -0.00310    -0.05265     3.79294
     6.61917     3.74057    -0.01120    -0.04924     3.80101
     6.62107     3.75731    -0.01973    -0.04581     3.82285
     6.62298     3.78737    -0.02863    -0.04240     3.85841
     6.62488     3.83042    -0.03785    -0.03903     3.90731
     6.62679     3.88582    -0.04732    -0.03572     3.96886
     6.62869     3.95260    -0.05695    -0.03249     4.04205
     6.63060     4.02954    -0.06668    -0.02937     4.12558
     6.63250     4.11509    -0.07641    -0.02635     4.21785
     6.63441     4.20749    -0.08605    -0.02347     4.31701
     6.63631     4.30473    -0.09551    -0.02074     4.42098
     6.63822     4.40464    -0.10471    -0.01815     4.52750
     6.64012     4.50489    -0.11356    -0.01572     4.63417
     6.64203     4.60309    -0.12195    -0.01346     4.73849
     6.64393     4.69677    -0.12981    -0.01136     4.83795
     6.64584     4.78353    -0.13706    -0.00943     4.93002
     6.64774     4.86099    -0.14362    -0.00767     5.01228
     6.64965     4.92694    -0.14942    -0.00607     5.08243
     6.65155     4.97932    -0.15441    -0.00463     5.13835
     6.65346     5.01630    -0.15853    -0.00334     5.17817
     6.65536     5.03632    -0.16176    -0.00220     5.20028
     6.65727     5.03811    -0.16407    -0.00121     5.20339
     6.65917     5.02076    -0.16544    -0.00035     5.18654
     6.66108     4.98366    -0.16587     0.00039     5.14914
     6.66298     4.92660    -0.16538     0.00101     5.09096
     6.66488     4.84969    -0.16399     0.00153     5.01216
     6.66679     4.75342    -0.16174     0.00194     4.91322
     6.66869     4.63861    -0.15868     0.00227     4.79501
     6.67060     4.50635    -0.15485     0.00252     4.65868
     6.67250     4.35804    -0.15034     0.00270     4.50569
     6.67441     4.19532    -0.14520     0.00281     4.33771
     6.67631     4.01999    -0.13952     0.00287     4.15664
     6.67822     3.83402    -0.13339     0.00288     3.96452
     6.68012     3.63948    -0.12687     0.00285     3.76350
     6.68203     3.43849    -0.12007     0.00279     3.55577
     6.68393     3.23318    -0.11306     0.00271     3.34353
     6.68584     3.02564    -0.10592     0.00260     3.12896
     6.68774     2.81788    -0.09873     0.00248     2.91413
     6.68965     2.61180    -0.09156     0.00235     2.70101
     6.69155     2.40917    -0.08447     0.00221     2.49143
     6.69346     2.21156    -0.07753     0.00207     2.28702
     6.69536     2.02039    -0.07078     0.00194     2.08923
     6.69727     1.83687    -0.06427     0.00182     1.89932
     6.69917     1.66200    -0.05801     0.00171     1.71831
     6.70108     1.49659    -0.05204     0.00161     1.54702
     6.70298     1.34123    -0.04637     0.00154     1.38607
     6.70489     1.19635    -0.04100     0.00150     1.23585
     6.70679     1.06216    -0.03592     0.00148     1.09660
     6.70870     0.93876    -0.03111     0.00151     0.96836
     6.71060     0.82607    -0.02655     0.00159     0.85103
     6.71250     0.72390    -0.02220     0.00173     0.74437
     6.71441     0.63198    -0.01800     0.00194     0.64804
     6.71631     0.54992    -0.01390     0.00223     0.56159
     6.71822     0.47732    -0.00983     0.00262     0.48453
     6.72012     0.41371    -0.00570     0.00313     0.41628
     6.72203     0.35863    -0.00142     0.00379     0.35625
     6.72393     0.31159     0.00313     0.00462     0.30385
     6.72584     0.27216     0.00807     0.00565     0.25845
     6.72774     0.23991     0.01353     0.00692     0.21946
     6.72965     0.21448     0.01969     0.00847     0.18632
     6.73155     0.19554     0.02672     0.01034     0.15848
     6.73346     0.18284     0.03481     0.01259     0.13544
     6.73536     0.17622     0.04419     0.01528     0.11676
     6.73727     0.17557     0.05508     0.01847     0.10202
     6.73917     0.18086     0.06776     0.02223     0.09087
     6.74108     0.19215     0.08251     0.02663     0.08301
     6.74298     0.20958     0.09962     0.03176     0.07820
     6.74489     0.23335     0.11943     0.03770     0.07622
     6.74679     0.26373     0.14226     0.04454     0.07693
     6.74870     0.30106     0.16848     0.05236     0.08022
     6.75060     0.34573     0.19845     0.06126     0.08602
     6.75251     0.39817     0.23253     0.07133     0.09431
     6.75441     0.45882     0.27110     0.08264     0.10508
     6.75632     0.52817     0.31451     0.09529     0.11837
     6.75822     0.60667     0.36311     0.10932     0.13424
     6.76012     0.69478     0.41723     0.12481     0.15274
     6.76203     0.79289     0.47713     0.14180     0.17396
     6.76393     0.90137     0.54308     0.16030     0.19799
     6.76584     1.02047     0.61524     0.18033     0.22490
     6.76774     1.15038     0.69374     0.20187     0.25477
     6.76965     1.29115     0.77863     0.22487     0.28765
     6.77155     1.44269     0.86985     0.24926     0.32359
     6.77346     1.60478     0.96726     0.27493     0.36259
     6.77536     1.77701     1.07061     0.30176     0.40464
     6.77727     1.95880     1.17956     0.32957     0.44967
     6.77917     2.14937     1.29361     0.35817     0.49758
     6.78108     2.34776     1.41219     0.38734     0.54823
     6.78298     2.55281     1.53458     0.41683     0.60140
     6.78489     2.76317     1.65996     0.44634     0.65686
     6.78679     2.97728     1.78740     0.47559     0.71430
     6.78870     3.19346     1.91586     0.50425     0.77336
     6.79060     3.40985     2.04422     0.53200     0.83363
     6.79251     3.62445     2.17129     0.55851     0.89465
     6.79441     3.83519     2.29582     0.58345     0.95593
     6.79632     4.03992     2.41652     0.60648     1.01692
     6.79822     4.23647     2.53211     0.62731     1.07705
     6.80013     4.42264     2.64127     0.64564     1.13573
     6.80203     4.59633     2.74277     0.66122     1.19235
     6.80393     4.75549     2.83539     0.67382     1.24629
     6.80584     4.89819     2.91801     0.68325     1.29694
     6.80774     5.02270     2.98961     0.68938     1.34371
     6.80965     5.12746     3.04930     0.69211     1.38604
     6.81155     5.21115     3.09633     0.69140     1.42342
     6.81346     5.27270     3.13009     0.68726     1.45535
     6.81536     5.31134     3.15016     0.67975     1.48144
     6.81727     5.32659     3.15629     0.66897     1.50134
     6.81917     5.31827     3.14842     0.65507     1.51478
     6.82108     5.28651     3.12667     0.63827     1.52157
     6.82298     5.23176     3.09135     0.61879     1.52163
     6.82489     5.15476     3.04293     0.59691     1.51493
     6.82679     5.05653     2.98205     0.57291     1.50156
     6.82870     4.93833     2.90952     0.54713     1.48169
     6.83060     4.80169     2.82624     0.51988     1.45556
     6.83251     4.64829     2.73326     0.49151     1.42352
     6.83441     4.48003     2.63172     0.46235     1.38595
     6.83632     4.29888     2.52281     0.43273     1.34334
     6.83822     4.10693     2.40778     0.40296     1.29619
     6.84013     3.90632     2.28789     0.37334     1.24508
     6.84203     3.69919     2.16443     0.34415     1.19061
     6.84394     3.48764     2.03863     0.31563     1.13338
     6.84584     3.27374     1.91170     0.28800     1.07403
     6.84775     3.05944     1.78481     0.26146     1.01318
     6.84965     2.84659     1.65901     0.23614     0.95145
     6.85155     2.63689     1.53529     0.21219     0.88941
     6.85346     2.43188     1.41455     0.18969     0.82765
     6.85536     2.23292     1.29757     0.16870     0.76666
     6.85727     2.04120     1.18501     0.14926     0.70692
     6.85917     1.85769     1.07745     0.13138     0.64886
     6.86108     1.68321     0.97533     0.11504     0.59284
     6.86298     1.51837     0.87899     0.10020     0.53918
     6.86489     1.36362     0.78866     0.08683     0.48813
     6.86679     1.21921     0.70448     0.07484     0.43990
     6.86870     1.08528     0.62649     0.06417     0.39462
     6.87060     0.96178     0.55466     0.05473     0.35239
     6.87251     0.84858     0.48889     0.04642     0.31327
     6.87441     0.74541     0.42899     0.03917     0.27725
     6.87632     0.65194     0.37476     0.03287     0.24431
     6.87822     0.56773     0.32592     0.02743     0.21438
     6.88013     0.49231     0.28217     0.02277     0.18737
     6.88203     0.42517     0.24321     0.01879     0.16317
     6.88394     0.36577     0.20868     0.01542     0.14167
     6.88584     0.31356     0.17825     0.01258     0.12274
     6.88775     0.26800     0.15157     0.01019     0.10623
     6.88965     0.22854     0.12830     0.00821     0.09204
     6.89156     0.19470     0.10811     0.00656     0.08002
     6.89346     0.16598     0.09069     0.00520     0.07009
     6.89537     0.14197     0.07573     0.00407     0.06216
     6.89727     0.12227     0.06295     0.00315     0.05617
     6.89917     0.10655     0.05209     0.00239     0.05208
     6.90108     0.09455     0.04290     0.00176     0.04989
     6.90298     0.08605     0.03518     0.00123     0.04964
     6.90489     0.08089     0.02871     0.00079     0.05140
     6.90679     0.07901     0.02333     0.00040     0.05528
     6.90870     0.08037     0.01887     0.00005     0.06145
     6.91060     0.08504     0.01519    -0.00028     0.07013
     6.91251     0.09314     0.01217    -0.00059     0.08155
     6.91441     0.10485     0.00971    -0.00092     0.09605
     6.91632     0.12044     0.00772    -0.00126     0.11398
     6.91822     0.14023     0.00611    -0.00163     0.13575
     6.92013     0.16460     0.00482    -0.00204     0.16183
     6.92203     0.19401     0.00379    -0.00251     0.19273
     6.92394     0.22895     0.00297    -0.00304     0.22901
     6.92584     0.26997     0.00234    -0.00364     0.27127
     6.92775     0.31764     0.00185    -0.00433     0.32012
     6.92965     0.37259     0.00148    -0.00512     0.37623
     6.93156     0.43545     0.00121    -0.00601     0.44026
     6.93346     0.50685     0.00102    -0.00703     0.51285
     6.93537     0.58741     0.00090    -0.00817     0.59468
     6.93727     0.67774     0.00085    -0.00946     0.68634
     6.93918     0.77838     0.00087    -0.01089     0.78841
     6.94108     0.88984     0.00094    -0.01249     0.90139
     6.94299     1.01253     0.00107    -0.01426     1.02571
     6.94489     1.14675     0.00128    -0.01620     1.16168
     6.94679     1.29271     0.00156    -0.01833     1.30949
     6.94870     1.45047     0.00193    -0.02066     1.46920
     6.95060     1.61996     0.00240    -0.02318     1.64073
     6.95251     1.80092     0.00300    -0.02590     1.82382
     6.95441     1.99296     0.00373    -0.02883     2.01805
     6.95632     2.19551     0.00464    -0.03196     2.22282
     6.95822     2.40783     0.00575    -0.03529     2.43737
     6.96013     2.62902     0.00710    -0.03883     2.66076
     6.96203     2.85806     0.00872    -0.04257     2.89191
     6.96394     3.09377     0.01066    -0.04652     3.12962
     6.96584     3.33490     0.01298    -0.05065     3.37258
     6.96775     3.58012     0.01572    -0.05498     3.61938
     6.96965     3.82807     0.01895    -0.05950     3.86862
     6.97156     4.07740     0.02273    -0.06421     4.11887
     6.97346     4.32681     0.02714    -0.06909     4.36876
     6.97537     4.57511     0.03224    -0.07415     4.61701
     6.97727     4.82123     0.03812    -0.07939     4.86249
     6.97918     5.06430     0.04485    -0.08480     5.10424
     6.98108     5.30369     0.05252    -0.09037     5.34154
     6.98299     5.53900     0.06119    -0.09610     5.57391
     6.98489     5.77016     0.07096    -0.10200     5.80120
     6.98680     5.99738     0.08188    -0.10804     6.02354
     6.98870     6.22120     0.09402    -0.11422     6.24139
     6.99061     6.44248     0.10745    -0.12053     6.45556
     6.99251     6.66239     0.12220    -0.12694     6.66714
     6.99441     6.88239     0.13829    -0.13343     6.87753
     6.99632     7.10417     0.15575    -0.13998     7.08839
     6.99822     7.32961     0.17457    -0.14654     7.30157
     7.00013     7.56074     0.19471    -0.15306     7.51908
     7.00203     7.79965     0.21613    -0.15948     7.74300
     7.00394     8.04842     0.23874    -0.16575     7.97543
     7.00584     8.30903     0.26245    -0.17178     8.21836
     7.00775     8.58329     0.28711    -0.17748     8.47366
     7.00965     8.87273     0.31258    -0.18277     8.74292
     7.01156     9.17854     0.33866    -0.18753     9.02741
     7.01346     9.50148     0.36515    -0.19166     9.32799
     7.01537     9.84181     0.39181    -0.19505     9.64506
     7.01727    10.19926     0.41839    -0.19758     9.97845
     7.01918    10.57293     0.44461    -0.19913    10.32745
     7.02108    10.96131     0.47021    -0.19960    10.69070
     7.02299    11.36225     0.49488    -0.19888    11.06625
     7.02489    11.77296     0.51834    -0.19689    11.45152
     7.02680    12.19005     0.54030    -0.19355    11.84330
     7.02870    12.60956     0.56047    -0.18879    12.23788
     7.03061    13.02702     0.57861    -0.18258    12.63100
     7.03251    13.43755     0.59445    -0.17491    13.01801
     7.03442    13.83592     0.60780    -0.16579    13.39390
     7.03632    14.21666     0.61846    -0.15525    13.75345
     7.03822    14.57421     0.62628    -0.14335    14.09129
     7.04013    14.90300     0.63115    -0.13020    14.40206
     7.04203    15.19760     0.63301    -0.11591    14.68050
     7.04394    15.45280     0.63182    -0.10063    14.92161
     7.04584    15.66381     0.62761    -0.08452    15.12071
     7.04775    15.82629     0.62044    -0.06777    15.27361
     7.04965    15.93650     0.61041    -0.05058    15.37666
     7.05156    15.99138     0.59766    -0.03316    15.42688
     7.05346    15.98863     0.58237    -0.01573    15.42200
     7.05537    15.92675     0.56475     0.00147    15.36053
     7.05727    15.80510     0.54504     0.01825    15.24180
     7.05918    15.62388     0.52350     0.03439    15.06599
     7.06108    15.38418     0.50039     0.04969    14.83410
     7.06299    15.08793     0.47601     0.06398    14.54794
     7.06489    14.73784     0.45065     0.07709    14.21010
     7.06680    14.33738     0.42458     0.08890    13.82390
     7.06870    13.89070     0.39810     0.09929    13.39331
     7.07061    13.40251     0.37148     0.10820    12.92284
     7.07251    12.87802     0.34496     0.11555    12.41750
     7.07442    12.32280     0.31878     0.12135    11.88267
     7.07632    11.74274     0.29316     0.12558    11.32399
     7.07823    11.14383     0.26828     0.12828    10.74727
     7.08013    10.53217     0.24431     0.12951    10.15835
     7.08204     9.91376     0.22137     0.12934     9.56305
     7.08394     9.29449     0.19957     0.12787     8.96704
     7.08584     8.67998     0.17900     0.12521     8.37577
     7.08775     8.07554     0.15971     0.12147     7.79437
     7.08965     7.48610     0.14172     0.11678     7.22760
     7.09156     6.91614     0.12506     0.11129     6.67980
     7.09346     6.36966     0.10969     0.10511     6.15485
     7.09537     5.85014     0.09561     0.09839     5.65614
     7.09727     5.36052     0.08275     0.09126     5.18652
     7.09918     4.90323     0.07107     0.08383     4.74834
     7.10108     4.48014     0.06049     0.07622     4.34344
     7.10299     4.09261     0.05094     0.06853     3.97314
     7.10489     3.74151     0.04235     0.06086     3.63830
     7.10680     3.42722     0.03463     0.05328     3.33931
     7.10870     3.14971     0.02770     0.04588     3.07612
     7.11061     2.90852     0.02147     0.03872     2.84833
     7.11251     2.70283     0.01587     0.03183     2.65513
     7.11442     2.53152     0.01082     0.02527     2.49543
     7.11632     2.39314     0.00624     0.01906     2.36784
     7.11823     2.28602     0.00208     0.01323     2.27071
     7.12013     2.20826    -0.00173     0.00779     2.20220
     7.12204     2.15777    -0.00524     0.00275     2.16026
     7.12394     2.13231    -0.00850    -0.00188     2.14269
     7.12585     2.12952    -0.01155    -0.00611     2.14718
     7.12775     2.14695    -0.01442    -0.00993     2.17130
     7.12966     2.18207    -0.01713    -0.01337     2.21256
     7.13156     2.23230    -0.01971    -0.01641     2.26842
     7.13346     2.29504    -0.02217    -0.01909     2.33630
     7.13537     2.36769    -0.02452    -0.02141     2.41362
     7.13727     2.44769    -0.02676    -0.02338     2.49783
     7.13918     2.53250    -0.02890    -0.02502     2.58642
     7.14108     2.61966    -0.03092    -0.02635     2.67693
     7.14299     2.70681    -0.03282    -0.02739     2.76702
     7.14489     2.79170    -0.03460    -0.02814     2.85444
     7.14680     2.87221    -0.03623    -0.02864     2.93708
     7.14870     2.94640    -0.03771    -0.02890     3.01300
     7.15061     3.01249    -0.03903    -0.02893     3.08044
     7.15251     3.06891    -0.04017    -0.02876     3.13783
     7.15442     3.11431    -0.04112    -0.02841     3.18384
     7.15632     3.14758    -0.04187    -0.02790     3.21735
     7.15823     3.16783    -0.04242    -0.02724     3.23750
     7.16013     3.17445    -0.04276    -0.02646     3.24367
     7.16204     3.16707    -0.04289    -0.02558     3.23553
     7.16394     3.14555    -0.04280    -0.02461     3.21296
     7.16585     3.11005    -0.04250    -0.02357     3.17612
     7.16775     3.06092    -0.04199    -0.02249     3.12540
     7.16966     2.99875    -0.04129    -0.02137     3.06141
     7.17156     2.92434    -0.04039    -0.02023     2.98496
     7.17347     2.83866    -0.03933    -0.01908     2.89706
     7.17537     2.74284    -0.03810    -0.01793     2.79887
     7.17728     2.63813    -0.03673    -0.01680     2.69166
     7.17918     2.52589    -0.03524    -0.01570     2.57682
     7.18108     2.40754    -0.03364    -0.01462     2.45580
     7.18299     2.28455    -0.03195    -0.01358     2.33008
     7.18489     2.15838    -0.03021    -0.01257     2.20116
     7.18680     2.03048    -0.02842    -0.01161     2.07051
     7.18870     1.90225    -0.02660    -0.01070     1.93955
     7.19061     1.77502    -0.02478    -0.00983     1.80963
     7.19251     1.65003    -0.02297    -0.00901     1.68201
     7.19442     1.52841    -0.02119    -0.00823     1.55783
     7.19632     1.41117    -0.01945    -0.00749     1.43811
     7.19823     1.29918    -0.01777    -0.00680     1.32374
     7.20013     1.19317    -0.01615    -0.00615     1.21547
     7.20204     1.09374    -0.01461    -0.00553     1.11388
     7.20394     1.00134    -0.01315    -0.00495     1.01944
     7.20585     0.91628    -0.01178    -0.00441     0.93246
     7.20775     0.83873    -0.01050    -0.00389     0.85312
     7.20966     0.76875    -0.00931    -0.00341     0.78147
     7.21156     0.70627    -0.00822    -0.00295     0.71744
     7.21347     0.65111    -0.00722    -0.00252     0.66085
     7.21537     0.60303    -0.00631    -0.00212     0.61145
     7.21728     0.56166    -0.00549    -0.00173     0.56888
     7.21918     0.52661    -0.00475    -0.00137     0.53273
     7.22109     0.49740    -0.00409    -0.00103     0.50252
     7.22299     0.47352    -0.00351    -0.00072     0.47774
     7.22490     0.45444    -0.00299    -0.00042     0.45785
     7.22680     0.43961    -0.00254    -0.00014     0.44229
     7.22870     0.42845    -0.00214     0.00011     0.43048
     7.23061     0.42043    -0.00180     0.00035     0.42188
     7.23251     0.41499    -0.00151     0.00057     0.41593
     7.23442     0.41162    -0.00125     0.00077     0.41210
     7.23632     0.40982    -0.00104     0.00095     0.40991
     7.23823     0.40913    -0.00086     0.00111     0.40888
     7.24013     0.40915    -0.00070     0.00125     0.40860
     7.24204     0.40952    -0.00057     0.00137     0.40871
     7.24394     0.40990    -0.00047     0.00148     0.40889
     7.24585     0.41005    -0.00038     0.00157     0.40886
     7.24775     0.40976    -0.00030     0.00164     0.40843
     7.24966     0.40888    -0.00024     0.00169     0.40743
     7.25156     0.40732    -0.00019     0.00173     0.40578
     7.25347     0.40504    -0.00015     0.00175     0.40344
     7.25537     0.40206    -0.00012     0.00176     0.40042
     7.25728     0.39846    -0.00009     0.00175     0.39680
     7.25918     0.39436    -0.00007     0.00173     0.39270
     7.26109     0.38992    -0.00006     0.00170     0.38828
     7.26299     0.38537    -0.00004     0.00166     0.38375
     7.26490     0.38094    -0.00003     0.00161     0.37936
     7.26680     0.37691    -0.00003     0.00156     0.37538
     7.26871     0.37359    -0.00002     0.00149     0.37212
     7.27061     0.37130    -0.00001     0.00143     0.36989
     7.27252     0.37037    -0.00001     0.00135     0.36902
     7.27442     0.37113    -0.00001     0.00128     0.36986
     7.27632     0.37392    -0.00001     0.00120     0.37273
     7.27823     0.37905    -0.00000     0.00112     0.37794
     7.28013     0.38684    -0.00000     0.00104     0.38581
     7.28204     0.39755    -0.00000     0.00096     0.39659
     7.28394     0.41143    -0.00000     0.00088     0.41055
     7.28585     0.42866     0.00000     0.00081     0.42786
     7.28775     0.44941     0.00000     0.00073     0.44868
     7.28966     0.47377     0.00000     0.00066     0.47311
     7.29156     0.50178     0.00000     0.00060     0.50118
     7.29347     0.53341     0.00001     0.00053     0.53287
     7.29537     0.56856     0.00001     0.00047     0.56807
     7.29728     0.60707     0.00001     0.00042     0.60664
     7.29918     0.64870     0.00001     0.00037     0.64832
     7.30109     0.69315     0.00002     0.00032     0.69281
     7.30299     0.74005     0.00003     0.00027     0.73975
     7.30490     0.78897     0.00004     0.00023     0.78870
     7.30680     0.83940     0.00005     0.00019     0.83915
     7.30871     0.89080     0.00007     0.00015     0.89058
     7.31061     0.94260     0.00009     0.00011     0.94240
     7.31252     0.99418     0.00012     0.00008     0.99398
     7.31442     1.04490     0.00015     0.00004     1.04471
     7.31633     1.09414     0.00020    -0.00000     1.09394
     7.31823     1.14126     0.00026    -0.00005     1.14106
     7.32013     1.18569     0.00033    -0.00010     1.18546
     7.32204     1.22685     0.00042    -0.00016     1.22659
     7.32394     1.26425     0.00054    -0.00023     1.26395
     7.32585     1.29748     0.00069    -0.00032     1.29711
     7.32775     1.32620     0.00087    -0.00042     1.32575
     7.32966     1.35018     0.00110    -0.00055     1.34963
     7.33156     1.36930     0.00137    -0.00069     1.36862
     7.33347     1.38357     0.00171    -0.00087     1.38273
     7.33537     1.39313     0.00213    -0.00109     1.39210
     7.33728     1.39827     0.00263    -0.00135     1.39700
     7.33918     1.39941     0.00323    -0.00166     1.39785
     7.34109     1.39710     0.00394    -0.00204     1.39520
     7.34299     1.39206     0.00479    -0.00248     1.38974
     7.34490     1.38512     0.00580    -0.00299     1.38232
     7.34680     1.37725     0.00698    -0.00360     1.37387
     7.34871     1.36953     0.00836    -0.00431     1.36548
     7.35061     1.36314     0.00996    -0.00512     1.35830
     7.35252     1.35935     0.01181    -0.00606     1.35360
     7.35442     1.35949     0.01393    -0.00714     1.35269
     7.35633     1.36494     0.01635    -0.00836     1.35695
     7.35823     1.37710     0.01909    -0.00974     1.36776
     7.36014     1.39739     0.02216    -0.01128     1.38651
     7.36204     1.42718     0.02561    -0.01300     1.41457
     7.36395     1.46779     0.02943    -0.01489     1.45325
     7.36585     1.52048     0.03365    -0.01697     1.50380
     7.36775     1.58638     0.03826    -0.01923     1.56735
     7.36966     1.66652     0.04328    -0.02167     1.64491
     7.37156     1.76176     0.04870    -0.02428     1.73734
     7.37347     1.87275     0.05449    -0.02705     1.84531
     7.37537     1.99999     0.06065    -0.02995     1.96929
     7.37728     2.14370     0.06714    -0.03297     2.10954
     7.37918     2.30391     0.07390    -0.03608     2.26609
     7.38109     2.48036     0.08089    -0.03923     2.43870
     7.38299     2.67253     0.08805    -0.04239     2.62687
     7.38490     2.87963     0.09528    -0.04551     2.82986
     7.38680     3.10061     0.10252    -0.04853     3.04662
     7.38871     3.33414     0.10965    -0.05139     3.27589
     7.39061     3.57863     0.11657    -0.05404     3.51610
     7.39252     3.83224     0.12317    -0.05640     3.76547
     7.39442     4.09293     0.12934    -0.05841     4.02201
     7.39633     4.35845     0.13494    -0.06000     4.28351
     7.39823     4.62637     0.13986    -0.06109     4.54761
     7.40014     4.89414     0.14397    -0.06164     4.81181
     7.40204     5.15913     0.14717    -0.06157     5.07352
     7.40395     5.41864     0.14936    -0.06083     5.33011
     7.40585     5.66997     0.15042    -0.05938     5.57892
     7.40776     5.91045     0.15029    -0.05718     5.81734
     7.40966     6.13751     0.14891    -0.05421     6.04281
     7.41157     6.34870     0.14622    -0.05046     6.25293
     7.41347     6.54172     0.14221    -0.04592     6.44543
     7.41537     6.71451     0.13688    -0.04063     6.61826
     7.41728     6.86522     0.13024    -0.03460     6.76958
     7.41918     6.99230     0.12236    -0.02789     6.89783
     7.42109     7.09447     0.11330    -0.02056     7.00173
     7.42299     7.17079     0.10316    -0.01269     7.08032
     7.42490     7.22063     0.09205    -0.00435     7.13293
     7.42680     7.24370     0.08011     0.00433     7.15926
     7.42871     7.24004     0.06750     0.01327     7.15928
     7.43061     7.21003     0.05437     0.02233     7.13333
     7.43252     7.15434     0.04090     0.03141     7.08202
     7.43442     7.07396     0.02728     0.04038     7.00630
     7.43633     6.97015     0.01368     0.04912     6.90735
     7.43823     6.84441     0.00029     0.05752     6.78661
     7.44014     6.69847    -0.01273     0.06546     6.64575
     7.44204     6.53426    -0.02520     0.07284     6.48662
     7.44395     6.35382    -0.03698     0.07957     6.31123
     7.44585     6.15935    -0.04793     0.08557     6.12171
     7.44776     5.95311    -0.05794     0.09078     5.92027
     7.44966     5.73741    -0.06691     0.09515     5.70917
     7.45157     5.51458    -0.07478     0.09865     5.49070
     7.45347     5.28689    -0.08149     0.10126     5.26711
     7.45538     5.05659    -0.08701     0.10298     5.04062
     7.45728     4.82583    -0.09134     0.10383     4.81334
     7.45919     4.59661    -0.09450     0.10382     4.58729
     7.46109     4.37084    -0.09652     0.10301     4.36435
     7.46299     4.15023    -0.09746     0.10145     4.14624
     7.46490     3.93630    -0.09739     0.09920     3.93448
     7.46680     3.73039    -0.09638     0.09634     3.73043
     7.46871     3.53361    -0.09453     0.09293     3.53522
     7.47061     3.34688    -0.09194     0.08906     3.34976
     7.47252     3.17087    -0.08871     0.08481     3.17476
     7.47442     3.00602    -0.08494     0.08027     3.01069
     7.47633     2.85259    -0.08074     0.07551     2.85782
     7.47823     2.71060    -0.07621     0.07061     2.71620
     7.48014     2.57988    -0.07145     0.06564     2.58569
     7.48204     2.46010    -0.06654     0.06067     2.46597
     7.48395     2.35074    -0.06157     0.05576     2.35655
     7.48585     2.25117    -0.05661     0.05096     2.25682
     7.48776     2.16061    -0.05173     0.04632     2.16602
     7.48966     2.07821    -0.04698     0.04187     2.08333
     7.49157     2.00307    -0.04241     0.03765     2.00783
     7.49347     1.93422    -0.03806     0.03368     1.93859
     7.49538     1.87069    -0.03394     0.02998     1.87466
     7.49728     1.81155    -0.03008     0.02655     1.81508
     7.49919     1.75586    -0.02650     0.02342     1.75894
     7.50109     1.70278    -0.02318     0.02057     1.70540
     7.50300     1.65153    -0.02014     0.01800     1.65366
     7.50490     1.60144    -0.01735     0.01572     1.60306
     7.50681     1.55193    -0.01481     0.01372     1.55301
     7.50871     1.50256    -0.01249     0.01198     1.50306
     7.51061     1.45301    -0.01037     0.01051     1.45287
     7.51252     1.40311    -0.00843     0.00929     1.40225
     7.51442     1.35281    -0.00664     0.00832     1.35112
     7.51633     1.30221    -0.00496     0.00761     1.29956
     7.51823     1.25153    -0.00335     0.00714     1.24775
     7.52014     1.20115    -0.00178     0.00692     1.19601
     7.52204     1.15155    -0.00020     0.00697     1.14479
     7.52395     1.10334     0.00142     0.00730     1.09462
     7.52585     1.05723     0.00314     0.00792     1.04617
     7.52776     1.01405     0.00501     0.00886     1.00018
     7.52966     0.97472     0.00709     0.01016     0.95747
     7.53157     0.94025     0.00944     0.01185     0.91896
     7.53347     0.91172     0.01211     0.01398     0.88563
     7.53538     0.89030     0.01519     0.01659     0.85852
     7.53728     0.87721     0.01874     0.01975     0.83871
     7.53919     0.87375     0.02285     0.02353     0.82737
     7.54109     0.88124     0.02759     0.02799     0.82566
     7.54300     0.90108     0.03306     0.03321     0.83481
     7.54490     0.93467     0.03934     0.03928     0.85605
     7.54681     0.98345     0.04653     0.04628     0.89064
     7.54871     1.04885     0.05472     0.05430     0.93984
     7.55062     1.13230     0.06400     0.06342     1.00488
     7.55252     1.23519     0.07446     0.07374     1.08699
     7.55442     1.35887     0.08618     0.08534     1.18735
     7.55633     1.50461     0.09925     0.09830     1.30705
     7.55823     1.67355     0.11374     0.11268     1.44713
     7.56014     1.86672     0.12969     0.12855     1.60848
     7.56204     2.08495     0.14715     0.14594     1.79186
     7.56395     2.32886     0.16613     0.16488     1.99785
     7.56585     2.59885     0.18665     0.18538     2.22682
     7.56776     2.89498     0.20868     0.20741     2.47889
     7.56966     3.21701     0.23216     0.23093     2.75392
     7.57157     3.56435     0.25702     0.25588     3.05145
     7.57347     3.93599     0.28315     0.28214     3.37070
     7.57538     4.33052     0.31041     0.30958     3.71052
     7.57728     4.74608     0.33863     0.33805     4.06940
     7.57919     5.18036     0.36761     0.36734     4.44540
     7.58109     5.63060     0.39712     0.39723     4.83625
     7.58300     6.09360     0.42691     0.42746     5.23924
     7.58490     6.56574     0.45668     0.45776     5.65130
     7.58681     7.04300     0.48614     0.48783     6.06903
     7.58871     7.52101     0.51497     0.51735     6.48869
     7.59062     7.99512     0.54285     0.54599     6.90628
     7.59252     8.46045     0.56944     0.57343     7.31758
     7.59443     8.91195     0.59441     0.59932     7.71822
     7.59633     9.34454     0.61744     0.62335     8.10376
     7.59824     9.75314     0.63823     0.64519     8.46972
     7.60014    10.13280     0.65650     0.66456     8.81174
     7.60204    10.47877     0.67198     0.68120     9.12558
     7.60395    10.78663     0.68447     0.69487     9.40729
     7.60585    11.05237     0.69379     0.70538     9.65320
     7.60776    11.27245     0.69979     0.71259     9.86007
     7.60966    11.44390     0.70240     0.71638    10.02512
     7.61157    11.56439     0.70157     0.71671    10.14611
     7.61347    11.63226     0.69731     0.71357    10.22138
     7.61538    11.64658     0.68970     0.70700    10.24989
     7.61728    11.60716     0.67883     0.69711    10.23122
     7.61919    11.51454     0.66486     0.68404    10.16564
     7.62109    11.37001     0.64801     0.66797    10.05404
     7.62300    11.17554     0.62849     0.64912     9.89793
     7.62490    10.93377     0.60658     0.62776     9.69943
     7.62681    10.64792     0.58257     0.60417     9.46118
     7.62871    10.32176     0.55678     0.57867     9.18632
     7.63062     9.95948     0.52953     0.55156     8.87839
     7.63252     9.56561     0.50115     0.52319     8.54127
     7.63443     9.14498     0.47197     0.49389     8.17912
     7.63633     8.70255     0.44232     0.46398     7.79624
     7.63824     8.24334     0.41251     0.43379     7.39705
     7.64014     7.77236     0.38282     0.40361     6.98594
     7.64205     7.29450     0.35354     0.37372     6.56725
     7.64395     6.81445     0.32489     0.34437     6.14518
     7.64586     6.33661     0.29711     0.31581     5.72369
     7.64776     5.86510     0.27038     0.28823     5.30649
     7.64966     5.40361     0.24485     0.26179     4.89698
     7.65157     4.95545     0.22065     0.23663     4.49817
     7.65347     4.52347     0.19786     0.21286     4.11274
     7.65538     4.11007     0.17657     0.19057     3.74294
     7.65728     3.71719     0.15679     0.16979     3.39061
     7.65919     3.34632     0.13855     0.15055     3.05722
     7.66109     2.99852     0.12183     0.13285     2.74384
     7.66300     2.67443     0.10661     0.11667     2.45115
     7.66490     2.37433     0.09283     0.10197     2.17952
     7.66681     2.09814     0.08044     0.08870     1.92900
     7.66871     1.84548     0.06936     0.07679     1.69934
     7.67062     1.61573     0.05952     0.06615     1.49006
     7.67252     1.40801     0.05082     0.05672     1.30047
     7.67443     1.22131     0.04318     0.04840     1.12973
     7.67633     1.05446     0.03651     0.04111     0.97684
     7.67824     0.90617     0.03072     0.03475     0.84071
     7.68014     0.77514     0.02572     0.02923     0.72019
     7.68205     0.65998     0.02143     0.02447     0.61408
     7.68395     0.55935     0.01777     0.02039     0.52119
     7.68586     0.47189     0.01466     0.01691     0.44032
     7.68776     0.39630     0.01204     0.01396     0.37031
     7.68967     0.33134     0.00983     0.01147     0.31004
     7.69157     0.27583     0.00800     0.00938     0.25846
     7.69348     0.22868     0.00647     0.00763     0.21457
     7.69538     0.18887     0.00521     0.00619     0.17748
     7.69728     0.15550     0.00417     0.00500     0.14633
     7.69919     0.12773     0.00333     0.00402     0.12039
     7.70109     0.10483     0.00264     0.00322     0.09897
     7.70300     0.08615     0.00209     0.00258     0.08149
     7.70490     0.07114     0.00164     0.00206     0.06744
     7.70681     0.05934     0.00128     0.00166     0.05639
     7.70871     0.05034     0.00100     0.00134     0.04799
     7.71062     0.04384     0.00078     0.00110     0.04196
     7.71252     0.03961     0.00060     0.00093     0.03808
     7.71443     0.03748     0.00047     0.00081     0.03620
     7.71633     0.03736     0.00036     0.00074     0.03625
     7.71824     0.03922     0.00029     0.00072     0.03822
     7.72014     0.04311     0.00023     0.00074     0.04215
     7.72205     0.04914     0.00019     0.00080     0.04815
     7.72395     0.05747     0.00017     0.00091     0.05639
     7.72586     0.06834     0.00016     0.00107     0.06711
     7.72776     0.08205     0.00017     0.00127     0.08061
     7.72967     0.09897     0.00018     0.00154     0.09724
     7.73157     0.11953     0.00022     0.00188     0.11743
     7.73348     0.14423     0.00027     0.00230     0.14166
     7.73538     0.17362     0.00034     0.00282     0.17047
     7.73729     0.20834     0.00043     0.00344     0.20447
     7.73919     0.24907     0.00055     0.00419     0.24432
     7.74110     0.29655     0.00071     0.00510     0.29074
     7.74300     0.35159     0.00090     0.00619     0.34450
     7.74490     0.41502     0.00116     0.00748     0.40639
     7.74681     0.48775     0.00147     0.00901     0.47726
     7.74871     0.57067     0.00187     0.01083     0.55797
     7.75062     0.66473     0.00236     0.01297     0.64939
     7.75252     0.77086     0.00296     0.01549     0.75240
     7.75443     0.89000     0.00370     0.01844     0.86785
     7.75633     1.02305     0.00461     0.02189     0.99655
     7.75824     1.17087     0.00571     0.02590     1.13927
     7.76014     1.33428     0.00703     0.03055     1.29670
     7.76205     1.51399     0.00862     0.03592     1.46944
     7.76395     1.71062     0.01052     0.04211     1.65799
     7.76586     1.92470     0.01278     0.04922     1.86271
     7.76776     2.15660     0.01544     0.05735     2.08381
     7.76967     2.40652     0.01856     0.06661     2.32135
     7.77157     2.67455     0.02221     0.07713     2.57521
     7.77348     2.96054     0.02645     0.08902     2.84507
     7.77538     3.26418     0.03134     0.10241     3.13043
     7.77729     3.58497     0.03695     0.11744     3.43058
     7.77919     3.92218     0.04335     0.13423     3.74460
     7.78110     4.27489     0.05062     0.15289     4.07138
     7.78300     4.64197     0.05881     0.17356     4.40960
     7.78491     5.02208     0.06800     0.19634     4.75775
     7.78681     5.41370     0.07823     0.22132     5.11416
     7.78872     5.81510     0.08957     0.24858     5.47696
     7.79062     6.22439     0.10205     0.27817     5.84417
     7.79252     6.63949     0.11569     0.31014     6.21365
     7.79443     7.05818     0.13053     0.34447     6.58318
     7.79633     7.47811     0.14654     0.38114     6.95043
     7.79824     7.89680     0.16372     0.42006     7.31302
     7.80014     8.31166     0.18201     0.46113     7.66852
     7.80205     8.72002     0.20136     0.50419     8.01447
     7.80395     9.11915     0.22168     0.54903     8.34844
     7.80586     9.50626     0.24286     0.59540     8.66800
     7.80776     9.87855     0.26476     0.64300     8.97079
     7.80967    10.23320     0.28723     0.69148     9.25449
     7.81157    10.56744     0.31008     0.74045     9.51691
     7.81348    10.87854     0.33311     0.78948     9.75594
     7.81538    11.16385     0.35611     0.83811     9.96963
     7.81729    11.42086     0.37884     0.88584    10.15618
     7.81919    11.64718     0.40106     0.93215    10.31398
     7.82110    11.84064     0.42250     0.97652    10.44162
     7.82300    11.99926     0.44293     1.01841    10.53792
     7.82491    12.12135     0.46208     1.05731    10.60197
     7.82681    12.20554     0.47971     1.09271    10.63312
     7.82872    12.25077     0.49559     1.12413    10.63105
     7.83062    12.25638     0.50951     1.15114    10.59573
     7.83253    12.22212     0.52128     1.17335    10.52749
     7.83443    12.14819     0.53074     1.19043    10.42702
     7.83633    12.03524     0.53776     1.20213    10.29536
     7.83824    11.88441     0.54224     1.20824    10.13393
     7.84014    11.69731     0.54413     1.20866     9.94451
     7.84205    11.47603     0.54341     1.20335     9.72927
     7.84395    11.22315     0.54010     1.19237     9.49067
     7.84586    10.94165     0.53426     1.17584     9.23154
     7.84776    10.63495     0.52599     1.15398     8.95498
     7.84967    10.30680     0.51542     1.12705     8.66433
     7.85157     9.96128     0.50272     1.09541     8.36315
     7.85348     9.60267     0.48808     1.05946     8.05514
     7.85538     9.23545     0.47171     1.01965     7.74409
     7.85729     8.86417     0.45386     0.97648     7.43383
     7.85919     8.49339     0.43477     0.93048     7.12815
     7.86110     8.12759     0.41470     0.88217     6.83072
     7.86300     7.77108     0.39392     0.83210     6.54505
     7.86491     7.42794     0.37268     0.78083     6.27443
     7.86681     7.10194     0.35124     0.72887     6.02183
     7.86872     6.79644     0.32983     0.67674     5.78987
     7.87062     6.51437     0.30867     0.62491     5.58078
     7.87253     6.25815     0.28798     0.57382     5.39635
     7.87443     6.02967     0.26793     0.52387     5.23787
     7.87634     5.83024     0.24867     0.47542     5.10615
     7.87824     5.66062     0.23035     0.42876     5.00151
     7.88015     5.52095     0.21306     0.38415     4.92374
     7.88205     5.41081     0.19687     0.34179     4.87215
     7.88395     5.32926     0.18185     0.30184     4.84557
     7.88586     5.27484     0.16802     0.26441     4.84240
     7.88776     5.24561     0.15538     0.22957     4.86066
     7.88967     5.23927     0.14391     0.19734     4.89801
     7.89157     5.25316     0.13359     0.16772     4.95185
     7.89348     5.28438     0.12435     0.14067     5.01937
     7.89538     5.32985     0.11613     0.11612     5.09760
     7.89729     5.38637     0.10886     0.09398     5.18353
     7.89919     5.45076     0.10245     0.07416     5.27415
     7.90110     5.51989     0.09681     0.05654     5.36654
     7.90300     5.59076     0.09185     0.04098     5.45792
     7.90491     5.66060     0.08749     0.02736     5.54575
     7.90681     5.72691     0.08363     0.01554     5.62774
     7.90872     5.78753     0.08018     0.00538     5.70196
     7.91062     5.84065     0.07707    -0.00324     5.76682
     7.91253     5.88488     0.07421    -0.01048     5.82114
     7.91443     5.91926     0.07156    -0.01644     5.86414
     7.91634     5.94324     0.06903    -0.02126     5.89547
     7.91824     5.95671     0.06659    -0.02505     5.91516
     7.92015     5.95995     0.06420    -0.02792     5.92367
     7.92205     5.95363     0.06181    -0.02997     5.92178
     7.92396     5.93872     0.05942    -0.03130     5.91061
     7.92586     5.91651     0.05698    -0.03201     5.89153
     7.92777     5.88847     0.05451    -0.03216     5.86613
     7.92967     5.85628     0.05199    -0.03185     5.83614
     7.93157     5.82166     0.04943    -0.03115     5.80338
     7.93348     5.78642     0.04682    -0.03011     5.76970
     7.93538     5.75230     0.04419    -0.02880     5.73690
     7.93729     5.72094     0.04155    -0.02727     5.70667
     7.93919     5.69388     0.03890    -0.02558     5.68056
     7.94110     5.67242     0.03627    -0.02377     5.65992
     7.94300     5.65765     0.03367    -0.02189     5.64587
     7.94491     5.65040     0.03111    -0.01995     5.63924
     7.94681     5.65123     0.02863    -0.01801     5.64061
     7.94872     5.66041     0.02622    -0.01609     5.65028
     7.95062     5.67795     0.02390    -0.01421     5.66825
     7.95253     5.70358     0.02168    -0.01239     5.69428
     7.95443     5.73681     0.01958    -0.01065     5.72788
     7.95634     5.77694     0.01760    -0.00900     5.76835
     7.95824     5.82311     0.01574    -0.00746     5.81483
     7.96015     5.87432     0.01402    -0.00604     5.86634
     7.96205     5.92950     0.01242    -0.00473     5.92181
     7.96396     5.98754     0.01095    -0.00355     5.98014
     7.96586     6.04734     0.00961    -0.00249     6.04022
     7.96777     6.10786     0.00839    -0.00155     6.10102
     7.96967     6.16811     0.00729    -0.00073     6.16155
     7.97158     6.22723     0.00630    -0.00003     6.22096
     7.97348     6.28449     0.00542     0.00056     6.27850
     7.97539     6.33928     0.00464     0.00105     6.33359
     7.97729     6.39116     0.00396     0.00143     6.38576
     7.97919     6.43980     0.00336     0.00173     6.43471
     7.98110     6.48501     0.00283     0.00194     6.48024
     7.98300     6.52672     0.00238     0.00207     6.52227
     7.98491     6.56490     0.00199     0.00214     6.56077
     7.98681     6.59960     0.00165     0.00215     6.59580
     7.98872     6.63087     0.00137     0.00210     6.62740
     7.99062     6.65876     0.00113     0.00201     6.65562
     7.99253     6.68326     0.00092     0.00189     6.68045
     7.99443     6.70428     0.00075     0.00173     6.70180
     7.99634     6.72163     0.00061     0.00155     6.71947
     7.99824     6.73500     0.00049     0.00135     6.73316
     8.00015     6.74396     0.00040     0.00114     6.74242
     8.00205     6.74790     0.00032     0.00093     6.74666
     8.00396     6.74613     0.00025     0.00071     6.74517
     8.00586     6.73781     0.00020     0.00049     6.73712
     8.00777     6.72199     0.00016     0.00028     6.72156
     8.00967     6.69766     0.00012     0.00007     6.69747
     8.01158     6.66378     0.00010    -0.00012     6.66381
     8.01348     6.61927     0.00007    -0.00031     6.61950
     8.01539     6.56311     0.00006    -0.00047     6.56353
     8.01729     6.49435     0.00004    -0.00063     6.49493
     8.01920     6.41215     0.00003    -0.00076     6.41288
     8.02110     6.31583     0.00003    -0.00088     6.31668
     8.02301     6.20490     0.00002    -0.00098     6.20586
     8.02491     6.07907     0.00001    -0.00107     6.08013
     8.02681     5.93832     0.00001    -0.00113     5.93945
     8.02872     5.78286     0.00001    -0.00119     5.78404
     8.03062     5.61317     0.00001    -0.00122     5.61438
     8.03253     5.42998     0.00000    -0.00124     5.43121
     8.03443     5.23428     0.00000    -0.00125     5.23553
     8.03634     5.02729     0.00000    -0.00125     5.02854
     8.03824     4.81046     0.00000    -0.00123     4.81169
     8.04015     4.58539     0.00000    -0.00121     4.58660
     8.04205     4.35385     0.00000    -0.00117     4.35502
     8.04396     4.11772     0.00000    -0.00113     4.11884
     8.04586     3.87893     0.00000    -0.00108     3.88001
     8.04777     3.63948     0.00000    -0.00103     3.64051
     8.04967     3.40135     0.00000    -0.00097     3.40232
     8.05158     3.16647     0.00000    -0.00091     3.16737
     8.05348     2.93671     0.00000    -0.00084     2.93755
     8.05539     2.71384     0.00000    -0.00078     2.71462
     8.05729     2.49950     0.00000    -0.00071     2.50022
     8.05920     2.29520     0.00000    -0.00065     2.29585
     8.06110     2.10229     0.00000    -0.00058     2.10287
     8.06301     1.92194     0.00000    -0.00052     1.92246
     8.06491     1.75517     0.00000    -0.00046     1.75563
     8.06682     1.60284     0.00000    -0.00039     1.60323
     8.06872     1.46561     0.00000    -0.00033     1.46595
     8.07062     1.34403     0.00000    -0.00028     1.34431
     8.07253     1.23848     0.00000    -0.00022     1.23870
     8.07443     1.14921     0.00000    -0.00016     1.14937
     8.07634     1.07633    -0.00000    -0.00010     1.07643
     8.07824     1.01986    -0.00000    -0.00005     1.01991
     8.08015     0.97971    -0.00000     0.00001     0.97970
     8.08205     0.95567    -0.00000     0.00007     0.95561
     8.08396     0.94748    -0.00000     0.00012     0.94736
     8.08586     0.95475    -0.00000     0.00018     0.95457
     8.08777     0.97705    -0.00000     0.00024     0.97681
     8.08967     1.01384    -0.00000     0.00030     1.01354
     8.09158     1.06449    -0.00000     0.00036     1.06413
     8.09348     1.12830     0.00000     0.00043     1.12788
     8.09539     1.20448     0.00000     0.00049     1.20399
     8.09729     1.29213     0.00000     0.00056     1.29157
     8.09920     1.39025     0.00000     0.00063     1.38962
     8.10110     1.49774     0.00000     0.00070     1.49704
     8.10301     1.61340     0.00000     0.00078     1.61263
     8.10491     1.73593     0.00000     0.00085     1.73508
     8.10682     1.86391     0.00000     0.00093     1.86298
     8.10872     1.99585     0.00000     0.00100     1.99484
     8.11063     2.13015     0.00000     0.00108     2.12907
     8.11253     2.26518     0.00000     0.00116     2.26402
     8.11444     2.39921     0.00000     0.00123     2.39798
     8.11634     2.53051     0.00000     0.00130     2.52921
     8.11824     2.65735     0.00000     0.00137     2.65598
     8.12015     2.77799     0.00000     0.00143     2.77656
     8.12205     2.89077     0.00000     0.00149     2.88927
     8.12396     2.99407     0.00000     0.00155     2.99252
     8.12586     3.08642     0.00000     0.00160     3.08482
     8.12777     3.16646     0.00000     0.00164     3.16481
     8.12967     3.23298     0.00000     0.00168     3.23131
     8.13158     3.28500     0.00000     0.00170     3.28330
     8.13348     3.32171     0.00000     0.00172     3.31999
     8.13539     3.34254     0.00000     0.00173     3.34081
     8.13729     3.34716     0.00000     0.00174     3.34542
     8.13920     3.33547     0.00000     0.00173     3.33374
     8.14110     3.30763     0.00000     0.00172     3.30591
     8.14301     3.26402     0.00000     0.00169     3.26233
     8.14491     3.20528     0.00000     0.00166     3.20362
     8.14682     3.13223     0.00000     0.00163     3.13060
     8.14872     3.04590     0.00000     0.00158     3.04432
     8.15063     2.94748     0.00000     0.00153     2.94595
     8.15253     2.83830     0.00000     0.00147     2.83683
     8.15444     2.71982     0.00000     0.00141     2.71841
     8.15634     2.59355     0.00000     0.00135     2.59220
     8.15825     2.46105     0.00000     0.00128     2.45977
     8.16015     2.32391     0.00000     0.00121     2.32270
     8.16206     2.18369     0.00000     0.00113     2.18255
     8.16396     2.04189     0.00000     0.00106     2.04083
     8.16586     1.89998     0.00000     0.00099     1.89899
     8.16777     1.75928     0.00000     0.00091     1.75837
     8.16967     1.62104     0.00000     0.00084     1.62020
     8.17158     1.48637    -0.00000     0.00077     1.48560
     8.17348     1.35622    -0.00000     0.00070     1.35551
     8.17539     1.23142    -0.00000     0.00064     1.23078
     8.17729     1.11263    -0.00000     0.00058     1.11206
     8.17920     1.00040    -0.00000     0.00052     0.99988
     8.18110     0.89508    -0.00000     0.00046     0.89462
     8.18301     0.79694    -0.00000     0.00041     0.79653
     8.18491     0.70609    -0.00000     0.00037     0.70573
     8.18682     0.62254    -0.00000     0.00032     0.62222
     8.18872     0.54620    -0.00000     0.00028     0.54592
     8.19063     0.47687    -0.00000     0.00025     0.47663
     8.19253     0.41431    -0.00000     0.00022     0.41410
     8.19444     0.35820    -0.00000     0.00019     0.35802
     8.19634     0.30818    -0.00000     0.00016     0.30802
     8.19825     0.26385    -0.00000     0.00014     0.26371
     8.20015     0.22480    -0.00000     0.00012     0.22468
     8.20206     0.19059    -0.00000     0.00010     0.19050
     8.20396     0.16082    -0.00000     0.00009     0.16073
     8.20587     0.13504    -0.00000     0.00007     0.13497
     8.20777     0.11286    -0.00000     0.00006     0.11280
     8.20968     0.09388    -0.00001     0.00006     0.09383
     8.21158     0.07775    -0.00001     0.00005     0.07771
     8.21348     0.06412    -0.00001     0.00005     0.06408
     8.21539     0.05268    -0.00002     0.00005     0.05265
     8.21729     0.04316    -0.00002     0.00005     0.04313
     8.21920     0.03530    -0.00003     0.00005     0.03527
     8.22110     0.02888    -0.00004     0.00006     0.02886
     8.22301     0.02371    -0.00005     0.00007     0.02369
     8.22491     0.01963    -0.00007     0.00009     0.01961
     8.22682     0.01651    -0.00009     0.00011     0.01649
     8.22872     0.01425    -0.00012     0.00015     0.01423
     8.23063     0.01278    -0.00016     0.00019     0.01275
     8.23253     0.01203    -0.00021     0.00024     0.01199
     8.23444     0.01200    -0.00027     0.00031     0.01195
     8.23634     0.01268    -0.00034     0.00040     0.01262
     8.23825     0.01413    -0.00044     0.00052     0.01405
     8.24015     0.01639    -0.00056     0.00066     0.01629
     8.24206     0.01957    -0.00071     0.00085     0.01944
     8.24396     0.02380    -0.00090     0.00107     0.02362
     8.24587     0.02924    -0.00113     0.00136     0.02901
     8.24777     0.03609    -0.00141     0.00170     0.03580
     8.24968     0.04460    -0.00175     0.00213     0.04422
     8.25158     0.05505    -0.00217     0.00265     0.05456
     8.25349     0.06777    -0.00267     0.00329     0.06715
     8.25539     0.08315    -0.00327     0.00405     0.08236
     8.25730     0.10160    -0.00398     0.00498     0.10061
     8.25920     0.12362    -0.00483     0.00608     0.12236
     8.26110     0.14973    -0.00583     0.00740     0.14816
     8.26301     0.18053    -0.00700     0.00896     0.17857
     8.26491     0.21665    -0.00836     0.01080     0.21421
     8.26682     0.25877    -0.00993     0.01296     0.25575
     8.26872     0.30762    -0.01175     0.01548     0.30390
     8.27063     0.36398    -0.01382     0.01840     0.35940
     8.27253     0.42861    -0.01618     0.02178     0.42302
     8.27444     0.50235    -0.01885     0.02566     0.49553
     8.27634     0.58598    -0.02184     0.03010     0.57773
     8.27825     0.68032    -0.02519     0.03514     0.67036
     8.28015     0.78613    -0.02889     0.04085     0.77417
     8.28206     0.90412    -0.03297     0.04727     0.88982
     8.28396     1.03495    -0.03744     0.05447     1.01792
     8.28587     1.17915    -0.04229     0.06247     1.15897
     8.28777     1.33717    -0.04753     0.07134     1.31337
     8.28968     1.50930    -0.05314     0.08111     1.48133
     8.29158     1.69566    -0.05910     0.09181     1.66295
     8.29349     1.89617    -0.06540     0.10347     1.85810
     8.29539     2.11058    -0.07198     0.11610     2.06646
     8.29730     2.33838    -0.07881     0.12971     2.28748
     8.29920     2.57882    -0.08583     0.14428     2.52037
     8.30111     2.83090    -0.09299     0.15980     2.76409
     8.30301     3.09338    -0.10021     0.17623     3.01735
     8.30492     3.36473    -0.10740     0.19352     3.27862
     8.30682     3.64320    -0.11450     0.21159     3.54611
     8.30872     3.92678    -0.12140     0.23037     3.81781
     8.31063     4.21324    -0.12802     0.24975     4.09150
     8.31253     4.50016    -0.13425     0.26961     4.36480
     8.31444     4.78496    -0.14001     0.28982     4.63515
     8.31634     5.06494    -0.14519     0.31023     4.89990
     8.31825     5.33729    -0.14971     0.33068     5.15632
     8.32015     5.59918    -0.15350     0.35100     5.40167
     8.32206     5.84779    -0.15646     0.37101     5.63325
     8.32396     6.08036    -0.15855     0.39051     5.84840
     8.32587     6.29425    -0.15971     0.40932     6.04464
     8.32777     6.48696    -0.15990     0.42724     6.21962
     8.32968     6.65623    -0.15911     0.44409     6.37126
     8.33158     6.80004    -0.15733     0.45968     6.49770
     8.33349     6.91667    -0.15457     0.47382     6.59742
     8.33539     7.00474    -0.15086     0.48637     6.66923
     8.33730     7.06320    -0.14625     0.49717     6.71228
     8.33920     7.09140    -0.14080     0.50609     6.72611
     8.34111     7.08908    -0.13457     0.51302     6.71064
     8.34301     7.05637    -0.12767     0.51787     6.66616
     8.34492     6.99376    -0.12017     0.52058     6.59335
     8.34682     6.90215    -0.11219     0.52111     6.49323
     8.34873     6.78278    -0.10385     0.51946     6.36717
     8.35063     6.63720    -0.09524     0.51563     6.21681
     8.35253     6.46727    -0.08649     0.50968     6.04408
     8.35444     6.27510    -0.07771     0.50166     5.85114
     8.35634     6.06299    -0.06900     0.49169     5.64030
     8.35825     5.83344    -0.06046     0.47987     5.41403
     8.36015     5.58902    -0.05220     0.46635     5.17488
     8.36206     5.33242    -0.04429     0.45127     4.92544
     8.36396     5.06632    -0.03680     0.43481     4.66831
     8.36587     4.79339    -0.02979     0.41716     4.40603
     8.36777     4.51623    -0.02331     0.39850     4.14104
     8.36968     4.23734    -0.01739     0.37903     3.87571
     8.37158     3.95910    -0.01206     0.35895     3.61221
     8.37349     3.68371    -0.00732     0.33846     3.35257
     8.37539     3.41318    -0.00318     0.31775     3.09861
     8.37730     3.14933     0.00039     0.29700     2.85194
     8.37920     2.89374     0.00340     0.27638     2.61396
     8.38111     2.64780     0.00587     0.25607     2.38585
     8.38301     2.41262     0.00786     0.23620     2.16857
     8.38492     2.18914     0.00938     0.21690     1.96285
     8.38682     1.97802     0.01049     0.19830     1.76923
     8.38873     1.77976     0.01123     0.18048     1.58804
     8.39063     1.59463     0.01165     0.16353     1.41945
     8.39254     1.42274     0.01179     0.14751     1.26344
     8.39444     1.26400     0.01170     0.13245     1.11985
     8.39635     1.11822     0.01141     0.11840     0.98842
     8.39825     0.98505     0.01097     0.10535     0.86873
     8.40015     0.86405     0.01042     0.09332     0.76031
     8.40206     0.75467     0.00977     0.08228     0.66261
     8.40396     0.65631     0.00908     0.07222     0.57501
     8.40587     0.56832     0.00835     0.06310     0.49687
     8.40777     0.49000     0.00761     0.05488     0.42752
     8.40968     0.42065     0.00688     0.04750     0.36627
     8.41158     0.35955     0.00616     0.04093     0.31245
     8.41349     0.30599     0.00548     0.03511     0.26540
     8.41539     0.25927     0.00484     0.02997     0.22446
     8.41730     0.21872     0.00424     0.02547     0.18901
     8.41920     0.18371     0.00369     0.02154     0.15848
     8.42111     0.15362     0.00319     0.01813     0.13230
     8.42301     0.12791     0.00274     0.01519     0.10997
     8.42492     0.10603     0.00234     0.01267     0.09102
     8.42682     0.08752     0.00199     0.01051     0.07502
     8.42873     0.07194     0.00168     0.00869     0.06157
     8.43063     0.05889     0.00140     0.00714     0.05034
     8.43254     0.04803     0.00117     0.00584     0.04102
     8.43444     0.03905     0.00097     0.00476     0.03332
     8.43635     0.03167     0.00080     0.00386     0.02701
     8.43825     0.02566     0.00065     0.00311     0.02189
     8.44016     0.02081     0.00053     0.00250     0.01778
     8.44206     0.01697     0.00043     0.00200     0.01454
     8.44397     0.01397     0.00035     0.00159     0.01204
     8.44587     0.01172     0.00028     0.00126     0.01019
     8.44777     0.01012     0.00022     0.00099     0.00891
     8.44968     0.00911     0.00017     0.00078     0.00816
     8.45158     0.00865     0.00014     0.00061     0.00791
     8.45349     0.00873     0.00011     0.00048     0.00814
     8.45539     0.00933     0.00008     0.00037     0.00888
     8.45730     0.01050     0.00007     0.00029     0.01014
     8.45920     0.01228     0.00005     0.00023     0.01200
     8.46111     0.01475     0.00004     0.00019     0.01453
     8.46301     0.01801     0.00003     0.00015     0.01783
     8.46492     0.02219     0.00002     0.00013     0.02204
     8.46682     0.02745     0.00002     0.00012     0.02731
     8.46873     0.03397     0.00001     0.00012     0.03384
     8.47063     0.04200     0.00001     0.00013     0.04186
     8.47254     0.05179     0.00001     0.00015     0.05163
     8.47444     0.06366     0.00001     0.00018     0.06347
     8.47635     0.07796     0.00000     0.00022     0.07774
     8.47825     0.09511     0.00000     0.00027     0.09484
     8.48016     0.11557     0.00000     0.00034     0.11522
     8.48206     0.13984     0.00000     0.00044     0.13941
     8.48397     0.16852     0.00000     0.00055     0.16797
     8.48587     0.20224     0.00000     0.00069     0.20154
     8.48778     0.24169     0.00000     0.00087     0.24082
     8.48968     0.28766     0.00000     0.00109     0.28657
     8.49159     0.34096     0.00000     0.00137     0.33959
     8.49349     0.40248     0.00000     0.00170     0.40078
     8.49539     0.47317     0.00000     0.00210     0.47107
     8.49730     0.55403     0.00000     0.00259     0.55144
     8.49920     0.64609     0.00000     0.00318     0.64291
     8.50111     0.75044     0.00000     0.00388     0.74656
     8.50301     0.86816     0.00000     0.00472     0.86344
     8.50492     1.00038     0.00000     0.00571     0.99467
     8.50682     1.14819     0.00000     0.00688     1.14130
     8.50873     1.31266     0.00000     0.00826     1.30440
     8.51063     1.49483     0.00000     0.00986     1.48497
     8.51254     1.69565     0.00000     0.01171     1.68393
     8.51444     1.91598     0.00000     0.01386     1.90212
     8.51635     2.15656     0.00000     0.01632     2.14024
     8.51825     2.41798     0.00000     0.01912     2.39886
     8.52016     2.70065     0.00000     0.02231     2.67835
     8.52206     3.00477     0.00000     0.02590     2.97887
     8.52397     3.33029     0.00000     0.02993     3.30036
     8.52587     3.67691     0.00000     0.03442     3.64249
     8.52778     4.04402     0.00000     0.03940     4.00462
     8.52968     4.43072     0.00000     0.04489     4.38583
     8.53159     4.83575     0.00000     0.05090     4.78486
     8.53349     5.25752     0.00000     0.05744     5.20008
     8.53540     5.69407     0.00000     0.06451     5.62956
     8.53730     6.14309     0.00000     0.07211     6.07098
     8.53921     6.60192     0.00000     0.08022     6.52171
     8.54111     7.06756     0.00000     0.08881     6.97875
     8.54301     7.53668     0.00000     0.09786     7.43883
     8.54492     8.00570     0.00000     0.10731     7.89839
     8.54682     8.47077     0.00000     0.11711     8.35366
     8.54873     8.92787     0.00000     0.12719     8.80068
     8.55063     9.37282     0.00000     0.13748     9.23534
     8.55254     9.80142     0.00000     0.14789     9.65353
     8.55444    10.20943     0.00000     0.15832    10.05111
     8.55635    10.59272     0.00000     0.16867    10.42406
     8.55825    10.94734     0.00000     0.17883    10.76851
     8.56016    11.26958     0.00000     0.18869    11.08088
     8.56206    11.55604     0.00000     0.19814    11.35790
     8.56397    11.80378     0.00000     0.20707    11.59671
     8.56587    12.01030     0.00000     0.21535    11.79495
     8.56778    12.17369     0.00000     0.22289    11.95080
     8.56968    12.29262     0.00000     0.22958    12.06304
     8.57159    12.36642     0.00000     0.23533    12.13108
     8.57349    12.39510     0.00001     0.24007    12.15502
     8.57540    12.37936     0.00001     0.24373    12.13562
     8.57730    12.32061     0.00001     0.24626    12.07433
     8.57921    12.22090     0.00002     0.24763    11.97325
     8.58111    12.08293     0.00002     0.24781    11.83509
     8.58302    11.90998     0.00003     0.24682    11.66313
     8.58492    11.70584     0.00004     0.24466    11.46114
     8.58682    11.47473     0.00005     0.24137    11.23331
     8.58873    11.22122     0.00007     0.23701    10.98413
     8.59063    10.95008     0.00010     0.23164    10.71833
     8.59254    10.66623     0.00013     0.22535    10.44075
     8.59444    10.37460     0.00018     0.21822    10.15621
     8.59635    10.08002     0.00023     0.21036     9.86942
     8.59825     9.78709     0.00031     0.20189     9.58489
     8.60016     9.50013     0.00041     0.19292     9.30680
     8.60206     9.22304     0.00053     0.18358     9.03892
     8.60397     8.95922     0.00069     0.17400     8.78452
     8.60587     8.71153     0.00089     0.16431     8.54633
     8.60778     8.48224     0.00115     0.15462     8.32647
     8.60968     8.27295     0.00147     0.14507     8.12641
     8.61159     8.08464     0.00188     0.13578     7.94698
     8.61349     7.91761     0.00238     0.12687     7.78836
     8.61540     7.77154     0.00301     0.11845     7.65008
     8.61730     7.64553     0.00378     0.11064     7.53111
     8.61921     7.53812     0.00473     0.10354     7.42985
     8.62111     7.44739     0.00588     0.09726     7.34425
     8.62302     7.37101     0.00728     0.09190     7.27183
     8.62492     7.30637     0.00897     0.08757     7.20982
     8.62683     7.25060     0.01100     0.08438     7.15522
     8.62873     7.20073     0.01343     0.08242     7.10488
     8.63064     7.15377     0.01630     0.08181     7.05565
     8.63254     7.10676     0.01970     0.08266     7.00440
     8.63444     7.05694     0.02368     0.08509     6.94816
     8.63635     7.00172     0.02834     0.08922     6.88416
     8.63825     6.93886     0.03374     0.09518     6.80994
     8.64016     6.86642     0.03998     0.10309     6.72335
     8.64206     6.78291     0.04714     0.11309     6.62268
     8.64397     6.68722     0.05531     0.12532     6.50659
     8.64587     6.57871     0.06458     0.13991     6.37422
     8.64778     6.45717     0.07503     0.15699     6.22515
     8.64968     6.32280     0.08675     0.17668     6.05937
     8.65159     6.17624     0.09980     0.19910     5.87734
     8.65349     6.01846     0.11427     0.22433     5.67987
     8.65540     5.85078     0.13018     0.25245     5.46815
     8.65730     5.67477     0.14759     0.28350     5.24367
     8.65921     5.49220     0.16652     0.31750     5.00818
     8.66111     5.30499     0.18694     0.35443     4.76361
     8.66302     5.11513     0.20885     0.39422     4.51206
     8.66492     4.92463     0.23219     0.43675     4.25569
     8.66683     4.73544     0.25687     0.48186     3.99671
     8.66873     4.54943     0.28278     0.52935     3.73730
     8.67064     4.36827     0.30979     0.57892     3.47956
     8.67254     4.19347     0.33772     0.63026     3.22548
     8.67445     4.02628     0.36637     0.68299     2.97692
     8.67635     3.86771     0.39551     0.73667     2.73553
     8.67826     3.71847     0.42487     0.79081     2.50279
     8.68016     3.57901     0.45418     0.84490     2.27992
     8.68206     3.44949     0.48315     0.89837     2.06797
     8.68397     3.32981     0.51145     0.95064     1.86772
     8.68587     3.21961     0.53876     1.00110     1.67975
     8.68778     3.11831     0.56475     1.04914     1.50442
     8.68968     3.02515     0.58910     1.09417     1.34188
     8.69159     2.93922     0.61151     1.13559     1.19212
     8.69349     2.85946     0.63166     1.17286     1.05494
     8.69540     2.78478     0.64928     1.20547     0.93003
     8.69730     2.71401     0.66414     1.23295     0.81692
     8.69921     2.64602     0.67602     1.25493     0.71507
     8.70111     2.57970     0.68474     1.27109     0.62387
     8.70302     2.51400     0.69019     1.28118     0.54263
     8.70492     2.44801     0.69229     1.28508     0.47064
     8.70683     2.38090     0.69099     1.28273     0.40718
     8.70873     2.31201     0.68634     1.27416     0.35152
     8.71064     2.24083     0.67838     1.25951     0.30293
     8.71254     2.16700     0.66725     1.23901     0.26074
     8.71445     2.09033     0.65309     1.21296     0.22427
     8.71635     2.01079     0.63612     1.18175     0.19292
     8.71826     1.92852     0.61658     1.14583     0.16611
     8.72016     1.84378     0.59472     1.10573     0.14333
     8.72207     1.75696     0.57085     1.06200     0.12410
     8.72397     1.66857     0.54529     1.01526     0.10803
     8.72588     1.57921     0.51834     0.96612     0.09475
     8.72778     1.48954     0.49035     0.91523     0.08396
     8.72968     1.40028     0.46165     0.86323     0.07541
     8.73159     1.31220     0.43255     0.81075     0.06890
     8.73349     1.22607     0.40336     0.75842     0.06429
     8.73540     1.14265     0.37437     0.70681     0.06147
     8.73730     1.06273     0.34585     0.65648     0.06039
     8.73921     0.98702     0.31805     0.60793     0.06103
     8.74111     0.91625     0.29118     0.56163     0.06343
     8.74302     0.85107     0.26543     0.51799     0.06765
     8.74492     0.79211     0.24095     0.47737     0.07379
     8.74683     0.73995     0.21786     0.44007     0.08202
     8.74873     0.69512     0.19627     0.40635     0.09250
     8.75064     0.65810     0.17624     0.37640     0.10546
     8.75254     0.62935     0.15781     0.35038     0.12116
     8.75445     0.60926     0.14099     0.32839     0.13988
     8.75635     0.59822     0.12579     0.31048     0.16194
     8.75826     0.59655     0.11217     0.29667     0.18772
     8.76016     0.60459     0.10009     0.28692     0.21758
     8.76207     0.62263     0.08950     0.28118     0.25195
     8.76397     0.65093     0.08031     0.27934     0.29128
     8.76588     0.68976     0.07246     0.28126     0.33603
     8.76778     0.73935     0.06586     0.28680     0.38669
     8.76969     0.79991     0.06041     0.29574     0.44376
     8.77159     0.87166     0.05603     0.30787     0.50776
     8.77350     0.95474     0.05261     0.32294     0.57920
     8.77540     1.04930     0.05006     0.34067     0.65858
     8.77730     1.15544     0.04828     0.36077     0.74639
     8.77921     1.27321     0.04718     0.38292     0.84311
     8.78111     1.40260     0.04668     0.40678     0.94914
     8.78302     1.54354     0.04667     0.43200     1.06487
     8.78492     1.69587     0.04707     0.45819     1.19060
     8.78683     1.85936     0.04782     0.48499     1.32655
     8.78873     2.03366     0.04882     0.51200     1.47284
     8.79064     2.21831     0.05000     0.53883     1.62948
     8.79254     2.41275     0.05131     0.56509     1.79636
     8.79445     2.61625     0.05267     0.59039     1.97320
     8.79635     2.82796     0.05403     0.61436     2.15957
     8.79826     3.04687     0.05533     0.63665     2.35489
     8.80016     3.27184     0.05654     0.65693     2.55837
     8.80207     3.50155     0.05760     0.67490     2.76904
     8.80397     3.73453     0.05849     0.69029     2.98574
     8.80588     3.96917     0.05917     0.70288     3.20712
     8.80778     4.20372     0.05962     0.71247     3.43163
     8.80969     4.43630     0.05983     0.71892     3.65755
     8.81159     4.66493     0.05977     0.72215     3.88301
     8.81350     4.88752     0.05944     0.72211     4.10597
     8.81540     5.10193     0.05885     0.71880     4.32429
     8.81731     5.30600     0.05799     0.71227     4.53575
     8.81921     5.49754     0.05687     0.70262     4.73806
     8.82112     5.67443     0.05551     0.68999     4.92893
     8.82302     5.83458     0.05392     0.67456     5.10609
     8.82492     5.97604     0.05213     0.65655     5.26736
     8.82683     6.09699     0.05015     0.63619     5.41065
     8.82873     6.19582     0.04802     0.61376     5.53404
     8.83064     6.27112     0.04575     0.58953     5.63584
     8.83254     6.32174     0.04338     0.56380     5.71456
     8.83445     6.34682     0.04093     0.53688     5.76902
     8.83635     6.34581     0.03843     0.50905     5.79832
     8.83826     6.31846     0.03591     0.48063     5.80193
     8.84016     6.26490     0.03339     0.45188     5.77962
     8.84207     6.18555     0.03089     0.42309     5.73156
     8.84397     6.08119     0.02844     0.39450     5.65825
     8.84588     5.95292     0.02606     0.36633     5.56053
     8.84778     5.80214     0.02376     0.33880     5.43958
     8.84969     5.63054     0.02156     0.31208     5.29689
     8.85159     5.44002     0.01947     0.28633     5.13422
     8.85350     5.23273     0.01749     0.26168     4.95356
     8.85540     5.01095     0.01564     0.23821     4.75711
     8.85731     4.77711     0.01391     0.21602     4.54718
     8.85921     4.53369     0.01232     0.19514     4.32623
     8.86112     4.28322     0.01085     0.17562     4.09674
     8.86302     4.02819     0.00951     0.15746     3.86121
     8.86493     3.77104     0.00830     0.14066     3.62208
     8.86683     3.51411     0.00721     0.12519     3.38171
     8.86873     3.25959     0.00623     0.11102     3.14235
     8.87064     3.00953     0.00535     0.09809     2.90608
     8.87254     2.76575     0.00458     0.08636     2.67481
     8.87445     2.52987     0.00390     0.07576     2.45021
     8.87635     2.30329     0.00330     0.06623     2.23376
     8.87826     2.08718     0.00278     0.05770     2.02670
     8.88016     1.88245     0.00234     0.05008     1.83003
     8.88207     1.68980     0.00195     0.04332     1.64452
     8.88397     1.50969     0.00162     0.03734     1.47073
     8.88588     1.34239     0.00134     0.03208     1.30897
     8.88778     1.18797     0.00110     0.02746     1.15941
     8.88969     1.04630     0.00090     0.02342     1.02198
     8.89159     0.91714     0.00073     0.01991     0.89650
     8.89350     0.80009     0.00060     0.01686     0.78263
     8.89540     0.69463     0.00048     0.01423     0.67992
     8.89731     0.60019     0.00039     0.01197     0.58783
     8.89921     0.51610     0.00031     0.01003     0.50576
     8.90112     0.44166     0.00024     0.00837     0.43304
     8.90302     0.37614     0.00019     0.00697     0.36898
     8.90493     0.31879     0.00015     0.00577     0.31287
     8.90683     0.26889     0.00012     0.00477     0.26400
     8.90874     0.22571     0.00009     0.00392     0.22169
     8.91064     0.18854     0.00007     0.00321     0.18525
     8.91255     0.15673     0.00006     0.00262     0.15405
     8.91445     0.12966     0.00004     0.00213     0.12749
     8.91635     0.10675     0.00003     0.00173     0.10499
     8.91826     0.08746     0.00002     0.00140     0.08604
     8.92016     0.07131     0.00002     0.00112     0.07017
     8.92207     0.05786     0.00001     0.00090     0.05694
     8.92397     0.04671     0.00001     0.00072     0.04599
     8.92588     0.03753     0.00001     0.00057     0.03696
     8.92778     0.03001     0.00001     0.00045     0.02956
     8.92969     0.02388     0.00000     0.00035     0.02352
     8.93159     0.01891     0.00000     0.00028     0.01863
     8.93350     0.01490     0.00000     0.00022     0.01468
     8.93540     0.01169     0.00000     0.00017     0.01152
     8.93731     0.00912     0.00000     0.00013     0.00899
     8.93921     0.00708     0.00000     0.00010     0.00698
     8.94112     0.00547     0.00000     0.00008     0.00539
     8.94302     0.00421     0.00000     0.00006     0.00415
     8.94493     0.00322     0.00000     0.00004     0.00318
     8.94683     0.00245     0.00000     0.00003     0.00242
     8.94874     0.00186     0.00000     0.00003     0.00183
     8.95064     0.00140     0.00000     0.00002     0.00138
     8.95255     0.00105     0.00000     0.00001     0.00104
     8.95445     0.00079     0.00000     0.00001     0.00077
     8.95636     0.00058     0.00000     0.00001     0.00058
     8.95826     0.00043     0.00000     0.00001     0.00043
     8.96017     0.00032     0.00000     0.00000     0.00031
     8.96207     0.00023     0.00000     0.00000     0.00023
     8.96397     0.00017     0.00000     0.00000     0.00017
     8.96588     0.00012     0.00000     0.00000     0.00012
     8.96778     0.00009     0.00000     0.00000     0.00009
     8.96969     0.00006     0.00000     0.00000     0.00006
     8.97159     0.00005     0.00000     0.00000     0.00004
     8.97350     0.00003     0.00000     0.00000     0.00003
     8.97540     0.00002     0.00000     0.00000     0.00002
     8.97731     0.00002     0.00000     0.00000     0.00002
     8.97921     0.00001     0.00000     0.00000     0.00001
     8.98112     0.00001     0.00000     0.00000     0.00001
     8.98302     0.00001     0.00000     0.00000     0.00001
     8.98493     0.00000     0.00000     0.00000     0.00000
     8.98683     0.00000     0.00000     0.00000     0.00000
     8.98874     0.00000     0.00000     0.00000     0.00000
     8.99064     0.00000     0.00000     0.00000     0.00000
     8.99255     0.00000     0.00000     0.00000     0.00000
     8.99445     0.00000     0.00000     0.00000     0.00000
     8.99636     0.00000     0.00000     0.00000     0.00000
     8.99826     0.00000     0.00000     0.00000     0.00000
     9.00017     0.00000     0.00000     0.00000     0.00000
     9.00207     0.00000     0.00000     0.00000     0.00000
     9.00398     0.00000     0.00000     0.00000     0.00000
     9.00588     0.00000     0.00000     0.00000     0.00000
     9.00779     0.00000     0.00000     0.00000     0.00000
     9.00969     0.00000     0.00000     0.00000     0.00000
     9.01159     0.00000     0.00000     0.00000     0.00000
     9.01350     0.00000     0.00000     0.00000     0.00000
     9.01540     0.00000     0.00000     0.00000     0.00000
     9.01731     0.00000     0.00000     0.00000     0.00000
     9.01921     0.00000     0.00000     0.00000     0.00000
     9.02112     0.00000     0.00000     0.00000     0.00000
     9.02302     0.00000     0.00000     0.00000     0.00000
     9.02493     0.00000     0.00000     0.00000     0.00000
     9.02683     0.00000     0.00000     0.00000     0.00000
     9.02874     0.00000     0.00000     0.00000     0.00000
     9.03064     0.00000     0.00000     0.00000     0.00000
     9.03255     0.00000     0.00000     0.00000     0.00000
     9.03445     0.00000     0.00000     0.00000     0.00000
     9.03636     0.00000     0.00000     0.00000     0.00000
     9.03826     0.00000     0.00000     0.00000     0.00000
     9.04017     0.00000     0.00000     0.00000     0.00000
     9.04207     0.00000     0.00000     0.00000     0.00000
     9.04398     0.00000     0.00000     0.00000     0.00000
     9.04588     0.00000     0.00000     0.00000     0.00000
     9.04779     0.00000     0.00000     0.00000     0.00000
     9.04969     0.00000     0.00000     0.00000     0.00000
     9.05160     0.00000     0.00000     0.00000     0.00000
     9.05350     0.00000     0.00000     0.00000     0.00000
     9.05541     0.00000     0.00000     0.00000     0.00000
     9.05731     0.00000     0.00000     0.00000     0.00000
     9.05921     0.00000     0.00000     0.00000     0.00000
     9.06112     0.00000     0.00000     0.00000     0.00000
     9.06302     0.00000     0.00000     0.00000     0.00000
     9.06493     0.00000     0.00000     0.00000     0.00000
     9.06683     0.00000     0.00000     0.00000     0.00000
     9.06874     0.00000     0.00000     0.00000     0.00000
     9.07064     0.00000     0.00000     0.00000     0.00000
     9.07255     0.00000     0.00000     0.00000     0.00000
     9.07445     0.00000     0.00000     0.00000     0.00000
     9.07636     0.00000     0.00000     0.00000     0.00000
     9.07826     0.00000     0.00000     0.00000     0.00000
     9.08017     0.00000     0.00000     0.00000     0.00000
     9.08207     0.00000     0.00000     0.00000     0.00000
     9.08398     0.00000     0.00000     0.00000     0.00000
     9.08588     0.00000     0.00000     0.00000     0.00000
     9.08779     0.00000     0.00000     0.00000     0.00000
     9.08969     0.00000     0.00000     0.00000     0.00000
     9.09160     0.00000     0.00000     0.00000     0.00000
     9.09350     0.00000     0.00000     0.00000     0.00000
     9.09541     0.00000     0.00000     0.00000     0.00000
     9.09731     0.00000     0.00000     0.00000     0.00000
     9.09922     0.00000     0.00000     0.00000     0.00000
     9.10112     0.00000     0.00000     0.00000     0.00000
     9.10302     0.00000     0.00000     0.00000     0.00000
     9.10493     0.00000     0.00000     0.00000     0.00000
     9.10683     0.00000     0.00000     0.00000     0.00000
     9.10874     0.00000     0.00000     0.00000     0.00000
     9.11064     0.00000     0.00000     0.00000     0.00000
     9.11255     0.00000     0.00000     0.00000     0.00000
     9.11445     0.00000     0.00000     0.00000     0.00000
     9.11636     0.00000     0.00000     0.00000     0.00000
     9.11826     0.00000     0.00000     0.00000     0.00000
     9.12017     0.00000     0.00000     0.00000     0.00000
     9.12207     0.00000     0.00000     0.00000     0.00000
     9.12398     0.00000     0.00000     0.00000     0.00000
     9.12588     0.00000     0.00000     0.00000     0.00000
     9.12779     0.00000     0.00000     0.00000     0.00000
     9.12969     0.00000     0.00000     0.00000     0.00000
     9.13160     0.00000     0.00000     0.00000     0.00000
     9.13350     0.00000     0.00000     0.00000     0.00000
     9.13541     0.00000     0.00000     0.00000     0.00000
     9.13731     0.00000     0.00000     0.00000     0.00000
     9.13922     0.00000     0.00000     0.00000     0.00000
     9.14112     0.00000     0.00000     0.00000     0.00000
     9.14303     0.00000     0.00000     0.00000     0.00000
     9.14493     0.00000     0.00000     0.00000     0.00000
     9.14684     0.00000     0.00000     0.00000     0.00000
     9.14874     0.00000     0.00000     0.00000     0.00000
     9.15064     0.00000     0.00000     0.00000     0.00000
     9.15255     0.00000     0.00000     0.00000     0.00000
     9.15445     0.00000     0.00000     0.00000     0.00000
     9.15636     0.00000     0.00000     0.00000     0.00000
     9.15826     0.00000     0.00000     0.00000     0.00000
     9.16017     0.00000     0.00000     0.00000     0.00000
     9.16207     0.00000     0.00000     0.00000     0.00000
     9.16398     0.00000     0.00000     0.00000     0.00000
     9.16588     0.00000     0.00000     0.00000     0.00000
     9.16779     0.00000     0.00000     0.00000     0.00000
     9.16969     0.00000     0.00000     0.00000     0.00000
     9.17160     0.00000     0.00000     0.00000     0.00000
     9.17350     0.00000     0.00000     0.00000     0.00000
     9.17541     0.00000     0.00000     0.00000     0.00000
     9.17731     0.00000     0.00000     0.00000     0.00000
     9.17922     0.00000     0.00000     0.00000     0.00000
     9.18112     0.00000     0.00000     0.00000     0.00000
     9.18303     0.00000     0.00000     0.00000     0.00000
     9.18493     0.00000     0.00000     0.00000     0.00000
     9.18684     0.00000     0.00000     0.00000     0.00000
     9.18874     0.00000     0.00000     0.00000     0.00000
     9.19065     0.00000     0.00000     0.00000     0.00000
     9.19255     0.00000     0.00000     0.00000     0.00000
     9.19446     0.00000     0.00000     0.00000     0.00000
     9.19636     0.00000     0.00000     0.00000     0.00000
     9.19826     0.00000     0.00000     0.00000     0.00000
     9.20017     0.00000     0.00000     0.00000     0.00000
     9.20207     0.00000     0.00000     0.00000     0.00000
     9.20398     0.00000     0.00000     0.00000     0.00000
     9.20588     0.00000     0.00000     0.00000     0.00000
     9.20779     0.00000     0.00000     0.00000     0.00000
     9.20969     0.00000     0.00000     0.00000     0.00000
     9.21160     0.00000     0.00000     0.00000     0.00000
     9.21350     0.00000     0.00000     0.00000     0.00000
     9.21541     0.00000     0.00000     0.00000     0.00000
     9.21731     0.00000     0.00000     0.00000     0.00000
     9.21922     0.00000     0.00000     0.00000     0.00000
     9.22112     0.00000     0.00000     0.00000     0.00000
     9.22303     0.00000     0.00000     0.00000     0.00000
     9.22493     0.00000     0.00000     0.00000     0.00000
     9.22684     0.00000     0.00000     0.00000     0.00000
     9.22874     0.00000     0.00000     0.00000     0.00000
     9.23065     0.00000     0.00000     0.00000     0.00000
     9.23255     0.00000     0.00000     0.00000     0.00000
     9.23446     0.00000     0.00000     0.00000     0.00000
     9.23636     0.00000     0.00000     0.00000     0.00000
     9.23827     0.00000     0.00000     0.00000     0.00000
     9.24017     0.00000     0.00000     0.00000     0.00000
     9.24208     0.00000     0.00000     0.00000     0.00000
     9.24398     0.00000     0.00000     0.00000     0.00000
     9.24588     0.00000     0.00000     0.00000     0.00000
     9.24779     0.00000     0.00000     0.00000     0.00000
     9.24969     0.00000     0.00000     0.00000     0.00000
     9.25160     0.00000     0.00000     0.00000     0.00000
     9.25350     0.00000     0.00000     0.00000     0.00000
     9.25541     0.00000     0.00000     0.00000     0.00000
     9.25731     0.00000     0.00000     0.00000     0.00000
     9.25922     0.00000     0.00000     0.00000     0.00000
     9.26112     0.00001     0.00000     0.00000     0.00000
     9.26303     0.00001     0.00000     0.00000     0.00000
     9.26493     0.00001     0.00001     0.00001     0.00000
     9.26684     0.00002     0.00001     0.00001     0.00000
     9.26874     0.00003     0.00001     0.00001     0.00000
     9.27065     0.00004     0.00002     0.00002     0.00001
     9.27255     0.00006     0.00002     0.00003     0.00001
     9.27446     0.00008     0.00003     0.00004     0.00001
     9.27636     0.00011     0.00004     0.00005     0.00002
     9.27827     0.00015     0.00006     0.00007     0.00002
     9.28017     0.00021     0.00008     0.00010     0.00003
     9.28208     0.00029     0.00011     0.00013     0.00004
     9.28398     0.00039     0.00015     0.00018     0.00006
     9.28589     0.00053     0.00020     0.00025     0.00008
     9.28779     0.00071     0.00028     0.00033     0.00010
     9.28970     0.00095     0.00037     0.00044     0.00014
     9.29160     0.00127     0.00049     0.00059     0.00019
     9.29350     0.00169     0.00066     0.00079     0.00025
     9.29541     0.00224     0.00087     0.00104     0.00033
     9.29731     0.00294     0.00114     0.00137     0.00043
     9.29922     0.00386     0.00150     0.00180     0.00056
     9.30112     0.00502     0.00195     0.00234     0.00073
     9.30303     0.00652     0.00253     0.00303     0.00095
     9.30493     0.00841     0.00326     0.00392     0.00123
     9.30684     0.01080     0.00419     0.00503     0.00158
     9.30874     0.01380     0.00536     0.00642     0.00202
     9.31065     0.01754     0.00681     0.00817     0.00256
     9.31255     0.02220     0.00862     0.01034     0.00324
     9.31446     0.02795     0.01085     0.01302     0.00408
     9.31636     0.03502     0.01359     0.01631     0.00512
     9.31827     0.04367     0.01695     0.02034     0.00638
     9.32017     0.05418     0.02103     0.02523     0.00792
     9.32208     0.06690     0.02597     0.03116     0.00977
     9.32398     0.08220     0.03191     0.03828     0.01201
     9.32589     0.10051     0.03902     0.04681     0.01468
     9.32779     0.12229     0.04747     0.05695     0.01787
     9.32970     0.14807     0.05748     0.06896     0.02163
     9.33160     0.17840     0.06925     0.08308     0.02606
     9.33351     0.21390     0.08303     0.09962     0.03125
     9.33541     0.25520     0.09907     0.11885     0.03728
     9.33731     0.30299     0.11762     0.14111     0.04427
     9.33922     0.35798     0.13896     0.16672     0.05230
     9.34112     0.42087     0.16338     0.19601     0.06149
     9.34303     0.49240     0.19114     0.22932     0.07194
     9.34493     0.57327     0.22253     0.26698     0.08375
     9.34684     0.66415     0.25781     0.30931     0.09703
     9.34874     0.76569     0.29723     0.35659     0.11187
     9.35065     0.87843     0.34099     0.40910     0.12834
     9.35255     1.00284     0.38929     0.46704     0.14651
     9.35446     1.13928     0.44225     0.53058     0.16645
     9.35636     1.28796     0.49996     0.59982     0.18817
     9.35827     1.44892     0.56244     0.67479     0.21169
     9.36017     1.62203     0.62964     0.75541     0.23698
     9.36208     1.80694     0.70142     0.84153     0.26399
     9.36398     2.00310     0.77757     0.93288     0.29265
     9.36589     2.20970     0.85777     1.02910     0.32283
     9.36779     2.42569     0.94161     1.12969     0.35439
     9.36970     2.64977     1.02860     1.23405     0.38713
     9.37160     2.88041     1.11813     1.34146     0.42083
     9.37351     3.11582     1.20951     1.45110     0.45522
     9.37541     3.35400     1.30196     1.56202     0.49002
     9.37732     3.59273     1.39464     1.67320     0.52490
     9.37922     3.82965     1.48660     1.78354     0.55951
     9.38113     4.06223     1.57689     1.89185     0.59349
     9.38303     4.28788     1.66448     1.99694     0.62646
     9.38493     4.50394     1.74835     2.09756     0.65802
     9.38684     4.70776     1.82747     2.19249     0.68780
     9.38874     4.89675     1.90083     2.28050     0.71541
     9.39065     5.06843     1.96748     2.36046     0.74049
     9.39255     5.22048     2.02650     2.43127     0.76271
     9.39446     5.35082     2.07710     2.49197     0.78175
     9.39636     5.45760     2.11855     2.54170     0.79735
     9.39827     5.53931     2.15026     2.57976     0.80929
     9.40017     5.59475     2.17179     2.60558     0.81739
     9.40208     5.62313     2.18280     2.61879     0.82153
     9.40398     5.62403     2.18315     2.61921     0.82167
     9.40589     5.59743     2.17283     2.60683     0.81778
     9.40779     5.54373     2.15198     2.58182     0.80993
     9.40970     5.46370     2.12092     2.54455     0.79824
     9.41160     5.35851     2.08008     2.49556     0.78287
     9.41351     5.22966     2.03006     2.43555     0.76405
     9.41541     5.07896     1.97156     2.36536     0.74203
     9.41732     4.90849     1.90539     2.28597     0.71713
     9.41922     4.72055     1.83244     2.19845     0.68967
     9.42113     4.51762     1.75366     2.10394     0.66002
     9.42303     4.30228     1.67007     2.00365     0.62856
     9.42494     4.07717     1.58269     1.89881     0.59567
     9.42684     3.84496     1.49255     1.79067     0.56175
     9.42875     3.60825     1.40066     1.68043     0.52716
     9.43065     3.36956     1.30801     1.56927     0.49229
     9.43255     3.13128     1.21551     1.45830     0.45748
     9.43446     2.89563     1.12403     1.34855     0.42305
     9.43636     2.66462     1.03436     1.24096     0.38930
     9.43827     2.44006     0.94719     1.13638     0.35649
     9.44017     2.22350     0.86312     1.03552     0.32485
     9.44208     2.01625     0.78267     0.93901     0.29457
     9.44398     1.81939     0.70626     0.84732     0.26581
     9.44589     1.63372     0.63418     0.76085     0.23869
     9.44779     1.45983     0.56668     0.67987     0.21328
     9.44970     1.29807     0.50389     0.60454     0.18965
     9.45160     1.14859     0.44586     0.53492     0.16781
     9.45351     1.01136     0.39259     0.47101     0.14776
     9.45541     0.88617     0.34400     0.41271     0.12947
     9.45732     0.77269     0.29994     0.35985     0.11289
     9.45922     0.67044     0.26025     0.31224     0.09795
     9.46113     0.57888     0.22471     0.26959     0.08457
     9.46303     0.49738     0.19307     0.23164     0.07267
     9.46494     0.42526     0.16508     0.19805     0.06213
     9.46684     0.36183     0.14046     0.16851     0.05286
     9.46875     0.30635     0.11892     0.14267     0.04476
     9.47065     0.25811     0.10019     0.12021     0.03771
     9.47256     0.21640     0.08400     0.10078     0.03162
     9.47446     0.18055     0.07009     0.08409     0.02638
     9.47637     0.14990     0.05819     0.06981     0.02190
     9.47827     0.12384     0.04807     0.05768     0.01809
     9.48017     0.10182     0.03952     0.04742     0.01488
     9.48208     0.08330     0.03234     0.03879     0.01217
     9.48398     0.06782     0.02633     0.03158     0.00991
     9.48589     0.05494     0.02133     0.02559     0.00803
     9.48779     0.04429     0.01719     0.02063     0.00647
     9.48970     0.03553     0.01379     0.01655     0.00519
     9.49160     0.02837     0.01101     0.01321     0.00414
     9.49351     0.02254     0.00875     0.01050     0.00329
     9.49541     0.01782     0.00692     0.00830     0.00260
     9.49732     0.01401     0.00544     0.00653     0.00205
     9.49922     0.01097     0.00426     0.00511     0.00160
     9.50113     0.00855     0.00332     0.00398     0.00125
     9.50303     0.00663     0.00257     0.00309     0.00097
     9.50494     0.00511     0.00198     0.00238     0.00075
     9.50684     0.00392     0.00152     0.00183     0.00057
     9.50875     0.00300     0.00116     0.00140     0.00044
     9.51065     0.00228     0.00088     0.00106     0.00033
     9.51256     0.00172     0.00067     0.00080     0.00025
     9.51446     0.00130     0.00050     0.00060     0.00019
     9.51637     0.00097     0.00038     0.00045     0.00014
     9.51827     0.00072     0.00028     0.00034     0.00011
     9.52018     0.00054     0.00021     0.00025     0.00008
     9.52208     0.00040     0.00015     0.00018     0.00006
     9.52399     0.00029     0.00011     0.00014     0.00004
&
