# Spin 1
# Original Fermi-level:     -8.54323 eV
# DOS shifted relative to Fermi-level
#  Energy (eV)     DOS (/eV)    Local iDOS
      -9.52399       0.00000       0.00000
      -9.52208       0.00000       0.00000
      -9.52018       0.00000       0.00000
      -9.51827       0.00000       0.00000
      -9.51637       0.00000       0.00000
      -9.51446       0.00000       0.00000
      -9.51256       0.00000       0.00000
      -9.51065       0.00000       0.00000
      -9.50875       0.00000       0.00000
      -9.50684       0.00000       0.00000
      -9.50494       0.00000       0.00000
      -9.50303       0.00000       0.00000
      -9.50113       0.00000       0.00000
      -9.49922       0.00000       0.00000
      -9.49732       0.00000       0.00000
      -9.49541       0.00000       0.00000
      -9.49351       0.00000       0.00000
      -9.49160       0.00000       0.00000
      -9.48970       0.00000       0.00000
      -9.48779       0.00000       0.00000
      -9.48589       0.00000       0.00000
      -9.48398       0.00000       0.00000
      -9.48208       0.00000       0.00000
      -9.48017       0.00000       0.00000
      -9.47827       0.00000       0.00000
      -9.47637       0.00000       0.00000
      -9.47446       0.00000       0.00000
      -9.47256       0.00000       0.00000
      -9.47065       0.00000       0.00000
      -9.46875       0.00000       0.00000
      -9.46684       0.00000       0.00000
      -9.46494       0.00000       0.00000
      -9.46303       0.00000       0.00000
      -9.46113       0.00000       0.00000
      -9.45922       0.00000       0.00000
      -9.45732       0.00000       0.00000
      -9.45541       0.00000       0.00000
      -9.45351       0.00000       0.00000
      -9.45160       0.00000       0.00000
      -9.44970       0.00000       0.00000
      -9.44779       0.00000       0.00000
      -9.44589       0.00000       0.00000
      -9.44398       0.00000       0.00000
      -9.44208       0.00000       0.00000
      -9.44017       0.00000       0.00000
      -9.43827       0.00000       0.00000
      -9.43636       0.00000       0.00000
      -9.43446       0.00000       0.00000
      -9.43255       0.00000       0.00000
      -9.43065       0.00000       0.00000
      -9.42875       0.00000       0.00000
      -9.42684       0.00000       0.00000
      -9.42494       0.00000       0.00000
      -9.42303       0.00000       0.00000
      -9.42113       0.00000       0.00000
      -9.41922       0.00000       0.00000
      -9.41732       0.00000       0.00000
      -9.41541       0.00000       0.00000
      -9.41351       0.00000       0.00000
      -9.41160       0.00000       0.00000
      -9.40970       0.00000       0.00000
      -9.40779       0.00000       0.00000
      -9.40589       0.00000       0.00000
      -9.40398       0.00000       0.00000
      -9.40208       0.00000       0.00000
      -9.40017       0.00000       0.00000
      -9.39827       0.00000       0.00000
      -9.39636       0.00000       0.00000
      -9.39446       0.00000       0.00000
      -9.39255       0.00000       0.00000
      -9.39065       0.00000       0.00000
      -9.38874       0.00000       0.00000
      -9.38684       0.00000       0.00000
      -9.38493       0.00000       0.00000
      -9.38303       0.00000       0.00000
      -9.38113       0.00000       0.00000
      -9.37922       0.00000       0.00000
      -9.37732       0.00000       0.00000
      -9.37541       0.00000       0.00000
      -9.37351       0.00000       0.00000
      -9.37160       0.00000       0.00000
      -9.36970       0.00000       0.00000
      -9.36779       0.00000       0.00000
      -9.36589       0.00000       0.00000
      -9.36398       0.00000       0.00000
      -9.36208       0.00000       0.00000
      -9.36017       0.00000       0.00000
      -9.35827       0.00000       0.00000
      -9.35636       0.00000       0.00000
      -9.35446       0.00000       0.00000
      -9.35255       0.00000       0.00000
      -9.35065       0.00000       0.00000
      -9.34874       0.00000       0.00000
      -9.34684       0.00000       0.00000
      -9.34493       0.00000       0.00000
      -9.34303       0.00000       0.00000
      -9.34112       0.00000       0.00000
      -9.33922       0.00000       0.00000
      -9.33731       0.00000       0.00000
      -9.33541       0.00000       0.00000
      -9.33351       0.00000       0.00000
      -9.33160       0.00000       0.00000
      -9.32970       0.00000       0.00000
      -9.32779       0.00000       0.00000
      -9.32589       0.00000       0.00000
      -9.32398       0.00000       0.00000
      -9.32208       0.00000       0.00000
      -9.32017       0.00000       0.00000
      -9.31827       0.00000       0.00000
      -9.31636       0.00000       0.00000
      -9.31446       0.00000       0.00000
      -9.31255       0.00000       0.00000
      -9.31065       0.00000       0.00000
      -9.30874       0.00000       0.00000
      -9.30684       0.00000       0.00000
      -9.30493       0.00000       0.00000
      -9.30303       0.00000       0.00000
      -9.30112       0.00000       0.00000
      -9.29922       0.00000       0.00000
      -9.29731       0.00000       0.00000
      -9.29541       0.00000       0.00000
      -9.29350       0.00000       0.00000
      -9.29160       0.00000       0.00000
      -9.28970       0.00000       0.00000
      -9.28779       0.00000       0.00000
      -9.28589       0.00000       0.00000
      -9.28398       0.00000       0.00000
      -9.28208       0.00000       0.00000
      -9.28017       0.00000       0.00000
      -9.27827       0.00000       0.00000
      -9.27636       0.00000       0.00000
      -9.27446       0.00000       0.00000
      -9.27255       0.00000       0.00000
      -9.27065       0.00000       0.00000
      -9.26874       0.00000       0.00000
      -9.26684       0.00000       0.00000
      -9.26493       0.00000       0.00000
      -9.26303       0.00000       0.00000
      -9.26112       0.00000       0.00000
      -9.25922       0.00000       0.00000
      -9.25731       0.00000       0.00000
      -9.25541       0.00000       0.00000
      -9.25350       0.00000       0.00000
      -9.25160       0.00000       0.00000
      -9.24969       0.00000       0.00000
      -9.24779       0.00000       0.00000
      -9.24588       0.00000       0.00000
      -9.24398       0.00000       0.00000
      -9.24208       0.00000       0.00000
      -9.24017       0.00000       0.00000
      -9.23827       0.00000       0.00000
      -9.23636       0.00000       0.00000
      -9.23446       0.00000       0.00000
      -9.23255       0.00000       0.00000
      -9.23065       0.00000       0.00000
      -9.22874       0.00000       0.00000
      -9.22684       0.00000       0.00000
      -9.22493       0.00000       0.00000
      -9.22303       0.00000       0.00000
      -9.22112       0.00000       0.00000
      -9.21922       0.00000       0.00000
      -9.21731       0.00000       0.00000
      -9.21541       0.00000       0.00000
      -9.21350       0.00000       0.00000
      -9.21160       0.00000       0.00000
      -9.20969       0.00000       0.00000
      -9.20779       0.00000       0.00000
      -9.20588       0.00000       0.00000
      -9.20398       0.00000       0.00000
      -9.20207       0.00000       0.00000
      -9.20017       0.00000       0.00000
      -9.19826       0.00000       0.00000
      -9.19636       0.00000       0.00000
      -9.19446       0.00000       0.00000
      -9.19255       0.00000       0.00000
      -9.19065       0.00000       0.00000
      -9.18874       0.00000       0.00000
      -9.18684       0.00000       0.00000
      -9.18493       0.00000       0.00000
      -9.18303       0.00000       0.00000
      -9.18112       0.00000       0.00000
      -9.17922       0.00000       0.00000
      -9.17731       0.00000       0.00000
      -9.17541       0.00000       0.00000
      -9.17350       0.00000       0.00000
      -9.17160       0.00000       0.00000
      -9.16969       0.00000       0.00000
      -9.16779       0.00000       0.00000
      -9.16588       0.00000       0.00000
      -9.16398       0.00000       0.00000
      -9.16207       0.00000       0.00000
      -9.16017       0.00000       0.00000
      -9.15826       0.00000       0.00000
      -9.15636       0.00000       0.00000
      -9.15445       0.00000       0.00000
      -9.15255       0.00000       0.00000
      -9.15064       0.00000       0.00000
      -9.14874       0.00000       0.00000
      -9.14684       0.00000       0.00000
      -9.14493       0.00000       0.00000
      -9.14303       0.00000       0.00000
      -9.14112       0.00000       0.00000
      -9.13922       0.00000       0.00000
      -9.13731       0.00000       0.00000
      -9.13541       0.00000       0.00000
      -9.13350       0.00000       0.00000
      -9.13160       0.00000       0.00000
      -9.12969       0.00000       0.00000
      -9.12779       0.00000       0.00000
      -9.12588       0.00000       0.00000
      -9.12398       0.00000       0.00000
      -9.12207       0.00000       0.00000
      -9.12017       0.00000       0.00000
      -9.11826       0.00000       0.00000
      -9.11636       0.00000       0.00000
      -9.11445       0.00000       0.00000
      -9.11255       0.00000       0.00000
      -9.11064       0.00000       0.00000
      -9.10874       0.00000       0.00000
      -9.10683       0.00000       0.00000
      -9.10493       0.00000       0.00000
      -9.10302       0.00000       0.00000
      -9.10112       0.00000       0.00000
      -9.09922       0.00000       0.00000
      -9.09731       0.00000       0.00000
      -9.09541       0.00000       0.00000
      -9.09350       0.00000       0.00000
      -9.09160       0.00000       0.00000
      -9.08969       0.00000       0.00000
      -9.08779       0.00000       0.00000
      -9.08588       0.00000       0.00000
      -9.08398       0.00000       0.00000
      -9.08207       0.00000       0.00000
      -9.08017       0.00000       0.00000
      -9.07826       0.00000       0.00000
      -9.07636       0.00000       0.00000
      -9.07445       0.00000       0.00000
      -9.07255       0.00000       0.00000
      -9.07064       0.00000       0.00000
      -9.06874       0.00000       0.00000
      -9.06683       0.00000       0.00000
      -9.06493       0.00000       0.00000
      -9.06302       0.00000       0.00000
      -9.06112       0.00000       0.00000
      -9.05921       0.00000       0.00000
      -9.05731       0.00000       0.00000
      -9.05541       0.00000       0.00000
      -9.05350       0.00000       0.00000
      -9.05160       0.00000       0.00000
      -9.04969       0.00000       0.00000
      -9.04779       0.00000       0.00000
      -9.04588       0.00000       0.00000
      -9.04398       0.00000       0.00000
      -9.04207       0.00000       0.00000
      -9.04017       0.00000       0.00000
      -9.03826       0.00000       0.00000
      -9.03636       0.00000       0.00000
      -9.03445       0.00000       0.00000
      -9.03255       0.00000       0.00000
      -9.03064       0.00000       0.00000
      -9.02874       0.00000       0.00000
      -9.02683       0.00000       0.00000
      -9.02493       0.00000       0.00000
      -9.02302       0.00000       0.00000
      -9.02112       0.00000       0.00000
      -9.01921       0.00000       0.00000
      -9.01731       0.00000       0.00000
      -9.01540       0.00000       0.00000
      -9.01350       0.00000       0.00000
      -9.01159       0.00000       0.00000
      -9.00969       0.00000       0.00000
      -9.00779       0.00000       0.00000
      -9.00588       0.00000       0.00000
      -9.00398       0.00000       0.00000
      -9.00207       0.00000       0.00000
      -9.00017       0.00000       0.00000
      -8.99826       0.00000       0.00000
      -8.99636       0.00000       0.00000
      -8.99445       0.00000       0.00000
      -8.99255       0.00000       0.00000
      -8.99064       0.00000       0.00000
      -8.98874       0.00000       0.00000
      -8.98683       0.00000       0.00000
      -8.98493       0.00000       0.00000
      -8.98302       0.00000       0.00000
      -8.98112       0.00000       0.00000
      -8.97921       0.00000       0.00000
      -8.97731       0.00000       0.00000
      -8.97540       0.00000       0.00000
      -8.97350       0.00000       0.00000
      -8.97159       0.00000       0.00000
      -8.96969       0.00000       0.00000
      -8.96778       0.00000       0.00000
      -8.96588       0.00000       0.00000
      -8.96397       0.00000       0.00000
      -8.96207       0.00000       0.00000
      -8.96017       0.00000       0.00000
      -8.95826       0.00000       0.00000
      -8.95636       0.00000       0.00000
      -8.95445       0.00000       0.00000
      -8.95255       0.00000       0.00000
      -8.95064       0.00000       0.00000
      -8.94874       0.00000       0.00000
      -8.94683       0.00000       0.00000
      -8.94493       0.00000       0.00000
      -8.94302       0.00000       0.00000
      -8.94112       0.00000       0.00000
      -8.93921       0.00000       0.00000
      -8.93731       0.00000       0.00000
      -8.93540       0.00000       0.00000
      -8.93350       0.00000       0.00000
      -8.93159       0.00000       0.00000
      -8.92969       0.00000       0.00000
      -8.92778       0.00000       0.00000
      -8.92588       0.00000       0.00000
      -8.92397       0.00000       0.00000
      -8.92207       0.00000       0.00000
      -8.92016       0.00000       0.00000
      -8.91826       0.00000       0.00000
      -8.91635       0.00000       0.00000
      -8.91445       0.00000       0.00000
      -8.91255       0.00000       0.00000
      -8.91064       0.00000       0.00000
      -8.90874       0.00000       0.00000
      -8.90683       0.00000       0.00000
      -8.90493       0.00000       0.00000
      -8.90302       0.00000       0.00000
      -8.90112       0.00000       0.00000
      -8.89921       0.00000       0.00000
      -8.89731       0.00000       0.00000
      -8.89540       0.00000       0.00000
      -8.89350       0.00000       0.00000
      -8.89159       0.00000       0.00000
      -8.88969       0.00000       0.00000
      -8.88778       0.00000       0.00000
      -8.88588       0.00000       0.00000
      -8.88397       0.00000       0.00000
      -8.88207       0.00000       0.00000
      -8.88016       0.00000       0.00000
      -8.87826       0.00000       0.00000
      -8.87635       0.00000       0.00000
      -8.87445       0.00000       0.00000
      -8.87254       0.00000       0.00000
      -8.87064       0.00000       0.00000
      -8.86873       0.00000       0.00000
      -8.86683       0.00000       0.00000
      -8.86493       0.00000       0.00000
      -8.86302       0.00000       0.00000
      -8.86112       0.00000       0.00000
      -8.85921       0.00000       0.00000
      -8.85731       0.00000       0.00000
      -8.85540       0.00000       0.00000
      -8.85350       0.00000       0.00000
      -8.85159       0.00000       0.00000
      -8.84969       0.00000       0.00000
      -8.84778       0.00000       0.00000
      -8.84588       0.00000       0.00000
      -8.84397       0.00000       0.00000
      -8.84207       0.00000       0.00000
      -8.84016       0.00000       0.00000
      -8.83826       0.00000       0.00000
      -8.83635       0.00000       0.00000
      -8.83445       0.00000       0.00000
      -8.83254       0.00000       0.00000
      -8.83064       0.00000       0.00000
      -8.82873       0.00000       0.00000
      -8.82683       0.00000       0.00000
      -8.82492       0.00000       0.00000
      -8.82302       0.00000       0.00000
      -8.82112       0.00000       0.00000
      -8.81921       0.00000       0.00000
      -8.81731       0.00000       0.00000
      -8.81540       0.00000       0.00000
      -8.81350       0.00000       0.00000
      -8.81159       0.00000       0.00000
      -8.80969       0.00000       0.00000
      -8.80778       0.00000       0.00000
      -8.80588       0.00000       0.00000
      -8.80397       0.00000       0.00000
      -8.80207       0.00000       0.00000
      -8.80016       0.00000       0.00000
      -8.79826       0.00000       0.00000
      -8.79635       0.00000       0.00000
      -8.79445       0.00000       0.00000
      -8.79254       0.00000       0.00000
      -8.79064       0.00000       0.00000
      -8.78873       0.00000       0.00000
      -8.78683       0.00000       0.00000
      -8.78492       0.00000       0.00000
      -8.78302       0.00000       0.00000
      -8.78111       0.00000       0.00000
      -8.77921       0.00000       0.00000
      -8.77730       0.00000       0.00000
      -8.77540       0.00000       0.00000
      -8.77350       0.00000       0.00000
      -8.77159       0.00000       0.00000
      -8.76969       0.00000       0.00000
      -8.76778       0.00000       0.00000
      -8.76588       0.00000       0.00000
      -8.76397       0.00000       0.00000
      -8.76207       0.00000       0.00000
      -8.76016       0.00000       0.00000
      -8.75826       0.00000       0.00000
      -8.75635       0.00000       0.00000
      -8.75445       0.00000       0.00000
      -8.75254       0.00000       0.00000
      -8.75064       0.00000       0.00000
      -8.74873       0.00000       0.00000
      -8.74683       0.00000       0.00000
      -8.74492       0.00000       0.00000
      -8.74302       0.00000       0.00000
      -8.74111       0.00000       0.00000
      -8.73921       0.00000       0.00000
      -8.73730       0.00000       0.00000
      -8.73540       0.00000       0.00000
      -8.73349       0.00000       0.00000
      -8.73159       0.00000       0.00000
      -8.72968       0.00000       0.00000
      -8.72778       0.00000       0.00000
      -8.72588       0.00000       0.00000
      -8.72397       0.00000       0.00000
      -8.72207       0.00000       0.00000
      -8.72016       0.00000       0.00000
      -8.71826       0.00000       0.00000
      -8.71635       0.00000       0.00000
      -8.71445       0.00000       0.00000
      -8.71254       0.00000       0.00000
      -8.71064       0.00000       0.00000
      -8.70873       0.00000       0.00000
      -8.70683       0.00000       0.00000
      -8.70492       0.00000       0.00000
      -8.70302       0.00000       0.00000
      -8.70111       0.00000       0.00000
      -8.69921       0.00000       0.00000
      -8.69730       0.00000       0.00000
      -8.69540       0.00000       0.00000
      -8.69349       0.00000       0.00000
      -8.69159       0.00000       0.00000
      -8.68968       0.00000       0.00000
      -8.68778       0.00000       0.00000
      -8.68587       0.00000       0.00000
      -8.68397       0.00000       0.00000
      -8.68206       0.00000       0.00000
      -8.68016       0.00000       0.00000
      -8.67826       0.00000       0.00000
      -8.67635       0.00000       0.00000
      -8.67445       0.00000       0.00000
      -8.67254       0.00000       0.00000
      -8.67064       0.00000       0.00000
      -8.66873       0.00000       0.00000
      -8.66683       0.00000       0.00000
      -8.66492       0.00000       0.00000
      -8.66302       0.00000       0.00000
      -8.66111       0.00000       0.00000
      -8.65921       0.00000       0.00000
      -8.65730       0.00000       0.00000
      -8.65540       0.00000       0.00000
      -8.65349       0.00000       0.00000
      -8.65159       0.00000       0.00000
      -8.64968       0.00000       0.00000
      -8.64778       0.00000       0.00000
      -8.64587       0.00000       0.00000
      -8.64397       0.00000       0.00000
      -8.64206       0.00000       0.00000
      -8.64016       0.00000       0.00000
      -8.63825       0.00000       0.00000
      -8.63635       0.00000       0.00000
      -8.63444       0.00000       0.00000
      -8.63254       0.00000       0.00000
      -8.63064       0.00000       0.00000
      -8.62873       0.00000       0.00000
      -8.62683       0.00000       0.00000
      -8.62492       0.00000       0.00000
      -8.62302       0.00000       0.00000
      -8.62111       0.00000       0.00000
      -8.61921       0.00000       0.00000
      -8.61730       0.00000       0.00000
      -8.61540       0.00000       0.00000
      -8.61349       0.00000       0.00000
      -8.61159       0.00000       0.00000
      -8.60968       0.00000       0.00000
      -8.60778       0.00000       0.00000
      -8.60587       0.00000       0.00000
      -8.60397       0.00000       0.00000
      -8.60206       0.00000       0.00000
      -8.60016       0.00000       0.00000
      -8.59825       0.00000       0.00000
      -8.59635       0.00000       0.00000
      -8.59444       0.00000       0.00000
      -8.59254       0.00000       0.00000
      -8.59063       0.00000       0.00000
      -8.58873       0.00000       0.00000
      -8.58682       0.00000       0.00000
      -8.58492       0.00000       0.00000
      -8.58302       0.00000       0.00000
      -8.58111       0.00000       0.00000
      -8.57921       0.00000       0.00000
      -8.57730       0.00000       0.00000
      -8.57540       0.00000       0.00000
      -8.57349       0.00000       0.00000
      -8.57159       0.00000       0.00000
      -8.56968       0.00000       0.00000
      -8.56778       0.00000       0.00000
      -8.56587       0.00000       0.00000
      -8.56397       0.00000       0.00000
      -8.56206       0.00000       0.00000
      -8.56016       0.00000       0.00000
      -8.55825       0.00000       0.00000
      -8.55635       0.00000       0.00000
      -8.55444       0.00000       0.00000
      -8.55254       0.00000       0.00000
      -8.55063       0.00000       0.00000
      -8.54873       0.00000       0.00000
      -8.54682       0.00000       0.00000
      -8.54492       0.00000       0.00000
      -8.54301       0.00000       0.00000
      -8.54111       0.00000       0.00000
      -8.53921       0.00000       0.00000
      -8.53730       0.00000       0.00000
      -8.53540       0.00000       0.00000
      -8.53349       0.00000       0.00000
      -8.53159       0.00000       0.00000
      -8.52968       0.00000       0.00000
      -8.52778       0.00000       0.00000
      -8.52587       0.00000       0.00000
      -8.52397       0.00000       0.00000
      -8.52206       0.00000       0.00000
      -8.52016       0.00000       0.00000
      -8.51825       0.00000       0.00000
      -8.51635       0.00000       0.00000
      -8.51444       0.00000       0.00000
      -8.51254       0.00000       0.00000
      -8.51063       0.00000       0.00000
      -8.50873       0.00000       0.00000
      -8.50682       0.00000       0.00000
      -8.50492       0.00000       0.00000
      -8.50301       0.00000       0.00000
      -8.50111       0.00000       0.00000
      -8.49920       0.00000       0.00000
      -8.49730       0.00000       0.00000
      -8.49539       0.00000       0.00000
      -8.49349       0.00000       0.00000
      -8.49159       0.00000       0.00000
      -8.48968       0.00000       0.00000
      -8.48778       0.00000       0.00000
      -8.48587       0.00000       0.00000
      -8.48397       0.00000       0.00000
      -8.48206       0.00000       0.00000
      -8.48016       0.00000       0.00000
      -8.47825       0.00000       0.00000
      -8.47635       0.00000       0.00000
      -8.47444       0.00000       0.00000
      -8.47254       0.00000       0.00000
      -8.47063       0.00000       0.00000
      -8.46873       0.00000       0.00000
      -8.46682       0.00000       0.00000
      -8.46492       0.00000       0.00000
      -8.46301       0.00000       0.00000
      -8.46111       0.00000       0.00000
      -8.45920       0.00000       0.00000
      -8.45730       0.00000       0.00000
      -8.45539       0.00000       0.00000
      -8.45349       0.00000       0.00000
      -8.45158       0.00000       0.00000
      -8.44968       0.00000       0.00000
      -8.44777       0.00000       0.00000
      -8.44587       0.00000       0.00000
      -8.44397       0.00000       0.00000
      -8.44206       0.00000       0.00000
      -8.44016       0.00000       0.00000
      -8.43825       0.00000       0.00000
      -8.43635       0.00000       0.00000
      -8.43444       0.00000       0.00000
      -8.43254       0.00000       0.00000
      -8.43063       0.00000       0.00000
      -8.42873       0.00000       0.00000
      -8.42682       0.00000       0.00000
      -8.42492       0.00000       0.00000
      -8.42301       0.00000       0.00000
      -8.42111       0.00000       0.00000
      -8.41920       0.00000       0.00000
      -8.41730       0.00000       0.00000
      -8.41539       0.00000       0.00000
      -8.41349       0.00000       0.00000
      -8.41158       0.00000       0.00000
      -8.40968       0.00000       0.00000
      -8.40777       0.00000       0.00000
      -8.40587       0.00000       0.00000
      -8.40396       0.00000       0.00000
      -8.40206       0.00000       0.00000
      -8.40015       0.00000       0.00000
      -8.39825       0.00000       0.00000
      -8.39635       0.00000       0.00000
      -8.39444       0.00000       0.00000
      -8.39254       0.00000       0.00000
      -8.39063       0.00000       0.00000
      -8.38873       0.00000       0.00000
      -8.38682       0.00000       0.00000
      -8.38492       0.00000       0.00000
      -8.38301       0.00000       0.00000
      -8.38111       0.00000       0.00000
      -8.37920       0.00000       0.00000
      -8.37730       0.00000       0.00000
      -8.37539       0.00000       0.00000
      -8.37349       0.00000       0.00000
      -8.37158       0.00000       0.00000
      -8.36968       0.00000       0.00000
      -8.36777       0.00000       0.00000
      -8.36587       0.00000       0.00000
      -8.36396       0.00000       0.00000
      -8.36206       0.00000       0.00000
      -8.36015       0.00000       0.00000
      -8.35825       0.00000       0.00000
      -8.35634       0.00000       0.00000
      -8.35444       0.00000       0.00000
      -8.35253       0.00000       0.00000
      -8.35063       0.00000       0.00000
      -8.34873       0.00000       0.00000
      -8.34682       0.00000       0.00000
      -8.34492       0.00000       0.00000
      -8.34301       0.00000       0.00000
      -8.34111       0.00000       0.00000
      -8.33920       0.00000       0.00000
      -8.33730       0.00000       0.00000
      -8.33539       0.00000       0.00000
      -8.33349       0.00000       0.00000
      -8.33158       0.00000       0.00000
      -8.32968       0.00000       0.00000
      -8.32777       0.00000       0.00000
      -8.32587       0.00000       0.00000
      -8.32396       0.00000       0.00000
      -8.32206       0.00000       0.00000
      -8.32015       0.00000       0.00000
      -8.31825       0.00000       0.00000
      -8.31634       0.00000       0.00000
      -8.31444       0.00000       0.00000
      -8.31253       0.00000       0.00000
      -8.31063       0.00000       0.00000
      -8.30872       0.00000       0.00000
      -8.30682       0.00000       0.00000
      -8.30492       0.00000       0.00000
      -8.30301       0.00000       0.00000
      -8.30111       0.00000       0.00000
      -8.29920       0.00000       0.00000
      -8.29730       0.00000       0.00000
      -8.29539       0.00000       0.00000
      -8.29349       0.00000       0.00000
      -8.29158       0.00000       0.00000
      -8.28968       0.00000       0.00000
      -8.28777       0.00000       0.00000
      -8.28587       0.00000       0.00000
      -8.28396       0.00000       0.00000
      -8.28206       0.00000       0.00000
      -8.28015       0.00000       0.00000
      -8.27825       0.00000       0.00000
      -8.27634       0.00000       0.00000
      -8.27444       0.00000       0.00000
      -8.27253       0.00000       0.00000
      -8.27063       0.00000       0.00000
      -8.26872       0.00000       0.00000
      -8.26682       0.00000       0.00000
      -8.26491       0.00000       0.00000
      -8.26301       0.00000       0.00000
      -8.26110       0.00000       0.00000
      -8.25920       0.00000       0.00000
      -8.25730       0.00000       0.00000
      -8.25539       0.00000       0.00000
      -8.25349       0.00000       0.00000
      -8.25158       0.00000       0.00000
      -8.24968       0.00000       0.00000
      -8.24777       0.00000       0.00000
      -8.24587       0.00000       0.00000
      -8.24396       0.00000       0.00000
      -8.24206       0.00000       0.00000
      -8.24015       0.00000       0.00000
      -8.23825       0.00000       0.00000
      -8.23634       0.00000       0.00000
      -8.23444       0.00000       0.00000
      -8.23253       0.00000       0.00000
      -8.23063       0.00000       0.00000
      -8.22872       0.00000       0.00000
      -8.22682       0.00000       0.00000
      -8.22491       0.00000       0.00000
      -8.22301       0.00000       0.00000
      -8.22110       0.00000       0.00000
      -8.21920       0.00000       0.00000
      -8.21729       0.00000       0.00000
      -8.21539       0.00000       0.00000
      -8.21348       0.00000       0.00000
      -8.21158       0.00000       0.00000
      -8.20968       0.00000       0.00000
      -8.20777       0.00000       0.00000
      -8.20587       0.00000       0.00000
      -8.20396       0.00000       0.00000
      -8.20206       0.00000       0.00000
      -8.20015       0.00000       0.00000
      -8.19825       0.00000       0.00000
      -8.19634       0.00000       0.00000
      -8.19444       0.00000       0.00000
      -8.19253       0.00000       0.00000
      -8.19063       0.00000       0.00000
      -8.18872       0.00000       0.00000
      -8.18682       0.00000       0.00000
      -8.18491       0.00000       0.00000
      -8.18301       0.00000       0.00000
      -8.18110       0.00000       0.00000
      -8.17920       0.00000       0.00000
      -8.17729       0.00000       0.00000
      -8.17539       0.00000       0.00000
      -8.17348       0.00000       0.00000
      -8.17158       0.00000       0.00000
      -8.16967       0.00000       0.00000
      -8.16777       0.00000       0.00000
      -8.16586       0.00000       0.00000
      -8.16396       0.00000       0.00000
      -8.16206       0.00000       0.00000
      -8.16015       0.00000       0.00000
      -8.15825       0.00000       0.00000
      -8.15634       0.00000       0.00000
      -8.15444       0.00000       0.00000
      -8.15253       0.00000       0.00000
      -8.15063       0.00000       0.00000
      -8.14872       0.00000       0.00000
      -8.14682       0.00000       0.00000
      -8.14491       0.00000       0.00000
      -8.14301       0.00000       0.00000
      -8.14110       0.00000       0.00000
      -8.13920       0.00000       0.00000
      -8.13729       0.00000       0.00000
      -8.13539       0.00000       0.00000
      -8.13348       0.00000       0.00000
      -8.13158       0.00000       0.00000
      -8.12967       0.00000       0.00000
      -8.12777       0.00000       0.00000
      -8.12586       0.00000       0.00000
      -8.12396       0.00000       0.00000
      -8.12205       0.00000       0.00000
      -8.12015       0.00000       0.00000
      -8.11824       0.00000       0.00000
      -8.11634       0.00000       0.00000
      -8.11444       0.00000       0.00000
      -8.11253       0.00000       0.00000
      -8.11063       0.00000       0.00000
      -8.10872       0.00000       0.00000
      -8.10682       0.00000       0.00000
      -8.10491       0.00000       0.00000
      -8.10301       0.00000       0.00000
      -8.10110       0.00000       0.00000
      -8.09920       0.00000       0.00000
      -8.09729       0.00000       0.00000
      -8.09539       0.00000       0.00000
      -8.09348       0.00000       0.00000
      -8.09158       0.00000       0.00000
      -8.08967       0.00000       0.00000
      -8.08777       0.00000       0.00000
      -8.08586       0.00000       0.00000
      -8.08396       0.00000       0.00000
      -8.08205       0.00000       0.00000
      -8.08015       0.00000       0.00000
      -8.07824       0.00000       0.00000
      -8.07634       0.00000       0.00000
      -8.07443       0.00000       0.00000
      -8.07253       0.00000       0.00000
      -8.07062       0.00000       0.00000
      -8.06872       0.00000       0.00000
      -8.06682       0.00000       0.00000
      -8.06491       0.00000       0.00000
      -8.06301       0.00000       0.00000
      -8.06110       0.00000       0.00000
      -8.05920       0.00000       0.00000
      -8.05729       0.00000       0.00000
      -8.05539       0.00000       0.00000
      -8.05348       0.00000       0.00000
      -8.05158       0.00000       0.00000
      -8.04967       0.00000       0.00000
      -8.04777       0.00000       0.00000
      -8.04586       0.00000       0.00000
      -8.04396       0.00000       0.00000
      -8.04205       0.00000       0.00000
      -8.04015       0.00000       0.00000
      -8.03824       0.00000       0.00000
      -8.03634       0.00000       0.00000
      -8.03443       0.00000       0.00000
      -8.03253       0.00000       0.00000
      -8.03062       0.00000       0.00000
      -8.02872       0.00000       0.00000
      -8.02681       0.00000       0.00000
      -8.02491       0.00000       0.00000
      -8.02301       0.00000       0.00000
      -8.02110       0.00000       0.00000
      -8.01920       0.00000       0.00000
      -8.01729       0.00000       0.00000
      -8.01539       0.00000       0.00000
      -8.01348       0.00000       0.00000
      -8.01158       0.00000       0.00000
      -8.00967       0.00000       0.00000
      -8.00777       0.00000       0.00000
      -8.00586       0.00000       0.00000
      -8.00396       0.00000       0.00000
      -8.00205       0.00000       0.00000
      -8.00015       0.00000       0.00000
      -7.99824       0.00000       0.00000
      -7.99634       0.00000       0.00000
      -7.99443       0.00000       0.00000
      -7.99253       0.00000       0.00000
      -7.99062       0.00000       0.00000
      -7.98872       0.00000       0.00000
      -7.98681       0.00000       0.00000
      -7.98491       0.00000       0.00000
      -7.98300       0.00000       0.00000
      -7.98110       0.00000       0.00000
      -7.97919       0.00000       0.00000
      -7.97729       0.00000       0.00000
      -7.97539       0.00000       0.00000
      -7.97348       0.00000       0.00000
      -7.97158       0.00000       0.00000
      -7.96967       0.00000       0.00000
      -7.96777       0.00000       0.00000
      -7.96586       0.00000       0.00000
      -7.96396       0.00000       0.00000
      -7.96205       0.00000       0.00000
      -7.96015       0.00000       0.00000
      -7.95824       0.00000       0.00000
      -7.95634       0.00000       0.00000
      -7.95443       0.00000       0.00000
      -7.95253       0.00000       0.00000
      -7.95062       0.00000       0.00000
      -7.94872       0.00000       0.00000
      -7.94681       0.00000       0.00000
      -7.94491       0.00000       0.00000
      -7.94300       0.00000       0.00000
      -7.94110       0.00000       0.00000
      -7.93919       0.00000       0.00000
      -7.93729       0.00000       0.00000
      -7.93538       0.00000       0.00000
      -7.93348       0.00000       0.00000
      -7.93157       0.00000       0.00000
      -7.92967       0.00000       0.00000
      -7.92777       0.00000       0.00000
      -7.92586       0.00000       0.00000
      -7.92396       0.00000       0.00000
      -7.92205       0.00000       0.00000
      -7.92015       0.00000       0.00000
      -7.91824       0.00000       0.00000
      -7.91634       0.00000       0.00000
      -7.91443       0.00000       0.00000
      -7.91253       0.00000       0.00000
      -7.91062       0.00000       0.00000
      -7.90872       0.00000       0.00000
      -7.90681       0.00000       0.00000
      -7.90491       0.00000       0.00000
      -7.90300       0.00000       0.00000
      -7.90110       0.00000       0.00000
      -7.89919       0.00000       0.00000
      -7.89729       0.00000       0.00000
      -7.89538       0.00000       0.00000
      -7.89348       0.00000       0.00000
      -7.89157       0.00000       0.00000
      -7.88967       0.00000       0.00000
      -7.88776       0.00000       0.00000
      -7.88586       0.00000       0.00000
      -7.88395       0.00000       0.00000
      -7.88205       0.00000       0.00000
      -7.88015       0.00000       0.00000
      -7.87824       0.00000       0.00000
      -7.87634       0.00000       0.00000
      -7.87443       0.00000       0.00000
      -7.87253       0.00000       0.00000
      -7.87062       0.00000       0.00000
      -7.86872       0.00000       0.00000
      -7.86681       0.00000       0.00000
      -7.86491       0.00000       0.00000
      -7.86300       0.00000       0.00000
      -7.86110       0.00000       0.00000
      -7.85919       0.00000       0.00000
      -7.85729       0.00000       0.00000
      -7.85538       0.00000       0.00000
      -7.85348       0.00000       0.00000
      -7.85157       0.00000       0.00000
      -7.84967       0.00000       0.00000
      -7.84776       0.00000       0.00000
      -7.84586       0.00000       0.00000
      -7.84395       0.00000       0.00000
      -7.84205       0.00000       0.00000
      -7.84014       0.00000       0.00000
      -7.83824       0.00000       0.00000
      -7.83633       0.00000       0.00000
      -7.83443       0.00000       0.00000
      -7.83253       0.00000       0.00000
      -7.83062       0.00000       0.00000
      -7.82872       0.00000       0.00000
      -7.82681       0.00000       0.00000
      -7.82491       0.00000       0.00000
      -7.82300       0.00000       0.00000
      -7.82110       0.00000       0.00000
      -7.81919       0.00000       0.00000
      -7.81729       0.00000       0.00000
      -7.81538       0.00000       0.00000
      -7.81348       0.00000       0.00000
      -7.81157       0.00000       0.00000
      -7.80967       0.00000       0.00000
      -7.80776       0.00000       0.00000
      -7.80586       0.00000       0.00000
      -7.80395       0.00000       0.00000
      -7.80205       0.00000       0.00000
      -7.80014       0.00000       0.00000
      -7.79824       0.00000       0.00000
      -7.79633       0.00000       0.00000
      -7.79443       0.00000       0.00000
      -7.79252       0.00000       0.00000
      -7.79062       0.00000       0.00000
      -7.78872       0.00000       0.00000
      -7.78681       0.00000       0.00000
      -7.78491       0.00000       0.00000
      -7.78300       0.00000       0.00000
      -7.78110       0.00000       0.00000
      -7.77919       0.00000       0.00000
      -7.77729       0.00000       0.00000
      -7.77538       0.00000       0.00000
      -7.77348       0.00000       0.00000
      -7.77157       0.00000       0.00000
      -7.76967       0.00000       0.00000
      -7.76776       0.00000       0.00000
      -7.76586       0.00000       0.00000
      -7.76395       0.00000       0.00000
      -7.76205       0.00000       0.00000
      -7.76014       0.00000       0.00000
      -7.75824       0.00000       0.00000
      -7.75633       0.00000       0.00000
      -7.75443       0.00000       0.00000
      -7.75252       0.00000       0.00000
      -7.75062       0.00000       0.00000
      -7.74871       0.00000       0.00000
      -7.74681       0.00000       0.00000
      -7.74490       0.00000       0.00000
      -7.74300       0.00000       0.00000
      -7.74110       0.00000       0.00000
      -7.73919       0.00000       0.00000
      -7.73729       0.00000       0.00000
      -7.73538       0.00000       0.00000
      -7.73348       0.00000       0.00000
      -7.73157       0.00000       0.00000
      -7.72967       0.00000       0.00000
      -7.72776       0.00000       0.00000
      -7.72586       0.00000       0.00000
      -7.72395       0.00000       0.00000
      -7.72205       0.00000       0.00000
      -7.72014       0.00000       0.00000
      -7.71824       0.00000       0.00000
      -7.71633       0.00000       0.00000
      -7.71443       0.00000       0.00000
      -7.71252       0.00000       0.00000
      -7.71062       0.00000       0.00000
      -7.70871       0.00000       0.00000
      -7.70681       0.00000       0.00000
      -7.70490       0.00000       0.00000
      -7.70300       0.00000       0.00000
      -7.70109       0.00000       0.00000
      -7.69919       0.00000       0.00000
      -7.69728       0.00000       0.00000
      -7.69538       0.00000       0.00000
      -7.69348       0.00000       0.00000
      -7.69157       0.00000       0.00000
      -7.68967       0.00000       0.00000
      -7.68776       0.00000       0.00000
      -7.68586       0.00000       0.00000
      -7.68395       0.00000       0.00000
      -7.68205       0.00000       0.00000
      -7.68014       0.00000       0.00000
      -7.67824       0.00000       0.00000
      -7.67633       0.00000       0.00000
      -7.67443       0.00000       0.00000
      -7.67252       0.00000       0.00000
      -7.67062       0.00000       0.00000
      -7.66871       0.00000       0.00000
      -7.66681       0.00000       0.00000
      -7.66490       0.00000       0.00000
      -7.66300       0.00000       0.00000
      -7.66109       0.00000       0.00000
      -7.65919       0.00000       0.00000
      -7.65728       0.00000       0.00000
      -7.65538       0.00000       0.00000
      -7.65347       0.00000       0.00000
      -7.65157       0.00000       0.00000
      -7.64966       0.00000       0.00000
      -7.64776       0.00000       0.00000
      -7.64586       0.00000       0.00000
      -7.64395       0.00000       0.00000
      -7.64205       0.00000       0.00000
      -7.64014       0.00000       0.00000
      -7.63824       0.00000       0.00000
      -7.63633       0.00000       0.00000
      -7.63443       0.00000       0.00000
      -7.63252       0.00000       0.00000
      -7.63062       0.00000       0.00000
      -7.62871       0.00000       0.00000
      -7.62681       0.00000       0.00000
      -7.62490       0.00000       0.00000
      -7.62300       0.00000       0.00000
      -7.62109       0.00000       0.00000
      -7.61919       0.00000       0.00000
      -7.61728       0.00000       0.00000
      -7.61538       0.00000       0.00000
      -7.61347       0.00000       0.00000
      -7.61157       0.00000       0.00000
      -7.60966       0.00000       0.00000
      -7.60776       0.00000       0.00000
      -7.60585       0.00000       0.00000
      -7.60395       0.00000       0.00000
      -7.60204       0.00000       0.00000
      -7.60014       0.00000       0.00000
      -7.59824       0.00000       0.00000
      -7.59633       0.00000       0.00000
      -7.59443       0.00000       0.00000
      -7.59252       0.00000       0.00000
      -7.59062       0.00000       0.00000
      -7.58871       0.00000       0.00000
      -7.58681       0.00000       0.00000
      -7.58490       0.00000       0.00000
      -7.58300       0.00000       0.00000
      -7.58109       0.00000       0.00000
      -7.57919       0.00000       0.00000
      -7.57728       0.00000       0.00000
      -7.57538       0.00000       0.00000
      -7.57347       0.00000       0.00000
      -7.57157       0.00000       0.00000
      -7.56966       0.00000       0.00000
      -7.56776       0.00000       0.00000
      -7.56585       0.00000       0.00000
      -7.56395       0.00000       0.00000
      -7.56204       0.00000       0.00000
      -7.56014       0.00000       0.00000
      -7.55823       0.00000       0.00000
      -7.55633       0.00000       0.00000
      -7.55442       0.00000       0.00000
      -7.55252       0.00000       0.00000
      -7.55062       0.00000       0.00000
      -7.54871       0.00000       0.00000
      -7.54681       0.00000       0.00000
      -7.54490       0.00000       0.00000
      -7.54300       0.00000       0.00000
      -7.54109       0.00000       0.00000
      -7.53919       0.00000       0.00000
      -7.53728       0.00000       0.00000
      -7.53538       0.00000       0.00000
      -7.53347       0.00000       0.00000
      -7.53157       0.00000       0.00000
      -7.52966       0.00000       0.00000
      -7.52776       0.00000       0.00000
      -7.52585       0.00000       0.00000
      -7.52395       0.00000       0.00000
      -7.52204       0.00000       0.00000
      -7.52014       0.00000       0.00000
      -7.51823       0.00000       0.00000
      -7.51633       0.00000       0.00000
      -7.51442       0.00000       0.00000
      -7.51252       0.00000       0.00000
      -7.51061       0.00000       0.00000
      -7.50871       0.00000       0.00000
      -7.50681       0.00000       0.00000
      -7.50490       0.00000       0.00000
      -7.50300       0.00000       0.00000
      -7.50109       0.00000       0.00000
      -7.49919       0.00000       0.00000
      -7.49728       0.00000       0.00000
      -7.49538       0.00000       0.00000
      -7.49347       0.00000       0.00000
      -7.49157       0.00000       0.00000
      -7.48966       0.00000       0.00000
      -7.48776       0.00000       0.00000
      -7.48585       0.00000       0.00000
      -7.48395       0.00000       0.00000
      -7.48204       0.00000       0.00000
      -7.48014       0.00000       0.00000
      -7.47823       0.00000       0.00000
      -7.47633       0.00000       0.00000
      -7.47442       0.00000       0.00000
      -7.47252       0.00000       0.00000
      -7.47061       0.00000       0.00000
      -7.46871       0.00000       0.00000
      -7.46680       0.00000       0.00000
      -7.46490       0.00000       0.00000
      -7.46299       0.00000       0.00000
      -7.46109       0.00000       0.00000
      -7.45919       0.00000       0.00000
      -7.45728       0.00000       0.00000
      -7.45538       0.00000       0.00000
      -7.45347       0.00000       0.00000
      -7.45157       0.00000       0.00000
      -7.44966       0.00000       0.00000
      -7.44776       0.00000       0.00000
      -7.44585       0.00000       0.00000
      -7.44395       0.00000       0.00000
      -7.44204       0.00000       0.00000
      -7.44014       0.00000       0.00000
      -7.43823       0.00000       0.00000
      -7.43633       0.00000       0.00000
      -7.43442       0.00000       0.00000
      -7.43252       0.00000       0.00000
      -7.43061       0.00000       0.00000
      -7.42871       0.00000       0.00000
      -7.42680       0.00000       0.00000
      -7.42490       0.00000       0.00000
      -7.42299       0.00000       0.00000
      -7.42109       0.00000       0.00000
      -7.41918       0.00000       0.00000
      -7.41728       0.00000       0.00000
      -7.41537       0.00000       0.00000
      -7.41347       0.00000       0.00000
      -7.41157       0.00000       0.00000
      -7.40966       0.00000       0.00000
      -7.40776       0.00000       0.00000
      -7.40585       0.00000       0.00000
      -7.40395       0.00000       0.00000
      -7.40204       0.00000       0.00000
      -7.40014       0.00000       0.00000
      -7.39823       0.00000       0.00000
      -7.39633       0.00000       0.00000
      -7.39442       0.00000       0.00000
      -7.39252       0.00000       0.00000
      -7.39061       0.00000       0.00000
      -7.38871       0.00000       0.00000
      -7.38680       0.00000       0.00000
      -7.38490       0.00000       0.00000
      -7.38299       0.00000       0.00000
      -7.38109       0.00000       0.00000
      -7.37918       0.00000       0.00000
      -7.37728       0.00000       0.00000
      -7.37537       0.00000       0.00000
      -7.37347       0.00000       0.00000
      -7.37156       0.00000       0.00000
      -7.36966       0.00000       0.00000
      -7.36775       0.00000       0.00000
      -7.36585       0.00000       0.00000
      -7.36395       0.00000       0.00000
      -7.36204       0.00000       0.00000
      -7.36014       0.00000       0.00000
      -7.35823       0.00000       0.00000
      -7.35633       0.00000       0.00000
      -7.35442       0.00000       0.00000
      -7.35252       0.00000       0.00000
      -7.35061       0.00000       0.00000
      -7.34871       0.00000       0.00000
      -7.34680       0.00000       0.00000
      -7.34490       0.00000       0.00000
      -7.34299       0.00000       0.00000
      -7.34109       0.00000       0.00000
      -7.33918       0.00000       0.00000
      -7.33728       0.00000       0.00000
      -7.33537       0.00000       0.00000
      -7.33347       0.00000       0.00000
      -7.33156       0.00000       0.00000
      -7.32966       0.00000       0.00000
      -7.32775       0.00000       0.00000
      -7.32585       0.00000       0.00000
      -7.32394       0.00000       0.00000
      -7.32204       0.00000       0.00000
      -7.32013       0.00000       0.00000
      -7.31823       0.00000       0.00000
      -7.31633       0.00000       0.00000
      -7.31442       0.00000       0.00000
      -7.31252       0.00000       0.00000
      -7.31061       0.00000       0.00000
      -7.30871       0.00000       0.00000
      -7.30680       0.00000       0.00000
      -7.30490       0.00000       0.00000
      -7.30299       0.00000       0.00000
      -7.30109       0.00000       0.00000
      -7.29918       0.00000       0.00000
      -7.29728       0.00000       0.00000
      -7.29537       0.00000       0.00000
      -7.29347       0.00000       0.00000
      -7.29156       0.00000       0.00000
      -7.28966       0.00000       0.00000
      -7.28775       0.00000       0.00000
      -7.28585       0.00000       0.00000
      -7.28394       0.00000       0.00000
      -7.28204       0.00000       0.00000
      -7.28013       0.00000       0.00000
      -7.27823       0.00000       0.00000
      -7.27632       0.00000       0.00000
      -7.27442       0.00000       0.00000
      -7.27252       0.00000       0.00000
      -7.27061       0.00000       0.00000
      -7.26871       0.00000       0.00000
      -7.26680       0.00000       0.00000
      -7.26490       0.00000       0.00000
      -7.26299       0.00000       0.00000
      -7.26109       0.00000       0.00000
      -7.25918       0.00000       0.00000
      -7.25728       0.00000       0.00000
      -7.25537       0.00000       0.00000
      -7.25347       0.00000       0.00000
      -7.25156       0.00000       0.00000
      -7.24966       0.00000       0.00000
      -7.24775       0.00000       0.00000
      -7.24585       0.00000       0.00000
      -7.24394       0.00000       0.00000
      -7.24204       0.00000       0.00000
      -7.24013       0.00000       0.00000
      -7.23823       0.00000       0.00000
      -7.23632       0.00000       0.00000
      -7.23442       0.00000       0.00000
      -7.23251       0.00000       0.00000
      -7.23061       0.00000       0.00000
      -7.22870       0.00000       0.00000
      -7.22680       0.00000       0.00000
      -7.22490       0.00000       0.00000
      -7.22299       0.00000       0.00000
      -7.22109       0.00000       0.00000
      -7.21918       0.00000       0.00000
      -7.21728       0.00000       0.00000
      -7.21537       0.00000       0.00000
      -7.21347       0.00000       0.00000
      -7.21156       0.00000       0.00000
      -7.20966       0.00000       0.00000
      -7.20775       0.00000       0.00000
      -7.20585       0.00000       0.00000
      -7.20394       0.00000       0.00000
      -7.20204       0.00000       0.00000
      -7.20013       0.00000       0.00000
      -7.19823       0.00000       0.00000
      -7.19632       0.00000       0.00000
      -7.19442       0.00000       0.00000
      -7.19251       0.00000       0.00000
      -7.19061       0.00000       0.00000
      -7.18870       0.00000       0.00000
      -7.18680       0.00000       0.00000
      -7.18489       0.00000       0.00000
      -7.18299       0.00000       0.00000
      -7.18108       0.00000       0.00000
      -7.17918       0.00000       0.00000
      -7.17728       0.00000       0.00000
      -7.17537       0.00000       0.00000
      -7.17347       0.00000       0.00000
      -7.17156       0.00000       0.00000
      -7.16966       0.00000       0.00000
      -7.16775       0.00000       0.00000
      -7.16585       0.00000       0.00000
      -7.16394       0.00000       0.00000
      -7.16204       0.00000       0.00000
      -7.16013       0.00000       0.00000
      -7.15823       0.00000       0.00000
      -7.15632       0.00000       0.00000
      -7.15442       0.00000       0.00000
      -7.15251       0.00000       0.00000
      -7.15061       0.00000       0.00000
      -7.14870       0.00000       0.00000
      -7.14680       0.00000       0.00000
      -7.14489       0.00000       0.00000
      -7.14299       0.00000       0.00000
      -7.14108       0.00000       0.00000
      -7.13918       0.00000       0.00000
      -7.13727       0.00000       0.00000
      -7.13537       0.00000       0.00000
      -7.13346       0.00000       0.00000
      -7.13156       0.00000       0.00000
      -7.12966       0.00000       0.00000
      -7.12775       0.00000       0.00000
      -7.12585       0.00000       0.00000
      -7.12394       0.00000       0.00000
      -7.12204       0.00000       0.00000
      -7.12013       0.00000       0.00000
      -7.11823       0.00000       0.00000
      -7.11632       0.00000       0.00000
      -7.11442       0.00000       0.00000
      -7.11251       0.00000       0.00000
      -7.11061       0.00000       0.00000
      -7.10870       0.00000       0.00000
      -7.10680       0.00000       0.00000
      -7.10489       0.00000       0.00000
      -7.10299       0.00000       0.00000
      -7.10108       0.00000       0.00000
      -7.09918       0.00000       0.00000
      -7.09727       0.00000       0.00000
      -7.09537       0.00000       0.00000
      -7.09346       0.00000       0.00000
      -7.09156       0.00000       0.00000
      -7.08965       0.00000       0.00000
      -7.08775       0.00000       0.00000
      -7.08584       0.00000       0.00000
      -7.08394       0.00000       0.00000
      -7.08204       0.00000       0.00000
      -7.08013       0.00000       0.00000
      -7.07823       0.00000       0.00000
      -7.07632       0.00000       0.00000
      -7.07442       0.00000       0.00000
      -7.07251       0.00000       0.00000
      -7.07061       0.00000       0.00000
      -7.06870       0.00000       0.00000
      -7.06680       0.00000       0.00000
      -7.06489       0.00000       0.00000
      -7.06299       0.00000       0.00000
      -7.06108       0.00000       0.00000
      -7.05918       0.00000       0.00000
      -7.05727       0.00000       0.00000
      -7.05537       0.00000       0.00000
      -7.05346       0.00000       0.00000
      -7.05156       0.00000       0.00000
      -7.04965       0.00000       0.00000
      -7.04775       0.00000       0.00000
      -7.04584       0.00000       0.00000
      -7.04394       0.00000       0.00000
      -7.04203       0.00000       0.00000
      -7.04013       0.00000       0.00000
      -7.03822       0.00000       0.00000
      -7.03632       0.00000       0.00000
      -7.03442       0.00000       0.00000
      -7.03251       0.00000       0.00000
      -7.03061       0.00000       0.00000
      -7.02870       0.00000       0.00000
      -7.02680       0.00000       0.00000
      -7.02489       0.00000       0.00000
      -7.02299       0.00000       0.00000
      -7.02108       0.00000       0.00000
      -7.01918       0.00000       0.00000
      -7.01727       0.00000       0.00000
      -7.01537       0.00000       0.00000
      -7.01346       0.00000       0.00000
      -7.01156       0.00000       0.00000
      -7.00965       0.00000       0.00000
      -7.00775       0.00000       0.00000
      -7.00584       0.00000       0.00000
      -7.00394       0.00000       0.00000
      -7.00203       0.00000       0.00000
      -7.00013       0.00000       0.00000
      -6.99822       0.00000       0.00000
      -6.99632       0.00000       0.00000
      -6.99441       0.00000       0.00000
      -6.99251       0.00000       0.00000
      -6.99061       0.00000       0.00000
      -6.98870       0.00000       0.00000
      -6.98680       0.00000       0.00000
      -6.98489       0.00000       0.00000
      -6.98299       0.00000       0.00000
      -6.98108       0.00000       0.00000
      -6.97918       0.00000       0.00000
      -6.97727       0.00000       0.00000
      -6.97537       0.00000       0.00000
      -6.97346       0.00000       0.00000
      -6.97156       0.00000       0.00000
      -6.96965       0.00000       0.00000
      -6.96775       0.00000       0.00000
      -6.96584       0.00000       0.00000
      -6.96394       0.00000       0.00000
      -6.96203       0.00000       0.00000
      -6.96013       0.00000       0.00000
      -6.95822       0.00000       0.00000
      -6.95632       0.00000       0.00000
      -6.95441       0.00000       0.00000
      -6.95251       0.00000       0.00000
      -6.95060       0.00000       0.00000
      -6.94870       0.00000       0.00000
      -6.94679       0.00000       0.00000
      -6.94489       0.00000       0.00000
      -6.94299       0.00000       0.00000
      -6.94108       0.00000       0.00000
      -6.93918       0.00000       0.00000
      -6.93727       0.00000       0.00000
      -6.93537       0.00000       0.00000
      -6.93346       0.00000       0.00000
      -6.93156       0.00000       0.00000
      -6.92965       0.00000       0.00000
      -6.92775       0.00000       0.00000
      -6.92584       0.00000       0.00000
      -6.92394       0.00000       0.00000
      -6.92203       0.00000       0.00000
      -6.92013       0.00000       0.00000
      -6.91822       0.00000       0.00000
      -6.91632       0.00000       0.00000
      -6.91441       0.00000       0.00000
      -6.91251       0.00000       0.00000
      -6.91060       0.00000       0.00000
      -6.90870       0.00000       0.00000
      -6.90679       0.00000       0.00000
      -6.90489       0.00000       0.00000
      -6.90298       0.00000       0.00000
      -6.90108       0.00000       0.00000
      -6.89917       0.00000       0.00000
      -6.89727       0.00000       0.00000
      -6.89537       0.00000       0.00000
      -6.89346       0.00000       0.00000
      -6.89156       0.00000       0.00000
      -6.88965       0.00000       0.00000
      -6.88775       0.00000       0.00000
      -6.88584       0.00000       0.00000
      -6.88394       0.00000       0.00000
      -6.88203       0.00000       0.00000
      -6.88013       0.00000       0.00000
      -6.87822       0.00000       0.00000
      -6.87632       0.00000       0.00000
      -6.87441       0.00000       0.00000
      -6.87251       0.00000       0.00000
      -6.87060       0.00000       0.00000
      -6.86870       0.00000       0.00000
      -6.86679       0.00000       0.00000
      -6.86489       0.00000       0.00000
      -6.86298       0.00000       0.00000
      -6.86108       0.00000       0.00000
      -6.85917       0.00000       0.00000
      -6.85727       0.00000       0.00000
      -6.85536       0.00000       0.00000
      -6.85346       0.00000       0.00000
      -6.85155       0.00000       0.00000
      -6.84965       0.00000       0.00000
      -6.84775       0.00000       0.00000
      -6.84584       0.00000       0.00000
      -6.84394       0.00000       0.00000
      -6.84203       0.00000       0.00000
      -6.84013       0.00000       0.00000
      -6.83822       0.00000       0.00000
      -6.83632       0.00000       0.00000
      -6.83441       0.00000       0.00000
      -6.83251       0.00000       0.00000
      -6.83060       0.00000       0.00000
      -6.82870       0.00000       0.00000
      -6.82679       0.00000       0.00000
      -6.82489       0.00000       0.00000
      -6.82298       0.00000       0.00000
      -6.82108       0.00000       0.00000
      -6.81917       0.00000       0.00000
      -6.81727       0.00000       0.00000
      -6.81536       0.00000       0.00000
      -6.81346       0.00000       0.00000
      -6.81155       0.00000       0.00000
      -6.80965       0.00000       0.00000
      -6.80774       0.00000       0.00000
      -6.80584       0.00000       0.00000
      -6.80393       0.00000       0.00000
      -6.80203       0.00000       0.00000
      -6.80013       0.00000       0.00000
      -6.79822       0.00000       0.00000
      -6.79632       0.00000       0.00000
      -6.79441       0.00000       0.00000
      -6.79251       0.00000       0.00000
      -6.79060       0.00000       0.00000
      -6.78870       0.00000       0.00000
      -6.78679       0.00000       0.00000
      -6.78489       0.00000       0.00000
      -6.78298       0.00000       0.00000
      -6.78108       0.00000       0.00000
      -6.77917       0.00000       0.00000
      -6.77727       0.00000       0.00000
      -6.77536       0.00000       0.00000
      -6.77346       0.00000       0.00000
      -6.77155       0.00000       0.00000
      -6.76965       0.00000       0.00000
      -6.76774       0.00000       0.00000
      -6.76584       0.00000       0.00000
      -6.76393       0.00000       0.00000
      -6.76203       0.00000       0.00000
      -6.76012       0.00000       0.00000
      -6.75822       0.00000       0.00000
      -6.75632       0.00000       0.00000
      -6.75441       0.00000       0.00000
      -6.75251       0.00000       0.00000
      -6.75060       0.00000       0.00000
      -6.74870       0.00000       0.00000
      -6.74679       0.00000       0.00000
      -6.74489       0.00000       0.00000
      -6.74298       0.00000       0.00000
      -6.74108       0.00000       0.00000
      -6.73917       0.00000       0.00000
      -6.73727       0.00000       0.00000
      -6.73536       0.00000       0.00000
      -6.73346       0.00000       0.00000
      -6.73155       0.00000       0.00000
      -6.72965       0.00000       0.00000
      -6.72774       0.00000       0.00000
      -6.72584       0.00000       0.00000
      -6.72393       0.00000       0.00000
      -6.72203       0.00000       0.00000
      -6.72012       0.00000       0.00000
      -6.71822       0.00000       0.00000
      -6.71631       0.00000       0.00000
      -6.71441       0.00000       0.00000
      -6.71250       0.00000       0.00000
      -6.71060       0.00000       0.00000
      -6.70870       0.00000       0.00000
      -6.70679       0.00000       0.00000
      -6.70489       0.00000       0.00000
      -6.70298       0.00000       0.00000
      -6.70108       0.00000       0.00000
      -6.69917       0.00000       0.00000
      -6.69727       0.00000       0.00000
      -6.69536       0.00000       0.00000
      -6.69346       0.00000       0.00000
      -6.69155       0.00000       0.00000
      -6.68965       0.00000       0.00000
      -6.68774       0.00000       0.00000
      -6.68584       0.00000       0.00000
      -6.68393       0.00000       0.00000
      -6.68203       0.00000       0.00000
      -6.68012       0.00000       0.00000
      -6.67822       0.00000       0.00000
      -6.67631       0.00000       0.00000
      -6.67441       0.00000       0.00000
      -6.67250       0.00000       0.00000
      -6.67060       0.00000       0.00000
      -6.66869       0.00000       0.00000
      -6.66679       0.00000       0.00000
      -6.66488       0.00000       0.00000
      -6.66298       0.00000       0.00000
      -6.66108       0.00000       0.00000
      -6.65917       0.00000       0.00000
      -6.65727       0.00000       0.00000
      -6.65536       0.00000       0.00000
      -6.65346       0.00000       0.00000
      -6.65155       0.00000       0.00000
      -6.64965       0.00000       0.00000
      -6.64774       0.00000       0.00000
      -6.64584       0.00000       0.00000
      -6.64393       0.00000       0.00000
      -6.64203       0.00000       0.00000
      -6.64012       0.00000       0.00000
      -6.63822       0.00000       0.00000
      -6.63631       0.00000       0.00000
      -6.63441       0.00000       0.00000
      -6.63250       0.00000       0.00000
      -6.63060       0.00000       0.00000
      -6.62869       0.00000       0.00000
      -6.62679       0.00000       0.00000
      -6.62488       0.00000       0.00000
      -6.62298       0.00000       0.00000
      -6.62107       0.00000       0.00000
      -6.61917       0.00000       0.00000
      -6.61726       0.00000       0.00000
      -6.61536       0.00000       0.00000
      -6.61346       0.00000       0.00000
      -6.61155       0.00000       0.00000
      -6.60965       0.00000       0.00000
      -6.60774       0.00000       0.00000
      -6.60584       0.00000       0.00000
      -6.60393       0.00000       0.00000
      -6.60203       0.00000       0.00000
      -6.60012       0.00000       0.00000
      -6.59822       0.00000       0.00000
      -6.59631       0.00000       0.00000
      -6.59441       0.00000       0.00000
      -6.59250       0.00000       0.00000
      -6.59060       0.00000       0.00000
      -6.58869       0.00000       0.00000
      -6.58679       0.00000       0.00000
      -6.58488       0.00000       0.00000
      -6.58298       0.00000       0.00000
      -6.58107       0.00000       0.00000
      -6.57917       0.00000       0.00000
      -6.57726       0.00000       0.00000
      -6.57536       0.00000       0.00000
      -6.57345       0.00000       0.00000
      -6.57155       0.00000       0.00000
      -6.56964       0.00000       0.00000
      -6.56774       0.00000       0.00000
      -6.56584       0.00000       0.00000
      -6.56393       0.00000       0.00000
      -6.56203       0.00000       0.00000
      -6.56012       0.00000       0.00000
      -6.55822       0.00000       0.00000
      -6.55631       0.00000       0.00000
      -6.55441       0.00000       0.00000
      -6.55250       0.00000       0.00000
      -6.55060       0.00000       0.00000
      -6.54869       0.00000       0.00000
      -6.54679       0.00000       0.00000
      -6.54488       0.00000       0.00000
      -6.54298       0.00000       0.00000
      -6.54107       0.00000       0.00000
      -6.53917       0.00000       0.00000
      -6.53726       0.00000       0.00000
      -6.53536       0.00000       0.00000
      -6.53345       0.00000       0.00000
      -6.53155       0.00000       0.00000
      -6.52964       0.00000       0.00000
      -6.52774       0.00000       0.00000
      -6.52583       0.00000       0.00000
      -6.52393       0.00000       0.00000
      -6.52203       0.00000       0.00000
      -6.52012       0.00000       0.00000
      -6.51822       0.00000       0.00000
      -6.51631       0.00000       0.00000
      -6.51441       0.00000       0.00000
      -6.51250       0.00000       0.00000
      -6.51060       0.00000       0.00000
      -6.50869       0.00000       0.00000
      -6.50679       0.00000       0.00000
      -6.50488       0.00000       0.00000
      -6.50298       0.00000       0.00000
      -6.50107       0.00000       0.00000
      -6.49917       0.00000       0.00000
      -6.49726       0.00000       0.00000
      -6.49536       0.00000       0.00000
      -6.49345       0.00000       0.00000
      -6.49155       0.00000       0.00000
      -6.48964       0.00000       0.00000
      -6.48774       0.00000       0.00000
      -6.48583       0.00000       0.00000
      -6.48393       0.00000       0.00000
      -6.48202       0.00000       0.00000
      -6.48012       0.00000       0.00000
      -6.47821       0.00000       0.00000
      -6.47631       0.00000       0.00000
      -6.47441       0.00000       0.00000
      -6.47250       0.00000       0.00000
      -6.47060       0.00000       0.00000
      -6.46869       0.00000       0.00000
      -6.46679       0.00000       0.00000
      -6.46488       0.00000       0.00000
      -6.46298       0.00000       0.00000
      -6.46107       0.00000       0.00000
      -6.45917       0.00000       0.00000
      -6.45726       0.00000       0.00000
      -6.45536       0.00000       0.00000
      -6.45345       0.00000       0.00000
      -6.45155       0.00000       0.00000
      -6.44964       0.00000       0.00000
      -6.44774       0.00000       0.00000
      -6.44583       0.00000       0.00000
      -6.44393       0.00000       0.00000
      -6.44202       0.00000       0.00000
      -6.44012       0.00000       0.00000
      -6.43821       0.00000       0.00000
      -6.43631       0.00000       0.00000
      -6.43440       0.00000       0.00000
      -6.43250       0.00000       0.00000
      -6.43059       0.00000       0.00000
      -6.42869       0.00000       0.00000
      -6.42679       0.00000       0.00000
      -6.42488       0.00000       0.00000
      -6.42298       0.00000       0.00000
      -6.42107       0.00000       0.00000
      -6.41917       0.00000       0.00000
      -6.41726       0.00000       0.00000
      -6.41536       0.00000       0.00000
      -6.41345       0.00000       0.00000
      -6.41155       0.00000       0.00000
      -6.40964       0.00000       0.00000
      -6.40774       0.00000       0.00000
      -6.40583       0.00000       0.00000
      -6.40393       0.00000       0.00000
      -6.40202       0.00000       0.00000
      -6.40012       0.00000       0.00000
      -6.39821       0.00000       0.00000
      -6.39631       0.00000       0.00000
      -6.39440       0.00000       0.00000
      -6.39250       0.00000       0.00000
      -6.39059       0.00000       0.00000
      -6.38869       0.00000       0.00000
      -6.38678       0.00000       0.00000
      -6.38488       0.00000       0.00000
      -6.38297       0.00000       0.00000
      -6.38107       0.00000       0.00000
      -6.37917       0.00000       0.00000
      -6.37726       0.00000       0.00000
      -6.37536       0.00000       0.00000
      -6.37345       0.00000       0.00000
      -6.37155       0.00000       0.00000
      -6.36964       0.00000       0.00000
      -6.36774       0.00000       0.00000
      -6.36583       0.00000       0.00000
      -6.36393       0.00000       0.00000
      -6.36202       0.00000       0.00000
      -6.36012       0.00000       0.00000
      -6.35821       0.00000       0.00000
      -6.35631       0.00000       0.00000
      -6.35440       0.00000       0.00000
      -6.35250       0.00000       0.00000
      -6.35059       0.00000       0.00000
      -6.34869       0.00000       0.00000
      -6.34678       0.00000       0.00000
      -6.34488       0.00000       0.00000
      -6.34297       0.00000       0.00000
      -6.34107       0.00000       0.00000
      -6.33916       0.00000       0.00000
      -6.33726       0.00000       0.00000
      -6.33535       0.00000       0.00000
      -6.33345       0.00000       0.00000
      -6.33155       0.00000       0.00000
      -6.32964       0.00000       0.00000
      -6.32774       0.00000       0.00000
      -6.32583       0.00000       0.00000
      -6.32393       0.00000       0.00000
      -6.32202       0.00000       0.00000
      -6.32012       0.00000       0.00000
      -6.31821       0.00000       0.00000
      -6.31631       0.00000       0.00000
      -6.31440       0.00000       0.00000
      -6.31250       0.00000       0.00000
      -6.31059       0.00000       0.00000
      -6.30869       0.00000       0.00000
      -6.30678       0.00000       0.00000
      -6.30488       0.00000       0.00000
      -6.30297       0.00000       0.00000
      -6.30107       0.00000       0.00000
      -6.29916       0.00000       0.00000
      -6.29726       0.00000       0.00000
      -6.29535       0.00000       0.00000
      -6.29345       0.00000       0.00000
      -6.29154       0.00000       0.00000
      -6.28964       0.00000       0.00000
      -6.28773       0.00000       0.00000
      -6.28583       0.00000       0.00000
      -6.28393       0.00000       0.00000
      -6.28202       0.00000       0.00000
      -6.28012       0.00000       0.00000
      -6.27821       0.00000       0.00000
      -6.27631       0.00000       0.00000
      -6.27440       0.00000       0.00000
      -6.27250       0.00000       0.00000
      -6.27059       0.00000       0.00000
      -6.26869       0.00000       0.00000
      -6.26678       0.00000       0.00000
      -6.26488       0.00000       0.00000
      -6.26297       0.00000       0.00000
      -6.26107       0.00000       0.00000
      -6.25916       0.00000       0.00000
      -6.25726       0.00000       0.00000
      -6.25535       0.00000       0.00000
      -6.25345       0.00000       0.00000
      -6.25154       0.00000       0.00000
      -6.24964       0.00000       0.00000
      -6.24773       0.00000       0.00000
      -6.24583       0.00000       0.00000
      -6.24392       0.00000       0.00000
      -6.24202       0.00000       0.00000
      -6.24012       0.00000       0.00000
      -6.23821       0.00000       0.00000
      -6.23631       0.00000       0.00000
      -6.23440       0.00000       0.00000
      -6.23250       0.00000       0.00000
      -6.23059       0.00000       0.00000
      -6.22869       0.00000       0.00000
      -6.22678       0.00000       0.00000
      -6.22488       0.00000       0.00000
      -6.22297       0.00000       0.00000
      -6.22107       0.00000       0.00000
      -6.21916       0.00000       0.00000
      -6.21726       0.00000       0.00000
      -6.21535       0.00000       0.00000
      -6.21345       0.00000       0.00000
      -6.21154       0.00000       0.00000
      -6.20964       0.00000       0.00000
      -6.20773       0.00000       0.00000
      -6.20583       0.00000       0.00000
      -6.20392       0.00000       0.00000
      -6.20202       0.00000       0.00000
      -6.20011       0.00000       0.00000
      -6.19821       0.00000       0.00000
      -6.19630       0.00000       0.00000
      -6.19440       0.00000       0.00000
      -6.19250       0.00000       0.00000
      -6.19059       0.00000       0.00000
      -6.18869       0.00000       0.00000
      -6.18678       0.00000       0.00000
      -6.18488       0.00000       0.00000
      -6.18297       0.00000       0.00000
      -6.18107       0.00000       0.00000
      -6.17916       0.00000       0.00000
      -6.17726       0.00000       0.00000
      -6.17535       0.00000       0.00000
      -6.17345       0.00000       0.00000
      -6.17154       0.00000       0.00000
      -6.16964       0.00000       0.00000
      -6.16773       0.00000       0.00000
      -6.16583       0.00000       0.00000
      -6.16392       0.00000       0.00000
      -6.16202       0.00000       0.00000
      -6.16011       0.00000       0.00000
      -6.15821       0.00000       0.00000
      -6.15630       0.00000       0.00000
      -6.15440       0.00000       0.00000
      -6.15249       0.00000       0.00000
      -6.15059       0.00000       0.00000
      -6.14868       0.00000       0.00000
      -6.14678       0.00000       0.00000
      -6.14488       0.00000       0.00000
      -6.14297       0.00000       0.00000
      -6.14107       0.00000       0.00000
      -6.13916       0.00000       0.00000
      -6.13726       0.00000       0.00000
      -6.13535       0.00000       0.00000
      -6.13345       0.00000       0.00000
      -6.13154       0.00000       0.00000
      -6.12964       0.00000       0.00000
      -6.12773       0.00000       0.00000
      -6.12583       0.00000       0.00000
      -6.12392       0.00000       0.00000
      -6.12202       0.00000       0.00000
      -6.12011       0.00000       0.00000
      -6.11821       0.00000       0.00000
      -6.11630       0.00000       0.00000
      -6.11440       0.00000       0.00000
      -6.11249       0.00000       0.00000
      -6.11059       0.00000       0.00000
      -6.10868       0.00000       0.00000
      -6.10678       0.00000       0.00000
      -6.10487       0.00000       0.00000
      -6.10297       0.00000       0.00000
      -6.10106       0.00000       0.00000
      -6.09916       0.00000       0.00000
      -6.09726       0.00000       0.00000
      -6.09535       0.00000       0.00000
      -6.09345       0.00000       0.00000
      -6.09154       0.00000       0.00000
      -6.08964       0.00000       0.00000
      -6.08773       0.00000       0.00000
      -6.08583       0.00000       0.00000
      -6.08392       0.00000       0.00000
      -6.08202       0.00000       0.00000
      -6.08011       0.00000       0.00000
      -6.07821       0.00000       0.00000
      -6.07630       0.00000       0.00000
      -6.07440       0.00000       0.00000
      -6.07249       0.00000       0.00000
      -6.07059       0.00000       0.00000
      -6.06868       0.00000       0.00000
      -6.06678       0.00000       0.00000
      -6.06487       0.00000       0.00000
      -6.06297       0.00000       0.00000
      -6.06106       0.00000       0.00000
      -6.05916       0.00000       0.00000
      -6.05725       0.00000       0.00000
      -6.05535       0.00000       0.00000
      -6.05344       0.00000       0.00000
      -6.05154       0.00000       0.00000
      -6.04964       0.00000       0.00000
      -6.04773       0.00000       0.00000
      -6.04583       0.00000       0.00000
      -6.04392       0.00000       0.00000
      -6.04202       0.00000       0.00000
      -6.04011       0.00000       0.00000
      -6.03821       0.00000       0.00000
      -6.03630       0.00000       0.00000
      -6.03440       0.00000       0.00000
      -6.03249       0.00000       0.00000
      -6.03059       0.00000       0.00000
      -6.02868       0.00000       0.00000
      -6.02678       0.00000       0.00000
      -6.02487       0.00000       0.00000
      -6.02297       0.00000       0.00000
      -6.02106       0.00000       0.00000
      -6.01916       0.00000       0.00000
      -6.01725       0.00000       0.00000
      -6.01535       0.00000       0.00000
      -6.01344       0.00000       0.00000
      -6.01154       0.00000       0.00000
      -6.00963       0.00000       0.00000
      -6.00773       0.00000       0.00000
      -6.00583       0.00000       0.00000
      -6.00392       0.00000       0.00000
      -6.00202       0.00000       0.00000
      -6.00011       0.00000       0.00000
      -5.99821       0.00000       0.00000
      -5.99630       0.00000       0.00000
      -5.99440       0.00000       0.00000
      -5.99249       0.00000       0.00000
      -5.99059       0.00000       0.00000
      -5.98868       0.00000       0.00000
      -5.98678       0.00000       0.00000
      -5.98487       0.00000       0.00000
      -5.98297       0.00000       0.00000
      -5.98106       0.00000       0.00000
      -5.97916       0.00000       0.00000
      -5.97725       0.00000       0.00000
      -5.97535       0.00000       0.00000
      -5.97344       0.00000       0.00000
      -5.97154       0.00000       0.00000
      -5.96963       0.00000       0.00000
      -5.96773       0.00000       0.00000
      -5.96582       0.00000       0.00000
      -5.96392       0.00000       0.00000
      -5.96201       0.00000       0.00000
      -5.96011       0.00000       0.00000
      -5.95821       0.00000       0.00000
      -5.95630       0.00000       0.00000
      -5.95440       0.00000       0.00000
      -5.95249       0.00000       0.00000
      -5.95059       0.00000       0.00000
      -5.94868       0.00000       0.00000
      -5.94678       0.00000       0.00000
      -5.94487       0.00000       0.00000
      -5.94297       0.00000       0.00000
      -5.94106       0.00000       0.00000
      -5.93916       0.00000       0.00000
      -5.93725       0.00000       0.00000
      -5.93535       0.00000       0.00000
      -5.93344       0.00000       0.00000
      -5.93154       0.00000       0.00000
      -5.92963       0.00000       0.00000
      -5.92773       0.00000       0.00000
      -5.92582       0.00000       0.00000
      -5.92392       0.00000       0.00000
      -5.92201       0.00000       0.00000
      -5.92011       0.00000       0.00000
      -5.91820       0.00000       0.00000
      -5.91630       0.00000       0.00000
      -5.91439       0.00000       0.00000
      -5.91249       0.00000       0.00000
      -5.91059       0.00000       0.00000
      -5.90868       0.00000       0.00000
      -5.90678       0.00000       0.00000
      -5.90487       0.00000       0.00000
      -5.90297       0.00000       0.00000
      -5.90106       0.00000       0.00000
      -5.89916       0.00000       0.00000
      -5.89725       0.00000       0.00000
      -5.89535       0.00000       0.00000
      -5.89344       0.00000       0.00000
      -5.89154       0.00000       0.00000
      -5.88963       0.00000       0.00000
      -5.88773       0.00000       0.00000
      -5.88582       0.00000       0.00000
      -5.88392       0.00000       0.00000
      -5.88201       0.00000       0.00000
      -5.88011       0.00000       0.00000
      -5.87820       0.00000       0.00000
      -5.87630       0.00000       0.00000
      -5.87439       0.00000       0.00000
      -5.87249       0.00000       0.00000
      -5.87058       0.00000       0.00000
      -5.86868       0.00000       0.00000
      -5.86677       0.00000       0.00000
      -5.86487       0.00000       0.00000
      -5.86297       0.00000       0.00000
      -5.86106       0.00000       0.00000
      -5.85916       0.00000       0.00000
      -5.85725       0.00000       0.00000
      -5.85535       0.00000       0.00000
      -5.85344       0.00000       0.00000
      -5.85154       0.00000       0.00000
      -5.84963       0.00000       0.00000
      -5.84773       0.00000       0.00000
      -5.84582       0.00000       0.00000
      -5.84392       0.00000       0.00000
      -5.84201       0.00000       0.00000
      -5.84011       0.00000       0.00000
      -5.83820       0.00000       0.00000
      -5.83630       0.00000       0.00000
      -5.83439       0.00000       0.00000
      -5.83249       0.00000       0.00000
      -5.83058       0.00000       0.00000
      -5.82868       0.00000       0.00000
      -5.82677       0.00000       0.00000
      -5.82487       0.00000       0.00000
      -5.82296       0.00000       0.00000
      -5.82106       0.00000       0.00000
      -5.81915       0.00000       0.00000
      -5.81725       0.00000       0.00000
      -5.81535       0.00000       0.00000
      -5.81344       0.00000       0.00000
      -5.81154       0.00000       0.00000
      -5.80963       0.00000       0.00000
      -5.80773       0.00000       0.00000
      -5.80582       0.00000       0.00000
      -5.80392       0.00000       0.00000
      -5.80201       0.00000       0.00000
      -5.80011       0.00000       0.00000
      -5.79820       0.00000       0.00000
      -5.79630       0.00000       0.00000
      -5.79439       0.00000       0.00000
      -5.79249       0.00000       0.00000
      -5.79058       0.00000       0.00000
      -5.78868       0.00000       0.00000
      -5.78677       0.00000       0.00000
      -5.78487       0.00000       0.00000
      -5.78296       0.00000       0.00000
      -5.78106       0.00000       0.00000
      -5.77915       0.00000       0.00000
      -5.77725       0.00000       0.00000
      -5.77534       0.00000       0.00000
      -5.77344       0.00000       0.00000
      -5.77153       0.00000       0.00000
      -5.76963       0.00000       0.00000
      -5.76773       0.00000       0.00000
      -5.76582       0.00000       0.00000
      -5.76392       0.00000       0.00000
      -5.76201       0.00000       0.00000
      -5.76011       0.00000       0.00000
      -5.75820       0.00000       0.00000
      -5.75630       0.00000       0.00000
      -5.75439       0.00000       0.00000
      -5.75249       0.00000       0.00000
      -5.75058       0.00000       0.00000
      -5.74868       0.00000       0.00000
      -5.74677       0.00000       0.00000
      -5.74487       0.00000       0.00000
      -5.74296       0.00000       0.00000
      -5.74106       0.00000       0.00000
      -5.73915       0.00000       0.00000
      -5.73725       0.00000       0.00000
      -5.73534       0.00000       0.00000
      -5.73344       0.00000       0.00000
      -5.73153       0.00000       0.00000
      -5.72963       0.00000       0.00000
      -5.72772       0.00000       0.00000
      -5.72582       0.00000       0.00000
      -5.72392       0.00000       0.00000
      -5.72201       0.00000       0.00000
      -5.72011       0.00000       0.00000
      -5.71820       0.00000       0.00000
      -5.71630       0.00000       0.00000
      -5.71439       0.00000       0.00000
      -5.71249       0.00000       0.00000
      -5.71058       0.00000       0.00000
      -5.70868       0.00000       0.00000
      -5.70677       0.00000       0.00000
      -5.70487       0.00000       0.00000
      -5.70296       0.00000       0.00000
      -5.70106       0.00000       0.00000
      -5.69915       0.00000       0.00000
      -5.69725       0.00000       0.00000
      -5.69534       0.00000       0.00000
      -5.69344       0.00000       0.00000
      -5.69153       0.00000       0.00000
      -5.68963       0.00000       0.00000
      -5.68772       0.00000       0.00000
      -5.68582       0.00000       0.00000
      -5.68391       0.00000       0.00000
      -5.68201       0.00000       0.00000
      -5.68010       0.00000       0.00000
      -5.67820       0.00000       0.00000
      -5.67630       0.00000       0.00000
      -5.67439       0.00000       0.00000
      -5.67249       0.00000       0.00000
      -5.67058       0.00000       0.00000
      -5.66868       0.00000       0.00000
      -5.66677       0.00000       0.00000
      -5.66487       0.00000       0.00000
      -5.66296       0.00000       0.00000
      -5.66106       0.00000       0.00000
      -5.65915       0.00000       0.00000
      -5.65725       0.00000       0.00000
      -5.65534       0.00000       0.00000
      -5.65344       0.00000       0.00000
      -5.65153       0.00000       0.00000
      -5.64963       0.00000       0.00000
      -5.64772       0.00000       0.00000
      -5.64582       0.00000       0.00000
      -5.64391       0.00000       0.00000
      -5.64201       0.00000       0.00000
      -5.64010       0.00000       0.00000
      -5.63820       0.00000       0.00000
      -5.63629       0.00000       0.00000
      -5.63439       0.00000       0.00000
      -5.63248       0.00000       0.00000
      -5.63058       0.00000       0.00000
      -5.62868       0.00000       0.00000
      -5.62677       0.00000       0.00000
      -5.62487       0.00000       0.00000
      -5.62296       0.00000       0.00000
      -5.62106       0.00000       0.00000
      -5.61915       0.00000       0.00000
      -5.61725       0.00000       0.00000
      -5.61534       0.00000       0.00000
      -5.61344       0.00000       0.00000
      -5.61153       0.00000       0.00000
      -5.60963       0.00000       0.00000
      -5.60772       0.00000       0.00000
      -5.60582       0.00000       0.00000
      -5.60391       0.00000       0.00000
      -5.60201       0.00000       0.00000
      -5.60010       0.00000       0.00000
      -5.59820       0.00000       0.00000
      -5.59629       0.00000       0.00000
      -5.59439       0.00000       0.00000
      -5.59248       0.00000       0.00000
      -5.59058       0.00000       0.00000
      -5.58867       0.00000       0.00000
      -5.58677       0.00000       0.00000
      -5.58486       0.00000       0.00000
      -5.58296       0.00000       0.00000
      -5.58106       0.00000       0.00000
      -5.57915       0.00000       0.00000
      -5.57725       0.00000       0.00000
      -5.57534       0.00000       0.00000
      -5.57344       0.00000       0.00000
      -5.57153       0.00000       0.00000
      -5.56963       0.00000       0.00000
      -5.56772       0.00000       0.00000
      -5.56582       0.00000       0.00000
      -5.56391       0.00000       0.00000
      -5.56201       0.00000       0.00000
      -5.56010       0.00000       0.00000
      -5.55820       0.00000       0.00000
      -5.55629       0.00000       0.00000
      -5.55439       0.00000       0.00000
      -5.55248       0.00000       0.00000
      -5.55058       0.00000       0.00000
      -5.54867       0.00000       0.00000
      -5.54677       0.00000       0.00000
      -5.54486       0.00000       0.00000
      -5.54296       0.00000       0.00000
      -5.54105       0.00000       0.00000
      -5.53915       0.00000       0.00000
      -5.53724       0.00000       0.00000
      -5.53534       0.00000       0.00000
      -5.53344       0.00000       0.00000
      -5.53153       0.00000       0.00000
      -5.52963       0.00000       0.00000
      -5.52772       0.00000       0.00000
      -5.52582       0.00000       0.00000
      -5.52391       0.00000       0.00000
      -5.52201       0.00000       0.00000
      -5.52010       0.00000       0.00000
      -5.51820       0.00000       0.00000
      -5.51629       0.00000       0.00000
      -5.51439       0.00000       0.00000
      -5.51248       0.00000       0.00000
      -5.51058       0.00000       0.00000
      -5.50867       0.00000       0.00000
      -5.50677       0.00000       0.00000
      -5.50486       0.00000       0.00000
      -5.50296       0.00000       0.00000
      -5.50105       0.00000       0.00000
      -5.49915       0.00000       0.00000
      -5.49724       0.00000       0.00000
      -5.49534       0.00000       0.00000
      -5.49343       0.00000       0.00000
      -5.49153       0.00000       0.00000
      -5.48963       0.00000       0.00000
      -5.48772       0.00000       0.00000
      -5.48582       0.00000       0.00000
      -5.48391       0.00000       0.00000
      -5.48201       0.00000       0.00000
      -5.48010       0.00001       0.00000
      -5.47820       0.00001       0.00000
      -5.47629       0.00001       0.00000
      -5.47439       0.00002       0.00000
      -5.47248       0.00002       0.00000
      -5.47058       0.00003       0.00000
      -5.46867       0.00004       0.00000
      -5.46677       0.00006       0.00000
      -5.46486       0.00008       0.00000
      -5.46296       0.00012       0.00000
      -5.46105       0.00016       0.00000
      -5.45915       0.00021       0.00000
      -5.45724       0.00029       0.00000
      -5.45534       0.00039       0.00000
      -5.45343       0.00052       0.00000
      -5.45153       0.00070       0.00001
      -5.44962       0.00093       0.00001
      -5.44772       0.00123       0.00001
      -5.44581       0.00161       0.00001
      -5.44391       0.00211       0.00002
      -5.44201       0.00275       0.00002
      -5.44010       0.00356       0.00003
      -5.43820       0.00459       0.00004
      -5.43629       0.00589       0.00005
      -5.43439       0.00752       0.00006
      -5.43248       0.00955       0.00008
      -5.43058       0.01208       0.00010
      -5.42867       0.01520       0.00013
      -5.42677       0.01903       0.00017
      -5.42486       0.02372       0.00021
      -5.42296       0.02943       0.00027
      -5.42105       0.03633       0.00034
      -5.41915       0.04463       0.00042
      -5.41724       0.05456       0.00053
      -5.41534       0.06639       0.00065
      -5.41343       0.08040       0.00081
      -5.41153       0.09690       0.00099
      -5.40962       0.11623       0.00121
      -5.40772       0.13876       0.00148
      -5.40581       0.16486       0.00179
      -5.40391       0.19496       0.00216
      -5.40200       0.22946       0.00260
      -5.40010       0.26879       0.00311
      -5.39819       0.31339       0.00371
      -5.39629       0.36369       0.00440
      -5.39439       0.42009       0.00520
      -5.39248       0.48298       0.00612
      -5.39058       0.55273       0.00718
      -5.38867       0.62964       0.00837
      -5.38677       0.71396       0.00973
      -5.38486       0.80588       0.01127
      -5.38296       0.90552       0.01299
      -5.38105       1.01288       0.01492
      -5.37915       1.12789       0.01707
      -5.37724       1.25036       0.01945
      -5.37534       1.38001       0.02208
      -5.37343       1.51641       0.02497
      -5.37153       1.65905       0.02813
      -5.36962       1.80728       0.03157
      -5.36772       1.96036       0.03531
      -5.36581       2.11742       0.03934
      -5.36391       2.27753       0.04368
      -5.36200       2.43966       0.04833
      -5.36010       2.60274       0.05328
      -5.35819       2.76564       0.05855
      -5.35629       2.92722       0.06413
      -5.35438       3.08635       0.07001
      -5.35248       3.24192       0.07618
      -5.35057       3.39285       0.08264
      -5.34867       3.53819       0.08938
      -5.34677       3.67703       0.09639
      -5.34486       3.80864       0.10364
      -5.34296       3.93238       0.11113
      -5.34105       4.04781       0.11884
      -5.33915       4.15463       0.12676
      -5.33724       4.25277       0.13486
      -5.33534       4.34229       0.14313
      -5.33343       4.42348       0.15155
      -5.33153       4.49679       0.16012
      -5.32962       4.56287       0.16881
      -5.32772       4.62252       0.17762
      -5.32581       4.67666       0.18652
      -5.32391       4.72635       0.19553
      -5.32200       4.77273       0.20462
      -5.32010       4.81701       0.21379
      -5.31819       4.86041       0.22305
      -5.31629       4.90414       0.23239
      -5.31438       4.94936       0.24182
      -5.31248       4.99713       0.25134
      -5.31057       5.04841       0.26096
      -5.30867       5.10396       0.27068
      -5.30676       5.16437       0.28051
      -5.30486       5.23002       0.29048
      -5.30295       5.30100       0.30057
      -5.30105       5.37719       0.31082
      -5.29915       5.45814       0.32121
      -5.29724       5.54318       0.33177
      -5.29534       5.63133       0.34250
      -5.29343       5.72137       0.35340
      -5.29153       5.81184       0.36447
      -5.28962       5.90108       0.37571
      -5.28772       5.98726       0.38711
      -5.28581       6.06843       0.39867
      -5.28391       6.14255       0.41037
      -5.28200       6.20759       0.42220
      -5.28010       6.26152       0.43412
      -5.27819       6.30242       0.44613
      -5.27629       6.32852       0.45818
      -5.27438       6.33825       0.47025
      -5.27248       6.33028       0.48231
      -5.27057       6.30359       0.49432
      -5.26867       6.25748       0.50624
      -5.26676       6.19161       0.51803
      -5.26486       6.10603       0.52966
      -5.26295       6.00114       0.54109
      -5.26105       5.87777       0.55229
      -5.25914       5.73710       0.56322
      -5.25724       5.58064       0.57385
      -5.25533       5.41027       0.58415
      -5.25343       5.22811       0.59411
      -5.25153       5.03656       0.60371
      -5.24962       4.83817       0.61292
      -5.24772       4.63565       0.62175
      -5.24581       4.43181       0.63019
      -5.24391       4.22946       0.63825
      -5.24200       4.03140       0.64593
      -5.24010       3.84034       0.65324
      -5.23819       3.65890       0.66021
      -5.23629       3.48949       0.66686
      -5.23438       3.33434       0.67321
      -5.23248       3.19546       0.67930
      -5.23057       3.07458       0.68515
      -5.22867       2.97318       0.69082
      -5.22676       2.89243       0.69633
      -5.22486       2.83325       0.70172
      -5.22295       2.79626       0.70705
      -5.22105       2.78183       0.71235
      -5.21914       2.79005       0.71766
      -5.21724       2.82082       0.72304
      -5.21533       2.87378       0.72851
      -5.21343       2.94843       0.73413
      -5.21152       3.04408       0.73993
      -5.20962       3.15994       0.74594
      -5.20772       3.29509       0.75222
      -5.20581       3.44857       0.75879
      -5.20391       3.61935       0.76568
      -5.20200       3.80636       0.77293
      -5.20010       4.00854       0.78057
      -5.19819       4.22483       0.78862
      -5.19629       4.45419       0.79710
      -5.19438       4.69558       0.80605
      -5.19248       4.94799       0.81547
      -5.19057       5.21045       0.82539
      -5.18867       5.48196       0.83584
      -5.18676       5.76156       0.84681
      -5.18486       6.04824       0.85833
      -5.18295       6.34099       0.87041
      -5.18105       6.63873       0.88306
      -5.17914       6.94033       0.89628
      -5.17724       7.24457       0.91008
      -5.17533       7.55013       0.92446
      -5.17343       7.85560       0.93942
      -5.17152       8.15942       0.95496
      -5.16962       8.45995       0.97108
      -5.16771       8.75539       0.98775
      -5.16581       9.04384       1.00498
      -5.16390       9.32330       1.02274
      -5.16200       9.59169       1.04101
      -5.16010       9.84684       1.05977
      -5.15819      10.08658       1.07898
      -5.15629      10.30871       1.09861
      -5.15438      10.51107       1.11864
      -5.15248      10.69158       1.13900
      -5.15057      10.84826       1.15967
      -5.14867      10.97927       1.18058
      -5.14676      11.08298       1.20169
      -5.14486      11.15798       1.22294
      -5.14295      11.20309       1.24428
      -5.14105      11.21745       1.26565
      -5.13914      11.20049       1.28698
      -5.13724      11.15197       1.30823
      -5.13533      11.07197       1.32932
      -5.13343      10.96093       1.35019
      -5.13152      10.81960       1.37080
      -5.12962      10.64905       1.39109
      -5.12771      10.45068       1.41099
      -5.12581      10.22613       1.43047
      -5.12390       9.97732       1.44948
      -5.12200       9.70636       1.46797
      -5.12009       9.41556       1.48590
      -5.11819       9.10734       1.50325
      -5.11628       8.78423       1.51998
      -5.11438       8.44882       1.53607
      -5.11248       8.10370       1.55151
      -5.11057       7.75144       1.56628
      -5.10867       7.39456       1.58036
      -5.10676       7.03548       1.59376
      -5.10486       6.67650       1.60648
      -5.10295       6.31980       1.61852
      -5.10105       5.96738       1.62988
      -5.09914       5.62109       1.64059
      -5.09724       5.28259       1.65065
      -5.09533       4.95339       1.66009
      -5.09343       4.63480       1.66892
      -5.09152       4.32798       1.67716
      -5.08962       4.03395       1.68484
      -5.08771       3.75356       1.69199
      -5.08581       3.48756       1.69864
      -5.08390       3.23657       1.70480
      -5.08200       3.00114       1.71052
      -5.08009       2.78173       1.71582
      -5.07819       2.57875       1.72073
      -5.07628       2.39257       1.72529
      -5.07438       2.22353       1.72952
      -5.07247       2.07196       1.73347
      -5.07057       1.93815       1.73716
      -5.06866       1.82242       1.74063
      -5.06676       1.72507       1.74392
      -5.06486       1.64640       1.74705
      -5.06295       1.58671       1.75008
      -5.06105       1.54626       1.75302
      -5.05914       1.52532       1.75593
      -5.05724       1.52408       1.75883
      -5.05533       1.54271       1.76177
      -5.05343       1.58130       1.76478
      -5.05152       1.63984       1.76790
      -5.04962       1.71822       1.77118
      -5.04771       1.81620       1.77464
      -5.04581       1.93342       1.77832
      -5.04390       2.06933       1.78226
      -5.04200       2.22322       1.78650
      -5.04009       2.39422       1.79106
      -5.03819       2.58126       1.79597
      -5.03628       2.78308       1.80127
      -5.03438       2.99827       1.80699
      -5.03247       3.22524       1.81313
      -5.03057       3.46225       1.81972
      -5.02866       3.70746       1.82679
      -5.02676       3.95894       1.83433
      -5.02485       4.21469       1.84235
      -5.02295       4.47272       1.85087
      -5.02104       4.73108       1.85989
      -5.01914       4.98789       1.86939
      -5.01724       5.24142       1.87937
      -5.01533       5.49010       1.88983
      -5.01343       5.73260       1.90075
      -5.01152       5.96785       1.91212
      -5.00962       6.19508       1.92392
      -5.00771       6.41383       1.93613
      -5.00581       6.62399       1.94875
      -5.00390       6.82579       1.96175
      -5.00200       7.01979       1.97512
      -5.00009       7.20687       1.98885
      -4.99819       7.38818       2.00292
      -4.99628       7.56511       2.01733
      -4.99438       7.73925       2.03208
      -4.99247       7.91228       2.04715
      -4.99057       8.08595       2.06255
      -4.98866       8.26197       2.07829
      -4.98676       8.44194       2.09437
      -4.98485       8.62727       2.11080
      -4.98295       8.81913       2.12760
      -4.98104       9.01831       2.14478
      -4.97914       9.22525       2.16235
      -4.97723       9.43993       2.18033
      -4.97533       9.66183       2.19873
      -4.97343       9.88996       2.21757
      -4.97152      10.12281       2.23685
      -4.96962      10.35835       2.25658
      -4.96771      10.59413       2.27676
      -4.96581      10.82724       2.29739
      -4.96390      11.05441       2.31844
      -4.96200      11.27210       2.33992
      -4.96009      11.47656       2.36178
      -4.95819      11.66392       2.38399
      -4.95628      11.83030       2.40653
      -4.95438      11.97190       2.42933
      -4.95247      12.08511       2.45235
      -4.95057      12.16661       2.47553
      -4.94866      12.21345       2.49879
      -4.94676      12.22312       2.52207
      -4.94485      12.19364       2.54530
      -4.94295      12.12359       2.56839
      -4.94104      12.01216       2.59127
      -4.93914      11.85919       2.61386
      -4.93723      11.66513       2.63608
      -4.93533      11.43107       2.65786
      -4.93342      11.15870       2.67911
      -4.93152      10.85026       2.69978
      -4.92961      10.50851       2.71979
      -4.92771      10.13663       2.73910
      -4.92581       9.73819       2.75765
      -4.92390       9.31703       2.77540
      -4.92200       8.87720       2.79231
      -4.92009       8.42289       2.80835
      -4.91819       7.95831       2.82351
      -4.91628       7.48764       2.83777
      -4.91438       7.01496       2.85114
      -4.91247       6.54414       2.86360
      -4.91057       6.07883       2.87518
      -4.90866       5.62240       2.88589
      -4.90676       5.17788       2.89575
      -4.90485       4.74794       2.90480
      -4.90295       4.33487       2.91305
      -4.90104       3.94058       2.92056
      -4.89914       3.56659       2.92735
      -4.89723       3.21404       2.93348
      -4.89533       2.88371       2.93897
      -4.89342       2.57601       2.94388
      -4.89152       2.29107       2.94824
      -4.88961       2.02871       2.95210
      -4.88771       1.78849       2.95551
      -4.88580       1.56977       2.95850
      -4.88390       1.37172       2.96111
      -4.88199       1.19336       2.96339
      -4.88009       1.03359       2.96535
      -4.87819       0.89124       2.96705
      -4.87628       0.76507       2.96851
      -4.87438       0.65385       2.96976
      -4.87247       0.55630       2.97081
      -4.87057       0.47118       2.97171
      -4.86866       0.39730       2.97247
      -4.86676       0.33351       2.97310
      -4.86485       0.27869       2.97364
      -4.86295       0.23184       2.97408
      -4.86104       0.19199       2.97444
      -4.85914       0.15828       2.97474
      -4.85723       0.12989       2.97499
      -4.85533       0.10611       2.97519
      -4.85342       0.08629       2.97536
      -4.85152       0.06985       2.97549
      -4.84961       0.05629       2.97560
      -4.84771       0.04515       2.97568
      -4.84580       0.03605       2.97575
      -4.84390       0.02865       2.97581
      -4.84199       0.02267       2.97585
      -4.84009       0.01785       2.97588
      -4.83818       0.01399       2.97591
      -4.83628       0.01092       2.97593
      -4.83437       0.00848       2.97595
      -4.83247       0.00655       2.97596
      -4.83057       0.00504       2.97597
      -4.82866       0.00386       2.97598
      -4.82676       0.00294       2.97598
      -4.82485       0.00223       2.97599
      -4.82295       0.00169       2.97599
      -4.82104       0.00127       2.97599
      -4.81914       0.00095       2.97600
      -4.81723       0.00071       2.97600
      -4.81533       0.00053       2.97600
      -4.81342       0.00040       2.97600
      -4.81152       0.00030       2.97600
      -4.80961       0.00023       2.97600
      -4.80771       0.00019       2.97600
      -4.80580       0.00016       2.97600
      -4.80390       0.00015       2.97600
      -4.80199       0.00015       2.97600
      -4.80009       0.00017       2.97600
      -4.79818       0.00020       2.97600
      -4.79628       0.00026       2.97600
      -4.79437       0.00034       2.97600
      -4.79247       0.00044       2.97600
      -4.79056       0.00058       2.97600
      -4.78866       0.00077       2.97601
      -4.78675       0.00101       2.97601
      -4.78485       0.00132       2.97601
      -4.78295       0.00173       2.97601
      -4.78104       0.00225       2.97602
      -4.77914       0.00292       2.97602
      -4.77723       0.00376       2.97603
      -4.77533       0.00482       2.97604
      -4.77342       0.00616       2.97605
      -4.77152       0.00783       2.97607
      -4.76961       0.00991       2.97609
      -4.76771       0.01248       2.97611
      -4.76580       0.01565       2.97614
      -4.76390       0.01952       2.97618
      -4.76199       0.02423       2.97622
      -4.76009       0.02995       2.97628
      -4.75818       0.03683       2.97635
      -4.75628       0.04509       2.97644
      -4.75437       0.05494       2.97654
      -4.75247       0.06664       2.97667
      -4.75056       0.08044       2.97682
      -4.74866       0.09665       2.97700
      -4.74675       0.11559       2.97722
      -4.74485       0.13760       2.97749
      -4.74294       0.16304       2.97780
      -4.74104       0.19229       2.97816
      -4.73913       0.22574       2.97859
      -4.73723       0.26379       2.97910
      -4.73533       0.30683       2.97968
      -4.73342       0.35527       2.98036
      -4.73152       0.40946       2.98114
      -4.72961       0.46975       2.98203
      -4.72771       0.53647       2.98305
      -4.72580       0.60987       2.98421
      -4.72390       0.69016       2.98553
      -4.72199       0.77748       2.98701
      -4.72009       0.87187       2.98867
      -4.71818       0.97330       2.99053
      -4.71628       1.08162       2.99259
      -4.71437       1.19658       2.99486
      -4.71247       1.31780       2.99737
      -4.71056       1.44479       3.00013
      -4.70866       1.57691       3.00313
      -4.70675       1.71341       3.00639
      -4.70485       1.85341       3.00992
      -4.70294       1.99590       3.01373
      -4.70104       2.13978       3.01780
      -4.69913       2.28383       3.02215
      -4.69723       2.42676       3.02678
      -4.69532       2.56722       3.03167
      -4.69342       2.70379       3.03682
      -4.69152       2.83505       3.04222
      -4.68961       2.95958       3.04785
      -4.68771       3.07600       3.05371
      -4.68580       3.18296       3.05977
      -4.68390       3.27922       3.06602
      -4.68199       3.36364       3.07243
      -4.68009       3.43521       3.07897
      -4.67818       3.49309       3.08563
      -4.67628       3.53661       3.09236
      -4.67437       3.56531       3.09915
      -4.67247       3.57892       3.10597
      -4.67056       3.57741       3.11278
      -4.66866       3.56095       3.11957
      -4.66675       3.52998       3.12629
      -4.66485       3.48513       3.13293
      -4.66294       3.42727       3.13946
      -4.66104       3.35746       3.14585
      -4.65913       3.27697       3.15209
      -4.65723       3.18724       3.15817
      -4.65532       3.08988       3.16405
      -4.65342       2.98663       3.16974
      -4.65151       2.87932       3.17523
      -4.64961       2.76989       3.18050
      -4.64770       2.66033       3.18557
      -4.64580       2.55267       3.19043
      -4.64390       2.44892       3.19510
      -4.64199       2.35110       3.19957
      -4.64009       2.26116       3.20388
      -4.63818       2.18096       3.20804
      -4.63628       2.11230       3.21206
      -4.63437       2.05682       3.21598
      -4.63247       2.01602       3.21982
      -4.63056       1.99123       3.22361
      -4.62866       1.98358       3.22739
      -4.62675       1.99401       3.23119
      -4.62485       2.02319       3.23504
      -4.62294       2.07158       3.23899
      -4.62104       2.13934       3.24306
      -4.61913       2.22638       3.24730
      -4.61723       2.33230       3.25174
      -4.61532       2.45643       3.25642
      -4.61342       2.59779       3.26137
      -4.61151       2.75511       3.26662
      -4.60961       2.92682       3.27219
      -4.60770       3.11109       3.27812
      -4.60580       3.30583       3.28442
      -4.60389       3.50871       3.29110
      -4.60199       3.71719       3.29818
      -4.60008       3.92858       3.30566
      -4.59818       4.14006       3.31355
      -4.59628       4.34871       3.32183
      -4.59437       4.55161       3.33050
      -4.59247       4.74584       3.33954
      -4.59056       4.92859       3.34893
      -4.58866       5.09717       3.35864
      -4.58675       5.24910       3.36864
      -4.58485       5.38214       3.37889
      -4.58294       5.49437       3.38936
      -4.58104       5.58420       3.39999
      -4.57913       5.65045       3.41076
      -4.57723       5.69233       3.42160
      -4.57532       5.70952       3.43247
      -4.57342       5.70212       3.44334
      -4.57151       5.67073       3.45414
      -4.56961       5.61636       3.46484
      -4.56770       5.54045       3.47539
      -4.56580       5.44485       3.48576
      -4.56389       5.33177       3.49592
      -4.56199       5.20373       3.50583
      -4.56008       5.06350       3.51547
      -4.55818       4.91408       3.52483
      -4.55627       4.75860       3.53390
      -4.55437       4.60025       3.54266
      -4.55246       4.44226       3.55112
      -4.55056       4.28779       3.55929
      -4.54866       4.13993       3.56717
      -4.54675       4.00156       3.57480
      -4.54485       3.87536       3.58218
      -4.54294       3.76378       3.58935
      -4.54104       3.66895       3.59634
      -4.53913       3.59267       3.60318
      -4.53723       3.53644       3.60992
      -4.53532       3.50136       3.61659
      -4.53342       3.48821       3.62323
      -4.53151       3.49740       3.62989
      -4.52961       3.52902       3.63661
      -4.52770       3.58284       3.64344
      -4.52580       3.65831       3.65041
      -4.52389       3.75465       3.65756
      -4.52199       3.87082       3.66493
      -4.52008       4.00561       3.67256
      -4.51818       4.15763       3.68048
      -4.51627       4.32538       3.68872
      -4.51437       4.50727       3.69731
      -4.51246       4.70164       3.70626
      -4.51056       4.90682       3.71561
      -4.50865       5.12115       3.72536
      -4.50675       5.34297       3.73554
      -4.50484       5.57067       3.74615
      -4.50294       5.80268       3.75720
      -4.50104       6.03751       3.76870
      -4.49913       6.27371       3.78065
      -4.49723       6.50987       3.79305
      -4.49532       6.74464       3.80590
      -4.49342       6.97670       3.81919
      -4.49151       7.20477       3.83291
      -4.48961       7.42754       3.84706
      -4.48770       7.64372       3.86162
      -4.48580       7.85202       3.87658
      -4.48389       8.05108       3.89191
      -4.48199       8.23954       3.90761
      -4.48008       8.41601       3.92364
      -4.47818       8.57904       3.93998
      -4.47627       8.72717       3.95660
      -4.47437       8.85895       3.97348
      -4.47246       8.97291       3.99057
      -4.47056       9.06762       4.00784
      -4.46865       9.14171       4.02526
      -4.46675       9.19389       4.04277
      -4.46484       9.22299       4.06034
      -4.46294       9.22798       4.07791
      -4.46103       9.20804       4.09545
      -4.45913       9.16252       4.11291
      -4.45723       9.09104       4.13022
      -4.45532       8.99344       4.14735
      -4.45342       8.86987       4.16425
      -4.45151       8.72074       4.18086
      -4.44961       8.54677       4.19714
      -4.44770       8.34896       4.21304
      -4.44580       8.12857       4.22853
      -4.44389       7.88716       4.24355
      -4.44199       7.62648       4.25808
      -4.44008       7.34854       4.27207
      -4.43818       7.05550       4.28551
      -4.43627       6.74967       4.29837
      -4.43437       6.43346       4.31062
      -4.43246       6.10937       4.32226
      -4.43056       5.77987       4.33327
      -4.42865       5.44747       4.34365
      -4.42675       5.11459       4.35339
      -4.42484       4.78354       4.36250
      -4.42294       4.45656       4.37099
      -4.42103       4.13567       4.37887
      -4.41913       3.82276       4.38615
      -4.41722       3.51950       4.39285
      -4.41532       3.22736       4.39900
      -4.41341       2.94757       4.40461
      -4.41151       2.68115       4.40972
      -4.40961       2.42889       4.41435
      -4.40770       2.19137       4.41852
      -4.40580       1.96895       4.42227
      -4.40389       1.76180       4.42563
      -4.40199       1.56989       4.42862
      -4.40008       1.39305       4.43127
      -4.39818       1.23095       4.43362
      -4.39627       1.08312       4.43568
      -4.39437       0.94902       4.43749
      -4.39246       0.82798       4.43906
      -4.39056       0.71930       4.44043
      -4.38865       0.62220       4.44162
      -4.38675       0.53589       4.44264
      -4.38484       0.45956       4.44352
      -4.38294       0.39239       4.44426
      -4.38103       0.33357       4.44490
      -4.37913       0.28233       4.44544
      -4.37722       0.23791       4.44589
      -4.37532       0.19960       4.44627
      -4.37341       0.16671       4.44659
      -4.37151       0.13862       4.44685
      -4.36960       0.11475       4.44707
      -4.36770       0.09457       4.44725
      -4.36579       0.07758       4.44740
      -4.36389       0.06336       4.44752
      -4.36199       0.05152       4.44762
      -4.36008       0.04169       4.44770
      -4.35818       0.03359       4.44776
      -4.35627       0.02694       4.44781
      -4.35437       0.02150       4.44785
      -4.35246       0.01709       4.44789
      -4.35056       0.01352       4.44791
      -4.34865       0.01064       4.44793
      -4.34675       0.00834       4.44795
      -4.34484       0.00651       4.44796
      -4.34294       0.00506       4.44797
      -4.34103       0.00392       4.44798
      -4.33913       0.00302       4.44798
      -4.33722       0.00233       4.44799
      -4.33532       0.00179       4.44799
      -4.33341       0.00138       4.44799
      -4.33151       0.00108       4.44800
      -4.32960       0.00085       4.44800
      -4.32770       0.00070       4.44800
      -4.32579       0.00060       4.44800
      -4.32389       0.00056       4.44800
      -4.32198       0.00056       4.44800
      -4.32008       0.00061       4.44800
      -4.31817       0.00071       4.44800
      -4.31627       0.00087       4.44801
      -4.31437       0.00109       4.44801
      -4.31246       0.00139       4.44801
      -4.31056       0.00178       4.44801
      -4.30865       0.00228       4.44802
      -4.30675       0.00293       4.44802
      -4.30484       0.00376       4.44803
      -4.30294       0.00479       4.44804
      -4.30103       0.00609       4.44805
      -4.29913       0.00771       4.44807
      -4.29722       0.00973       4.44808
      -4.29532       0.01221       4.44811
      -4.29341       0.01525       4.44814
      -4.29151       0.01898       4.44817
      -4.28960       0.02350       4.44822
      -4.28770       0.02898       4.44827
      -4.28579       0.03559       4.44834
      -4.28389       0.04351       4.44842
      -4.28198       0.05296       4.44852
      -4.28008       0.06420       4.44865
      -4.27817       0.07748       4.44879
      -4.27627       0.09313       4.44897
      -4.27436       0.11146       4.44918
      -4.27246       0.13286       4.44944
      -4.27055       0.15770       4.44974
      -4.26865       0.18644       4.45009
      -4.26675       0.21951       4.45051
      -4.26484       0.25742       4.45100
      -4.26294       0.30066       4.45157
      -4.26103       0.34979       4.45224
      -4.25913       0.40535       4.45301
      -4.25722       0.46790       4.45390
      -4.25532       0.53802       4.45493
      -4.25341       0.61627       4.45610
      -4.25151       0.70321       4.45744
      -4.24960       0.79937       4.45896
      -4.24770       0.90526       4.46069
      -4.24579       1.02133       4.46263
      -4.24389       1.14798       4.46482
      -4.24198       1.28554       4.46727
      -4.24008       1.43424       4.47000
      -4.23817       1.59423       4.47304
      -4.23627       1.76554       4.47640
      -4.23436       1.94805       4.48011
      -4.23246       2.14151       4.48419
      -4.23055       2.34553       4.48866
      -4.22865       2.55951       4.49353
      -4.22674       2.78272       4.49883
      -4.22484       3.01422       4.50458
      -4.22293       3.25289       4.51077
      -4.22103       3.49744       4.51743
      -4.21913       3.74637       4.52457
      -4.21722       3.99804       4.53219
      -4.21532       4.25065       4.54028
      -4.21341       4.50225       4.54886
      -4.21151       4.75079       4.55791
      -4.20960       4.99414       4.56742
      -4.20770       5.23012       4.57738
      -4.20579       5.45655       4.58778
      -4.20389       5.67126       4.59858
      -4.20198       5.87219       4.60976
      -4.20008       6.05739       4.62130
      -4.19817       6.22509       4.63316
      -4.19627       6.37373       4.64530
      -4.19436       6.50202       4.65769
      -4.19246       6.60897       4.67027
      -4.19055       6.69394       4.68302
      -4.18865       6.75665       4.69589
      -4.18674       6.79722       4.70884
      -4.18484       6.81615       4.72183
      -4.18293       6.81438       4.73481
      -4.18103       6.79324       4.74775
      -4.17912       6.75442       4.76061
      -4.17722       6.70002       4.77337
      -4.17532       6.63241       4.78601
      -4.17341       6.55426       4.79849
      -4.17151       6.46848       4.81081
      -4.16960       6.37812       4.82296
      -4.16770       6.28635       4.83494
      -4.16579       6.19637       4.84674
      -4.16389       6.11135       4.85838
      -4.16198       6.03437       4.86987
      -4.16008       5.96835       4.88124
      -4.15817       5.91599       4.89251
      -4.15627       5.87974       4.90371
      -4.15436       5.86173       4.91488
      -4.15246       5.86378       4.92605
      -4.15055       5.88734       4.93726
      -4.14865       5.93348       4.94856
      -4.14674       6.00295       4.96000
      -4.14484       6.09613       4.97161
      -4.14293       6.21306       4.98344
      -4.14103       6.35353       4.99554
      -4.13912       6.51706       5.00796
      -4.13722       6.70295       5.02073
      -4.13531       6.91039       5.03389
      -4.13341       7.13842       5.04749
      -4.13150       7.38605       5.06155
      -4.12960       7.65228       5.07613
      -4.12770       7.93613       5.09125
      -4.12579       8.23670       5.10694
      -4.12389       8.55316       5.12323
      -4.12198       8.88482       5.14015
      -4.12008       9.23105       5.15774
      -4.11817       9.59136       5.17601
      -4.11627       9.96532       5.19499
      -4.11436      10.35258       5.21471
      -4.11246      10.75279       5.23519
      -4.11055      11.16558       5.25646
      -4.10865      11.59053       5.27853
      -4.10674      12.02709       5.30144
      -4.10484      12.47453       5.32521
      -4.10293      12.93194       5.34984
      -4.10103      13.39812       5.37536
      -4.09912      13.87160       5.40178
      -4.09722      14.35058       5.42912
      -4.09531      14.83291       5.45737
      -4.09341      15.31614       5.48654
      -4.09150      15.79743       5.51664
      -4.08960      16.27368       5.54763
      -4.08769      16.74147       5.57952
      -4.08579      17.19713       5.61228
      -4.08388      17.63683       5.64587
      -4.08198      18.05658       5.68027
      -4.08008      18.45232       5.71542
      -4.07817      18.82000       5.75126
      -4.07627      19.15564       5.78775
      -4.07436      19.45541       5.82481
      -4.07246      19.71566       5.86236
      -4.07055      19.93305       5.90033
      -4.06865      20.10455       5.93863
      -4.06674      20.22754       5.97716
      -4.06484      20.29982       6.01582
      -4.06293      20.31965       6.05453
      -4.06103      20.28581       6.09317
      -4.05912      20.19756       6.13164
      -4.05722      20.05471       6.16984
      -4.05531      19.85758       6.20767
      -4.05341      19.60701       6.24501
      -4.05150      19.30433       6.28179
      -4.04960      18.95137       6.31788
      -4.04769      18.55038       6.35322
      -4.04579      18.10407       6.38770
      -4.04388      17.61548       6.42126
      -4.04198      17.08803       6.45381
      -4.04007      16.52542       6.48528
      -4.03817      15.93160       6.51563
      -4.03626      15.31072       6.54479
      -4.03436      14.66708       6.57273
      -4.03246      14.00507       6.59941
      -4.03055      13.32915       6.62480
      -4.02865      12.64376       6.64888
      -4.02674      11.95329       6.67165
      -4.02484      11.26202       6.69310
      -4.02293      10.57411       6.71324
      -4.02103       9.89349       6.73209
      -4.01912       9.22390       6.74966
      -4.01722       8.56879       6.76598
      -4.01531       7.93132       6.78109
      -4.01341       7.31433       6.79502
      -4.01150       6.72033       6.80782
      -4.00960       6.15147       6.81954
      -4.00769       5.60953       6.83022
      -4.00579       5.09596       6.83993
      -4.00388       4.61182       6.84871
      -4.00198       4.15787       6.85663
      -4.00007       3.73451       6.86375
      -3.99817       3.34185       6.87011
      -3.99626       2.97974       6.87579
      -3.99436       2.64777       6.88083
      -3.99245       2.34533       6.88530
      -3.99055       2.07161       6.88925
      -3.98864       1.82570       6.89272
      -3.98674       1.60655       6.89578
      -3.98484       1.41305       6.89848
      -3.98293       1.24409       6.90085
      -3.98103       1.09850       6.90294
      -3.97912       0.97518       6.90480
      -3.97722       0.87307       6.90646
      -3.97531       0.79117       6.90797
      -3.97341       0.72858       6.90935
      -3.97150       0.68449       6.91066
      -3.96960       0.65822       6.91191
      -3.96769       0.64916       6.91315
      -3.96579       0.65685       6.91440
      -3.96388       0.68089       6.91570
      -3.96198       0.72099       6.91707
      -3.96007       0.77691       6.91855
      -3.95817       0.84849       6.92016
      -3.95626       0.93556       6.92195
      -3.95436       1.03797       6.92392
      -3.95245       1.15552       6.92612
      -3.95055       1.28798       6.92858
      -3.94864       1.43500       6.93131
      -3.94674       1.59614       6.93435
      -3.94483       1.77080       6.93772
      -3.94293       1.95820       6.94145
      -3.94103       2.15739       6.94556
      -3.93912       2.36722       6.95007
      -3.93722       2.58629       6.95500
      -3.93531       2.81301       6.96036
      -3.93341       3.04557       6.96616
      -3.93150       3.28192       6.97241
      -3.92960       3.51986       6.97912
      -3.92769       3.75700       6.98627
      -3.92579       3.99081       6.99387
      -3.92388       4.21867       7.00191
      -3.92198       4.43791       7.01036
      -3.92007       4.64585       7.01921
      -3.91817       4.83986       7.02843
      -3.91626       5.01738       7.03799
      -3.91436       5.17604       7.04785
      -3.91245       5.31366       7.05797
      -3.91055       5.42829       7.06831
      -3.90864       5.51831       7.07882
      -3.90674       5.58242       7.08945
      -3.90483       5.61967       7.10016
      -3.90293       5.62953       7.11088
      -3.90102       5.61185       7.12157
      -3.89912       5.56688       7.13217
      -3.89721       5.49528       7.14264
      -3.89531       5.39808       7.15292
      -3.89341       5.27669       7.16297
      -3.89150       5.13282       7.17275
      -3.88960       4.96846       7.18221
      -3.88769       4.78586       7.19133
      -3.88579       4.58744       7.20007
      -3.88388       4.37575       7.20840
      -3.88198       4.15343       7.21632
      -3.88007       3.92313       7.22379
      -3.87817       3.68749       7.23081
      -3.87626       3.44907       7.23738
      -3.87436       3.21029       7.24350
      -3.87245       2.97345       7.24916
      -3.87055       2.74062       7.25438
      -3.86864       2.51368       7.25917
      -3.86674       2.29428       7.26354
      -3.86483       2.08380       7.26751
      -3.86293       1.88341       7.27110
      -3.86102       1.69400       7.27432
      -3.85912       1.51623       7.27721
      -3.85721       1.35054       7.27978
      -3.85531       1.19715       7.28206
      -3.85340       1.05610       7.28408
      -3.85150       0.92726       7.28584
      -3.84959       0.81034       7.28739
      -3.84769       0.70497       7.28873
      -3.84579       0.61063       7.28989
      -3.84388       0.52679       7.29089
      -3.84198       0.45282       7.29176
      -3.84007       0.38812       7.29250
      -3.83817       0.33204       7.29313
      -3.83626       0.28398       7.29367
      -3.83436       0.24337       7.29413
      -3.83245       0.20968       7.29453
      -3.83055       0.18246       7.29488
      -3.82864       0.16132       7.29519
      -3.82674       0.14599       7.29547
      -3.82483       0.13625       7.29573
      -3.82293       0.13205       7.29598
      -3.82102       0.13341       7.29623
      -3.81912       0.14050       7.29650
      -3.81721       0.15362       7.29679
      -3.81531       0.17319       7.29712
      -3.81340       0.19980       7.29750
      -3.81150       0.23417       7.29795
      -3.80959       0.27718       7.29848
      -3.80769       0.32985       7.29910
      -3.80578       0.39336       7.29985
      -3.80388       0.46905       7.30075
      -3.80197       0.55837       7.30181
      -3.80007       0.66293       7.30307
      -3.79817       0.78446       7.30457
      -3.79626       0.92477       7.30633
      -3.79436       1.08575       7.30840
      -3.79245       1.26936       7.31081
      -3.79055       1.47755       7.31363
      -3.78864       1.71226       7.31689
      -3.78674       1.97536       7.32065
      -3.78483       2.26858       7.32497
      -3.78293       2.59349       7.32991
      -3.78102       2.95143       7.33554
      -3.77912       3.34343       7.34190
      -3.77721       3.77018       7.34909
      -3.77531       4.23193       7.35715
      -3.77340       4.72847       7.36615
      -3.77150       5.25905       7.37617
      -3.76959       5.82234       7.38726
      -3.76769       6.41639       7.39948
      -3.76578       7.03858       7.41289
      -3.76388       7.68566       7.42753
      -3.76197       8.35368       7.44344
      -3.76007       9.03804       7.46066
      -3.75816       9.73352       7.47920
      -3.75626      10.43434       7.49907
      -3.75435      11.13419       7.52028
      -3.75245      11.82633       7.54281
      -3.75055      12.50372       7.56663
      -3.74864      13.15910       7.59169
      -3.74674      13.78511       7.61795
      -3.74483      14.37446       7.64533
      -3.74293      14.92002       7.67375
      -3.74102      15.41503       7.70311
      -3.73912      15.85318       7.73331
      -3.73721      16.22877       7.76422
      -3.73531      16.53682       7.79572
      -3.73340      16.77320       7.82767
      -3.73150      16.93472       7.85993
      -3.72959      17.01919       7.89235
      -3.72769      17.02546       7.92478
      -3.72578      16.95350       7.95707
      -3.72388      16.80432       7.98908
      -3.72197      16.58002       8.02066
      -3.72007      16.28370       8.05168
      -3.71816      15.91941       8.08200
      -3.71626      15.49204       8.11151
      -3.71435      15.00723       8.14009
      -3.71245      14.47125       8.16766
      -3.71054      13.89084       8.19412
      -3.70864      13.27311       8.21940
      -3.70674      12.62539       8.24345
      -3.70483      11.95506       8.26622
      -3.70293      11.26945       8.28769
      -3.70102      10.57573       8.30783
      -3.69912       9.88076       8.32665
      -3.69721       9.19101       8.34416
      -3.69531       8.51249       8.36037
      -3.69340       7.85069       8.37533
      -3.69150       7.21049       8.38906
      -3.68959       6.59621       8.40163
      -3.68769       6.01151       8.41308
      -3.68578       5.45948       8.42348
      -3.68388       4.94259       8.43289
      -3.68197       4.46277       8.44139
      -3.68007       4.02143       8.44905
      -3.67816       3.61950       8.45595
      -3.67626       3.25753       8.46215
      -3.67435       2.93567       8.46774
      -3.67245       2.65380       8.47280
      -3.67054       2.41155       8.47739
      -3.66864       2.20837       8.48160
      -3.66673       2.04356       8.48549
      -3.66483       1.91631       8.48914
      -3.66292       1.82574       8.49262
      -3.66102       1.77094       8.49599
      -3.65912       1.75096       8.49933
      -3.65721       1.76482       8.50269
      -3.65531       1.81152       8.50614
      -3.65340       1.89003       8.50974
      -3.65150       1.99926       8.51355
      -3.64959       2.13805       8.51762
      -3.64769       2.30515       8.52201
      -3.64578       2.49918       8.52677
      -3.64388       2.71860       8.53195
      -3.64197       2.96169       8.53759
      -3.64007       3.22651       8.54374
      -3.63816       3.51091       8.55043
      -3.63626       3.81246       8.55769
      -3.63435       4.12850       8.56555
      -3.63245       4.45610       8.57404
      -3.63054       4.79207       8.58317
      -3.62864       5.13301       8.59294
      -3.62673       5.47528       8.60337
      -3.62483       5.81509       8.61445
      -3.62292       6.14854       8.62616
      -3.62102       6.47165       8.63849
      -3.61911       6.78043       8.65140
      -3.61721       7.07095       8.66487
      -3.61530       7.33942       8.67885
      -3.61340       7.58226       8.69330
      -3.61150       7.79614       8.70815
      -3.60959       7.97810       8.72334
      -3.60769       8.12557       8.73882
      -3.60578       8.23644       8.75451
      -3.60388       8.30911       8.77034
      -3.60197       8.34252       8.78623
      -3.60007       8.33617       8.80211
      -3.59816       8.29014       8.81790
      -3.59626       8.20509       8.83353
      -3.59435       8.08221       8.84892
      -3.59245       7.92324       8.86401
      -3.59054       7.73038       8.87874
      -3.58864       7.50627       8.89304
      -3.58673       7.25394       8.90685
      -3.58483       6.97668       8.92014
      -3.58292       6.67807       8.93286
      -3.58102       6.36178       8.94498
      -3.57911       6.03161       8.95647
      -3.57721       5.69135       8.96731
      -3.57530       5.34471       8.97749
      -3.57340       4.99529       8.98701
      -3.57149       4.64648       8.99586
      -3.56959       4.30146       9.00405
      -3.56768       3.96311       9.01160
      -3.56578       3.63399       9.01852
      -3.56388       3.31635       9.02484
      -3.56197       3.01207       9.03058
      -3.56007       2.72270       9.03576
      -3.55816       2.44942       9.04043
      -3.55626       2.19308       9.04460
      -3.55435       1.95423       9.04833
      -3.55245       1.73311       9.05163
      -3.55054       1.52971       9.05454
      -3.54864       1.34375       9.05710
      -3.54673       1.17480       9.05934
      -3.54483       1.02220       9.06129
      -3.54292       0.88521       9.06297
      -3.54102       0.76294       9.06443
      -3.53911       0.65444       9.06567
      -3.53721       0.55873       9.06674
      -3.53530       0.47478       9.06764
      -3.53340       0.40156       9.06841
      -3.53149       0.33807       9.06905
      -3.52959       0.28333       9.06959
      -3.52768       0.23643       9.07004
      -3.52578       0.19648       9.07041
      -3.52387       0.16268       9.07072
      -3.52197       0.13427       9.07098
      -3.52006       0.11060       9.07119
      -3.51816       0.09104       9.07136
      -3.51626       0.07509       9.07151
      -3.51435       0.06227       9.07163
      -3.51245       0.05220       9.07172
      -3.51054       0.04456       9.07181
      -3.50864       0.03908       9.07188
      -3.50673       0.03556       9.07195
      -3.50483       0.03388       9.07202
      -3.50292       0.03395       9.07208
      -3.50102       0.03575       9.07215
      -3.49911       0.03929       9.07222
      -3.49721       0.04467       9.07231
      -3.49530       0.05201       9.07241
      -3.49340       0.06149       9.07253
      -3.49149       0.07334       9.07266
      -3.48959       0.08782       9.07283
      -3.48768       0.10526       9.07303
      -3.48578       0.12601       9.07327
      -3.48387       0.15047       9.07356
      -3.48197       0.17907       9.07390
      -3.48006       0.21228       9.07430
      -3.47816       0.25059       9.07478
      -3.47625       0.29450       9.07534
      -3.47435       0.34452       9.07600
      -3.47244       0.40119       9.07676
      -3.47054       0.46500       9.07765
      -3.46864       0.53643       9.07867
      -3.46673       0.61594       9.07984
      -3.46483       0.70393       9.08119
      -3.46292       0.80073       9.08271
      -3.46102       0.90660       9.08444
      -3.45911       1.02172       9.08638
      -3.45721       1.14614       9.08857
      -3.45530       1.27982       9.09100
      -3.45340       1.42256       9.09371
      -3.45149       1.57407       9.09671
      -3.44959       1.73386       9.10001
      -3.44768       1.90136       9.10364
      -3.44578       2.07580       9.10759
      -3.44387       2.25630       9.11189
      -3.44197       2.44185       9.11654
      -3.44006       2.63130       9.12155
      -3.43816       2.82342       9.12693
      -3.43625       3.01686       9.13268
      -3.43435       3.21022       9.13879
      -3.43244       3.40205       9.14527
      -3.43054       3.59089       9.15211
      -3.42863       3.77526       9.15930
      -3.42673       3.95372       9.16683
      -3.42483       4.12489       9.17469
      -3.42292       4.28745       9.18286
      -3.42102       4.44017       9.19131
      -3.41911       4.58195       9.20004
      -3.41721       4.71179       9.20902
      -3.41530       4.82886       9.21822
      -3.41340       4.93244       9.22761
      -3.41149       5.02196       9.23718
      -3.40959       5.09702       9.24689
      -3.40768       5.15733       9.25671
      -3.40578       5.20274       9.26662
      -3.40387       5.23325       9.27659
      -3.40197       5.24894       9.28659
      -3.40006       5.25001       9.29659
      -3.39816       5.23676       9.30656
      -3.39625       5.20955       9.31648
      -3.39435       5.16882       9.32633
      -3.39244       5.11508       9.33607
      -3.39054       5.04889       9.34569
      -3.38863       4.97085       9.35516
      -3.38673       4.88161       9.36446
      -3.38482       4.78190       9.37357
      -3.38292       4.67245       9.38247
      -3.38101       4.55408       9.39114
      -3.37911       4.42766       9.39957
      -3.37721       4.29409       9.40775
      -3.37530       4.15439       9.41567
      -3.37340       4.00960       9.42330
      -3.37149       3.86085       9.43066
      -3.36959       3.70936       9.43772
      -3.36768       3.55639       9.44450
      -3.36578       3.40331       9.45098
      -3.36387       3.25152       9.45717
      -3.36197       3.10249       9.46308
      -3.36006       2.95775       9.46872
      -3.35816       2.81885       9.47409
      -3.35625       2.68736       9.47921
      -3.35435       2.56485       9.48409
      -3.35244       2.45288       9.48876
      -3.35054       2.35297       9.49325
      -3.34863       2.26658       9.49756
      -3.34673       2.19506       9.50174
      -3.34482       2.13969       9.50582
      -3.34292       2.10159       9.50982
      -3.34101       2.08172       9.51379
      -3.33911       2.08089       9.51775
      -3.33720       2.09966       9.52175
      -3.33530       2.13841       9.52582
      -3.33339       2.19723       9.53001
      -3.33149       2.27598       9.53434
      -3.32959       2.37423       9.53887
      -3.32768       2.49128       9.54361
      -3.32578       2.62613       9.54861
      -3.32387       2.77747       9.55391
      -3.32197       2.94373       9.55951
      -3.32006       3.12305       9.56546
      -3.31816       3.31330       9.57177
      -3.31625       3.51212       9.57846
      -3.31435       3.71694       9.58554
      -3.31244       3.92500       9.59302
      -3.31054       4.13341       9.60089
      -3.30863       4.33920       9.60916
      -3.30673       4.53933       9.61780
      -3.30482       4.73081       9.62682
      -3.30292       4.91067       9.63617
      -3.30101       5.07609       9.64584
      -3.29911       5.22442       9.65579
      -3.29720       5.35324       9.66599
      -3.29530       5.46040       9.67639
      -3.29339       5.54408       9.68695
      -3.29149       5.60280       9.69762
      -3.28958       5.63550       9.70835
      -3.28768       5.64150       9.71910
      -3.28577       5.62055       9.72981
      -3.28387       5.57283       9.74042
      -3.28197       5.49890       9.75090
      -3.28006       5.39975       9.76118
      -3.27816       5.27674       9.77123
      -3.27625       5.13152       9.78101
      -3.27435       4.96608       9.79047
      -3.27244       4.78263       9.79958
      -3.27054       4.58358       9.80831
      -3.26863       4.37147       9.81663
      -3.26673       4.14893       9.82454
      -3.26482       3.91861       9.83200
      -3.26292       3.68317       9.83902
      -3.26101       3.44515       9.84558
      -3.25911       3.20702       9.85169
      -3.25720       2.97107       9.85735
      -3.25530       2.73942       9.86256
      -3.25339       2.51398       9.86735
      -3.25149       2.29642       9.87173
      -3.24958       2.08821       9.87570
      -3.24768       1.89053       9.87931
      -3.24577       1.70438       9.88255
      -3.24387       1.53048       9.88547
      -3.24196       1.36936       9.88808
      -3.24006       1.22135       9.89040
      -3.23815       1.08658       9.89247
      -3.23625       0.96505       9.89431
      -3.23435       0.85661       9.89594
      -3.23244       0.76099       9.89739
      -3.23054       0.67783       9.89868
      -3.22863       0.60672       9.89984
      -3.22673       0.54718       9.90088
      -3.22482       0.49871       9.90183
      -3.22292       0.46079       9.90271
      -3.22101       0.43290       9.90353
      -3.21911       0.41451       9.90432
      -3.21720       0.40514       9.90509
      -3.21530       0.40428       9.90586
      -3.21339       0.41149       9.90665
      -3.21149       0.42632       9.90746
      -3.20958       0.44836       9.90831
      -3.20768       0.47720       9.90922
      -3.20577       0.51249       9.91020
      -3.20387       0.55386       9.91125
      -3.20196       0.60098       9.91240
      -3.20006       0.65352       9.91364
      -3.19815       0.71118       9.91500
      -3.19625       0.77368       9.91647
      -3.19434       0.84073       9.91807
      -3.19244       0.91211       9.91981
      -3.19054       0.98759       9.92169
      -3.18863       1.06702       9.92372
      -3.18673       1.15026       9.92592
      -3.18482       1.23724       9.92827
      -3.18292       1.32795       9.93080
      -3.18101       1.42246       9.93351
      -3.17911       1.52093       9.93641
      -3.17720       1.62358       9.93950
      -3.17530       1.73074       9.94280
      -3.17339       1.84283       9.94631
      -3.17149       1.96037       9.95004
      -3.16958       2.08394       9.95401
      -3.16768       2.21422       9.95823
      -3.16577       2.35193       9.96271
      -3.16387       2.49783       9.96747
      -3.16196       2.65270       9.97252
      -3.16006       2.81729       9.97789
      -3.15815       2.99232       9.98359
      -3.15625       3.17840       9.98964
      -3.15434       3.37604       9.99607
      -3.15244       3.58558      10.00290
      -3.15053       3.80716      10.01015
      -3.14863       4.04068      10.01785
      -3.14672       4.28579      10.02601
      -3.14482       4.54184      10.03466
      -3.14292       4.80787      10.04382
      -3.14101       5.08259      10.05350
      -3.13911       5.36440      10.06372
      -3.13720       5.65134      10.07449
      -3.13530       5.94120      10.08580
      -3.13339       6.23146      10.09767
      -3.13149       6.51936      10.11009
      -3.12958       6.80197      10.12305
      -3.12768       7.07619      10.13653
      -3.12577       7.33887      10.15050
      -3.12387       7.58685      10.16496
      -3.12196       7.81703      10.17985
      -3.12006       8.02644      10.19513
      -3.11815       8.21233      10.21078
      -3.11625       8.37221      10.22672
      -3.11434       8.50394      10.24292
      -3.11244       8.60577      10.25932
      -3.11053       8.67637      10.27584
      -3.10863       8.71490      10.29244
      -3.10672       8.72099      10.30905
      -3.10482       8.69477      10.32562
      -3.10291       8.63688      10.34207
      -3.10101       8.54839      10.35835
      -3.09910       8.43085      10.37441
      -3.09720       8.28619      10.39019
      -3.09530       8.11668      10.40565
      -3.09339       7.92488      10.42075
      -3.09149       7.71355      10.43544
      -3.08958       7.48562      10.44970
      -3.08768       7.24408      10.46350
      -3.08577       6.99193      10.47682
      -3.08387       6.73210      10.48964
      -3.08196       6.46741      10.50196
      -3.08006       6.20049      10.51377
      -3.07815       5.93375      10.52507
      -3.07625       5.66935      10.53587
      -3.07434       5.40915      10.54617
      -3.07244       5.15471      10.55599
      -3.07053       4.90730      10.56534
      -3.06863       4.66786      10.57423
      -3.06672       4.43706      10.58268
      -3.06482       4.21530      10.59071
      -3.06291       4.00273      10.59834
      -3.06101       3.79929      10.60557
      -3.05910       3.60475      10.61244
      -3.05720       3.41873      10.61895
      -3.05529       3.24077      10.62513
      -3.05339       3.07031      10.63097
      -3.05148       2.90680      10.63651
      -3.04958       2.74965      10.64175
      -3.04768       2.59832      10.64670
      -3.04577       2.45230      10.65137
      -3.04387       2.31115      10.65577
      -3.04196       2.17451      10.65991
      -3.04006       2.04208      10.66380
      -3.03815       1.91367      10.66745
      -3.03625       1.78915      10.67086
      -3.03434       1.66845      10.67403
      -3.03244       1.55161      10.67699
      -3.03053       1.43869      10.67973
      -3.02863       1.32980      10.68226
      -3.02672       1.22508      10.68460
      -3.02482       1.12468      10.68674
      -3.02291       1.02878      10.68870
      -3.02101       0.93753      10.69048
      -3.01910       0.85106      10.69211
      -3.01720       0.76949      10.69357
      -3.01529       0.69289      10.69489
      -3.01339       0.62132      10.69607
      -3.01148       0.55476      10.69713
      -3.00958       0.49320      10.69807
      -3.00767       0.43654      10.69890
      -3.00577       0.38467      10.69963
      -3.00386       0.33744      10.70028
      -3.00196       0.29466      10.70084
      -3.00006       0.25613      10.70133
      -2.99815       0.22161      10.70175
      -2.99625       0.19085      10.70211
      -2.99434       0.16359      10.70242
      -2.99244       0.13956      10.70269
      -2.99053       0.11850      10.70292
      -2.98863       0.10014      10.70311
      -2.98672       0.08422      10.70327
      -2.98482       0.07050      10.70340
      -2.98291       0.05873      10.70351
      -2.98101       0.04868      10.70361
      -2.97910       0.04017      10.70368
      -2.97720       0.03298      10.70374
      -2.97529       0.02695      10.70380
      -2.97339       0.02191      10.70384
      -2.97148       0.01773      10.70387
      -2.96958       0.01428      10.70390
      -2.96767       0.01144      10.70392
      -2.96577       0.00912      10.70394
      -2.96386       0.00724      10.70395
      -2.96196       0.00572      10.70396
      -2.96005       0.00449      10.70397
      -2.95815       0.00352      10.70398
      -2.95624       0.00274      10.70398
      -2.95434       0.00212      10.70399
      -2.95244       0.00163      10.70399
      -2.95053       0.00125      10.70399
      -2.94863       0.00096      10.70399
      -2.94672       0.00073      10.70400
      -2.94482       0.00055      10.70400
      -2.94291       0.00041      10.70400
      -2.94101       0.00031      10.70400
      -2.93910       0.00023      10.70400
      -2.93720       0.00017      10.70400
      -2.93529       0.00013      10.70400
      -2.93339       0.00009      10.70400
      -2.93148       0.00007      10.70400
      -2.92958       0.00005      10.70400
      -2.92767       0.00004      10.70400
      -2.92577       0.00003      10.70400
      -2.92386       0.00002      10.70400
      -2.92196       0.00001      10.70400
      -2.92005       0.00001      10.70400
      -2.91815       0.00001      10.70400
      -2.91624       0.00001      10.70400
      -2.91434       0.00000      10.70400
      -2.91243       0.00000      10.70400
      -2.91053       0.00000      10.70400
      -2.90863       0.00000      10.70400
      -2.90672       0.00000      10.70400
      -2.90482       0.00000      10.70400
      -2.90291       0.00001      10.70400
      -2.90101       0.00001      10.70400
      -2.89910       0.00001      10.70400
      -2.89720       0.00002      10.70400
      -2.89529       0.00003      10.70400
      -2.89339       0.00004      10.70400
      -2.89148       0.00005      10.70400
      -2.88958       0.00007      10.70400
      -2.88767       0.00010      10.70400
      -2.88577       0.00014      10.70400
      -2.88386       0.00019      10.70400
      -2.88196       0.00025      10.70400
      -2.88005       0.00034      10.70400
      -2.87815       0.00046      10.70400
      -2.87624       0.00062      10.70400
      -2.87434       0.00083      10.70401
      -2.87243       0.00111      10.70401
      -2.87053       0.00147      10.70401
      -2.86862       0.00194      10.70401
      -2.86672       0.00255      10.70402
      -2.86481       0.00333      10.70403
      -2.86291       0.00433      10.70403
      -2.86101       0.00561      10.70404
      -2.85910       0.00723      10.70406
      -2.85720       0.00927      10.70408
      -2.85529       0.01184      10.70410
      -2.85339       0.01505      10.70413
      -2.85148       0.01904      10.70416
      -2.84958       0.02397      10.70421
      -2.84767       0.03005      10.70427
      -2.84577       0.03750      10.70434
      -2.84386       0.04658      10.70443
      -2.84196       0.05760      10.70454
      -2.84005       0.07090      10.70467
      -2.83815       0.08687      10.70484
      -2.83624       0.10597      10.70504
      -2.83434       0.12868      10.70528
      -2.83243       0.15555      10.70558
      -2.83053       0.18719      10.70594
      -2.82862       0.22427      10.70636
      -2.82672       0.26748      10.70687
      -2.82481       0.31761      10.70748
      -2.82291       0.37545      10.70819
      -2.82100       0.44187      10.70904
      -2.81910       0.51774      10.71002
      -2.81719       0.60397      10.71117
      -2.81529       0.70147      10.71251
      -2.81339       0.81113      10.71405
      -2.81148       0.93385      10.71583
      -2.80958       1.07044      10.71787
      -2.80767       1.22169      10.72020
      -2.80577       1.38826      10.72284
      -2.80386       1.57073      10.72583
      -2.80196       1.76952      10.72920
      -2.80005       1.98489      10.73299
      -2.79815       2.21692      10.73721
      -2.79624       2.46548      10.74190
      -2.79434       2.73020      10.74711
      -2.79243       3.01048      10.75284
      -2.79053       3.30542      10.75914
      -2.78862       3.61387      10.76602
      -2.78672       3.93440      10.77351
      -2.78481       4.26528      10.78164
      -2.78291       4.60453      10.79041
      -2.78100       4.94988      10.79984
      -2.77910       5.29884      10.80993
      -2.77719       5.64867      10.82069
      -2.77529       5.99646      10.83211
      -2.77338       6.33916      10.84419
      -2.77148       6.67360      10.85690
      -2.76957       6.99655      10.87023
      -2.76767       7.30477      10.88414
      -2.76577       7.59506      10.89861
      -2.76386       7.86435      10.91359
      -2.76196       8.10969      10.92903
      -2.76005       8.32835      10.94490
      -2.75815       8.51787      10.96112
      -2.75624       8.67609      10.97765
      -2.75434       8.80118      10.99441
      -2.75243       8.89174      11.01135
      -2.75053       8.94672      11.02839
      -2.74862       8.96554      11.04547
      -2.74672       8.94804      11.06251
      -2.74481       8.89452      11.07946
      -2.74291       8.80569      11.09623
      -2.74100       8.68270      11.11277
      -2.73910       8.52706      11.12901
      -2.73719       8.34069      11.14490
      -2.73529       8.12580      11.16038
      -2.73338       7.88487      11.17539
      -2.73148       7.62065      11.18991
      -2.72957       7.33603      11.20388
      -2.72767       7.03406      11.21728
      -2.72576       6.71784      11.23008
      -2.72386       6.39051      11.24225
      -2.72195       6.05517      11.25379
      -2.72005       5.71486      11.26467
      -2.71815       5.37250      11.27490
      -2.71624       5.03084      11.28449
      -2.71434       4.69246      11.29343
      -2.71243       4.35973      11.30173
      -2.71053       4.03477      11.30942
      -2.70862       3.71945      11.31650
      -2.70672       3.41541      11.32301
      -2.70481       3.12399      11.32896
      -2.70291       2.84631      11.33438
      -2.70100       2.58320      11.33930
      -2.69910       2.33528      11.34375
      -2.69719       2.10292      11.34775
      -2.69529       1.88629      11.35135
      -2.69338       1.68538      11.35456
      -2.69148       1.49997      11.35741
      -2.68957       1.32974      11.35995
      -2.68767       1.17420      11.36218
      -2.68576       1.03278      11.36415
      -2.68386       0.90482      11.36587
      -2.68195       0.78958      11.36738
      -2.68005       0.68629      11.36868
      -2.67814       0.59414      11.36982
      -2.67624       0.51232      11.37079
      -2.67434       0.43999      11.37163
      -2.67243       0.37637      11.37235
      -2.67053       0.32064      11.37296
      -2.66862       0.27206      11.37348
      -2.66672       0.22991      11.37391
      -2.66481       0.19349      11.37428
      -2.66291       0.16218      11.37459
      -2.66100       0.13537      11.37485
      -2.65910       0.11253      11.37506
      -2.65719       0.09315      11.37524
      -2.65529       0.07679      11.37539
      -2.65338       0.06304      11.37551
      -2.65148       0.05153      11.37560
      -2.64957       0.04194      11.37568
      -2.64767       0.03400      11.37575
      -2.64576       0.02744      11.37580
      -2.64386       0.02205      11.37584
      -2.64195       0.01764      11.37588
      -2.64005       0.01406      11.37590
      -2.63814       0.01115      11.37593
      -2.63624       0.00881      11.37594
      -2.63433       0.00693      11.37596
      -2.63243       0.00543      11.37597
      -2.63052       0.00425      11.37597
      -2.62862       0.00331      11.37598
      -2.62672       0.00258      11.37599
      -2.62481       0.00201      11.37599
      -2.62291       0.00158      11.37599
      -2.62100       0.00126      11.37599
      -2.61910       0.00103      11.37600
      -2.61719       0.00088      11.37600
      -2.61529       0.00080      11.37600
      -2.61338       0.00079      11.37600
      -2.61148       0.00084      11.37600
      -2.60957       0.00096      11.37600
      -2.60767       0.00115      11.37601
      -2.60576       0.00144      11.37601
      -2.60386       0.00183      11.37601
      -2.60195       0.00234      11.37602
      -2.60005       0.00302      11.37602
      -2.59814       0.00390      11.37603
      -2.59624       0.00501      11.37604
      -2.59433       0.00643      11.37605
      -2.59243       0.00821      11.37607
      -2.59052       0.01044      11.37609
      -2.58862       0.01322      11.37611
      -2.58671       0.01666      11.37614
      -2.58481       0.02091      11.37618
      -2.58290       0.02611      11.37623
      -2.58100       0.03245      11.37630
      -2.57910       0.04014      11.37637
      -2.57719       0.04943      11.37647
      -2.57529       0.06059      11.37658
      -2.57338       0.07391      11.37672
      -2.57148       0.08975      11.37689
      -2.56957       0.10848      11.37710
      -2.56767       0.13051      11.37735
      -2.56576       0.15629      11.37765
      -2.56386       0.18630      11.37800
      -2.56195       0.22107      11.37842
      -2.56005       0.26113      11.37892
      -2.55814       0.30706      11.37951
      -2.55624       0.35943      11.38019
      -2.55433       0.41883      11.38099
      -2.55243       0.48587      11.38191
      -2.55052       0.56113      11.38298
      -2.54862       0.64516      11.38421
      -2.54671       0.73851      11.38562
      -2.54481       0.84165      11.38722
      -2.54290       0.95501      11.38904
      -2.54100       1.07893      11.39109
      -2.53909       1.21367      11.39341
      -2.53719       1.35940      11.39600
      -2.53528       1.51614      11.39888
      -2.53338       1.68381      11.40209
      -2.53148       1.86219      11.40564
      -2.52957       2.05091      11.40954
      -2.52767       2.24944      11.41383
      -2.52576       2.45713      11.41851
      -2.52386       2.67313      11.42360
      -2.52195       2.89648      11.42912
      -2.52005       3.12606      11.43507
      -2.51814       3.36062      11.44147
      -2.51624       3.59879      11.44833
      -2.51433       3.83909      11.45564
      -2.51243       4.07997      11.46341
      -2.51052       4.31980      11.47164
      -2.50862       4.55690      11.48032
      -2.50671       4.78959      11.48945
      -2.50481       5.01617      11.49900
      -2.50290       5.23497      11.50897
      -2.50100       5.44438      11.51934
      -2.49909       5.64283      11.53009
      -2.49719       5.82888      11.54119
      -2.49528       6.00115      11.55262
      -2.49338       6.15840      11.56435
      -2.49147       6.29954      11.57635
      -2.48957       6.42359      11.58859
      -2.48766       6.52975      11.60103
      -2.48576       6.61734      11.61363
      -2.48386       6.68586      11.62637
      -2.48195       6.73496      11.63920
      -2.48005       6.76444      11.65208
      -2.47814       6.77424      11.66498
      -2.47624       6.76447      11.67787
      -2.47433       6.73534      11.69070
      -2.47243       6.68722      11.70344
      -2.47052       6.62059      11.71605
      -2.46862       6.53604      11.72850
      -2.46671       6.43429      11.74075
      -2.46481       6.31614      11.75278
      -2.46290       6.18249      11.76456
      -2.46100       6.03434      11.77606
      -2.45909       5.87276      11.78724
      -2.45719       5.69891      11.79810
      -2.45528       5.51399      11.80860
      -2.45338       5.31930      11.81873
      -2.45147       5.11617      11.82848
      -2.44957       4.90597      11.83782
      -2.44766       4.69014      11.84676
      -2.44576       4.47013      11.85527
      -2.44385       4.24739      11.86336
      -2.44195       4.02341      11.87103
      -2.44004       3.79966      11.87826
      -2.43814       3.57760      11.88508
      -2.43624       3.35866      11.89147
      -2.43433       3.14424      11.89746
      -2.43243       2.93567      11.90306
      -2.43052       2.73425      11.90826
      -2.42862       2.54120      11.91310
      -2.42671       2.35765      11.91760
      -2.42481       2.18465      11.92176
      -2.42290       2.02317      11.92561
      -2.42100       1.87407      11.92918
      -2.41909       1.73810      11.93249
      -2.41719       1.61593      11.93557
      -2.41528       1.50809      11.93844
      -2.41338       1.41504      11.94114
      -2.41147       1.33709      11.94368
      -2.40957       1.27448      11.94611
      -2.40766       1.22730      11.94845
      -2.40576       1.19557      11.95073
      -2.40385       1.17918      11.95297
      -2.40195       1.17792      11.95522
      -2.40004       1.19148      11.95749
      -2.39814       1.21944      11.95981
      -2.39623       1.26128      11.96221
      -2.39433       1.31638      11.96472
      -2.39243       1.38402      11.96735
      -2.39052       1.46341      11.97014
      -2.38862       1.55364      11.97310
      -2.38671       1.65376      11.97625
      -2.38481       1.76271      11.97961
      -2.38290       1.87940      11.98319
      -2.38100       2.00267      11.98700
      -2.37909       2.13134      11.99106
      -2.37719       2.26420      11.99538
      -2.37528       2.40005      11.99995
      -2.37338       2.53769      12.00478
      -2.37147       2.67595      12.00988
      -2.36957       2.81372      12.01524
      -2.36766       2.94994      12.02086
      -2.36576       3.08364      12.02673
      -2.36385       3.21394      12.03285
      -2.36195       3.34006      12.03922
      -2.36004       3.46132      12.04581
      -2.35814       3.57719      12.05262
      -2.35623       3.68723      12.05965
      -2.35433       3.79111      12.06687
      -2.35242       3.88863      12.07427
      -2.35052       3.97968      12.08185
      -2.34861       4.06423      12.08960
      -2.34671       4.14233      12.09749
      -2.34481       4.21408      12.10551
      -2.34290       4.27962      12.11367
      -2.34100       4.33911      12.12193
      -2.33909       4.39272      12.13030
      -2.33719       4.44058      12.13876
      -2.33528       4.48282      12.14729
      -2.33338       4.51950      12.15590
      -2.33147       4.55064      12.16457
      -2.32957       4.57621      12.17329
      -2.32766       4.59610      12.18204
      -2.32576       4.61016      12.19082
      -2.32385       4.61817      12.19962
      -2.32195       4.61987      12.20842
      -2.32004       4.61496      12.21721
      -2.31814       4.60312      12.22598
      -2.31623       4.58402      12.23471
      -2.31433       4.55732      12.24339
      -2.31242       4.52272      12.25201
      -2.31052       4.47995      12.26054
      -2.30861       4.42880      12.26898
      -2.30671       4.36911      12.27730
      -2.30480       4.30081      12.28549
      -2.30290       4.22391      12.29354
      -2.30099       4.13851      12.30142
      -2.29909       4.04481      12.30912
      -2.29719       3.94311      12.31663
      -2.29528       3.83380      12.32394
      -2.29338       3.71736      12.33102
      -2.29147       3.59437      12.33786
      -2.28957       3.46546      12.34447
      -2.28766       3.33136      12.35081
      -2.28576       3.19284      12.35689
      -2.28385       3.05071      12.36270
      -2.28195       2.90582      12.36824
      -2.28004       2.75902      12.37349
      -2.27814       2.61121      12.37847
      -2.27623       2.46322      12.38316
      -2.27433       2.31592      12.38757
      -2.27242       2.17010      12.39170
      -2.27052       2.02656      12.39557
      -2.26861       1.88600      12.39916
      -2.26671       1.74911      12.40249
      -2.26480       1.61649      12.40557
      -2.26290       1.48868      12.40840
      -2.26099       1.36617      12.41101
      -2.25909       1.24936      12.41339
      -2.25718       1.13859      12.41555
      -2.25528       1.03413      12.41752
      -2.25337       0.93621      12.41931
      -2.25147       0.84496      12.42092
      -2.24957       0.76050      12.42237
      -2.24766       0.68289      12.42367
      -2.24576       0.61215      12.42483
      -2.24385       0.54827      12.42588
      -2.24195       0.49123      12.42681
      -2.24004       0.44101      12.42765
      -2.23814       0.39757      12.42841
      -2.23623       0.36090      12.42910
      -2.23433       0.33101      12.42973
      -2.23242       0.30793      12.43031
      -2.23052       0.29174      12.43087
      -2.22861       0.28256      12.43141
      -2.22671       0.28058      12.43194
      -2.22480       0.28601      12.43249
      -2.22290       0.29917      12.43306
      -2.22099       0.32040      12.43367
      -2.21909       0.35014      12.43433
      -2.21718       0.38885      12.43508
      -2.21528       0.43708      12.43591
      -2.21337       0.49539      12.43685
      -2.21147       0.56441      12.43793
      -2.20956       0.64475      12.43915
      -2.20766       0.73705      12.44056
      -2.20575       0.84192      12.44216
      -2.20385       0.95995      12.44399
      -2.20195       1.09166      12.44607
      -2.20004       1.23746      12.44843
      -2.19814       1.39768      12.45109
      -2.19623       1.57251      12.45409
      -2.19433       1.76194      12.45744
      -2.19242       1.96580      12.46119
      -2.19052       2.18370      12.46535
      -2.18861       2.41500      12.46995
      -2.18671       2.65881      12.47501
      -2.18480       2.91400      12.48056
      -2.18290       3.17914      12.48662
      -2.18099       3.45253      12.49319
      -2.17909       3.73222      12.50030
      -2.17718       4.01599      12.50795
      -2.17528       4.30139      12.51614
      -2.17337       4.58579      12.52488
      -2.17147       4.86636      12.53415
      -2.16956       5.14016      12.54394
      -2.16766       5.40417      12.55423
      -2.16575       5.65536      12.56501
      -2.16385       5.89072      12.57623
      -2.16194       6.10734      12.58786
      -2.16004       6.30245      12.59986
      -2.15814       6.47351      12.61220
      -2.15623       6.61825      12.62480
      -2.15433       6.73470      12.63763
      -2.15242       6.82128      12.65062
      -2.15052       6.87681      12.66372
      -2.14861       6.90054      12.67687
      -2.14671       6.89218      12.68999
      -2.14480       6.85191      12.70305
      -2.14290       6.78038      12.71596
      -2.14099       6.67869      12.72868
      -2.13909       6.54837      12.74116
      -2.13718       6.39136      12.75333
      -2.13528       6.20998      12.76516
      -2.13337       6.00683      12.77660
      -2.13147       5.78481      12.78762
      -2.12956       5.54703      12.79819
      -2.12766       5.29672      12.80827
      -2.12575       5.03723      12.81787
      -2.12385       4.77192      12.82696
      -2.12194       4.50412      12.83554
      -2.12004       4.23709      12.84361
      -2.11813       3.97394      12.85118
      -2.11623       3.71762      12.85826
      -2.11432       3.47083      12.86487
      -2.11242       3.23605      12.87104
      -2.11052       3.01546      12.87678
      -2.10861       2.81096      12.88213
      -2.10671       2.62413      12.88713
      -2.10480       2.45624      12.89181
      -2.10290       2.30823      12.89621
      -2.10099       2.18075      12.90036
      -2.09909       2.07412      12.90431
      -2.09718       1.98838      12.90810
      -2.09528       1.92329      12.91176
      -2.09337       1.87833      12.91534
      -2.09147       1.85277      12.91887
      -2.08956       1.84564      12.92239
      -2.08766       1.85579      12.92592
      -2.08575       1.88187      12.92951
      -2.08385       1.92243      12.93317
      -2.08194       1.97587      12.93693
      -2.08004       2.04053      12.94082
      -2.07813       2.11467      12.94485
      -2.07623       2.19656      12.94903
      -2.07432       2.28444      12.95338
      -2.07242       2.37661      12.95791
      -2.07051       2.47144      12.96262
      -2.06861       2.56740      12.96751
      -2.06670       2.66310      12.97258
      -2.06480       2.75730      12.97783
      -2.06290       2.84896      12.98326
      -2.06099       2.93724      12.98885
      -2.05909       3.02152      12.99461
      -2.05718       3.10144      13.00052
      -2.05528       3.17686      13.00657
      -2.05337       3.24792      13.01275
      -2.05147       3.31497      13.01907
      -2.04956       3.37860      13.02550
      -2.04766       3.43961      13.03205
      -2.04575       3.49898      13.03872
      -2.04385       3.55784      13.04550
      -2.04194       3.61740      13.05239
      -2.04004       3.67898      13.05939
      -2.03813       3.74388      13.06653
      -2.03623       3.81337      13.07379
      -2.03432       3.88864      13.08120
      -2.03242       3.97074      13.08876
      -2.03051       4.06054      13.09649
      -2.02861       4.15868      13.10442
      -2.02670       4.26553      13.11254
      -2.02480       4.38115      13.12089
      -2.02289       4.50530      13.12947
      -2.02099       4.63741      13.13830
      -2.01908       4.77653      13.14740
      -2.01718       4.92143      13.15677
      -2.01528       5.07053      13.16643
      -2.01337       5.22197      13.17638
      -2.01147       5.37366      13.18661
      -2.00956       5.52327      13.19714
      -2.00766       5.66835      13.20793
      -2.00575       5.80634      13.21899
      -2.00385       5.93466      13.23030
      -2.00194       6.05074      13.24182
      -2.00004       6.15214      13.25354
      -1.99813       6.23655      13.26542
      -1.99623       6.30191      13.27742
      -1.99432       6.34639      13.28951
      -1.99242       6.36852      13.30164
      -1.99051       6.36716      13.31377
      -1.98861       6.34155      13.32585
      -1.98670       6.29134      13.33783
      -1.98480       6.21659      13.34968
      -1.98289       6.11775      13.36133
      -1.98099       5.99567      13.37275
      -1.97908       5.85156      13.38390
      -1.97718       5.68699      13.39473
      -1.97527       5.50380      13.40521
      -1.97337       5.30412      13.41532
      -1.97146       5.09026      13.42501
      -1.96956       4.86473      13.43428
      -1.96766       4.63012      13.44310
      -1.96575       4.38912      13.45146
      -1.96385       4.14441      13.45935
      -1.96194       3.89868      13.46678
      -1.96004       3.65453      13.47374
      -1.95813       3.41451      13.48024
      -1.95623       3.18101      13.48630
      -1.95432       2.95631      13.49193
      -1.95242       2.74255      13.49716
      -1.95051       2.54168      13.50200
      -1.94861       2.35551      13.50649
      -1.94670       2.18569      13.51065
      -1.94480       2.03371      13.51452
      -1.94289       1.90092      13.51814
      -1.94099       1.78855      13.52155
      -1.93908       1.69766      13.52478
      -1.93718       1.62926      13.52789
      -1.93527       1.58420      13.53090
      -1.93337       1.56328      13.53388
      -1.93146       1.56719      13.53687
      -1.92956       1.59653      13.53991
      -1.92765       1.65181      13.54306
      -1.92575       1.73345      13.54636
      -1.92384       1.84175      13.54987
      -1.92194       1.97689      13.55363
      -1.92004       2.13893      13.55770
      -1.91813       2.32775      13.56214
      -1.91623       2.54304      13.56698
      -1.91432       2.78430      13.57229
      -1.91242       3.05079      13.57810
      -1.91051       3.34151      13.58446
      -1.90861       3.65519      13.59142
      -1.90670       3.99027      13.59903
      -1.90480       4.34489      13.60730
      -1.90289       4.71685      13.61629
      -1.90099       5.10367      13.62601
      -1.89908       5.50253      13.63649
      -1.89718       5.91036      13.64775
      -1.89527       6.32378      13.65979
      -1.89337       6.73919      13.67263
      -1.89146       7.15281      13.68625
      -1.88956       7.56069      13.70066
      -1.88765       7.95879      13.71582
      -1.88575       8.34305      13.73171
      -1.88384       8.70944      13.74830
      -1.88194       9.05403      13.76554
      -1.88003       9.37308      13.78340
      -1.87813       9.66309      13.80180
      -1.87623       9.92090      13.82070
      -1.87432      10.14372      13.84002
      -1.87242      10.32923      13.85970
      -1.87051      10.47560      13.87965
      -1.86861      10.58157      13.89981
      -1.86670      10.64647      13.92009
      -1.86480      10.67025      13.94041
      -1.86289      10.65351      13.96070
      -1.86099      10.59748      13.98089
      -1.85908      10.50399      14.00090
      -1.85718      10.37552      14.02066
      -1.85527      10.21510      14.04012
      -1.85337      10.02627      14.05922
      -1.85146       9.81305      14.07791
      -1.84956       9.57985      14.09616
      -1.84765       9.33138      14.11393
      -1.84575       9.07260      14.13121
      -1.84384       8.80861      14.14799
      -1.84194       8.54455      14.16427
      -1.84003       8.28550      14.18005
      -1.83813       8.03642      14.19536
      -1.83622       7.80201      14.21022
      -1.83432       7.58665      14.22467
      -1.83241       7.39430      14.23875
      -1.83051       7.22844      14.25252
      -1.82861       7.09198      14.26603
      -1.82670       6.98722      14.27934
      -1.82480       6.91580      14.29251
      -1.82289       6.87865      14.30562
      -1.82099       6.87602      14.31871
      -1.81908       6.90740      14.33187
      -1.81718       6.97161      14.34515
      -1.81527       7.06677      14.35861
      -1.81337       7.19037      14.37231
      -1.81146       7.33931      14.38629
      -1.80956       7.50997      14.40059
      -1.80765       7.69829      14.41525
      -1.80575       7.89988      14.43030
      -1.80384       8.11009      14.44575
      -1.80194       8.32413      14.46161
      -1.80003       8.53719      14.47787
      -1.79813       8.74454      14.49452
      -1.79622       8.94164      14.51156
      -1.79432       9.12429      14.52894
      -1.79241       9.28864      14.54663
      -1.79051       9.43141      14.56459
      -1.78860       9.54985      14.58278
      -1.78670       9.64189      14.60115
      -1.78479       9.70618      14.61964
      -1.78289       9.74209      14.63820
      -1.78099       9.74976      14.65677
      -1.77908       9.73009      14.67530
      -1.77718       9.68475      14.69375
      -1.77527       9.61606      14.71207
      -1.77337       9.52704      14.73021
      -1.77146       9.42126      14.74816
      -1.76956       9.30276      14.76588
      -1.76765       9.17601      14.78336
      -1.76575       9.04573      14.80059
      -1.76384       8.91680      14.81757
      -1.76194       8.79414      14.83432
      -1.76003       8.68261      14.85086
      -1.75813       8.58685      14.86722
      -1.75622       8.51119      14.88343
      -1.75432       8.45953      14.89954
      -1.75241       8.43525      14.91561
      -1.75051       8.44113      14.93169
      -1.74860       8.47929      14.94784
      -1.74670       8.55110      14.96413
      -1.74479       8.65717      14.98062
      -1.74289       8.79736      14.99738
      -1.74098       8.97070      15.01446
      -1.73908       9.17550      15.03194
      -1.73717       9.40933      15.04986
      -1.73527       9.66908      15.06828
      -1.73337       9.95104      15.08724
      -1.73146      10.25096      15.10676
      -1.72956      10.56418      15.12688
      -1.72765      10.88568      15.14762
      -1.72575      11.21023      15.16897
      -1.72384      11.53244      15.19094
      -1.72194      11.84697      15.21351
      -1.72003      12.14852      15.23665
      -1.71813      12.43204      15.26033
      -1.71622      12.69276      15.28450
      -1.71432      12.92630      15.30913
      -1.71241      13.12878      15.33413
      -1.71051      13.29682      15.35946
      -1.70860      13.42766      15.38504
      -1.70670      13.51916      15.41079
      -1.70479      13.56984      15.43664
      -1.70289      13.57888      15.46250
      -1.70098      13.54612      15.48830
      -1.69908      13.47201      15.51397
      -1.69717      13.35764      15.53941
      -1.69527      13.20464      15.56456
      -1.69336      13.01512      15.58935
      -1.69146      12.79165      15.61372
      -1.68955      12.53714      15.63760
      -1.68765      12.25483      15.66094
      -1.68575      11.94812      15.68370
      -1.68384      11.62058      15.70584
      -1.68194      11.27583      15.72731
      -1.68003      10.91748      15.74811
      -1.67813      10.54909      15.76820
      -1.67622      10.17407      15.78758
      -1.67432       9.79566      15.80624
      -1.67241       9.41688      15.82418
      -1.67051       9.04054      15.84140
      -1.66860       8.66916      15.85791
      -1.66670       8.30500      15.87373
      -1.66479       7.95005      15.88887
      -1.66289       7.60606      15.90336
      -1.66098       7.27452      15.91722
      -1.65908       6.95669      15.93047
      -1.65717       6.65365      15.94314
      -1.65527       6.36630      15.95527
      -1.65336       6.09540      15.96688
      -1.65146       5.84160      15.97801
      -1.64955       5.60547      15.98869
      -1.64765       5.38749      15.99895
      -1.64574       5.18814      16.00883
      -1.64384       5.00782      16.01837
      -1.64194       4.84695      16.02760
      -1.64003       4.70592      16.03657
      -1.63813       4.58510      16.04530
      -1.63622       4.48481      16.05384
      -1.63432       4.40538      16.06223
      -1.63241       4.34705      16.07051
      -1.63051       4.30998      16.07872
      -1.62860       4.29426      16.08690
      -1.62670       4.29985      16.09509
      -1.62479       4.32655      16.10333
      -1.62289       4.37402      16.11167
      -1.62098       4.44172      16.12013
      -1.61908       4.52893      16.12875
      -1.61717       4.63468      16.13758
      -1.61527       4.75782      16.14664
      -1.61336       4.89695      16.15597
      -1.61146       5.05047      16.16559
      -1.60955       5.21656      16.17553
      -1.60765       5.39320      16.18580
      -1.60574       5.57820      16.19643
      -1.60384       5.76923      16.20742
      -1.60193       5.96385      16.21878
      -1.60003       6.15953      16.23051
      -1.59812       6.35371      16.24261
      -1.59622       6.54382      16.25508
      -1.59432       6.72736      16.26789
      -1.59241       6.90191      16.28104
      -1.59051       7.06517      16.29449
      -1.58860       7.21502      16.30824
      -1.58670       7.34957      16.32224
      -1.58479       7.46714      16.33646
      -1.58289       7.56633      16.35087
      -1.58098       7.64604      16.36544
      -1.57908       7.70545      16.38011
      -1.57717       7.74406      16.39486
      -1.57527       7.76166      16.40965
      -1.57336       7.75836      16.42443
      -1.57146       7.73452      16.43916
      -1.56955       7.69076      16.45381
      -1.56765       7.62794      16.46834
      -1.56574       7.54711      16.48271
      -1.56384       7.44947      16.49690
      -1.56193       7.33634      16.51088
      -1.56003       7.20911      16.52461
      -1.55812       7.06922      16.53808
      -1.55622       6.91813      16.55125
      -1.55431       6.75725      16.56412
      -1.55241       6.58793      16.57667
      -1.55050       6.41146      16.58889
      -1.54860       6.22901      16.60075
      -1.54670       6.04166      16.61226
      -1.54479       5.85035      16.62340
      -1.54289       5.65593      16.63418
      -1.54098       5.45911      16.64457
      -1.53908       5.26051      16.65459
      -1.53717       5.06067      16.66423
      -1.53527       4.86003      16.67349
      -1.53336       4.65900      16.68237
      -1.53146       4.45792      16.69086
      -1.52955       4.25712      16.69897
      -1.52765       4.05694      16.70669
      -1.52574       3.85770      16.71404
      -1.52384       3.65975      16.72101
      -1.52193       3.46347      16.72761
      -1.52003       3.26927      16.73384
      -1.51812       3.07758      16.73970
      -1.51622       2.88887      16.74520
      -1.51431       2.70364      16.75035
      -1.51241       2.52241      16.75516
      -1.51050       2.34570      16.75963
      -1.50860       2.17402      16.76377
      -1.50669       2.00789      16.76759
      -1.50479       1.84778      16.77111
      -1.50288       1.69415      16.77434
      -1.50098       1.54739      16.77729
      -1.49908       1.40784      16.77997
      -1.49717       1.27577      16.78240
      -1.49527       1.15140      16.78459
      -1.49336       1.03487      16.78656
      -1.49146       0.92622      16.78833
      -1.48955       0.82545      16.78990
      -1.48765       0.73247      16.79129
      -1.48574       0.64713      16.79253
      -1.48384       0.56923      16.79361
      -1.48193       0.49850      16.79456
      -1.48003       0.43463      16.79539
      -1.47812       0.37727      16.79611
      -1.47622       0.32606      16.79673
      -1.47431       0.28059      16.79726
      -1.47241       0.24048      16.79772
      -1.47050       0.20531      16.79811
      -1.46860       0.17469      16.79844
      -1.46669       0.14822      16.79873
      -1.46479       0.12555      16.79896
      -1.46288       0.10633      16.79917
      -1.46098       0.09023      16.79934
      -1.45907       0.07699      16.79949
      -1.45717       0.06634      16.79961
      -1.45526       0.05809      16.79972
      -1.45336       0.05206      16.79982
      -1.45146       0.04811      16.79991
      -1.44955       0.04617      16.80000
      -1.44765       0.04618      16.80009
      -1.44574       0.04816      16.80018
      -1.44384       0.05212      16.80028
      -1.44193       0.05817      16.80039
      -1.44003       0.06641      16.80052
      -1.43812       0.07701      16.80066
      -1.43622       0.09017      16.80084
      -1.43431       0.10613      16.80104
      -1.43241       0.12514      16.80128
      -1.43050       0.14750      16.80156
      -1.42860       0.17351      16.80189
      -1.42669       0.20352      16.80228
      -1.42479       0.23784      16.80273
      -1.42288       0.27682      16.80326
      -1.42098       0.32079      16.80387
      -1.41907       0.37005      16.80457
      -1.41717       0.42489      16.80538
      -1.41526       0.48554      16.80631
      -1.41336       0.55219      16.80736
      -1.41145       0.62496      16.80855
      -1.40955       0.70389      16.80989
      -1.40764       0.78893      16.81139
      -1.40574       0.87994      16.81307
      -1.40384       0.97665      16.81493
      -1.40193       1.07871      16.81698
      -1.40003       1.18562      16.81924
      -1.39812       1.29675      16.82171
      -1.39622       1.41137      16.82440
      -1.39431       1.52861      16.82731
      -1.39241       1.64751      16.83045
      -1.39050       1.76697      16.83382
      -1.38860       1.88583      16.83741
      -1.38669       2.00285      16.84122
      -1.38479       2.11673      16.84525
      -1.38288       2.22616      16.84950
      -1.38098       2.32980      16.85393
      -1.37907       2.42634      16.85855
      -1.37717       2.51453      16.86334
      -1.37526       2.59319      16.86828
      -1.37336       2.66124      16.87335
      -1.37145       2.71773      16.87853
      -1.36955       2.76185      16.88379
      -1.36764       2.79296      16.88911
      -1.36574       2.81062      16.89446
      -1.36383       2.81457      16.89983
      -1.36193       2.80475      16.90517
      -1.36003       2.78129      16.91047
      -1.35812       2.74456      16.91569
      -1.35622       2.69507      16.92083
      -1.35431       2.63353      16.92584
      -1.35241       2.56082      16.93072
      -1.35050       2.47795      16.93544
      -1.34860       2.38604      16.93999
      -1.34669       2.28631      16.94434
      -1.34479       2.18004      16.94849
      -1.34288       2.06854      16.95243
      -1.34098       1.95316      16.95615
      -1.33907       1.83520      16.95965
      -1.33717       1.71593      16.96292
      -1.33526       1.59657      16.96596
      -1.33336       1.47825      16.96878
      -1.33145       1.36201      16.97137
      -1.32955       1.24878      16.97375
      -1.32764       1.13937      16.97592
      -1.32574       1.03446      16.97789
      -1.32383       0.93461      16.97967
      -1.32193       0.84028      16.98127
      -1.32002       0.75178      16.98270
      -1.31812       0.66931      16.98398
      -1.31621       0.59297      16.98511
      -1.31431       0.52277      16.98610
      -1.31241       0.45863      16.98698
      -1.31050       0.40040      16.98774
      -1.30860       0.34785      16.98840
      -1.30669       0.30072      16.98897
      -1.30479       0.25870      16.98947
      -1.30288       0.22147      16.98989
      -1.30098       0.18867      16.99025
      -1.29907       0.15994      16.99055
      -1.29717       0.13493      16.99081
      -1.29526       0.11327      16.99103
      -1.29336       0.09463      16.99121
      -1.29145       0.07867      16.99136
      -1.28955       0.06509      16.99148
      -1.28764       0.05360      16.99158
      -1.28574       0.04393      16.99166
      -1.28383       0.03584      16.99173
      -1.28193       0.02912      16.99179
      -1.28002       0.02356      16.99183
      -1.27812       0.01901      16.99187
      -1.27621       0.01530      16.99190
      -1.27431       0.01230      16.99192
      -1.27240       0.00992      16.99194
      -1.27050       0.00805      16.99196
      -1.26859       0.00661      16.99197
      -1.26669       0.00555      16.99198
      -1.26479       0.00481      16.99199
      -1.26288       0.00436      16.99200
      -1.26098       0.00418      16.99201
      -1.25907       0.00424      16.99201
      -1.25717       0.00454      16.99202
      -1.25526       0.00509      16.99203
      -1.25336       0.00589      16.99204
      -1.25145       0.00698      16.99206
      -1.24955       0.00837      16.99207
      -1.24764       0.01010      16.99209
      -1.24574       0.01223      16.99211
      -1.24383       0.01479      16.99214
      -1.24193       0.01785      16.99218
      -1.24002       0.02148      16.99222
      -1.23812       0.02574      16.99227
      -1.23621       0.03072      16.99233
      -1.23431       0.03650      16.99239
      -1.23240       0.04316      16.99248
      -1.23050       0.05079      16.99257
      -1.22859       0.05948      16.99269
      -1.22669       0.06933      16.99282
      -1.22478       0.08042      16.99297
      -1.22288       0.09282      16.99315
      -1.22097       0.10663      16.99335
      -1.21907       0.12189      16.99358
      -1.21717       0.13866      16.99385
      -1.21526       0.15697      16.99415
      -1.21336       0.17684      16.99448
      -1.21145       0.19827      16.99486
      -1.20955       0.22123      16.99528
      -1.20764       0.24566      16.99575
      -1.20574       0.27149      16.99627
      -1.20383       0.29862      16.99684
      -1.20193       0.32690      16.99746
      -1.20002       0.35619      16.99814
      -1.19812       0.38630      16.99887
      -1.19621       0.41703      16.99967
      -1.19431       0.44817      17.00052
      -1.19240       0.47948      17.00144
      -1.19050       0.51073      17.00241
      -1.18859       0.54169      17.00344
      -1.18669       0.57214      17.00453
      -1.18478       0.60187      17.00568
      -1.18288       0.63071      17.00688
      -1.18097       0.65851      17.00813
      -1.17907       0.68518      17.00944
      -1.17716       0.71067      17.01079
      -1.17526       0.73501      17.01219
      -1.17335       0.75827      17.01364
      -1.17145       0.78064      17.01512
      -1.16955       0.80233      17.01665
      -1.16764       0.82368      17.01822
      -1.16574       0.84509      17.01983
      -1.16383       0.86705      17.02148
      -1.16193       0.89010      17.02318
      -1.16002       0.91488      17.02492
      -1.15812       0.94208      17.02671
      -1.15621       0.97242      17.02857
      -1.15431       1.00667      17.03048
      -1.15240       1.04563      17.03247
      -1.15050       1.09007      17.03455
      -1.14859       1.14076      17.03672
      -1.14669       1.19844      17.03901
      -1.14478       1.26378      17.04141
      -1.14288       1.33736      17.04396
      -1.14097       1.41969      17.04667
      -1.13907       1.51115      17.04954
      -1.13716       1.61199      17.05261
      -1.13526       1.72233      17.05590
      -1.13335       1.84211      17.05940
      -1.13145       1.97115      17.06316
      -1.12954       2.10909      17.06718
      -1.12764       2.25540      17.07147
      -1.12574       2.40945      17.07606
      -1.12383       2.57042      17.08096
      -1.12193       2.73740      17.08617
      -1.12002       2.90940      17.09171
      -1.11812       3.08531      17.09759
      -1.11621       3.26402      17.10381
      -1.11431       3.44438      17.11037
      -1.11240       3.62528      17.11727
      -1.11050       3.80563      17.12452
      -1.10859       3.98444      17.13211
      -1.10669       4.16082      17.14004
      -1.10478       4.33402      17.14829
      -1.10288       4.50342      17.15687
      -1.10097       4.66859      17.16576
      -1.09907       4.82928      17.17496
      -1.09716       4.98540      17.18446
      -1.09526       5.13705      17.19424
      -1.09335       5.28451      17.20431
      -1.09145       5.42817      17.21465
      -1.08954       5.56858      17.22526
      -1.08764       5.70637      17.23613
      -1.08573       5.84221      17.24725
      -1.08383       5.97682      17.25864
      -1.08192       6.11087      17.27028
      -1.08002       6.24500      17.28218
      -1.07812       6.37970      17.29433
      -1.07621       6.51536      17.30674
      -1.07431       6.65217      17.31941
      -1.07240       6.79011      17.33234
      -1.07050       6.92893      17.34554
      -1.06859       7.06814      17.35900
      -1.06669       7.20698      17.37273
      -1.06478       7.34443      17.38672
      -1.06288       7.47925      17.40097
      -1.06097       7.60994      17.41546
      -1.05907       7.73482      17.43020
      -1.05716       7.85202      17.44515
      -1.05526       7.95957      17.46031
      -1.05335       8.05539      17.47566
      -1.05145       8.13741      17.49116
      -1.04954       8.20355      17.50678
      -1.04764       8.25183      17.52250
      -1.04573       8.28041      17.53828
      -1.04383       8.28762      17.55406
      -1.04192       8.27205      17.56982
      -1.04002       8.23255      17.58550
      -1.03811       8.16831      17.60106
      -1.03621       8.07884      17.61645
      -1.03430       7.96404      17.63162
      -1.03240       7.82417      17.64652
      -1.03050       7.65990      17.66111
      -1.02859       7.47223      17.67534
      -1.02669       7.26257      17.68918
      -1.02478       7.03262      17.70257
      -1.02288       6.78442      17.71550
      -1.02097       6.52023      17.72792
      -1.01907       6.24256      17.73981
      -1.01716       5.95409      17.75115
      -1.01526       5.65762      17.76192
      -1.01335       5.35599      17.77213
      -1.01145       5.05210      17.78175
      -1.00954       4.74879      17.79080
      -1.00764       4.44881      17.79927
      -1.00573       4.15482      17.80718
      -1.00383       3.86928      17.81455
      -1.00192       3.59446      17.82140
      -1.00002       3.33242      17.82775
      -0.99811       3.08494      17.83362
      -0.99621       2.85356      17.83906
      -0.99430       2.63952      17.84409
      -0.99240       2.44379      17.84874
      -0.99049       2.26704      17.85306
      -0.98859       2.10967      17.85708
      -0.98668       1.97182      17.86083
      -0.98478       1.85334      17.86437
      -0.98288       1.75386      17.86771
      -0.98097       1.67277      17.87089
      -0.97907       1.60926      17.87396
      -0.97716       1.56232      17.87693
      -0.97526       1.53080      17.87985
      -0.97335       1.51338      17.88273
      -0.97145       1.50865      17.88561
      -0.96954       1.51506      17.88849
      -0.96764       1.53105      17.89141
      -0.96573       1.55497      17.89437
      -0.96383       1.58515      17.89739
      -0.96192       1.61995      17.90047
      -0.96002       1.65773      17.90363
      -0.95811       1.69689      17.90686
      -0.95621       1.73591      17.91017
      -0.95430       1.77336      17.91355
      -0.95240       1.80792      17.91699
      -0.95049       1.83837      17.92049
      -0.94859       1.86365      17.92404
      -0.94668       1.88284      17.92763
      -0.94478       1.89518      17.93124
      -0.94287       1.90007      17.93486
      -0.94097       1.89709      17.93847
      -0.93906       1.88599      17.94207
      -0.93716       1.86667      17.94562
      -0.93526       1.83922      17.94913
      -0.93335       1.80385      17.95256
      -0.93145       1.76094      17.95592
      -0.92954       1.71096      17.95917
      -0.92764       1.65452      17.96233
      -0.92573       1.59231      17.96536
      -0.92383       1.52509      17.96826
      -0.92192       1.45367      17.97103
      -0.92002       1.37891      17.97366
      -0.91811       1.30166      17.97614
      -0.91621       1.22277      17.97847
      -0.91430       1.14309      17.98065
      -0.91240       1.06340      17.98267
      -0.91049       0.98444      17.98455
      -0.90859       0.90691      17.98627
      -0.90668       0.83141      17.98786
      -0.90478       0.75847      17.98930
      -0.90287       0.68856      17.99061
      -0.90097       0.62204      17.99180
      -0.89906       0.55920      17.99286
      -0.89716       0.50025      17.99382
      -0.89525       0.44533      17.99466
      -0.89335       0.39451      17.99542
      -0.89145       0.34777      17.99608
      -0.88954       0.30508      17.99666
      -0.88764       0.26631      17.99717
      -0.88573       0.23134      17.99761
      -0.88383       0.19998      17.99799
      -0.88192       0.17202      17.99832
      -0.88002       0.14725      17.99860
      -0.87811       0.12543      17.99884
      -0.87621       0.10632      17.99904
      -0.87430       0.08969      17.99921
      -0.87240       0.07528      17.99935
      -0.87049       0.06288      17.99947
      -0.86859       0.05227      17.99957
      -0.86668       0.04323      17.99965
      -0.86478       0.03558      17.99972
      -0.86287       0.02915      17.99978
      -0.86097       0.02376      17.99982
      -0.85906       0.01927      17.99986
      -0.85716       0.01555      17.99989
      -0.85525       0.01249      17.99991
      -0.85335       0.00998      17.99993
      -0.85144       0.00794      17.99995
      -0.84954       0.00628      17.99996
      -0.84763       0.00495      17.99997
      -0.84573       0.00388      17.99998
      -0.84383       0.00303      17.99998
      -0.84192       0.00235      17.99999
      -0.84002       0.00181      17.99999
      -0.83811       0.00139      17.99999
      -0.83621       0.00107      17.99999
      -0.83430       0.00081      18.00000
      -0.83240       0.00061      18.00000
      -0.83049       0.00046      18.00000
      -0.82859       0.00035      18.00000
      -0.82668       0.00026      18.00000
      -0.82478       0.00019      18.00000
      -0.82287       0.00014      18.00000
      -0.82097       0.00010      18.00000
      -0.81906       0.00008      18.00000
      -0.81716       0.00006      18.00000
      -0.81525       0.00004      18.00000
      -0.81335       0.00003      18.00000
      -0.81144       0.00002      18.00000
      -0.80954       0.00001      18.00000
      -0.80763       0.00001      18.00000
      -0.80573       0.00001      18.00000
      -0.80382       0.00001      18.00000
      -0.80192       0.00000      18.00000
      -0.80001       0.00000      18.00000
      -0.79811       0.00000      18.00000
      -0.79621       0.00000      18.00000
      -0.79430       0.00000      18.00000
      -0.79240       0.00000      18.00000
      -0.79049       0.00000      18.00000
      -0.78859       0.00000      18.00000
      -0.78668       0.00000      18.00000
      -0.78478       0.00000      18.00000
      -0.78287       0.00000      18.00000
      -0.78097       0.00000      18.00000
      -0.77906       0.00000      18.00000
      -0.77716       0.00000      18.00000
      -0.77525       0.00000      18.00000
      -0.77335       0.00000      18.00000
      -0.77144       0.00000      18.00000
      -0.76954       0.00000      18.00000
      -0.76763       0.00000      18.00000
      -0.76573       0.00000      18.00000
      -0.76382       0.00000      18.00000
      -0.76192       0.00000      18.00000
      -0.76001       0.00000      18.00000
      -0.75811       0.00000      18.00000
      -0.75620       0.00000      18.00000
      -0.75430       0.00000      18.00000
      -0.75239       0.00000      18.00000
      -0.75049       0.00000      18.00000
      -0.74859       0.00000      18.00000
      -0.74668       0.00000      18.00000
      -0.74478       0.00000      18.00000
      -0.74287       0.00000      18.00000
      -0.74097       0.00000      18.00000
      -0.73906       0.00000      18.00000
      -0.73716       0.00000      18.00000
      -0.73525       0.00000      18.00000
      -0.73335       0.00000      18.00000
      -0.73144       0.00000      18.00000
      -0.72954       0.00000      18.00000
      -0.72763       0.00000      18.00000
      -0.72573       0.00000      18.00000
      -0.72382       0.00000      18.00000
      -0.72192       0.00000      18.00000
      -0.72001       0.00000      18.00000
      -0.71811       0.00000      18.00000
      -0.71620       0.00000      18.00000
      -0.71430       0.00000      18.00000
      -0.71239       0.00000      18.00000
      -0.71049       0.00000      18.00000
      -0.70858       0.00000      18.00000
      -0.70668       0.00000      18.00000
      -0.70477       0.00000      18.00000
      -0.70287       0.00000      18.00000
      -0.70097       0.00000      18.00000
      -0.69906       0.00000      18.00000
      -0.69716       0.00000      18.00000
      -0.69525       0.00000      18.00000
      -0.69335       0.00000      18.00000
      -0.69144       0.00000      18.00000
      -0.68954       0.00000      18.00000
      -0.68763       0.00000      18.00000
      -0.68573       0.00000      18.00000
      -0.68382       0.00000      18.00000
      -0.68192       0.00000      18.00000
      -0.68001       0.00000      18.00000
      -0.67811       0.00000      18.00000
      -0.67620       0.00000      18.00000
      -0.67430       0.00000      18.00000
      -0.67239       0.00000      18.00000
      -0.67049       0.00000      18.00000
      -0.66858       0.00000      18.00000
      -0.66668       0.00000      18.00000
      -0.66477       0.00000      18.00000
      -0.66287       0.00000      18.00000
      -0.66096       0.00000      18.00000
      -0.65906       0.00000      18.00000
      -0.65715       0.00000      18.00000
      -0.65525       0.00000      18.00000
      -0.65335       0.00000      18.00000
      -0.65144       0.00000      18.00000
      -0.64954       0.00000      18.00000
      -0.64763       0.00000      18.00000
      -0.64573       0.00000      18.00000
      -0.64382       0.00000      18.00000
      -0.64192       0.00000      18.00000
      -0.64001       0.00000      18.00000
      -0.63811       0.00000      18.00000
      -0.63620       0.00000      18.00000
      -0.63430       0.00000      18.00000
      -0.63239       0.00000      18.00000
      -0.63049       0.00000      18.00000
      -0.62858       0.00000      18.00000
      -0.62668       0.00000      18.00000
      -0.62477       0.00000      18.00000
      -0.62287       0.00000      18.00000
      -0.62096       0.00000      18.00000
      -0.61906       0.00000      18.00000
      -0.61715       0.00000      18.00000
      -0.61525       0.00000      18.00000
      -0.61334       0.00000      18.00000
      -0.61144       0.00000      18.00000
      -0.60954       0.00000      18.00000
      -0.60763       0.00000      18.00000
      -0.60573       0.00000      18.00000
      -0.60382       0.00000      18.00000
      -0.60192       0.00000      18.00000
      -0.60001       0.00000      18.00000
      -0.59811       0.00000      18.00000
      -0.59620       0.00000      18.00000
      -0.59430       0.00000      18.00000
      -0.59239       0.00000      18.00000
      -0.59049       0.00000      18.00000
      -0.58858       0.00000      18.00000
      -0.58668       0.00000      18.00000
      -0.58477       0.00000      18.00000
      -0.58287       0.00000      18.00000
      -0.58096       0.00000      18.00000
      -0.57906       0.00000      18.00000
      -0.57715       0.00000      18.00000
      -0.57525       0.00000      18.00000
      -0.57334       0.00000      18.00000
      -0.57144       0.00000      18.00000
      -0.56953       0.00000      18.00000
      -0.56763       0.00000      18.00000
      -0.56572       0.00000      18.00000
      -0.56382       0.00000      18.00000
      -0.56192       0.00000      18.00000
      -0.56001       0.00000      18.00000
      -0.55811       0.00000      18.00000
      -0.55620       0.00000      18.00000
      -0.55430       0.00000      18.00000
      -0.55239       0.00000      18.00000
      -0.55049       0.00000      18.00000
      -0.54858       0.00000      18.00000
      -0.54668       0.00000      18.00000
      -0.54477       0.00000      18.00000
      -0.54287       0.00000      18.00000
      -0.54096       0.00000      18.00000
      -0.53906       0.00000      18.00000
      -0.53715       0.00000      18.00000
      -0.53525       0.00000      18.00000
      -0.53334       0.00000      18.00000
      -0.53144       0.00000      18.00000
      -0.52953       0.00000      18.00000
      -0.52763       0.00000      18.00000
      -0.52572       0.00000      18.00000
      -0.52382       0.00000      18.00000
      -0.52191       0.00000      18.00000
      -0.52001       0.00000      18.00000
      -0.51810       0.00000      18.00000
      -0.51620       0.00000      18.00000
      -0.51430       0.00000      18.00000
      -0.51239       0.00000      18.00000
      -0.51049       0.00000      18.00000
      -0.50858       0.00000      18.00000
      -0.50668       0.00000      18.00000
      -0.50477       0.00000      18.00000
      -0.50287       0.00000      18.00000
      -0.50096       0.00000      18.00000
      -0.49906       0.00000      18.00000
      -0.49715       0.00000      18.00000
      -0.49525       0.00000      18.00000
      -0.49334       0.00000      18.00000
      -0.49144       0.00000      18.00000
      -0.48953       0.00000      18.00000
      -0.48763       0.00000      18.00000
      -0.48572       0.00000      18.00000
      -0.48382       0.00000      18.00000
      -0.48191       0.00000      18.00000
      -0.48001       0.00000      18.00000
      -0.47810       0.00000      18.00000
      -0.47620       0.00000      18.00000
      -0.47429       0.00000      18.00000
      -0.47239       0.00000      18.00000
      -0.47048       0.00000      18.00000
      -0.46858       0.00000      18.00000
      -0.46668       0.00000      18.00000
      -0.46477       0.00000      18.00000
      -0.46287       0.00000      18.00000
      -0.46096       0.00000      18.00000
      -0.45906       0.00000      18.00000
      -0.45715       0.00000      18.00000
      -0.45525       0.00000      18.00000
      -0.45334       0.00000      18.00000
      -0.45144       0.00000      18.00000
      -0.44953       0.00000      18.00000
      -0.44763       0.00000      18.00000
      -0.44572       0.00000      18.00000
      -0.44382       0.00000      18.00000
      -0.44191       0.00000      18.00000
      -0.44001       0.00000      18.00000
      -0.43810       0.00000      18.00000
      -0.43620       0.00000      18.00000
      -0.43429       0.00000      18.00000
      -0.43239       0.00000      18.00000
      -0.43048       0.00000      18.00000
      -0.42858       0.00000      18.00000
      -0.42667       0.00000      18.00000
      -0.42477       0.00000      18.00000
      -0.42286       0.00000      18.00000
      -0.42096       0.00000      18.00000
      -0.41906       0.00000      18.00000
      -0.41715       0.00000      18.00000
      -0.41525       0.00000      18.00000
      -0.41334       0.00000      18.00000
      -0.41144       0.00000      18.00000
      -0.40953       0.00000      18.00000
      -0.40763       0.00000      18.00000
      -0.40572       0.00000      18.00000
      -0.40382       0.00000      18.00000
      -0.40191       0.00000      18.00000
      -0.40001       0.00000      18.00000
      -0.39810       0.00000      18.00000
      -0.39620       0.00000      18.00000
      -0.39429       0.00000      18.00000
      -0.39239       0.00000      18.00000
      -0.39048       0.00000      18.00000
      -0.38858       0.00000      18.00000
      -0.38667       0.00000      18.00000
      -0.38477       0.00000      18.00000
      -0.38286       0.00000      18.00000
      -0.38096       0.00000      18.00000
      -0.37905       0.00000      18.00000
      -0.37715       0.00000      18.00000
      -0.37525       0.00000      18.00000
      -0.37334       0.00000      18.00000
      -0.37144       0.00000      18.00000
      -0.36953       0.00000      18.00000
      -0.36763       0.00000      18.00000
      -0.36572       0.00000      18.00000
      -0.36382       0.00000      18.00000
      -0.36191       0.00000      18.00000
      -0.36001       0.00000      18.00000
      -0.35810       0.00000      18.00000
      -0.35620       0.00000      18.00000
      -0.35429       0.00000      18.00000
      -0.35239       0.00000      18.00000
      -0.35048       0.00000      18.00000
      -0.34858       0.00000      18.00000
      -0.34667       0.00000      18.00000
      -0.34477       0.00000      18.00000
      -0.34286       0.00000      18.00000
      -0.34096       0.00000      18.00000
      -0.33905       0.00000      18.00000
      -0.33715       0.00000      18.00000
      -0.33524       0.00000      18.00000
      -0.33334       0.00000      18.00000
      -0.33143       0.00000      18.00000
      -0.32953       0.00000      18.00000
      -0.32763       0.00000      18.00000
      -0.32572       0.00000      18.00000
      -0.32382       0.00000      18.00000
      -0.32191       0.00000      18.00000
      -0.32001       0.00000      18.00000
      -0.31810       0.00000      18.00000
      -0.31620       0.00000      18.00000
      -0.31429       0.00000      18.00000
      -0.31239       0.00000      18.00000
      -0.31048       0.00000      18.00000
      -0.30858       0.00000      18.00000
      -0.30667       0.00000      18.00000
      -0.30477       0.00000      18.00000
      -0.30286       0.00000      18.00000
      -0.30096       0.00000      18.00000
      -0.29905       0.00000      18.00000
      -0.29715       0.00000      18.00000
      -0.29524       0.00000      18.00000
      -0.29334       0.00000      18.00000
      -0.29143       0.00000      18.00000
      -0.28953       0.00000      18.00000
      -0.28762       0.00000      18.00000
      -0.28572       0.00000      18.00000
      -0.28381       0.00000      18.00000
      -0.28191       0.00000      18.00000
      -0.28001       0.00000      18.00000
      -0.27810       0.00000      18.00000
      -0.27620       0.00000      18.00000
      -0.27429       0.00000      18.00000
      -0.27239       0.00000      18.00000
      -0.27048       0.00000      18.00000
      -0.26858       0.00000      18.00000
      -0.26667       0.00000      18.00000
      -0.26477       0.00000      18.00000
      -0.26286       0.00000      18.00000
      -0.26096       0.00000      18.00000
      -0.25905       0.00000      18.00000
      -0.25715       0.00000      18.00000
      -0.25524       0.00000      18.00000
      -0.25334       0.00000      18.00000
      -0.25143       0.00000      18.00000
      -0.24953       0.00000      18.00000
      -0.24762       0.00000      18.00000
      -0.24572       0.00000      18.00000
      -0.24381       0.00000      18.00000
      -0.24191       0.00000      18.00000
      -0.24000       0.00000      18.00000
      -0.23810       0.00000      18.00000
      -0.23619       0.00000      18.00000
      -0.23429       0.00000      18.00000
      -0.23239       0.00000      18.00000
      -0.23048       0.00000      18.00000
      -0.22858       0.00000      18.00000
      -0.22667       0.00000      18.00000
      -0.22477       0.00000      18.00000
      -0.22286       0.00000      18.00000
      -0.22096       0.00000      18.00000
      -0.21905       0.00000      18.00000
      -0.21715       0.00000      18.00000
      -0.21524       0.00000      18.00000
      -0.21334       0.00000      18.00000
      -0.21143       0.00000      18.00000
      -0.20953       0.00000      18.00000
      -0.20762       0.00000      18.00000
      -0.20572       0.00000      18.00000
      -0.20381       0.00000      18.00000
      -0.20191       0.00000      18.00000
      -0.20000       0.00000      18.00000
      -0.19810       0.00000      18.00000
      -0.19619       0.00000      18.00000
      -0.19429       0.00000      18.00000
      -0.19238       0.00000      18.00000
      -0.19048       0.00000      18.00000
      -0.18857       0.00000      18.00000
      -0.18667       0.00000      18.00000
      -0.18477       0.00000      18.00000
      -0.18286       0.00000      18.00000
      -0.18096       0.00000      18.00000
      -0.17905       0.00000      18.00000
      -0.17715       0.00000      18.00000
      -0.17524       0.00000      18.00000
      -0.17334       0.00000      18.00000
      -0.17143       0.00000      18.00000
      -0.16953       0.00000      18.00000
      -0.16762       0.00000      18.00000
      -0.16572       0.00000      18.00000
      -0.16381       0.00000      18.00000
      -0.16191       0.00000      18.00000
      -0.16000       0.00000      18.00000
      -0.15810       0.00000      18.00000
      -0.15619       0.00000      18.00000
      -0.15429       0.00000      18.00000
      -0.15238       0.00000      18.00000
      -0.15048       0.00000      18.00000
      -0.14857       0.00000      18.00000
      -0.14667       0.00000      18.00000
      -0.14476       0.00000      18.00000
      -0.14286       0.00000      18.00000
      -0.14095       0.00000      18.00000
      -0.13905       0.00000      18.00000
      -0.13715       0.00000      18.00000
      -0.13524       0.00000      18.00000
      -0.13334       0.00000      18.00000
      -0.13143       0.00000      18.00000
      -0.12953       0.00000      18.00000
      -0.12762       0.00000      18.00000
      -0.12572       0.00000      18.00000
      -0.12381       0.00000      18.00000
      -0.12191       0.00000      18.00000
      -0.12000       0.00000      18.00000
      -0.11810       0.00000      18.00000
      -0.11619       0.00000      18.00000
      -0.11429       0.00000      18.00000
      -0.11238       0.00000      18.00000
      -0.11048       0.00000      18.00000
      -0.10857       0.00000      18.00000
      -0.10667       0.00000      18.00000
      -0.10476       0.00000      18.00000
      -0.10286       0.00000      18.00000
      -0.10095       0.00000      18.00000
      -0.09905       0.00000      18.00000
      -0.09714       0.00000      18.00000
      -0.09524       0.00000      18.00000
      -0.09334       0.00000      18.00000
      -0.09143       0.00000      18.00000
      -0.08953       0.00000      18.00000
      -0.08762       0.00000      18.00000
      -0.08572       0.00000      18.00000
      -0.08381       0.00000      18.00000
      -0.08191       0.00000      18.00000
      -0.08000       0.00000      18.00000
      -0.07810       0.00000      18.00000
      -0.07619       0.00000      18.00000
      -0.07429       0.00000      18.00000
      -0.07238       0.00000      18.00000
      -0.07048       0.00000      18.00000
      -0.06857       0.00000      18.00000
      -0.06667       0.00000      18.00000
      -0.06476       0.00000      18.00000
      -0.06286       0.00000      18.00000
      -0.06095       0.00000      18.00000
      -0.05905       0.00000      18.00000
      -0.05714       0.00000      18.00000
      -0.05524       0.00000      18.00000
      -0.05333       0.00000      18.00000
      -0.05143       0.00000      18.00000
      -0.04952       0.00000      18.00000
      -0.04762       0.00000      18.00000
      -0.04572       0.00000      18.00000
      -0.04381       0.00000      18.00000
      -0.04191       0.00000      18.00000
      -0.04000       0.00000      18.00000
      -0.03810       0.00000      18.00000
      -0.03619       0.00000      18.00000
      -0.03429       0.00000      18.00000
      -0.03238       0.00000      18.00000
      -0.03048       0.00000      18.00000
      -0.02857       0.00000      18.00000
      -0.02667       0.00000      18.00000
      -0.02476       0.00000      18.00000
      -0.02286       0.00000      18.00000
      -0.02095       0.00000      18.00000
      -0.01905       0.00000      18.00000
      -0.01714       0.00000      18.00000
      -0.01524       0.00000      18.00000
      -0.01333       0.00000      18.00000
      -0.01143       0.00000      18.00000
      -0.00952       0.00000      18.00000
      -0.00762       0.00000      18.00000
      -0.00571       0.00000      18.00000
      -0.00381       0.00000      18.00000
      -0.00190       0.00000      18.00000
       0.00000       0.00000      18.00000
       0.00190       0.00000      18.00000
       0.00381       0.00000      18.00000
       0.00571       0.00000      18.00000
       0.00762       0.00000      18.00000
       0.00952       0.00000      18.00000
       0.01143       0.00000      18.00000
       0.01333       0.00000      18.00000
       0.01524       0.00000      18.00000
       0.01714       0.00000      18.00000
       0.01905       0.00000      18.00000
       0.02095       0.00000      18.00000
       0.02286       0.00000      18.00000
       0.02476       0.00000      18.00000
       0.02667       0.00000      18.00000
       0.02857       0.00000      18.00000
       0.03048       0.00000      18.00000
       0.03238       0.00000      18.00000
       0.03429       0.00000      18.00000
       0.03619       0.00000      18.00000
       0.03810       0.00000      18.00000
       0.04000       0.00000      18.00000
       0.04191       0.00000      18.00000
       0.04381       0.00000      18.00000
       0.04572       0.00000      18.00000
       0.04762       0.00000      18.00000
       0.04952       0.00000      18.00000
       0.05143       0.00000      18.00000
       0.05333       0.00000      18.00000
       0.05524       0.00000      18.00000
       0.05714       0.00000      18.00000
       0.05905       0.00000      18.00000
       0.06095       0.00000      18.00000
       0.06286       0.00000      18.00000
       0.06476       0.00000      18.00000
       0.06667       0.00000      18.00000
       0.06857       0.00000      18.00000
       0.07048       0.00000      18.00000
       0.07238       0.00000      18.00000
       0.07429       0.00000      18.00000
       0.07619       0.00000      18.00000
       0.07810       0.00000      18.00000
       0.08000       0.00000      18.00000
       0.08191       0.00000      18.00000
       0.08381       0.00000      18.00000
       0.08572       0.00000      18.00000
       0.08762       0.00000      18.00000
       0.08953       0.00000      18.00000
       0.09143       0.00000      18.00000
       0.09334       0.00000      18.00000
       0.09524       0.00000      18.00000
       0.09714       0.00000      18.00000
       0.09905       0.00000      18.00000
       0.10095       0.00000      18.00000
       0.10286       0.00000      18.00000
       0.10476       0.00000      18.00000
       0.10667       0.00000      18.00000
       0.10857       0.00000      18.00000
       0.11048       0.00000      18.00000
       0.11238       0.00000      18.00000
       0.11429       0.00000      18.00000
       0.11619       0.00000      18.00000
       0.11810       0.00000      18.00000
       0.12000       0.00000      18.00000
       0.12191       0.00000      18.00000
       0.12381       0.00000      18.00000
       0.12572       0.00000      18.00000
       0.12762       0.00000      18.00000
       0.12953       0.00000      18.00000
       0.13143       0.00000      18.00000
       0.13334       0.00000      18.00000
       0.13524       0.00000      18.00000
       0.13715       0.00000      18.00000
       0.13905       0.00000      18.00000
       0.14095       0.00000      18.00000
       0.14286       0.00000      18.00000
       0.14476       0.00000      18.00000
       0.14667       0.00000      18.00000
       0.14857       0.00000      18.00000
       0.15048       0.00000      18.00000
       0.15238       0.00000      18.00000
       0.15429       0.00000      18.00000
       0.15619       0.00000      18.00000
       0.15810       0.00000      18.00000
       0.16000       0.00000      18.00000
       0.16191       0.00000      18.00000
       0.16381       0.00000      18.00000
       0.16572       0.00000      18.00000
       0.16762       0.00000      18.00000
       0.16953       0.00000      18.00000
       0.17143       0.00000      18.00000
       0.17334       0.00000      18.00000
       0.17524       0.00000      18.00000
       0.17715       0.00000      18.00000
       0.17905       0.00000      18.00000
       0.18096       0.00000      18.00000
       0.18286       0.00000      18.00000
       0.18477       0.00000      18.00000
       0.18667       0.00000      18.00000
       0.18857       0.00000      18.00000
       0.19048       0.00000      18.00000
       0.19238       0.00000      18.00000
       0.19429       0.00000      18.00000
       0.19619       0.00000      18.00000
       0.19810       0.00000      18.00000
       0.20000       0.00000      18.00000
       0.20191       0.00000      18.00000
       0.20381       0.00000      18.00000
       0.20572       0.00000      18.00000
       0.20762       0.00000      18.00000
       0.20953       0.00000      18.00000
       0.21143       0.00000      18.00000
       0.21334       0.00000      18.00000
       0.21524       0.00000      18.00000
       0.21715       0.00000      18.00000
       0.21905       0.00000      18.00000
       0.22096       0.00000      18.00000
       0.22286       0.00000      18.00000
       0.22477       0.00000      18.00000
       0.22667       0.00000      18.00000
       0.22858       0.00000      18.00000
       0.23048       0.00000      18.00000
       0.23239       0.00000      18.00000
       0.23429       0.00000      18.00000
       0.23619       0.00000      18.00000
       0.23810       0.00000      18.00000
       0.24000       0.00000      18.00000
       0.24191       0.00000      18.00000
       0.24381       0.00000      18.00000
       0.24572       0.00000      18.00000
       0.24762       0.00000      18.00000
       0.24953       0.00000      18.00000
       0.25143       0.00000      18.00000
       0.25334       0.00000      18.00000
       0.25524       0.00000      18.00000
       0.25715       0.00000      18.00000
       0.25905       0.00000      18.00000
       0.26096       0.00000      18.00000
       0.26286       0.00000      18.00000
       0.26477       0.00000      18.00000
       0.26667       0.00000      18.00000
       0.26858       0.00000      18.00000
       0.27048       0.00000      18.00000
       0.27239       0.00000      18.00000
       0.27429       0.00000      18.00000
       0.27620       0.00000      18.00000
       0.27810       0.00000      18.00000
       0.28001       0.00000      18.00000
       0.28191       0.00000      18.00000
       0.28381       0.00000      18.00000
       0.28572       0.00000      18.00000
       0.28762       0.00000      18.00000
       0.28953       0.00000      18.00000
       0.29143       0.00000      18.00000
       0.29334       0.00000      18.00000
       0.29524       0.00000      18.00000
       0.29715       0.00000      18.00000
       0.29905       0.00000      18.00000
       0.30096       0.00000      18.00000
       0.30286       0.00000      18.00000
       0.30477       0.00000      18.00000
       0.30667       0.00000      18.00000
       0.30858       0.00000      18.00000
       0.31048       0.00000      18.00000
       0.31239       0.00000      18.00000
       0.31429       0.00000      18.00000
       0.31620       0.00000      18.00000
       0.31810       0.00000      18.00000
       0.32001       0.00000      18.00000
       0.32191       0.00000      18.00000
       0.32382       0.00000      18.00000
       0.32572       0.00000      18.00000
       0.32763       0.00000      18.00000
       0.32953       0.00000      18.00000
       0.33143       0.00000      18.00000
       0.33334       0.00000      18.00000
       0.33524       0.00000      18.00000
       0.33715       0.00000      18.00000
       0.33905       0.00000      18.00000
       0.34096       0.00000      18.00000
       0.34286       0.00000      18.00000
       0.34477       0.00000      18.00000
       0.34667       0.00000      18.00000
       0.34858       0.00000      18.00000
       0.35048       0.00000      18.00000
       0.35239       0.00000      18.00000
       0.35429       0.00000      18.00000
       0.35620       0.00000      18.00000
       0.35810       0.00000      18.00000
       0.36001       0.00000      18.00000
       0.36191       0.00000      18.00000
       0.36382       0.00000      18.00000
       0.36572       0.00000      18.00000
       0.36763       0.00000      18.00000
       0.36953       0.00000      18.00000
       0.37144       0.00000      18.00000
       0.37334       0.00000      18.00000
       0.37525       0.00000      18.00000
       0.37715       0.00000      18.00000
       0.37905       0.00000      18.00000
       0.38096       0.00000      18.00000
       0.38286       0.00000      18.00000
       0.38477       0.00000      18.00000
       0.38667       0.00000      18.00000
       0.38858       0.00000      18.00000
       0.39048       0.00000      18.00000
       0.39239       0.00000      18.00000
       0.39429       0.00000      18.00000
       0.39620       0.00000      18.00000
       0.39810       0.00000      18.00000
       0.40001       0.00000      18.00000
       0.40191       0.00000      18.00000
       0.40382       0.00000      18.00000
       0.40572       0.00000      18.00000
       0.40763       0.00000      18.00000
       0.40953       0.00000      18.00000
       0.41144       0.00000      18.00000
       0.41334       0.00000      18.00000
       0.41525       0.00000      18.00000
       0.41715       0.00000      18.00000
       0.41906       0.00000      18.00000
       0.42096       0.00000      18.00000
       0.42286       0.00000      18.00000
       0.42477       0.00000      18.00000
       0.42667       0.00000      18.00000
       0.42858       0.00000      18.00000
       0.43048       0.00000      18.00000
       0.43239       0.00000      18.00000
       0.43429       0.00000      18.00000
       0.43620       0.00000      18.00000
       0.43810       0.00000      18.00000
       0.44001       0.00000      18.00000
       0.44191       0.00000      18.00000
       0.44382       0.00000      18.00000
       0.44572       0.00000      18.00000
       0.44763       0.00000      18.00000
       0.44953       0.00000      18.00000
       0.45144       0.00000      18.00000
       0.45334       0.00000      18.00000
       0.45525       0.00000      18.00000
       0.45715       0.00000      18.00000
       0.45906       0.00000      18.00000
       0.46096       0.00000      18.00000
       0.46287       0.00000      18.00000
       0.46477       0.00000      18.00000
       0.46668       0.00000      18.00000
       0.46858       0.00000      18.00000
       0.47048       0.00000      18.00000
       0.47239       0.00000      18.00000
       0.47429       0.00000      18.00000
       0.47620       0.00000      18.00000
       0.47810       0.00000      18.00000
       0.48001       0.00000      18.00000
       0.48191       0.00000      18.00000
       0.48382       0.00000      18.00000
       0.48572       0.00000      18.00000
       0.48763       0.00000      18.00000
       0.48953       0.00000      18.00000
       0.49144       0.00000      18.00000
       0.49334       0.00000      18.00000
       0.49525       0.00000      18.00000
       0.49715       0.00000      18.00000
       0.49906       0.00000      18.00000
       0.50096       0.00000      18.00000
       0.50287       0.00000      18.00000
       0.50477       0.00000      18.00000
       0.50668       0.00000      18.00000
       0.50858       0.00000      18.00000
       0.51049       0.00000      18.00000
       0.51239       0.00000      18.00000
       0.51430       0.00000      18.00000
       0.51620       0.00000      18.00000
       0.51810       0.00000      18.00000
       0.52001       0.00000      18.00000
       0.52191       0.00000      18.00000
       0.52382       0.00000      18.00000
       0.52572       0.00000      18.00000
       0.52763       0.00000      18.00000
       0.52953       0.00000      18.00000
       0.53144       0.00000      18.00000
       0.53334       0.00000      18.00000
       0.53525       0.00000      18.00000
       0.53715       0.00000      18.00000
       0.53906       0.00000      18.00000
       0.54096       0.00000      18.00000
       0.54287       0.00000      18.00000
       0.54477       0.00000      18.00000
       0.54668       0.00000      18.00000
       0.54858       0.00000      18.00000
       0.55049       0.00000      18.00000
       0.55239       0.00000      18.00000
       0.55430       0.00000      18.00000
       0.55620       0.00000      18.00000
       0.55811       0.00000      18.00000
       0.56001       0.00000      18.00000
       0.56192       0.00000      18.00000
       0.56382       0.00000      18.00000
       0.56572       0.00000      18.00000
       0.56763       0.00000      18.00000
       0.56953       0.00000      18.00000
       0.57144       0.00000      18.00000
       0.57334       0.00000      18.00000
       0.57525       0.00000      18.00000
       0.57715       0.00000      18.00000
       0.57906       0.00000      18.00000
       0.58096       0.00000      18.00000
       0.58287       0.00000      18.00000
       0.58477       0.00000      18.00000
       0.58668       0.00000      18.00000
       0.58858       0.00000      18.00000
       0.59049       0.00000      18.00000
       0.59239       0.00000      18.00000
       0.59430       0.00000      18.00000
       0.59620       0.00000      18.00000
       0.59811       0.00000      18.00000
       0.60001       0.00000      18.00000
       0.60192       0.00000      18.00000
       0.60382       0.00000      18.00000
       0.60573       0.00000      18.00000
       0.60763       0.00000      18.00000
       0.60954       0.00000      18.00000
       0.61144       0.00000      18.00000
       0.61334       0.00000      18.00000
       0.61525       0.00000      18.00000
       0.61715       0.00000      18.00000
       0.61906       0.00000      18.00000
       0.62096       0.00000      18.00000
       0.62287       0.00000      18.00000
       0.62477       0.00000      18.00000
       0.62668       0.00000      18.00000
       0.62858       0.00000      18.00000
       0.63049       0.00000      18.00000
       0.63239       0.00000      18.00000
       0.63430       0.00000      18.00000
       0.63620       0.00000      18.00000
       0.63811       0.00000      18.00000
       0.64001       0.00000      18.00000
       0.64192       0.00000      18.00000
       0.64382       0.00000      18.00000
       0.64573       0.00000      18.00000
       0.64763       0.00000      18.00000
       0.64954       0.00000      18.00000
       0.65144       0.00000      18.00000
       0.65335       0.00000      18.00000
       0.65525       0.00000      18.00000
       0.65715       0.00000      18.00000
       0.65906       0.00000      18.00000
       0.66096       0.00000      18.00000
       0.66287       0.00000      18.00000
       0.66477       0.00000      18.00000
       0.66668       0.00000      18.00000
       0.66858       0.00000      18.00000
       0.67049       0.00000      18.00000
       0.67239       0.00000      18.00000
       0.67430       0.00000      18.00000
       0.67620       0.00000      18.00000
       0.67811       0.00000      18.00000
       0.68001       0.00000      18.00000
       0.68192       0.00000      18.00000
       0.68382       0.00000      18.00000
       0.68573       0.00000      18.00000
       0.68763       0.00000      18.00000
       0.68954       0.00000      18.00000
       0.69144       0.00000      18.00000
       0.69335       0.00000      18.00000
       0.69525       0.00000      18.00000
       0.69716       0.00000      18.00000
       0.69906       0.00000      18.00000
       0.70097       0.00000      18.00000
       0.70287       0.00000      18.00000
       0.70477       0.00000      18.00000
       0.70668       0.00000      18.00000
       0.70858       0.00000      18.00000
       0.71049       0.00000      18.00000
       0.71239       0.00000      18.00000
       0.71430       0.00000      18.00000
       0.71620       0.00000      18.00000
       0.71811       0.00000      18.00000
       0.72001       0.00000      18.00000
       0.72192       0.00000      18.00000
       0.72382       0.00000      18.00000
       0.72573       0.00000      18.00000
       0.72763       0.00000      18.00000
       0.72954       0.00000      18.00000
       0.73144       0.00000      18.00000
       0.73335       0.00000      18.00000
       0.73525       0.00000      18.00000
       0.73716       0.00000      18.00000
       0.73906       0.00000      18.00000
       0.74097       0.00000      18.00000
       0.74287       0.00000      18.00000
       0.74478       0.00000      18.00000
       0.74668       0.00000      18.00000
       0.74859       0.00000      18.00000
       0.75049       0.00000      18.00000
       0.75239       0.00000      18.00000
       0.75430       0.00000      18.00000
       0.75620       0.00000      18.00000
       0.75811       0.00000      18.00000
       0.76001       0.00000      18.00000
       0.76192       0.00000      18.00000
       0.76382       0.00000      18.00000
       0.76573       0.00000      18.00000
       0.76763       0.00000      18.00000
       0.76954       0.00000      18.00000
       0.77144       0.00000      18.00000
       0.77335       0.00000      18.00000
       0.77525       0.00000      18.00000
       0.77716       0.00000      18.00000
       0.77906       0.00000      18.00000
       0.78097       0.00000      18.00000
       0.78287       0.00000      18.00000
       0.78478       0.00000      18.00000
       0.78668       0.00000      18.00000
       0.78859       0.00000      18.00000
       0.79049       0.00000      18.00000
       0.79240       0.00000      18.00000
       0.79430       0.00000      18.00000
       0.79621       0.00000      18.00000
       0.79811       0.00000      18.00000
       0.80001       0.00000      18.00000
       0.80192       0.00000      18.00000
       0.80382       0.00000      18.00000
       0.80573       0.00000      18.00000
       0.80763       0.00000      18.00000
       0.80954       0.00001      18.00000
       0.81144       0.00001      18.00000
       0.81335       0.00001      18.00000
       0.81525       0.00002      18.00000
       0.81716       0.00002      18.00000
       0.81906       0.00003      18.00000
       0.82097       0.00004      18.00000
       0.82287       0.00005      18.00000
       0.82478       0.00007      18.00000
       0.82668       0.00010      18.00000
       0.82859       0.00013      18.00000
       0.83049       0.00017      18.00000
       0.83240       0.00023      18.00000
       0.83430       0.00030      18.00000
       0.83621       0.00040      18.00000
       0.83811       0.00052      18.00000
       0.84002       0.00068      18.00001
       0.84192       0.00088      18.00001
       0.84383       0.00113      18.00001
       0.84573       0.00145      18.00001
       0.84763       0.00186      18.00002
       0.84954       0.00236      18.00002
       0.85144       0.00298      18.00003
       0.85335       0.00374      18.00003
       0.85525       0.00469      18.00004
       0.85716       0.00583      18.00005
       0.85906       0.00723      18.00007
       0.86097       0.00891      18.00008
       0.86287       0.01093      18.00010
       0.86478       0.01335      18.00013
       0.86668       0.01622      18.00016
       0.86859       0.01961      18.00020
       0.87049       0.02359      18.00024
       0.87240       0.02825      18.00030
       0.87430       0.03366      18.00036
       0.87621       0.03991      18.00044
       0.87811       0.04709      18.00053
       0.88002       0.05529      18.00063
       0.88192       0.06461      18.00075
       0.88383       0.07512      18.00090
       0.88573       0.08693      18.00106
       0.88764       0.10011      18.00125
       0.88954       0.11472      18.00147
       0.89145       0.13084      18.00172
       0.89335       0.14850      18.00200
       0.89525       0.16774      18.00232
       0.89716       0.18856      18.00268
       0.89906       0.21095      18.00309
       0.90097       0.23489      18.00353
       0.90287       0.26030      18.00403
       0.90478       0.28711      18.00458
       0.90668       0.31520      18.00518
       0.90859       0.34444      18.00583
       0.91049       0.37466      18.00655
       0.91240       0.40568      18.00732
       0.91430       0.43730      18.00815
       0.91621       0.46930      18.00905
       0.91811       0.50144      18.01000
       0.92002       0.53350      18.01102
       0.92192       0.56524      18.01209
       0.92383       0.59644      18.01323
       0.92573       0.62688      18.01442
       0.92764       0.65638      18.01567
       0.92954       0.68476      18.01698
       0.93145       0.71190      18.01833
       0.93335       0.73771      18.01974
       0.93526       0.76215      18.02119
       0.93716       0.78520      18.02269
       0.93906       0.80692      18.02422
       0.94097       0.82739      18.02580
       0.94287       0.84677      18.02741
       0.94478       0.86522      18.02906
       0.94668       0.88298      18.03074
       0.94859       0.90029      18.03246
       0.95049       0.91744      18.03421
       0.95240       0.93469      18.03599
       0.95430       0.95235      18.03780
       0.95621       0.97070      18.03965
       0.95811       0.98999      18.04153
       0.96002       1.01045      18.04346
       0.96192       1.03227      18.04543
       0.96383       1.05557      18.04744
       0.96573       1.08042      18.04949
       0.96764       1.10682      18.05160
       0.96954       1.13469      18.05376
       0.97145       1.16388      18.05598
       0.97335       1.19415      18.05825
       0.97526       1.22521      18.06059
       0.97716       1.25666      18.06298
       0.97907       1.28806      18.06544
       0.98097       1.31893      18.06795
       0.98288       1.34872      18.07052
       0.98478       1.37687      18.07314
       0.98668       1.40280      18.07581
       0.98859       1.42592      18.07853
       0.99049       1.44569      18.08128
       0.99240       1.46158      18.08407
       0.99430       1.47310      18.08687
       0.99621       1.47985      18.08969
       0.99811       1.48148      18.09251
       1.00002       1.47775      18.09533
       1.00192       1.46850      18.09812
       1.00383       1.45366      18.10089
       1.00573       1.43329      18.10362
       1.00764       1.40753      18.10630
       1.00954       1.37662      18.10893
       1.01145       1.34092      18.11148
       1.01335       1.30085      18.11396
       1.01526       1.25694      18.11635
       1.01716       1.20976      18.11866
       1.01907       1.15995      18.12087
       1.02097       1.10822      18.12298
       1.02288       1.05526      18.12499
       1.02478       1.00183      18.12690
       1.02669       0.94867      18.12870
       1.02859       0.89651      18.13041
       1.03050       0.84609      18.13202
       1.03240       0.79807      18.13354
       1.03430       0.75313      18.13498
       1.03621       0.71186      18.13633
       1.03811       0.67481      18.13762
       1.04002       0.64247      18.13884
       1.04192       0.61526      18.14001
       1.04383       0.59354      18.14114
       1.04573       0.57758      18.14225
       1.04764       0.56758      18.14333
       1.04954       0.56367      18.14440
       1.05145       0.56590      18.14548
       1.05335       0.57422      18.14657
       1.05526       0.58853      18.14769
       1.05716       0.60863      18.14885
       1.05907       0.63425      18.15006
       1.06097       0.66505      18.15133
       1.06288       0.70061      18.15266
       1.06478       0.74044      18.15407
       1.06669       0.78398      18.15557
       1.06859       0.83063      18.15715
       1.07050       0.87971      18.15882
       1.07240       0.93051      18.16060
       1.07431       0.98229      18.16247
       1.07621       1.03427      18.16444
       1.07812       1.08567      18.16650
       1.08002       1.13568      18.16867
       1.08192       1.18353      18.17092
       1.08383       1.22847      18.17326
       1.08573       1.26976      18.17568
       1.08764       1.30673      18.17817
       1.08954       1.33877      18.18072
       1.09145       1.36535      18.18332
       1.09335       1.38601      18.18596
       1.09526       1.40039      18.18863
       1.09716       1.40822      18.19131
       1.09907       1.40935      18.19400
       1.10097       1.40372      18.19667
       1.10288       1.39137      18.19932
       1.10478       1.37248      18.20193
       1.10669       1.34728      18.20450
       1.10859       1.31613      18.20701
       1.11050       1.27945      18.20944
       1.11240       1.23773      18.21180
       1.11431       1.19155      18.21407
       1.11621       1.14149      18.21625
       1.11812       1.08821      18.21832
       1.12002       1.03235      18.22028
       1.12193       0.97457      18.22214
       1.12383       0.91553      18.22388
       1.12574       0.85587      18.22552
       1.12764       0.79619      18.22703
       1.12954       0.73706      18.22844
       1.13145       0.67898      18.22973
       1.13335       0.62242      18.23091
       1.13526       0.56778      18.23200
       1.13716       0.51541      18.23298
       1.13907       0.46558      18.23386
       1.14097       0.41852      18.23466
       1.14288       0.37437      18.23537
       1.14478       0.33324      18.23601
       1.14669       0.29518      18.23657
       1.14859       0.26019      18.23707
       1.15050       0.22823      18.23750
       1.15240       0.19921      18.23788
       1.15431       0.17304      18.23821
       1.15621       0.14957      18.23850
       1.15812       0.12865      18.23874
       1.16002       0.11011      18.23895
       1.16193       0.09379      18.23913
       1.16383       0.07949      18.23928
       1.16574       0.06705      18.23941
       1.16764       0.05627      18.23952
       1.16955       0.04700      18.23961
       1.17145       0.03906      18.23968
       1.17335       0.03231      18.23974
       1.17526       0.02659      18.23979
       1.17716       0.02178      18.23983
       1.17907       0.01775      18.23987
       1.18097       0.01439      18.23989
       1.18288       0.01162      18.23992
       1.18478       0.00933      18.23993
       1.18669       0.00746      18.23995
       1.18859       0.00593      18.23996
       1.19050       0.00469      18.23997
       1.19240       0.00370      18.23998
       1.19431       0.00290      18.23998
       1.19621       0.00226      18.23999
       1.19812       0.00175      18.23999
       1.20002       0.00135      18.23999
       1.20193       0.00104      18.23999
       1.20383       0.00080      18.24000
       1.20574       0.00061      18.24000
       1.20764       0.00046      18.24000
       1.20955       0.00035      18.24000
       1.21145       0.00026      18.24000
       1.21336       0.00019      18.24000
       1.21526       0.00014      18.24000
       1.21717       0.00011      18.24000
       1.21907       0.00008      18.24000
       1.22097       0.00006      18.24000
       1.22288       0.00004      18.24000
       1.22478       0.00003      18.24000
       1.22669       0.00002      18.24000
       1.22859       0.00002      18.24000
       1.23050       0.00001      18.24000
       1.23240       0.00001      18.24000
       1.23431       0.00001      18.24000
       1.23621       0.00000      18.24000
       1.23812       0.00000      18.24000
       1.24002       0.00000      18.24000
       1.24193       0.00000      18.24000
       1.24383       0.00000      18.24000
       1.24574       0.00000      18.24000
       1.24764       0.00000      18.24000
       1.24955       0.00000      18.24000
       1.25145       0.00000      18.24000
       1.25336       0.00000      18.24000
       1.25526       0.00000      18.24000
       1.25717       0.00000      18.24000
       1.25907       0.00000      18.24000
       1.26098       0.00000      18.24000
       1.26288       0.00000      18.24000
       1.26479       0.00000      18.24000
       1.26669       0.00000      18.24000
       1.26859       0.00000      18.24000
       1.27050       0.00000      18.24000
       1.27240       0.00000      18.24000
       1.27431       0.00000      18.24000
       1.27621       0.00000      18.24000
       1.27812       0.00000      18.24000
       1.28002       0.00000      18.24000
       1.28193       0.00000      18.24000
       1.28383       0.00000      18.24000
       1.28574       0.00000      18.24000
       1.28764       0.00000      18.24000
       1.28955       0.00000      18.24000
       1.29145       0.00000      18.24000
       1.29336       0.00000      18.24000
       1.29526       0.00000      18.24000
       1.29717       0.00000      18.24000
       1.29907       0.00000      18.24000
       1.30098       0.00000      18.24000
       1.30288       0.00000      18.24000
       1.30479       0.00000      18.24000
       1.30669       0.00000      18.24000
       1.30860       0.00000      18.24000
       1.31050       0.00000      18.24000
       1.31241       0.00000      18.24000
       1.31431       0.00000      18.24000
       1.31621       0.00000      18.24000
       1.31812       0.00000      18.24000
       1.32002       0.00000      18.24000
       1.32193       0.00000      18.24000
       1.32383       0.00000      18.24000
       1.32574       0.00000      18.24000
       1.32764       0.00000      18.24000
       1.32955       0.00000      18.24000
       1.33145       0.00000      18.24000
       1.33336       0.00000      18.24000
       1.33526       0.00000      18.24000
       1.33717       0.00000      18.24000
       1.33907       0.00000      18.24000
       1.34098       0.00000      18.24000
       1.34288       0.00000      18.24000
       1.34479       0.00000      18.24000
       1.34669       0.00000      18.24000
       1.34860       0.00000      18.24000
       1.35050       0.00000      18.24000
       1.35241       0.00000      18.24000
       1.35431       0.00000      18.24000
       1.35622       0.00000      18.24000
       1.35812       0.00000      18.24000
       1.36003       0.00000      18.24000
       1.36193       0.00000      18.24000
       1.36383       0.00000      18.24000
       1.36574       0.00000      18.24000
       1.36764       0.00000      18.24000
       1.36955       0.00000      18.24000
       1.37145       0.00000      18.24000
       1.37336       0.00000      18.24000
       1.37526       0.00000      18.24000
       1.37717       0.00000      18.24000
       1.37907       0.00000      18.24000
       1.38098       0.00000      18.24000
       1.38288       0.00000      18.24000
       1.38479       0.00000      18.24000
       1.38669       0.00000      18.24000
       1.38860       0.00000      18.24000
       1.39050       0.00000      18.24000
       1.39241       0.00000      18.24000
       1.39431       0.00000      18.24000
       1.39622       0.00000      18.24000
       1.39812       0.00000      18.24000
       1.40003       0.00000      18.24000
       1.40193       0.00000      18.24000
       1.40384       0.00000      18.24000
       1.40574       0.00000      18.24000
       1.40764       0.00000      18.24000
       1.40955       0.00000      18.24000
       1.41145       0.00000      18.24000
       1.41336       0.00000      18.24000
       1.41526       0.00000      18.24000
       1.41717       0.00000      18.24000
       1.41907       0.00000      18.24000
       1.42098       0.00000      18.24000
       1.42288       0.00000      18.24000
       1.42479       0.00000      18.24000
       1.42669       0.00000      18.24000
       1.42860       0.00000      18.24000
       1.43050       0.00000      18.24000
       1.43241       0.00000      18.24000
       1.43431       0.00000      18.24000
       1.43622       0.00000      18.24000
       1.43812       0.00000      18.24000
       1.44003       0.00000      18.24000
       1.44193       0.00000      18.24000
       1.44384       0.00000      18.24000
       1.44574       0.00000      18.24000
       1.44765       0.00000      18.24000
       1.44955       0.00000      18.24000
       1.45146       0.00000      18.24000
       1.45336       0.00000      18.24000
       1.45526       0.00000      18.24000
       1.45717       0.00000      18.24000
       1.45907       0.00000      18.24000
       1.46098       0.00000      18.24000
       1.46288       0.00000      18.24000
       1.46479       0.00000      18.24000
       1.46669       0.00000      18.24000
       1.46860       0.00000      18.24000
       1.47050       0.00000      18.24000
       1.47241       0.00000      18.24000
       1.47431       0.00000      18.24000
       1.47622       0.00000      18.24000
       1.47812       0.00000      18.24000
       1.48003       0.00000      18.24000
       1.48193       0.00000      18.24000
       1.48384       0.00000      18.24000
       1.48574       0.00000      18.24000
       1.48765       0.00000      18.24000
       1.48955       0.00000      18.24000
       1.49146       0.00000      18.24000
       1.49336       0.00000      18.24000
       1.49527       0.00000      18.24000
       1.49717       0.00000      18.24000
       1.49908       0.00000      18.24000
       1.50098       0.00000      18.24000
       1.50288       0.00000      18.24000
       1.50479       0.00000      18.24000
       1.50669       0.00000      18.24000
       1.50860       0.00000      18.24000
       1.51050       0.00000      18.24000
       1.51241       0.00000      18.24000
       1.51431       0.00000      18.24000
       1.51622       0.00000      18.24000
       1.51812       0.00000      18.24000
       1.52003       0.00000      18.24000
       1.52193       0.00000      18.24000
       1.52384       0.00000      18.24000
       1.52574       0.00000      18.24000
       1.52765       0.00000      18.24000
       1.52955       0.00000      18.24000
       1.53146       0.00000      18.24000
       1.53336       0.00000      18.24000
       1.53527       0.00000      18.24000
       1.53717       0.00000      18.24000
       1.53908       0.00000      18.24000
       1.54098       0.00000      18.24000
       1.54289       0.00000      18.24000
       1.54479       0.00000      18.24000
       1.54670       0.00000      18.24000
       1.54860       0.00000      18.24000
       1.55050       0.00000      18.24000
       1.55241       0.00000      18.24000
       1.55431       0.00001      18.24000
       1.55622       0.00001      18.24000
       1.55812       0.00001      18.24000
       1.56003       0.00002      18.24000
       1.56193       0.00003      18.24000
       1.56384       0.00004      18.24000
       1.56574       0.00005      18.24000
       1.56765       0.00008      18.24000
       1.56955       0.00010      18.24000
       1.57146       0.00014      18.24000
       1.57336       0.00019      18.24000
       1.57527       0.00026      18.24000
       1.57717       0.00035      18.24000
       1.57908       0.00047      18.24000
       1.58098       0.00063      18.24000
       1.58289       0.00084      18.24001
       1.58479       0.00111      18.24001
       1.58670       0.00146      18.24001
       1.58860       0.00191      18.24001
       1.59051       0.00249      18.24002
       1.59241       0.00323      18.24003
       1.59432       0.00417      18.24003
       1.59622       0.00536      18.24004
       1.59812       0.00685      18.24006
       1.60003       0.00871      18.24007
       1.60193       0.01103      18.24009
       1.60384       0.01389      18.24012
       1.60574       0.01741      18.24015
       1.60765       0.02172      18.24020
       1.60955       0.02696      18.24025
       1.61146       0.03330      18.24031
       1.61336       0.04093      18.24039
       1.61527       0.05007      18.24048
       1.61717       0.06096      18.24060
       1.61908       0.07385      18.24074
       1.62098       0.08903      18.24091
       1.62289       0.10681      18.24111
       1.62479       0.12753      18.24136
       1.62670       0.15153      18.24164
       1.62860       0.17918      18.24199
       1.63051       0.21085      18.24239
       1.63241       0.24693      18.24286
       1.63432       0.28780      18.24341
       1.63622       0.33384      18.24404
       1.63813       0.38539      18.24478
       1.64003       0.44278      18.24562
       1.64194       0.50632      18.24658
       1.64384       0.57624      18.24768
       1.64574       0.65274      18.24893
       1.64765       0.73593      18.25033
       1.64955       0.82587      18.25190
       1.65146       0.92251      18.25366
       1.65336       1.02573      18.25561
       1.65527       1.13529      18.25777
       1.65717       1.25086      18.26016
       1.65908       1.37202      18.26277
       1.66098       1.49823      18.26562
       1.66289       1.62886      18.26873
       1.66479       1.76320      18.27208
       1.66670       1.90044      18.27570
       1.66860       2.03973      18.27959
       1.67051       2.18015      18.28374
       1.67241       2.32075      18.28816
       1.67432       2.46057      18.29285
       1.67622       2.59864      18.29780
       1.67813       2.73401      18.30301
       1.68003       2.86579      18.30847
       1.68194       2.99313      18.31417
       1.68384       3.11525      18.32010
       1.68575       3.23147      18.32626
       1.68765       3.34120      18.33262
       1.68955       3.44395      18.33918
       1.69146       3.53933      18.34592
       1.69336       3.62706      18.35283
       1.69527       3.70697      18.35989
       1.69717       3.77897      18.36709
       1.69908       3.84305      18.37441
       1.70098       3.89928      18.38184
       1.70289       3.94776      18.38936
       1.70479       3.98866      18.39696
       1.70670       4.02215      18.40462
       1.70860       4.04842      18.41233
       1.71051       4.06763      18.42008
       1.71241       4.07995      18.42785
       1.71432       4.08552      18.43563
       1.71622       4.08447      18.44341
       1.71813       4.07687      18.45118
       1.72003       4.06279      18.45891
       1.72194       4.04230      18.46661
       1.72384       4.01546      18.47426
       1.72575       3.98233      18.48185
       1.72765       3.94303      18.48936
       1.72956       3.89773      18.49678
       1.73146       3.84666      18.50411
       1.73337       3.79016      18.51133
       1.73527       3.72868      18.51843
       1.73717       3.66279      18.52541
       1.73908       3.59324      18.53225
       1.74098       3.52088      18.53896
       1.74289       3.44676      18.54553
       1.74479       3.37208      18.55195
       1.74670       3.29819      18.55823
       1.74860       3.22656      18.56438
       1.75051       3.15883      18.57039
       1.75241       3.09669      18.57629
       1.75432       3.04194      18.58209
       1.75622       2.99641      18.58779
       1.75813       2.96193      18.59344
       1.76003       2.94031      18.59904
       1.76194       2.93327      18.60462
       1.76384       2.94242      18.61023
       1.76575       2.96921      18.61588
       1.76765       3.01490      18.62163
       1.76956       3.08052      18.62750
       1.77146       3.16679      18.63353
       1.77337       3.27416      18.63976
       1.77527       3.40274      18.64625
       1.77718       3.55228      18.65301
       1.77908       3.72218      18.66010
       1.78099       3.91145      18.66755
       1.78289       4.11873      18.67540
       1.78479       4.34230      18.68367
       1.78670       4.58008      18.69239
       1.78860       4.82969      18.70159
       1.79051       5.08843      18.71129
       1.79241       5.35336      18.72148
       1.79432       5.62131      18.73219
       1.79622       5.88898      18.74341
       1.79813       6.15295      18.75513
       1.80003       6.40974      18.76734
       1.80194       6.65591      18.78001
       1.80384       6.88808      18.79314
       1.80575       7.10301      18.80666
       1.80765       7.29766      18.82057
       1.80956       7.46923      18.83479
       1.81146       7.61523      18.84930
       1.81337       7.73350      18.86403
       1.81527       7.82227      18.87893
       1.81718       7.88018      18.89394
       1.81908       7.90630      18.90900
       1.82099       7.90014      18.92405
       1.82289       7.86165      18.93902
       1.82480       7.79121      18.95386
       1.82670       7.68964      18.96851
       1.82861       7.55814      18.98291
       1.83051       7.39828      18.99700
       1.83241       7.21197      19.01074
       1.83432       7.00140      19.02407
       1.83622       6.76899      19.03697
       1.83813       6.51737      19.04938
       1.84003       6.24929      19.06128
       1.84194       5.96760      19.07265
       1.84384       5.67518      19.08346
       1.84575       5.37492      19.09370
       1.84765       5.06962      19.10336
       1.84956       4.76200      19.11243
       1.85146       4.45466      19.12091
       1.85337       4.15001      19.12882
       1.85527       3.85027      19.13615
       1.85718       3.55746      19.14293
       1.85908       3.27334      19.14916
       1.86099       2.99945      19.15487
       1.86289       2.73710      19.16009
       1.86480       2.48732      19.16483
       1.86670       2.25094      19.16911
       1.86861       2.02852      19.17298
       1.87051       1.82043      19.17645
       1.87242       1.62683      19.17954
       1.87432       1.44771      19.18230
       1.87623       1.28287      19.18475
       1.87813       1.13198      19.18690
       1.88003       0.99460      19.18880
       1.88194       0.87016      19.19045
       1.88384       0.75804      19.19190
       1.88575       0.65752      19.19315
       1.88765       0.56788      19.19423
       1.88956       0.48833      19.19516
       1.89146       0.41810      19.19596
       1.89337       0.35641      19.19664
       1.89527       0.30249      19.19721
       1.89718       0.25561      19.19770
       1.89908       0.21503      19.19811
       1.90099       0.18010      19.19845
       1.90289       0.15017      19.19874
       1.90480       0.12466      19.19898
       1.90670       0.10301      19.19917
       1.90861       0.08475      19.19933
       1.91051       0.06941      19.19947
       1.91242       0.05658      19.19957
       1.91432       0.04592      19.19966
       1.91623       0.03710      19.19973
       1.91813       0.02984      19.19979
       1.92004       0.02388      19.19983
       1.92194       0.01903      19.19987
       1.92384       0.01510      19.19990
       1.92575       0.01192      19.19992
       1.92765       0.00937      19.19994
       1.92956       0.00733      19.19995
       1.93146       0.00571      19.19996
       1.93337       0.00443      19.19997
       1.93527       0.00342      19.19998
       1.93718       0.00264      19.19998
       1.93908       0.00203      19.19999
       1.94099       0.00156      19.19999
       1.94289       0.00121      19.19999
       1.94480       0.00095      19.20000
       1.94670       0.00076      19.20000
       1.94861       0.00063      19.20000
       1.95051       0.00056      19.20000
       1.95242       0.00054      19.20000
       1.95432       0.00057      19.20000
       1.95623       0.00065      19.20000
       1.95813       0.00078      19.20000
       1.96004       0.00098      19.20001
       1.96194       0.00126      19.20001
       1.96385       0.00164      19.20001
       1.96575       0.00213      19.20002
       1.96766       0.00278      19.20002
       1.96956       0.00361      19.20003
       1.97146       0.00468      19.20004
       1.97337       0.00605      19.20005
       1.97527       0.00777      19.20006
       1.97718       0.00994      19.20008
       1.97908       0.01265      19.20011
       1.98099       0.01603      19.20014
       1.98289       0.02022      19.20018
       1.98480       0.02537      19.20022
       1.98670       0.03168      19.20028
       1.98861       0.03937      19.20036
       1.99051       0.04870      19.20045
       1.99242       0.05994      19.20057
       1.99432       0.07342      19.20071
       1.99623       0.08949      19.20088
       1.99813       0.10856      19.20108
       2.00004       0.13105      19.20133
       2.00194       0.15744      19.20163
       2.00385       0.18823      19.20199
       2.00575       0.22396      19.20242
       2.00766       0.26517      19.20292
       2.00956       0.31246      19.20352
       2.01147       0.36640      19.20422
       2.01337       0.42758      19.20503
       2.01528       0.49656      19.20598
       2.01718       0.57389      19.20707
       2.01908       0.66006      19.20833
       2.02099       0.75550      19.20977
       2.02289       0.86057      19.21140
       2.02480       0.97551      19.21326
       2.02670       1.10048      19.21536
       2.02861       1.23546      19.21771
       2.03051       1.38030      19.22034
       2.03242       1.53469      19.22326
       2.03432       1.69811      19.22650
       2.03623       1.86988      19.23006
       2.03813       2.04909      19.23396
       2.04004       2.23465      19.23822
       2.04194       2.42527      19.24284
       2.04385       2.61947      19.24783
       2.04575       2.81559      19.25319
       2.04766       3.01181      19.25893
       2.04956       3.20620      19.26504
       2.05147       3.39672      19.27151
       2.05337       3.58126      19.27833
       2.05528       3.75768      19.28549
       2.05718       3.92387      19.29296
       2.05909       4.07777      19.30073
       2.06099       4.21741      19.30876
       2.06290       4.34100      19.31703
       2.06480       4.44691      19.32550
       2.06670       4.53375      19.33414
       2.06861       4.60040      19.34290
       2.07051       4.64602      19.35175
       2.07242       4.67009      19.36064
       2.07432       4.67246      19.36954
       2.07623       4.65327      19.37841
       2.07813       4.61304      19.38720
       2.08004       4.55263      19.39587
       2.08194       4.47321      19.40439
       2.08385       4.37628      19.41272
       2.08575       4.26358      19.42084
       2.08766       4.13713      19.42873
       2.08956       3.99915      19.43634
       2.09147       3.85201      19.44368
       2.09337       3.69821      19.45072
       2.09528       3.54032      19.45747
       2.09718       3.38094      19.46391
       2.09909       3.22266      19.47005
       2.10099       3.06800      19.47589
       2.10290       2.91937      19.48145
       2.10480       2.77906      19.48674
       2.10671       2.64915      19.49179
       2.10861       2.53155      19.49661
       2.11052       2.42790      19.50124
       2.11242       2.33962      19.50569
       2.11432       2.26782      19.51001
       2.11623       2.21336      19.51423
       2.11813       2.17679      19.51838
       2.12004       2.15835      19.52249
       2.12194       2.15801      19.52660
       2.12385       2.17543      19.53074
       2.12575       2.21001      19.53495
       2.12766       2.26086      19.53926
       2.12956       2.32687      19.54369
       2.13147       2.40668      19.54827
       2.13337       2.49875      19.55303
       2.13528       2.60135      19.55799
       2.13718       2.71264      19.56316
       2.13909       2.83066      19.56855
       2.14099       2.95340      19.57417
       2.14290       3.07882      19.58004
       2.14480       3.20492      19.58614
       2.14671       3.32975      19.59249
       2.14861       3.45149      19.59906
       2.15052       3.56844      19.60586
       2.15242       3.67913      19.61286
       2.15433       3.78228      19.62007
       2.15623       3.87688      19.62745
       2.15814       3.96222      19.63500
       2.16004       4.03785      19.64269
       2.16194       4.10366      19.65051
       2.16385       4.15984      19.65843
       2.16575       4.20689      19.66645
       2.16766       4.24560      19.67453
       2.16956       4.27703      19.68268
       2.17147       4.30246      19.69087
       2.17337       4.32338      19.69911
       2.17528       4.34140      19.70738
       2.17718       4.35824      19.71568
       2.17909       4.37566      19.72402
       2.18099       4.39539      19.73239
       2.18290       4.41905      19.74081
       2.18480       4.44816      19.74928
       2.18671       4.48400      19.75782
       2.18861       4.52762      19.76644
       2.19052       4.57978      19.77517
       2.19242       4.64089      19.78401
       2.19433       4.71101      19.79298
       2.19623       4.78983      19.80210
       2.19814       4.87667      19.81139
       2.20004       4.97047      19.82086
       2.20195       5.06982      19.83052
       2.20385       5.17300      19.84037
       2.20575       5.27800      19.85043
       2.20766       5.38258      19.86068
       2.20956       5.48433      19.87112
       2.21147       5.58075      19.88175
       2.21337       5.66927      19.89255
       2.21528       5.74736      19.90350
       2.21718       5.81258      19.91457
       2.21909       5.86266      19.92574
       2.22099       5.89555      19.93697
       2.22290       5.90948      19.94823
       2.22480       5.90300      19.95947
       2.22671       5.87503      19.97066
       2.22861       5.82485      19.98176
       2.23052       5.75219      19.99271
       2.23242       5.65714      20.00349
       2.23433       5.54024      20.01404
       2.23623       5.40236      20.02433
       2.23814       5.24477      20.03432
       2.24004       5.06905      20.04398
       2.24195       4.87702      20.05327
       2.24385       4.67078      20.06216
       2.24576       4.45256      20.07065
       2.24766       4.22473      20.07869
       2.24957       3.98973      20.08629
       2.25147       3.74999      20.09344
       2.25337       3.50791      20.10012
       2.25528       3.26581      20.10634
       2.25718       3.02585      20.11210
       2.25909       2.79005      20.11742
       2.26099       2.56024      20.12229
       2.26290       2.33802      20.12675
       2.26480       2.12476      20.13079
       2.26671       1.92160      20.13445
       2.26861       1.72943      20.13775
       2.27052       1.54893      20.14070
       2.27242       1.38052      20.14333
       2.27433       1.22443      20.14566
       2.27623       1.08070      20.14772
       2.27814       0.94920      20.14953
       2.28004       0.82964      20.15111
       2.28195       0.72160      20.15248
       2.28385       0.62457      20.15367
       2.28576       0.53795      20.15470
       2.28766       0.46108      20.15557
       2.28957       0.39326      20.15632
       2.29147       0.33378      20.15696
       2.29338       0.28192      20.15750
       2.29528       0.23695      20.15795
       2.29719       0.19818      20.15833
       2.29909       0.16494      20.15864
       2.30099       0.13661      20.15890
       2.30290       0.11259      20.15911
       2.30480       0.09234      20.15929
       2.30671       0.07537      20.15943
       2.30861       0.06121      20.15955
       2.31052       0.04947      20.15964
       2.31242       0.03978      20.15972
       2.31433       0.03184      20.15978
       2.31623       0.02536      20.15983
       2.31814       0.02010      20.15987
       2.32004       0.01585      20.15990
       2.32195       0.01244      20.15992
       2.32385       0.00971      20.15994
       2.32576       0.00755      20.15995
       2.32766       0.00584      20.15997
       2.32957       0.00449      20.15997
       2.33147       0.00344      20.15998
       2.33338       0.00262      20.15999
       2.33528       0.00199      20.15999
       2.33719       0.00150      20.15999
       2.33909       0.00113      20.15999
       2.34100       0.00084      20.16000
       2.34290       0.00063      20.16000
       2.34481       0.00046      20.16000
       2.34671       0.00034      20.16000
       2.34861       0.00025      20.16000
       2.35052       0.00018      20.16000
       2.35242       0.00013      20.16000
       2.35433       0.00010      20.16000
       2.35623       0.00007      20.16000
       2.35814       0.00005      20.16000
       2.36004       0.00003      20.16000
       2.36195       0.00002      20.16000
       2.36385       0.00002      20.16000
       2.36576       0.00001      20.16000
       2.36766       0.00001      20.16000
       2.36957       0.00001      20.16000
       2.37147       0.00000      20.16000
       2.37338       0.00000      20.16000
       2.37528       0.00000      20.16000
       2.37719       0.00000      20.16000
       2.37909       0.00000      20.16000
       2.38100       0.00000      20.16000
       2.38290       0.00000      20.16000
       2.38481       0.00000      20.16000
       2.38671       0.00000      20.16000
       2.38862       0.00000      20.16000
       2.39052       0.00000      20.16000
       2.39243       0.00000      20.16000
       2.39433       0.00000      20.16000
       2.39623       0.00000      20.16000
       2.39814       0.00000      20.16000
       2.40004       0.00000      20.16000
       2.40195       0.00000      20.16000
       2.40385       0.00000      20.16000
       2.40576       0.00000      20.16000
       2.40766       0.00000      20.16000
       2.40957       0.00000      20.16000
       2.41147       0.00000      20.16000
       2.41338       0.00000      20.16000
       2.41528       0.00000      20.16000
       2.41719       0.00000      20.16000
       2.41909       0.00000      20.16000
       2.42100       0.00000      20.16000
       2.42290       0.00000      20.16000
       2.42481       0.00000      20.16000
       2.42671       0.00000      20.16000
       2.42862       0.00000      20.16000
       2.43052       0.00000      20.16000
       2.43243       0.00000      20.16000
       2.43433       0.00000      20.16000
       2.43624       0.00000      20.16000
       2.43814       0.00000      20.16000
       2.44004       0.00000      20.16000
       2.44195       0.00000      20.16000
       2.44385       0.00000      20.16000
       2.44576       0.00000      20.16000
       2.44766       0.00000      20.16000
       2.44957       0.00000      20.16000
       2.45147       0.00000      20.16000
       2.45338       0.00000      20.16000
       2.45528       0.00000      20.16000
       2.45719       0.00000      20.16000
       2.45909       0.00000      20.16000
       2.46100       0.00000      20.16000
       2.46290       0.00000      20.16000
       2.46481       0.00000      20.16000
       2.46671       0.00000      20.16000
       2.46862       0.00000      20.16000
       2.47052       0.00000      20.16000
       2.47243       0.00000      20.16000
       2.47433       0.00000      20.16000
       2.47624       0.00000      20.16000
       2.47814       0.00000      20.16000
       2.48005       0.00000      20.16000
       2.48195       0.00000      20.16000
       2.48386       0.00000      20.16000
       2.48576       0.00000      20.16000
       2.48766       0.00000      20.16000
       2.48957       0.00000      20.16000
       2.49147       0.00000      20.16000
       2.49338       0.00000      20.16000
       2.49528       0.00000      20.16000
       2.49719       0.00000      20.16000
       2.49909       0.00000      20.16000
       2.50100       0.00000      20.16000
       2.50290       0.00000      20.16000
       2.50481       0.00000      20.16000
       2.50671       0.00000      20.16000
       2.50862       0.00000      20.16000
       2.51052       0.00000      20.16000
       2.51243       0.00000      20.16000
       2.51433       0.00000      20.16000
       2.51624       0.00000      20.16000
       2.51814       0.00000      20.16000
       2.52005       0.00000      20.16000
       2.52195       0.00000      20.16000
       2.52386       0.00000      20.16000
       2.52576       0.00000      20.16000
       2.52767       0.00000      20.16000
       2.52957       0.00000      20.16000
       2.53148       0.00000      20.16000
       2.53338       0.00000      20.16000
       2.53528       0.00000      20.16000
       2.53719       0.00000      20.16000
       2.53909       0.00000      20.16000
       2.54100       0.00000      20.16000
       2.54290       0.00000      20.16000
       2.54481       0.00000      20.16000
       2.54671       0.00000      20.16000
       2.54862       0.00000      20.16000
       2.55052       0.00000      20.16000
       2.55243       0.00000      20.16000
       2.55433       0.00000      20.16000
       2.55624       0.00000      20.16000
       2.55814       0.00000      20.16000
       2.56005       0.00000      20.16000
       2.56195       0.00000      20.16000
       2.56386       0.00000      20.16000
       2.56576       0.00000      20.16000
       2.56767       0.00000      20.16000
       2.56957       0.00000      20.16000
       2.57148       0.00000      20.16000
       2.57338       0.00000      20.16000
       2.57529       0.00000      20.16000
       2.57719       0.00000      20.16000
       2.57910       0.00000      20.16000
       2.58100       0.00000      20.16000
       2.58290       0.00000      20.16000
       2.58481       0.00000      20.16000
       2.58671       0.00000      20.16000
       2.58862       0.00000      20.16000
       2.59052       0.00000      20.16000
       2.59243       0.00000      20.16000
       2.59433       0.00000      20.16000
       2.59624       0.00000      20.16000
       2.59814       0.00000      20.16000
       2.60005       0.00000      20.16000
       2.60195       0.00000      20.16000
       2.60386       0.00001      20.16000
       2.60576       0.00001      20.16000
       2.60767       0.00001      20.16000
       2.60957       0.00002      20.16000
       2.61148       0.00003      20.16000
       2.61338       0.00004      20.16000
       2.61529       0.00005      20.16000
       2.61719       0.00008      20.16000
       2.61910       0.00010      20.16000
       2.62100       0.00015      20.16000
       2.62291       0.00020      20.16000
       2.62481       0.00028      20.16000
       2.62672       0.00038      20.16000
       2.62862       0.00051      20.16000
       2.63052       0.00070      20.16000
       2.63243       0.00094      20.16001
       2.63433       0.00126      20.16001
       2.63624       0.00168      20.16001
       2.63814       0.00224      20.16002
       2.64005       0.00296      20.16002
       2.64195       0.00390      20.16003
       2.64386       0.00512      20.16004
       2.64576       0.00668      20.16005
       2.64767       0.00867      20.16007
       2.64957       0.01121      20.16009
       2.65148       0.01442      20.16012
       2.65338       0.01847      20.16015
       2.65529       0.02354      20.16020
       2.65719       0.02987      20.16025
       2.65910       0.03771      20.16033
       2.66100       0.04740      20.16042
       2.66291       0.05930      20.16053
       2.66481       0.07383      20.16067
       2.66672       0.09151      20.16084
       2.66862       0.11288      20.16106
       2.67053       0.13860      20.16132
       2.67243       0.16939      20.16165
       2.67434       0.20605      20.16204
       2.67624       0.24949      20.16251
       2.67814       0.30068      20.16309
       2.68005       0.36070      20.16377
       2.68195       0.43068      20.16459
       2.68386       0.51187      20.16557
       2.68576       0.60554      20.16672
       2.68767       0.71305      20.16808
       2.68957       0.83576      20.16967
       2.69148       0.97508      20.17153
       2.69338       1.13238      20.17369
       2.69529       1.30900      20.17618
       2.69719       1.50622      20.17905
       2.69910       1.72519      20.18234
       2.70100       1.96694      20.18608
       2.70291       2.23230      20.19033
       2.70481       2.52190      20.19514
       2.70672       2.83607      20.20054
       2.70862       3.17487      20.20659
       2.71053       3.53800      20.21333
       2.71243       3.92481      20.22080
       2.71434       4.33423      20.22906
       2.71624       4.76480      20.23813
       2.71815       5.21462      20.24807
       2.72005       5.68136      20.25889
       2.72195       6.16226      20.27063
       2.72386       6.65418      20.28330
       2.72576       7.15359      20.29693
       2.72767       7.65663      20.31151
       2.72957       8.15918      20.32705
       2.73148       8.65687      20.34354
       2.73338       9.14522      20.36096
       2.73529       9.61964      20.37929
       2.73719      10.07561      20.39848
       2.73910      10.50866      20.41850
       2.74100      10.91454      20.43929
       2.74291      11.28928      20.46079
       2.74481      11.62926      20.48294
       2.74672      11.93132      20.50567
       2.74862      12.19279      20.52889
       2.75053      12.41158      20.55253
       2.75243      12.58622      20.57651
       2.75434      12.71588      20.60073
       2.75624      12.80039      20.62511
       2.75815      12.84026      20.64957
       2.76005      12.83667      20.67402
       2.76196      12.79140      20.69839
       2.76386      12.70685      20.72259
       2.76577      12.58593      20.74656
       2.76767      12.43203      20.77024
       2.76957      12.24894      20.79358
       2.77148      12.04077      20.81651
       2.77338      11.81182      20.83901
       2.77529      11.56655      20.86104
       2.77719      11.30948      20.88258
       2.77910      11.04505      20.90362
       2.78100      10.77761      20.92415
       2.78291      10.51127      20.94417
       2.78481      10.24988      20.96370
       2.78672       9.99695      20.98274
       2.78862       9.75560      21.00132
       2.79053       9.52854      21.01947
       2.79243       9.31800      21.03722
       2.79434       9.12576      21.05460
       2.79624       8.95314      21.07166
       2.79815       8.80099      21.08842
       2.80005       8.66973      21.10494
       2.80196       8.55937      21.12124
       2.80386       8.46958      21.13737
       2.80577       8.39969      21.15337
       2.80767       8.34880      21.16927
       2.80958       8.31578      21.18511
       2.81148       8.29940      21.20092
       2.81339       8.29832      21.21673
       2.81529       8.31120      21.23256
       2.81719       8.33671      21.24844
       2.81910       8.37363      21.26439
       2.82100       8.42084      21.28043
       2.82291       8.47737      21.29658
       2.82481       8.54243      21.31285
       2.82672       8.61540      21.32926
       2.82862       8.69585      21.34582
       2.83053       8.78349      21.36256
       2.83243       8.87820      21.37947
       2.83434       8.97994      21.39657
       2.83624       9.08875      21.41388
       2.83815       9.20470      21.43142
       2.84005       9.32782      21.44918
       2.84196       9.45806      21.46720
       2.84386       9.59526      21.48548
       2.84577       9.73906      21.50403
       2.84767       9.88890      21.52286
       2.84958      10.04398      21.54200
       2.85148      10.20322      21.56143
       2.85339      10.36526      21.58117
       2.85529      10.52846      21.60123
       2.85720      10.69093      21.62159
       2.85910      10.85053      21.64226
       2.86101      11.00491      21.66322
       2.86291      11.15160      21.68447
       2.86481      11.28801      21.70597
       2.86672      11.41156      21.72770
       2.86862      11.51968      21.74965
       2.87053      11.60996      21.77176
       2.87243      11.68019      21.79401
       2.87434      11.72841      21.81635
       2.87624      11.75304      21.83874
       2.87815      11.75286      21.86112
       2.88005      11.72713      21.88346
       2.88196      11.67561      21.90570
       2.88386      11.59855      21.92779
       2.88577      11.49674      21.94969
       2.88767      11.37149      21.97135
       2.88958      11.22463      21.99273
       2.89148      11.05842      22.01380
       2.89339      10.87557      22.03451
       2.89529      10.67914      22.05485
       2.89720      10.47248      22.07480
       2.89910      10.25915      22.09434
       2.90101      10.04283      22.11347
       2.90291       9.82725      22.13219
       2.90482       9.61609      22.15051
       2.90672       9.41286      22.16844
       2.90863       9.22091      22.18600
       2.91053       9.04323      22.20323
       2.91243       8.88251      22.22015
       2.91434       8.74097      22.23680
       2.91624       8.62041      22.25322
       2.91815       8.52212      22.26945
       2.92005       8.44688      22.28554
       2.92196       8.39497      22.30153
       2.92386       8.36614      22.31747
       2.92577       8.35967      22.33339
       2.92767       8.37439      22.34934
       2.92958       8.40871      22.36536
       2.93148       8.46067      22.38147
       2.93339       8.52799      22.39772
       2.93529       8.60814      22.41412
       2.93720       8.69840      22.43068
       2.93910       8.79589      22.44744
       2.94101       8.89767      22.46439
       2.94291       9.00076      22.48153
       2.94482       9.10221      22.49887
       2.94672       9.19915      22.51639
       2.94863       9.28882      22.53409
       2.95053       9.36860      22.55193
       2.95244       9.43605      22.56990
       2.95434       9.48896      22.58798
       2.95624       9.52531      22.60612
       2.95815       9.54334      22.62430
       2.96005       9.54153      22.64248
       2.96196       9.51862      22.66061
       2.96386       9.47362      22.67865
       2.96577       9.40580      22.69657
       2.96767       9.31470      22.71431
       2.96958       9.20012      22.73183
       2.97148       9.06214      22.74910
       2.97339       8.90107      22.76605
       2.97529       8.71751      22.78266
       2.97720       8.51226      22.79887
       2.97910       8.28640      22.81465
       2.98101       8.04120      22.82997
       2.98291       7.77816      22.84479
       2.98482       7.49895      22.85907
       2.98672       7.20542      22.87280
       2.98863       6.89956      22.88594
       2.99053       6.58347      22.89848
       2.99244       6.25935      22.91040
       2.99434       5.92944      22.92170
       2.99625       5.59601      22.93235
       2.99815       5.26133      22.94238
       3.00006       4.92762      22.95176
       3.00196       4.59701      22.96052
       3.00386       4.27155      22.96866
       3.00577       3.95313      22.97619
       3.00767       3.64351      22.98313
       3.00958       3.34424      22.98950
       3.01148       3.05670      22.99532
       3.01339       2.78206      23.00062
       3.01529       2.52126      23.00542
       3.01720       2.27503      23.00975
       3.01910       2.04390      23.01365
       3.02101       1.82817      23.01713
       3.02291       1.62796      23.02023
       3.02482       1.44320      23.02298
       3.02672       1.27366      23.02540
       3.02863       1.11894      23.02754
       3.03053       0.97854      23.02940
       3.03244       0.85184      23.03102
       3.03434       0.73813      23.03243
       3.03625       0.63664      23.03364
       3.03815       0.54656      23.03468
       3.04006       0.46703      23.03557
       3.04196       0.39721      23.03633
       3.04387       0.33624      23.03697
       3.04577       0.28328      23.03751
       3.04768       0.23754      23.03796
       3.04958       0.19824      23.03834
       3.05148       0.16466      23.03865
       3.05339       0.13611      23.03891
       3.05529       0.11198      23.03912
       3.05720       0.09169      23.03930
       3.05910       0.07471      23.03944
       3.06101       0.06059      23.03956
       3.06291       0.04891      23.03965
       3.06482       0.03929      23.03973
       3.06672       0.03142      23.03978
       3.06863       0.02501      23.03983
       3.07053       0.01982      23.03987
       3.07244       0.01565      23.03990
       3.07434       0.01232      23.03992
       3.07625       0.00969      23.03994
       3.07815       0.00762      23.03996
       3.08006       0.00601      23.03997
       3.08196       0.00480      23.03998
       3.08387       0.00390      23.03998
       3.08577       0.00328      23.03999
       3.08768       0.00290      23.04000
       3.08958       0.00273      23.04000
       3.09149       0.00276      23.04001
       3.09339       0.00300      23.04001
       3.09530       0.00344      23.04002
       3.09720       0.00411      23.04003
       3.09910       0.00505      23.04004
       3.10101       0.00629      23.04005
       3.10291       0.00788      23.04006
       3.10482       0.00991      23.04008
       3.10672       0.01244      23.04011
       3.10863       0.01558      23.04014
       3.11053       0.01944      23.04017
       3.11244       0.02416      23.04022
       3.11434       0.02989      23.04028
       3.11625       0.03681      23.04035
       3.11815       0.04512      23.04043
       3.12006       0.05504      23.04054
       3.12196       0.06682      23.04066
       3.12387       0.08072      23.04082
       3.12577       0.09703      23.04100
       3.12768       0.11608      23.04122
       3.12958       0.13819      23.04149
       3.13149       0.16370      23.04180
       3.13339       0.19297      23.04217
       3.13530       0.22637      23.04260
       3.13720       0.26426      23.04310
       3.13911       0.30697      23.04369
       3.14101       0.35486      23.04436
       3.14292       0.40820      23.04514
       3.14482       0.46728      23.04603
       3.14672       0.53230      23.04704
       3.14863       0.60340      23.04819
       3.15053       0.68067      23.04949
       3.15244       0.76409      23.05094
       3.15434       0.85356      23.05257
       3.15625       0.94887      23.05438
       3.15815       1.04970      23.05638
       3.16006       1.15560      23.05858
       3.16196       1.26603      23.06099
       3.16387       1.38029      23.06362
       3.16577       1.49762      23.06647
       3.16768       1.61709      23.06955
       3.16958       1.73772      23.07286
       3.17149       1.85843      23.07640
       3.17339       1.97807      23.08017
       3.17530       2.09547      23.08416
       3.17720       2.20943      23.08837
       3.17911       2.31875      23.09279
       3.18101       2.42228      23.09740
       3.18292       2.51895      23.10220
       3.18482       2.60778      23.10717
       3.18673       2.68791      23.11229
       3.18863       2.75866      23.11754
       3.19054       2.81952      23.12291
       3.19244       2.87018      23.12838
       3.19434       2.91058      23.13392
       3.19625       2.94087      23.13952
       3.19815       2.96146      23.14516
       3.20006       2.97301      23.15083
       3.20196       2.97642      23.15650
       3.20387       2.97282      23.16216
       3.20577       2.96355      23.16780
       3.20768       2.95014      23.17342
       3.20958       2.93429      23.17901
       3.21149       2.91781      23.18457
       3.21339       2.90261      23.19010
       3.21530       2.89061      23.19561
       3.21720       2.88375      23.20110
       3.21911       2.88390      23.20659
       3.22101       2.89284      23.21210
       3.22292       2.91219      23.21765
       3.22482       2.94337      23.22326
       3.22673       2.98755      23.22895
       3.22863       3.04563      23.23475
       3.23054       3.11821      23.24069
       3.23244       3.20552      23.24679
       3.23435       3.30746      23.25309
       3.23625       3.42353      23.25961
       3.23815       3.55287      23.26638
       3.24006       3.69426      23.27342
       3.24196       3.84612      23.28075
       3.24387       4.00653      23.28838
       3.24577       4.17330      23.29633
       3.24768       4.34397      23.30460
       3.24958       4.51586      23.31320
       3.25149       4.68617      23.32213
       3.25339       4.85198      23.33137
       3.25530       5.01036      23.34091
       3.25720       5.15841      23.35074
       3.25911       5.29331      23.36082
       3.26101       5.41244      23.37113
       3.26292       5.51337      23.38163
       3.26482       5.59396      23.39229
       3.26673       5.65240      23.40306
       3.26863       5.68724      23.41389
       3.27054       5.69741      23.42474
       3.27244       5.68230      23.43557
       3.27435       5.64168      23.44631
       3.27625       5.57579      23.45693
       3.27816       5.48525      23.46738
       3.28006       5.37112      23.47761
       3.28197       5.23480      23.48758
       3.28387       5.07805      23.49726
       3.28577       4.90288      23.50659
       3.28768       4.71158      23.51557
       3.28958       4.50662      23.52415
       3.29149       4.29060      23.53233
       3.29339       4.06620      23.54007
       3.29530       3.83612      23.54738
       3.29720       3.60307      23.55424
       3.29911       3.36965      23.56066
       3.30101       3.13838      23.56664
       3.30292       2.91163      23.57218
       3.30482       2.69159      23.57731
       3.30673       2.48027      23.58204
       3.30863       2.27945      23.58638
       3.31054       2.09070      23.59036
       3.31244       1.91538      23.59401
       3.31435       1.75463      23.59735
       3.31625       1.60936      23.60042
       3.31816       1.48030      23.60324
       3.32006       1.36800      23.60584
       3.32197       1.27283      23.60827
       3.32387       1.19500      23.61054
       3.32578       1.13462      23.61270
       3.32768       1.09165      23.61478
       3.32959       1.06597      23.61681
       3.33149       1.05735      23.61883
       3.33339       1.06552      23.62086
       3.33530       1.09011      23.62293
       3.33720       1.13071      23.62509
       3.33911       1.18687      23.62735
       3.34101       1.25805      23.62974
       3.34292       1.34369      23.63230
       3.34482       1.44316      23.63505
       3.34673       1.55580      23.63802
       3.34863       1.68085      23.64122
       3.35054       1.81753      23.64468
       3.35244       1.96495      23.64842
       3.35435       2.12218      23.65246
       3.35625       2.28819      23.65682
       3.35816       2.46191      23.66151
       3.36006       2.64215      23.66655
       3.36197       2.82769      23.67193
       3.36387       3.01719      23.67768
       3.36578       3.20930      23.68379
       3.36768       3.40257      23.69027
       3.36959       3.59556      23.69712
       3.37149       3.78676      23.70433
       3.37340       3.97467      23.71191
       3.37530       4.15779      23.71983
       3.37721       4.33467      23.72808
       3.37911       4.50389      23.73666
       3.38101       4.66412      23.74555
       3.38292       4.81410      23.75471
       3.38482       4.95273      23.76415
       3.38673       5.07901      23.77382
       3.38863       5.19212      23.78371
       3.39054       5.29142      23.79379
       3.39244       5.37645      23.80403
       3.39435       5.44693      23.81441
       3.39625       5.50282      23.82489
       3.39816       5.54426      23.83545
       3.40006       5.57160      23.84606
       3.40197       5.58538      23.85670
       3.40387       5.58631      23.86734
       3.40578       5.57526      23.87796
       3.40768       5.55323      23.88854
       3.40959       5.52133      23.89906
       3.41149       5.48074      23.90950
       3.41340       5.43268      23.91985
       3.41530       5.37839      23.93009
       3.41721       5.31907      23.94022
       3.41911       5.25585      23.95023
       3.42102       5.18980      23.96012
       3.42292       5.12183      23.96988
       3.42483       5.05274      23.97950
       3.42673       4.98316      23.98899
       3.42863       4.91354      23.99835
       3.43054       4.84416      24.00758
       3.43244       4.77511      24.01667
       3.43435       4.70633      24.02564
       3.43625       4.63756      24.03447
       3.43816       4.56843      24.04317
       3.44006       4.49845      24.05174
       3.44197       4.42701      24.06018
       3.44387       4.35345      24.06847
       3.44578       4.27710      24.07661
       3.44768       4.19725      24.08461
       3.44959       4.11326      24.09244
       3.45149       4.02452      24.10011
       3.45340       3.93052      24.10760
       3.45530       3.83087      24.11489
       3.45721       3.72529      24.12199
       3.45911       3.61364      24.12887
       3.46102       3.49596      24.13553
       3.46292       3.37241      24.14196
       3.46483       3.24332      24.14813
       3.46673       3.10916      24.15406
       3.46864       2.97052      24.15971
       3.47054       2.82812      24.16510
       3.47244       2.68277      24.17021
       3.47435       2.53535      24.17504
       3.47625       2.38679      24.17959
       3.47816       2.23807      24.18385
       3.48006       2.09014      24.18783
       3.48197       1.94397      24.19153
       3.48387       1.80046      24.19496
       3.48578       1.66046      24.19813
       3.48768       1.52477      24.20103
       3.48959       1.39408      24.20369
       3.49149       1.26900      24.20610
       3.49340       1.15002      24.20829
       3.49530       1.03754      24.21027
       3.49721       0.93185      24.21205
       3.49911       0.83314      24.21363
       3.50102       0.74150      24.21505
       3.50292       0.65692      24.21630
       3.50483       0.57932      24.21740
       3.50673       0.50853      24.21837
       3.50864       0.44433      24.21922
       3.51054       0.38643      24.21995
       3.51245       0.33451      24.22059
       3.51435       0.28822      24.22114
       3.51626       0.24717      24.22161
       3.51816       0.21098      24.22201
       3.52006       0.17924      24.22235
       3.52197       0.15156      24.22264
       3.52387       0.12756      24.22288
       3.52578       0.10685      24.22309
       3.52768       0.08908      24.22326
       3.52959       0.07391      24.22340
       3.53149       0.06104      24.22351
       3.53340       0.05017      24.22361
       3.53530       0.04104      24.22369
       3.53721       0.03341      24.22375
       3.53911       0.02707      24.22380
       3.54102       0.02183      24.22384
       3.54292       0.01752      24.22388
       3.54483       0.01400      24.22390
       3.54673       0.01113      24.22393
       3.54864       0.00880      24.22394
       3.55054       0.00693      24.22396
       3.55245       0.00543      24.22397
       3.55435       0.00424      24.22397
       3.55626       0.00329      24.22398
       3.55816       0.00254      24.22398
       3.56007       0.00195      24.22399
       3.56197       0.00150      24.22399
       3.56388       0.00114      24.22399
       3.56578       0.00086      24.22400
       3.56768       0.00065      24.22400
       3.56959       0.00049      24.22400
       3.57149       0.00036      24.22400
       3.57340       0.00027      24.22400
       3.57530       0.00020      24.22400
       3.57721       0.00015      24.22400
       3.57911       0.00011      24.22400
       3.58102       0.00008      24.22400
       3.58292       0.00006      24.22400
       3.58483       0.00004      24.22400
       3.58673       0.00003      24.22400
       3.58864       0.00002      24.22400
       3.59054       0.00002      24.22400
       3.59245       0.00001      24.22400
       3.59435       0.00001      24.22400
       3.59626       0.00001      24.22400
       3.59816       0.00000      24.22400
       3.60007       0.00000      24.22400
       3.60197       0.00000      24.22400
       3.60388       0.00000      24.22400
       3.60578       0.00000      24.22400
       3.60769       0.00000      24.22400
       3.60959       0.00000      24.22400
       3.61150       0.00000      24.22400
       3.61340       0.00000      24.22400
       3.61530       0.00000      24.22400
       3.61721       0.00000      24.22400
       3.61911       0.00000      24.22400
       3.62102       0.00000      24.22400
       3.62292       0.00000      24.22400
       3.62483       0.00000      24.22400
       3.62673       0.00000      24.22400
       3.62864       0.00000      24.22400
       3.63054       0.00000      24.22400
       3.63245       0.00000      24.22400
       3.63435       0.00000      24.22400
       3.63626       0.00000      24.22400
       3.63816       0.00000      24.22400
       3.64007       0.00000      24.22400
       3.64197       0.00000      24.22400
       3.64388       0.00000      24.22400
       3.64578       0.00000      24.22400
       3.64769       0.00000      24.22400
       3.64959       0.00000      24.22400
       3.65150       0.00000      24.22400
       3.65340       0.00000      24.22400
       3.65531       0.00000      24.22400
       3.65721       0.00000      24.22400
       3.65912       0.00000      24.22400
       3.66102       0.00000      24.22400
       3.66292       0.00000      24.22400
       3.66483       0.00000      24.22400
       3.66673       0.00000      24.22400
       3.66864       0.00000      24.22400
       3.67054       0.00000      24.22400
       3.67245       0.00000      24.22400
       3.67435       0.00000      24.22400
       3.67626       0.00000      24.22400
       3.67816       0.00000      24.22400
       3.68007       0.00000      24.22400
       3.68197       0.00000      24.22400
       3.68388       0.00000      24.22400
       3.68578       0.00000      24.22400
       3.68769       0.00000      24.22400
       3.68959       0.00000      24.22400
       3.69150       0.00000      24.22400
       3.69340       0.00000      24.22400
       3.69531       0.00000      24.22400
       3.69721       0.00000      24.22400
       3.69912       0.00000      24.22400
       3.70102       0.00000      24.22400
       3.70293       0.00000      24.22400
       3.70483       0.00000      24.22400
       3.70674       0.00000      24.22400
       3.70864       0.00000      24.22400
       3.71054       0.00000      24.22400
       3.71245       0.00000      24.22400
       3.71435       0.00000      24.22400
       3.71626       0.00000      24.22400
       3.71816       0.00000      24.22400
       3.72007       0.00000      24.22400
       3.72197       0.00000      24.22400
       3.72388       0.00000      24.22400
       3.72578       0.00000      24.22400
       3.72769       0.00000      24.22400
       3.72959       0.00000      24.22400
       3.73150       0.00000      24.22400
       3.73340       0.00000      24.22400
       3.73531       0.00000      24.22400
       3.73721       0.00000      24.22400
       3.73912       0.00000      24.22400
       3.74102       0.00000      24.22400
       3.74293       0.00000      24.22400
       3.74483       0.00000      24.22400
       3.74674       0.00000      24.22400
       3.74864       0.00000      24.22400
       3.75055       0.00000      24.22400
       3.75245       0.00000      24.22400
       3.75435       0.00000      24.22400
       3.75626       0.00000      24.22400
       3.75816       0.00000      24.22400
       3.76007       0.00000      24.22400
       3.76197       0.00000      24.22400
       3.76388       0.00000      24.22400
       3.76578       0.00000      24.22400
       3.76769       0.00000      24.22400
       3.76959       0.00000      24.22400
       3.77150       0.00000      24.22400
       3.77340       0.00000      24.22400
       3.77531       0.00000      24.22400
       3.77721       0.00000      24.22400
       3.77912       0.00000      24.22400
       3.78102       0.00000      24.22400
       3.78293       0.00000      24.22400
       3.78483       0.00000      24.22400
       3.78674       0.00000      24.22400
       3.78864       0.00001      24.22400
       3.79055       0.00001      24.22400
       3.79245       0.00001      24.22400
       3.79436       0.00001      24.22400
       3.79626       0.00002      24.22400
       3.79817       0.00003      24.22400
       3.80007       0.00004      24.22400
       3.80197       0.00006      24.22400
       3.80388       0.00008      24.22400
       3.80578       0.00011      24.22400
       3.80769       0.00014      24.22400
       3.80959       0.00020      24.22400
       3.81150       0.00027      24.22400
       3.81340       0.00036      24.22400
       3.81531       0.00048      24.22400
       3.81721       0.00064      24.22400
       3.81912       0.00085      24.22401
       3.82102       0.00113      24.22401
       3.82293       0.00148      24.22401
       3.82483       0.00194      24.22401
       3.82674       0.00253      24.22402
       3.82864       0.00328      24.22403
       3.83055       0.00423      24.22403
       3.83245       0.00543      24.22404
       3.83436       0.00694      24.22406
       3.83626       0.00882      24.22407
       3.83817       0.01116      24.22410
       3.84007       0.01405      24.22412
       3.84198       0.01760      24.22416
       3.84388       0.02194      24.22420
       3.84579       0.02722      24.22425
       3.84769       0.03361      24.22431
       3.84959       0.04129      24.22439
       3.85150       0.05049      24.22449
       3.85340       0.06142      24.22461
       3.85531       0.07436      24.22475
       3.85721       0.08958      24.22492
       3.85912       0.10740      24.22512
       3.86102       0.12812      24.22537
       3.86293       0.15210      24.22566
       3.86483       0.17969      24.22600
       3.86674       0.21123      24.22640
       3.86864       0.24711      24.22687
       3.87055       0.28766      24.22742
       3.87245       0.33323      24.22805
       3.87436       0.38414      24.22879
       3.87626       0.44065      24.22963
       3.87817       0.50301      24.23058
       3.88007       0.57139      24.23167
       3.88198       0.64589      24.23290
       3.88388       0.72654      24.23429
       3.88579       0.81326      24.23583
       3.88769       0.90588      24.23756
       3.88960       1.00412      24.23947
       3.89150       1.10757      24.24158
       3.89341       1.21571      24.24390
       3.89531       1.32788      24.24643
       3.89721       1.44332      24.24918
       3.89912       1.56112      24.25215
       3.90102       1.68028      24.25535
       3.90293       1.79970      24.25878
       3.90483       1.91818      24.26243
       3.90674       2.03447      24.26631
       3.90864       2.14727      24.27040
       3.91055       2.25523      24.27469
       3.91245       2.35705      24.27918
       3.91436       2.45143      24.28385
       3.91626       2.53712      24.28869
       3.91817       2.61298      24.29366
       3.92007       2.67795      24.29876
       3.92198       2.73112      24.30397
       3.92388       2.77173      24.30925
       3.92579       2.79920      24.31458
       3.92769       2.81313      24.31994
       3.92960       2.81331      24.32530
       3.93150       2.79975      24.33063
       3.93341       2.77264      24.33591
       3.93531       2.73239      24.34111
       3.93722       2.67958      24.34622
       3.93912       2.61498      24.35120
       3.94103       2.53949      24.35604
       3.94293       2.45418      24.36071
       3.94483       2.36021      24.36521
       3.94674       2.25883      24.36951
       3.94864       2.15136      24.37361
       3.95055       2.03914      24.37749
       3.95245       1.92353      24.38116
       3.95436       1.80588      24.38460
       3.95626       1.68749      24.38781
       3.95817       1.56962      24.39080
       3.96007       1.45344      24.39357
       3.96198       1.34005      24.39612
       3.96388       1.23045      24.39846
       3.96579       1.12553      24.40061
       3.96769       1.02611      24.40256
       3.96960       0.93288      24.40434
       3.97150       0.84646      24.40595
       3.97341       0.76736      24.40741
       3.97531       0.69605      24.40874
       3.97722       0.63290      24.40994
       3.97912       0.57824      24.41105
       3.98103       0.53239      24.41206
       3.98293       0.49560      24.41300
       3.98484       0.46813      24.41390
       3.98674       0.45026      24.41475
       3.98864       0.44225      24.41560
       3.99055       0.44439      24.41644
       3.99245       0.45698      24.41731
       3.99436       0.48037      24.41823
       3.99626       0.51489      24.41921
       3.99817       0.56092      24.42028
       4.00007       0.61884      24.42146
       4.00198       0.68902      24.42277
       4.00388       0.77181      24.42424
       4.00579       0.86753      24.42589
       4.00769       0.97645      24.42775
       4.00960       1.09874      24.42984
       4.01150       1.23447      24.43220
       4.01341       1.38360      24.43483
       4.01531       1.54593      24.43778
       4.01722       1.72107      24.44105
       4.01912       1.90846      24.44469
       4.02103       2.10731      24.44870
       4.02293       2.31660      24.45312
       4.02484       2.53511      24.45794
       4.02674       2.76134      24.46320
       4.02865       2.99357      24.46891
       4.03055       3.22989      24.47506
       4.03246       3.46813      24.48166
       4.03436       3.70598      24.48872
       4.03626       3.94097      24.49623
       4.03817       4.17051      24.50417
       4.04007       4.39194      24.51254
       4.04198       4.60261      24.52131
       4.04388       4.79986      24.53045
       4.04579       4.98114      24.53994
       4.04769       5.14403      24.54974
       4.04960       5.28630      24.55981
       4.05150       5.40597      24.57010
       4.05341       5.50134      24.58058
       4.05531       5.57103      24.59119
       4.05722       5.61404      24.60189
       4.05912       5.62973      24.61261
       4.06103       5.61787      24.62331
       4.06293       5.57864      24.63394
       4.06484       5.51261      24.64444
       4.06674       5.42073      24.65476
       4.06865       5.30433      24.66487
       4.07055       5.16506      24.67471
       4.07246       5.00486      24.68424
       4.07436       4.82592      24.69343
       4.07627       4.63064      24.70225
       4.07817       4.42154      24.71067
       4.08008       4.20125      24.71868
       4.08198       3.97242      24.72624
       4.08388       3.73769      24.73336
       4.08579       3.49964      24.74003
       4.08769       3.26074      24.74624
       4.08960       3.02329      24.75200
       4.09150       2.78944      24.75731
       4.09341       2.56109      24.76219
       4.09531       2.33994      24.76665
       4.09722       2.12744      24.77070
       4.09912       1.92478      24.77437
       4.10103       1.73292      24.77767
       4.10293       1.55255      24.78062
       4.10484       1.38416      24.78326
       4.10674       1.22800      24.78560
       4.10865       1.08413      24.78766
       4.11055       0.95244      24.78948
       4.11246       0.83266      24.79107
       4.11436       0.72438      24.79244
       4.11627       0.62710      24.79364
       4.11817       0.54023      24.79467
       4.12008       0.46312      24.79555
       4.12198       0.39508      24.79630
       4.12389       0.33538      24.79694
       4.12579       0.28332      24.79748
       4.12770       0.23817      24.79794
       4.12960       0.19923      24.79831
       4.13150       0.16584      24.79863
       4.13341       0.13738      24.79889
       4.13531       0.11324      24.79911
       4.13722       0.09289      24.79929
       4.13912       0.07582      24.79943
       4.14103       0.06159      24.79955
       4.14293       0.04978      24.79964
       4.14484       0.04004      24.79972
       4.14674       0.03205      24.79978
       4.14865       0.02553      24.79983
       4.15055       0.02024      24.79987
       4.15246       0.01596      24.79990
       4.15436       0.01253      24.79992
       4.15627       0.00979      24.79994
       4.15817       0.00761      24.79995
       4.16008       0.00588      24.79996
       4.16198       0.00453      24.79997
       4.16389       0.00347      24.79998
       4.16579       0.00264      24.79998
       4.16770       0.00200      24.79999
       4.16960       0.00151      24.79999
       4.17151       0.00114      24.79999
       4.17341       0.00085      24.80000
       4.17532       0.00063      24.80000
       4.17722       0.00047      24.80000
       4.17912       0.00034      24.80000
       4.18103       0.00025      24.80000
       4.18293       0.00018      24.80000
       4.18484       0.00013      24.80000
       4.18674       0.00010      24.80000
       4.18865       0.00007      24.80000
       4.19055       0.00005      24.80000
       4.19246       0.00004      24.80000
       4.19436       0.00002      24.80000
       4.19627       0.00002      24.80000
       4.19817       0.00001      24.80000
       4.20008       0.00001      24.80000
       4.20198       0.00001      24.80000
       4.20389       0.00000      24.80000
       4.20579       0.00000      24.80000
       4.20770       0.00000      24.80000
       4.20960       0.00000      24.80000
       4.21151       0.00000      24.80000
       4.21341       0.00000      24.80000
       4.21532       0.00000      24.80000
       4.21722       0.00000      24.80000
       4.21913       0.00000      24.80000
       4.22103       0.00000      24.80000
       4.22293       0.00000      24.80000
       4.22484       0.00000      24.80000
       4.22674       0.00000      24.80000
       4.22865       0.00000      24.80000
       4.23055       0.00000      24.80000
       4.23246       0.00000      24.80000
       4.23436       0.00000      24.80000
       4.23627       0.00000      24.80000
       4.23817       0.00000      24.80000
       4.24008       0.00000      24.80000
       4.24198       0.00000      24.80000
       4.24389       0.00000      24.80000
       4.24579       0.00001      24.80000
       4.24770       0.00001      24.80000
       4.24960       0.00001      24.80000
       4.25151       0.00002      24.80000
       4.25341       0.00002      24.80000
       4.25532       0.00003      24.80000
       4.25722       0.00004      24.80000
       4.25913       0.00006      24.80000
       4.26103       0.00008      24.80000
       4.26294       0.00011      24.80000
       4.26484       0.00016      24.80000
       4.26675       0.00021      24.80000
       4.26865       0.00029      24.80000
       4.27055       0.00039      24.80000
       4.27246       0.00052      24.80000
       4.27436       0.00069      24.80000
       4.27627       0.00091      24.80001
       4.27817       0.00121      24.80001
       4.28008       0.00159      24.80001
       4.28198       0.00207      24.80002
       4.28389       0.00270      24.80002
       4.28579       0.00350      24.80003
       4.28770       0.00451      24.80004
       4.28960       0.00578      24.80005
       4.29151       0.00737      24.80006
       4.29341       0.00937      24.80008
       4.29532       0.01184      24.80010
       4.29722       0.01488      24.80013
       4.29913       0.01863      24.80017
       4.30103       0.02320      24.80021
       4.30294       0.02875      24.80026
       4.30484       0.03545      24.80033
       4.30675       0.04350      24.80041
       4.30865       0.05313      24.80052
       4.31056       0.06457      24.80064
       4.31246       0.07808      24.80079
       4.31437       0.09397      24.80097
       4.31627       0.11254      24.80118
       4.31817       0.13412      24.80144
       4.32008       0.15907      24.80174
       4.32198       0.18774      24.80210
       4.32389       0.22050      24.80252
       4.32579       0.25772      24.80301
       4.32770       0.29977      24.80358
       4.32960       0.34699      24.80424
       4.33151       0.39971      24.80500
       4.33341       0.45822      24.80587
       4.33532       0.52276      24.80687
       4.33722       0.59353      24.80800
       4.33913       0.67063      24.80928
       4.34103       0.75413      24.81071
       4.34294       0.84398      24.81232
       4.34484       0.94002      24.81411
       4.34675       1.04203      24.81610
       4.34865       1.14964      24.81829
       4.35056       1.26239      24.82069
       4.35246       1.37970      24.82332
       4.35437       1.50087      24.82618
       4.35627       1.62510      24.82927
       4.35818       1.75150      24.83261
       4.36008       1.87908      24.83619
       4.36199       2.00680      24.84001
       4.36389       2.13355      24.84408
       4.36579       2.25818      24.84838
       4.36770       2.37956      24.85291
       4.36960       2.49653      24.85767
       4.37151       2.60800      24.86263
       4.37341       2.71292      24.86780
       4.37532       2.81032      24.87315
       4.37722       2.89934      24.87868
       4.37913       2.97922      24.88435
       4.38103       3.04934      24.89016
       4.38294       3.10925      24.89608
       4.38484       3.15861      24.90210
       4.38675       3.19726      24.90819
       4.38865       3.22519      24.91433
       4.39056       3.24253      24.92051
       4.39246       3.24955      24.92670
       4.39437       3.24664      24.93288
       4.39627       3.23430      24.93904
       4.39818       3.21312      24.94516
       4.40008       3.18376      24.95123
       4.40199       3.14690      24.95722
       4.40389       3.10329      24.96313
       4.40580       3.05364      24.96895
       4.40770       2.99866      24.97466
       4.40961       2.93905      24.98026
       4.41151       2.87543      24.98574
       4.41341       2.80839      24.99109
       4.41532       2.73843      24.99630
       4.41722       2.66602      25.00138
       4.41913       2.59153      25.00632
       4.42103       2.51528      25.01111
       4.42294       2.43753      25.01575
       4.42484       2.35848      25.02024
       4.42675       2.27830      25.02458
       4.42865       2.19712      25.02877
       4.43056       2.11505      25.03280
       4.43246       2.03219      25.03667
       4.43437       1.94864      25.04038
       4.43627       1.86452      25.04393
       4.43818       1.77995      25.04732
       4.44008       1.69507      25.05055
       4.44199       1.61008      25.05362
       4.44389       1.52516      25.05652
       4.44580       1.44056      25.05927
       4.44770       1.35653      25.06185
       4.44961       1.27335      25.06428
       4.45151       1.19132      25.06655
       4.45342       1.11074      25.06866
       4.45532       1.03192      25.07063
       4.45723       0.95517      25.07245
       4.45913       0.88077      25.07412
       4.46103       0.80902      25.07566
       4.46294       0.74015      25.07707
       4.46484       0.67439      25.07836
       4.46675       0.61192      25.07952
       4.46865       0.55290      25.08058
       4.47056       0.49743      25.08153
       4.47246       0.44557      25.08237
       4.47437       0.39737      25.08313
       4.47627       0.35280      25.08380
       4.47818       0.31183      25.08440
       4.48008       0.27436      25.08492
       4.48199       0.24029      25.08538
       4.48389       0.20949      25.08578
       4.48580       0.18179      25.08612
       4.48770       0.15702      25.08642
       4.48961       0.13499      25.08668
       4.49151       0.11551      25.08690
       4.49342       0.09838      25.08709
       4.49532       0.08341      25.08725
       4.49723       0.07039      25.08738
       4.49913       0.05913      25.08749
       4.50104       0.04946      25.08759
       4.50294       0.04121      25.08766
       4.50484       0.03420      25.08773
       4.50675       0.02830      25.08778
       4.50865       0.02337      25.08783
       4.51056       0.01929      25.08787
       4.51246       0.01596      25.08790
       4.51437       0.01327      25.08792
       4.51627       0.01116      25.08794
       4.51818       0.00955      25.08796
       4.52008       0.00838      25.08798
       4.52199       0.00762      25.08799
       4.52389       0.00724      25.08800
       4.52580       0.00720      25.08802
       4.52770       0.00751      25.08803
       4.52961       0.00816      25.08805
       4.53151       0.00916      25.08807
       4.53342       0.01052      25.08809
       4.53532       0.01227      25.08811
       4.53723       0.01444      25.08814
       4.53913       0.01706      25.08817
       4.54104       0.02018      25.08821
       4.54294       0.02384      25.08825
       4.54485       0.02810      25.08831
       4.54675       0.03302      25.08837
       4.54866       0.03864      25.08844
       4.55056       0.04503      25.08853
       4.55246       0.05224      25.08863
       4.55437       0.06032      25.08874
       4.55627       0.06932      25.08887
       4.55818       0.07928      25.08903
       4.56008       0.09024      25.08920
       4.56199       0.10221      25.08939
       4.56389       0.11521      25.08961
       4.56580       0.12923      25.08986
       4.56770       0.14424      25.09013
       4.56961       0.16022      25.09044
       4.57151       0.17710      25.09078
       4.57342       0.19480      25.09115
       4.57532       0.21322      25.09155
       4.57723       0.23224      25.09200
       4.57913       0.25173      25.09247
       4.58104       0.27151      25.09299
       4.58294       0.29142      25.09355
       4.58485       0.31126      25.09414
       4.58675       0.33082      25.09477
       4.58866       0.34990      25.09544
       4.59056       0.36827      25.09614
       4.59247       0.38570      25.09687
       4.59437       0.40199      25.09764
       4.59628       0.41692      25.09843
       4.59818       0.43028      25.09925
       4.60008       0.44191      25.10009
       4.60199       0.45163      25.10095
       4.60389       0.45931      25.10183
       4.60580       0.46484      25.10271
       4.60770       0.46813      25.10361
       4.60961       0.46914      25.10450
       4.61151       0.46786      25.10539
       4.61342       0.46430      25.10628
       4.61532       0.45851      25.10715
       4.61723       0.45059      25.10801
       4.61913       0.44063      25.10885
       4.62104       0.42879      25.10966
       4.62294       0.41523      25.11045
       4.62485       0.40013      25.11122
       4.62675       0.38370      25.11195
       4.62866       0.36614      25.11264
       4.63056       0.34768      25.11331
       4.63247       0.32853      25.11393
       4.63437       0.30892      25.11452
       4.63628       0.28907      25.11507
       4.63818       0.26916      25.11558
       4.64009       0.24940      25.11606
       4.64199       0.22997      25.11650
       4.64390       0.21101      25.11690
       4.64580       0.19267      25.11727
       4.64770       0.17506      25.11760
       4.64961       0.15828      25.11790
       4.65151       0.14241      25.11817
       4.65342       0.12751      25.11842
       4.65532       0.11361      25.11863
       4.65723       0.10073      25.11882
       4.65913       0.08887      25.11899
       4.66104       0.07803      25.11914
       4.66294       0.06817      25.11927
       4.66485       0.05927      25.11938
       4.66675       0.05128      25.11948
       4.66866       0.04415      25.11957
       4.67056       0.03782      25.11964
       4.67247       0.03224      25.11970
       4.67437       0.02735      25.11975
       4.67628       0.02309      25.11980
       4.67818       0.01940      25.11983
       4.68009       0.01622      25.11986
       4.68199       0.01349      25.11989
       4.68390       0.01117      25.11991
       4.68580       0.00920      25.11993
       4.68771       0.00754      25.11994
       4.68961       0.00615      25.11995
       4.69152       0.00499      25.11996
       4.69342       0.00403      25.11997
       4.69532       0.00324      25.11998
       4.69723       0.00259      25.11998
       4.69913       0.00207      25.11999
       4.70104       0.00164      25.11999
       4.70294       0.00129      25.11999
       4.70485       0.00101      25.11999
       4.70675       0.00079      25.12000
       4.70866       0.00061      25.12000
       4.71056       0.00047      25.12000
       4.71247       0.00036      25.12000
       4.71437       0.00028      25.12000
       4.71628       0.00021      25.12000
       4.71818       0.00016      25.12000
       4.72009       0.00012      25.12000
       4.72199       0.00009      25.12000
       4.72390       0.00007      25.12000
       4.72580       0.00005      25.12000
       4.72771       0.00004      25.12000
       4.72961       0.00003      25.12000
       4.73152       0.00002      25.12000
       4.73342       0.00001      25.12000
       4.73533       0.00001      25.12000
       4.73723       0.00001      25.12000
       4.73913       0.00001      25.12000
       4.74104       0.00000      25.12000
       4.74294       0.00000      25.12000
       4.74485       0.00000      25.12000
       4.74675       0.00000      25.12000
       4.74866       0.00000      25.12000
       4.75056       0.00000      25.12000
       4.75247       0.00000      25.12000
       4.75437       0.00000      25.12000
       4.75628       0.00000      25.12000
       4.75818       0.00000      25.12000
       4.76009       0.00000      25.12000
       4.76199       0.00000      25.12000
       4.76390       0.00000      25.12000
       4.76580       0.00000      25.12000
       4.76771       0.00000      25.12000
       4.76961       0.00000      25.12000
       4.77152       0.00000      25.12000
       4.77342       0.00000      25.12000
       4.77533       0.00000      25.12000
       4.77723       0.00000      25.12000
       4.77914       0.00000      25.12000
       4.78104       0.00000      25.12000
       4.78295       0.00000      25.12000
       4.78485       0.00000      25.12000
       4.78675       0.00000      25.12000
       4.78866       0.00000      25.12000
       4.79056       0.00000      25.12000
       4.79247       0.00000      25.12000
       4.79437       0.00000      25.12000
       4.79628       0.00000      25.12000
       4.79818       0.00000      25.12000
       4.80009       0.00000      25.12000
       4.80199       0.00000      25.12000
       4.80390       0.00000      25.12000
       4.80580       0.00000      25.12000
       4.80771       0.00000      25.12000
       4.80961       0.00000      25.12000
       4.81152       0.00000      25.12000
       4.81342       0.00000      25.12000
       4.81533       0.00000      25.12000
       4.81723       0.00000      25.12000
       4.81914       0.00000      25.12000
       4.82104       0.00000      25.12000
       4.82295       0.00000      25.12000
       4.82485       0.00000      25.12000
       4.82676       0.00000      25.12000
       4.82866       0.00000      25.12000
       4.83057       0.00000      25.12000
       4.83247       0.00000      25.12000
       4.83437       0.00000      25.12000
       4.83628       0.00000      25.12000
       4.83818       0.00000      25.12000
       4.84009       0.00000      25.12000
       4.84199       0.00000      25.12000
       4.84390       0.00000      25.12000
       4.84580       0.00000      25.12000
       4.84771       0.00000      25.12000
       4.84961       0.00000      25.12000
       4.85152       0.00000      25.12000
       4.85342       0.00000      25.12000
       4.85533       0.00000      25.12000
       4.85723       0.00000      25.12000
       4.85914       0.00000      25.12000
       4.86104       0.00000      25.12000
       4.86295       0.00000      25.12000
       4.86485       0.00000      25.12000
       4.86676       0.00001      25.12000
       4.86866       0.00001      25.12000
       4.87057       0.00001      25.12000
       4.87247       0.00002      25.12000
       4.87438       0.00002      25.12000
       4.87628       0.00003      25.12000
       4.87819       0.00005      25.12000
       4.88009       0.00007      25.12000
       4.88199       0.00009      25.12000
       4.88390       0.00013      25.12000
       4.88580       0.00017      25.12000
       4.88771       0.00024      25.12000
       4.88961       0.00033      25.12000
       4.89152       0.00044      25.12000
       4.89342       0.00060      25.12000
       4.89533       0.00081      25.12001
       4.89723       0.00109      25.12001
       4.89914       0.00145      25.12001
       4.90104       0.00193      25.12001
       4.90295       0.00255      25.12002
       4.90485       0.00335      25.12003
       4.90676       0.00438      25.12003
       4.90866       0.00571      25.12004
       4.91057       0.00740      25.12006
       4.91247       0.00955      25.12008
       4.91438       0.01226      25.12010
       4.91628       0.01566      25.12013
       4.91819       0.01992      25.12017
       4.92009       0.02521      25.12022
       4.92200       0.03176      25.12028
       4.92390       0.03981      25.12035
       4.92581       0.04968      25.12045
       4.92771       0.06169      25.12056
       4.92961       0.07625      25.12071
       4.93152       0.09381      25.12089
       4.93342       0.11486      25.12111
       4.93533       0.13998      25.12137
       4.93723       0.16980      25.12170
       4.93914       0.20501      25.12209
       4.94104       0.24637      25.12256
       4.94295       0.29471      25.12312
       4.94485       0.35091      25.12379
       4.94676       0.41590      25.12458
       4.94866       0.49067      25.12551
       4.95057       0.57625      25.12661
       4.95247       0.67367      25.12789
       4.95438       0.78399      25.12939
       4.95628       0.90827      25.13112
       4.95819       1.04753      25.13311
       4.96009       1.20275      25.13540
       4.96200       1.37483      25.13802
       4.96390       1.56458      25.14100
       4.96581       1.77268      25.14438
       4.96771       1.99967      25.14819
       4.96962       2.24592      25.15247
       4.97152       2.51157      25.15725
       4.97343       2.79656      25.16258
       4.97533       3.10058      25.16848
       4.97723       3.42304      25.17500
       4.97914       3.76307      25.18217
       4.98104       4.11951      25.19002
       4.98295       4.49091      25.19857
       4.98485       4.87551      25.20786
       4.98676       5.27126      25.21790
       4.98866       5.67581      25.22871
       4.99057       6.08656      25.24031
       4.99247       6.50068      25.25269
       4.99438       6.91509      25.26586
       4.99628       7.32657      25.27982
       4.99819       7.73173      25.29454
       5.00009       8.12709      25.31002
       5.00200       8.50913      25.32623
       5.00390       8.87433      25.34314
       5.00581       9.21920      25.36070
       5.00771       9.54038      25.37887
       5.00962       9.83466      25.39760
       5.01152      10.09901      25.41684
       5.01343      10.33068      25.43652
       5.01533      10.52722      25.45657
       5.01724      10.68649      25.47692
       5.01914      10.80674      25.49751
       5.02104      10.88665      25.51825
       5.02295      10.92528      25.53906
       5.02485      10.92216      25.55986
       5.02676      10.87729      25.58058
       5.02866      10.79108      25.60113
       5.03057      10.66444      25.62145
       5.03247      10.49868      25.64145
       5.03438      10.29555      25.66106
       5.03628      10.05716      25.68021
       5.03819       9.78601      25.69885
       5.04009       9.48488      25.71692
       5.04200       9.15684      25.73436
       5.04390       8.80518      25.75113
       5.04581       8.43334      25.76720
       5.04771       8.04488      25.78252
       5.04962       7.64342      25.79708
       5.05152       7.23259      25.81086
       5.05343       6.81596      25.82384
       5.05533       6.39698      25.83603
       5.05724       5.97898      25.84741
       5.05914       5.56509      25.85801
       5.06105       5.15821      25.86784
       5.06295       4.76097      25.87691
       5.06486       4.37573      25.88524
       5.06676       4.00455      25.89287
       5.06866       3.64916      25.89982
       5.07057       3.31099      25.90613
       5.07247       2.99115      25.91183
       5.07438       2.69044      25.91695
       5.07628       2.40937      25.92154
       5.07819       2.14817      25.92563
       5.08009       1.90681      25.92926
       5.08200       1.68505      25.93247
       5.08390       1.48244      25.93530
       5.08581       1.29833      25.93777
       5.08771       1.13198      25.93993
       5.08962       0.98247      25.94180
       5.09152       0.84884      25.94342
       5.09343       0.73005      25.94481
       5.09533       0.62501      25.94600
       5.09724       0.53263      25.94701
       5.09914       0.45181      25.94787
       5.10105       0.38149      25.94860
       5.10295       0.32062      25.94921
       5.10486       0.26821      25.94972
       5.10676       0.22333      25.95015
       5.10867       0.18509      25.95050
       5.11057       0.15268      25.95079
       5.11248       0.12536      25.95103
       5.11438       0.10245      25.95122
       5.11628       0.08333      25.95138
       5.11819       0.06747      25.95151
       5.12009       0.05437      25.95161
       5.12200       0.04362      25.95170
       5.12390       0.03485      25.95176
       5.12581       0.02773      25.95182
       5.12771       0.02198      25.95186
       5.12962       0.01738      25.95189
       5.13152       0.01372      25.95192
       5.13343       0.01084      25.95194
       5.13533       0.00861      25.95195
       5.13724       0.00692      25.95197
       5.13914       0.00567      25.95198
       5.14105       0.00480      25.95199
       5.14295       0.00426      25.95200
       5.14486       0.00402      25.95200
       5.14676       0.00406      25.95201
       5.14867       0.00437      25.95202
       5.15057       0.00496      25.95203
       5.15248       0.00586      25.95204
       5.15438       0.00709      25.95205
       5.15629       0.00871      25.95207
       5.15819       0.01077      25.95209
       5.16010       0.01335      25.95212
       5.16200       0.01654      25.95215
       5.16390       0.02045      25.95219
       5.16581       0.02520      25.95223
       5.16771       0.03093      25.95229
       5.16962       0.03781      25.95237
       5.17152       0.04602      25.95245
       5.17343       0.05576      25.95256
       5.17533       0.06725      25.95269
       5.17724       0.08073      25.95284
       5.17914       0.09646      25.95302
       5.18105       0.11472      25.95324
       5.18295       0.13580      25.95350
       5.18486       0.16000      25.95381
       5.18676       0.18765      25.95416
       5.18867       0.21905      25.95458
       5.19057       0.25451      25.95507
       5.19248       0.29434      25.95563
       5.19438       0.33882      25.95627
       5.19629       0.38823      25.95701
       5.19819       0.44277      25.95786
       5.20010       0.50265      25.95881
       5.20200       0.56799      25.95989
       5.20391       0.63885      25.96111
       5.20581       0.71525      25.96247
       5.20772       0.79710      25.96399
       5.20962       0.88422      25.96568
       5.21152       0.97636      25.96754
       5.21343       1.07315      25.96958
       5.21533       1.17413      25.97182
       5.21724       1.27871      25.97425
       5.21914       1.38624      25.97689
       5.22105       1.49592      25.97974
       5.22295       1.60690      25.98280
       5.22486       1.71823      25.98608
       5.22676       1.82888      25.98956
       5.22867       1.93777      25.99325
       5.23057       2.04378      25.99714
       5.23248       2.14576      26.00123
       5.23438       2.24257      26.00550
       5.23629       2.33307      26.00995
       5.23819       2.41618      26.01455
       5.24010       2.49086      26.01929
       5.24200       2.55617      26.02416
       5.24391       2.61126      26.02914
       5.24581       2.65542      26.03419
       5.24772       2.68804      26.03931
       5.24962       2.70871      26.04447
       5.25153       2.71712      26.04965
       5.25343       2.71318      26.05482
       5.25533       2.69694      26.05995
       5.25724       2.66860      26.06504
       5.25914       2.62857      26.07004
       5.26105       2.57737      26.07495
       5.26295       2.51567      26.07975
       5.26486       2.44428      26.08440
       5.26676       2.36411      26.08891
       5.26867       2.27617      26.09324
       5.27057       2.18152      26.09740
       5.27248       2.08128      26.10136
       5.27438       1.97660      26.10513
       5.27629       1.86862      26.10868
       5.27819       1.75848      26.11203
       5.28010       1.64728      26.11517
       5.28200       1.53606      26.11810
       5.28391       1.42580      26.12081
       5.28581       1.31740      26.12332
       5.28772       1.21167      26.12563
       5.28962       1.10931      26.12774
       5.29153       1.01095      26.12967
       5.29343       0.91707      26.13142
       5.29534       0.82809      26.13299
       5.29724       0.74431      26.13441
       5.29915       0.66592      26.13568
       5.30105       0.59305      26.13681
       5.30295       0.52571      26.13781
       5.30486       0.46387      26.13870
       5.30676       0.40742      26.13947
       5.30867       0.35618      26.14015
       5.31057       0.30995      26.14074
       5.31248       0.26848      26.14125
       5.31438       0.23148      26.14169
       5.31629       0.19867      26.14207
       5.31819       0.16973      26.14239
       5.32010       0.14434      26.14267
       5.32200       0.12221      26.14290
       5.32391       0.10302      26.14310
       5.32581       0.08647      26.14326
       5.32772       0.07230      26.14340
       5.32962       0.06023      26.14352
       5.33153       0.05002      26.14361
       5.33343       0.04145      26.14369
       5.33534       0.03432      26.14375
       5.33724       0.02845      26.14381
       5.33915       0.02367      26.14385
       5.34105       0.01985      26.14389
       5.34296       0.01686      26.14392
       5.34486       0.01461      26.14395
       5.34677       0.01300      26.14398
       5.34867       0.01198      26.14400
       5.35057       0.01147      26.14402
       5.35248       0.01146      26.14404
       5.35438       0.01189      26.14407
       5.35629       0.01276      26.14409
       5.35819       0.01405      26.14412
       5.36010       0.01576      26.14415
       5.36200       0.01789      26.14418
       5.36391       0.02046      26.14422
       5.36581       0.02348      26.14426
       5.36772       0.02696      26.14432
       5.36962       0.03091      26.14437
       5.37153       0.03535      26.14444
       5.37343       0.04031      26.14452
       5.37534       0.04577      26.14461
       5.37724       0.05176      26.14470
       5.37915       0.05827      26.14482
       5.38105       0.06530      26.14494
       5.38296       0.07284      26.14508
       5.38486       0.08086      26.14523
       5.38677       0.08933      26.14540
       5.38867       0.09821      26.14559
       5.39058       0.10745      26.14579
       5.39248       0.11699      26.14602
       5.39439       0.12675      26.14626
       5.39629       0.13667      26.14652
       5.39819       0.14664      26.14680
       5.40010       0.15659      26.14710
       5.40200       0.16639      26.14741
       5.40391       0.17596      26.14775
       5.40581       0.18518      26.14810
       5.40772       0.19395      26.14847
       5.40962       0.20217      26.14886
       5.41153       0.20975      26.14926
       5.41343       0.21659      26.14967
       5.41534       0.22263      26.15009
       5.41724       0.22781      26.15053
       5.41915       0.23208      26.15097
       5.42105       0.23542      26.15142
       5.42296       0.23784      26.15187
       5.42486       0.23937      26.15233
       5.42677       0.24005      26.15278
       5.42867       0.23998      26.15324
       5.43058       0.23928      26.15370
       5.43248       0.23809      26.15415
       5.43439       0.23662      26.15460
       5.43629       0.23509      26.15505
       5.43820       0.23377      26.15549
       5.44010       0.23296      26.15594
       5.44201       0.23304      26.15638
       5.44391       0.23439      26.15683
       5.44581       0.23746      26.15728
       5.44772       0.24274      26.15774
       5.44962       0.25078      26.15822
       5.45153       0.26217      26.15872
       5.45343       0.27755      26.15925
       5.45534       0.29761      26.15981
       5.45724       0.32307      26.16043
       5.45915       0.35471      26.16111
       5.46105       0.39335      26.16185
       5.46296       0.43983      26.16269
       5.46486       0.49501      26.16364
       5.46677       0.55977      26.16470
       5.46867       0.63498      26.16591
       5.47058       0.72152      26.16729
       5.47248       0.82019      26.16885
       5.47439       0.93177      26.17062
       5.47629       1.05695      26.17264
       5.47820       1.19634      26.17491
       5.48010       1.35038      26.17749
       5.48201       1.51941      26.18038
       5.48391       1.70355      26.18363
       5.48582       1.90274      26.18725
       5.48772       2.11669      26.19128
       5.48963       2.34487      26.19575
       5.49153       2.58645      26.20068
       5.49343       2.84037      26.20609
       5.49534       3.10524      26.21200
       5.49724       3.37940      26.21844
       5.49915       3.66091      26.22541
       5.50105       3.94755      26.23293
       5.50296       4.23686      26.24100
       5.50486       4.52613      26.24962
       5.50677       4.81250      26.25879
       5.50867       5.09294      26.26849
       5.51058       5.36434      26.27871
       5.51248       5.62354      26.28942
       5.51439       5.86739      26.30060
       5.51629       6.09285      26.31220
       5.51820       6.29699      26.32420
       5.52010       6.47712      26.33653
       5.52201       6.63077      26.34916
       5.52391       6.75583      26.36203
       5.52582       6.85053      26.37508
       5.52772       6.91352      26.38825
       5.52963       6.94389      26.40148
       5.53153       6.94118      26.41470
       5.53344       6.90542      26.42785
       5.53534       6.83710      26.44087
       5.53724       6.73718      26.45371
       5.53915       6.60705      26.46629
       5.54105       6.44850      26.47858
       5.54296       6.26370      26.49051
       5.54486       6.05513      26.50204
       5.54677       5.82552      26.51314
       5.54867       5.57783      26.52376
       5.55058       5.31511      26.53389
       5.55248       5.04053      26.54349
       5.55439       4.75725      26.55255
       5.55629       4.46838      26.56106
       5.55820       4.17694      26.56902
       5.56010       3.88579      26.57642
       5.56201       3.59760      26.58327
       5.56391       3.31480      26.58958
       5.56582       3.03957      26.59537
       5.56772       2.77381      26.60066
       5.56963       2.51913      26.60546
       5.57153       2.27684      26.60979
       5.57344       2.04796      26.61369
       5.57534       1.83323      26.61719
       5.57725       1.63312      26.62030
       5.57915       1.44786      26.62306
       5.58106       1.27743      26.62549
       5.58296       1.12163      26.62762
       5.58486       0.98010      26.62949
       5.58677       0.85229      26.63112
       5.58867       0.73758      26.63252
       5.59058       0.63523      26.63373
       5.59248       0.54444      26.63477
       5.59439       0.46438      26.63565
       5.59629       0.39418      26.63640
       5.59820       0.33298      26.63704
       5.60010       0.27992      26.63757
       5.60201       0.23418      26.63802
       5.60391       0.19497      26.63839
       5.60582       0.16154      26.63870
       5.60772       0.13319      26.63895
       5.60963       0.10929      26.63916
       5.61153       0.08925      26.63933
       5.61344       0.07253      26.63947
       5.61534       0.05867      26.63958
       5.61725       0.04723      26.63967
       5.61915       0.03785      26.63974
       5.62106       0.03020      26.63980
       5.62296       0.02399      26.63984
       5.62487       0.01899      26.63988
       5.62677       0.01500      26.63991
       5.62868       0.01183      26.63993
       5.63058       0.00935      26.63995
       5.63248       0.00743      26.63996
       5.63439       0.00599      26.63997
       5.63629       0.00494      26.63998
       5.63820       0.00423      26.63999
       5.64010       0.00382      26.64000
       5.64201       0.00368      26.64000
       5.64391       0.00380      26.64001
       5.64582       0.00419      26.64002
       5.64772       0.00485      26.64003
       5.64963       0.00582      26.64004
       5.65153       0.00714      26.64005
       5.65344       0.00887      26.64007
       5.65534       0.01106      26.64009
       5.65725       0.01382      26.64012
       5.65915       0.01724      26.64015
       5.66106       0.02144      26.64019
       5.66296       0.02658      26.64024
       5.66487       0.03280      26.64030
       5.66677       0.04030      26.64038
       5.66868       0.04928      26.64048
       5.67058       0.05998      26.64059
       5.67249       0.07266      26.64073
       5.67439       0.08758      26.64089
       5.67630       0.10505      26.64109
       5.67820       0.12540      26.64133
       5.68010       0.14896      26.64162
       5.68201       0.17608      26.64195
       5.68391       0.20711      26.64235
       5.68582       0.24243      26.64281
       5.68772       0.28239      26.64335
       5.68963       0.32733      26.64397
       5.69153       0.37756      26.64469
       5.69344       0.43337      26.64552
       5.69534       0.49499      26.64646
       5.69725       0.56262      26.64753
       5.69915       0.63637      26.64874
       5.70106       0.71625      26.65011
       5.70296       0.80223      26.65163
       5.70487       0.89414      26.65334
       5.70677       0.99170      26.65523
       5.70868       1.09454      26.65731
       5.71058       1.20213      26.65960
       5.71249       1.31385      26.66210
       5.71439       1.42892      26.66483
       5.71630       1.54649      26.66777
       5.71820       1.66554      26.67094
       5.72011       1.78499      26.67434
       5.72201       1.90365      26.67797
       5.72392       2.02028      26.68182
       5.72582       2.13358      26.68588
       5.72772       2.24222      26.69015
       5.72963       2.34486      26.69462
       5.73153       2.44023      26.69927
       5.73344       2.52705      26.70408
       5.73534       2.60418      26.70904
       5.73725       2.67054      26.71413
       5.73915       2.72521      26.71932
       5.74106       2.76740      26.72459
       5.74296       2.79651      26.72992
       5.74487       2.81211      26.73527
       5.74677       2.81398      26.74063
       5.74868       2.80208      26.74597
       5.75058       2.77660      26.75126
       5.75249       2.73791      26.75648
       5.75439       2.68656      26.76159
       5.75630       2.62329      26.76659
       5.75820       2.54900      26.77145
       5.76011       2.46471      26.77614
       5.76201       2.37158      26.78066
       5.76392       2.27082      26.78498
       5.76582       2.16374      26.78910
       5.76773       2.05166      26.79301
       5.76963       1.93591      26.79670
       5.77153       1.81782      26.80016
       5.77344       1.69866      26.80340
       5.77534       1.57964      26.80641
       5.77725       1.46190      26.80919
       5.77915       1.34648      26.81176
       5.78106       1.23432      26.81411
       5.78296       1.12623      26.81625
       5.78487       1.02294      26.81820
       5.78677       0.92502      26.81996
       5.78868       0.83295      26.82155
       5.79058       0.74711      26.82297
       5.79249       0.66774      26.82424
       5.79439       0.59504      26.82538
       5.79630       0.52910      26.82639
       5.79820       0.46994      26.82728
       5.80011       0.41754      26.82808
       5.80201       0.37185      26.82878
       5.80392       0.33276      26.82942
       5.80582       0.30018      26.82999
       5.80773       0.27399      26.83051
       5.80963       0.25410      26.83100
       5.81154       0.24043      26.83145
       5.81344       0.23290      26.83190
       5.81535       0.23148      26.83234
       5.81725       0.23617      26.83279
       5.81915       0.24699      26.83326
       5.82106       0.26399      26.83376
       5.82296       0.28724      26.83431
       5.82487       0.31684      26.83491
       5.82677       0.35290      26.83558
       5.82868       0.39552      26.83634
       5.83058       0.44480      26.83719
       5.83249       0.50081      26.83814
       5.83439       0.56361      26.83921
       5.83630       0.63319      26.84042
       5.83820       0.70948      26.84177
       5.84011       0.79234      26.84328
       5.84201       0.88156      26.84496
       5.84392       0.97682      26.84682
       5.84582       1.07769      26.84887
       5.84773       1.18363      26.85113
       5.84963       1.29399      26.85359
       5.85154       1.40801      26.85627
       5.85344       1.52480      26.85918
       5.85535       1.64336      26.86231
       5.85725       1.76260      26.86567
       5.85916       1.88135      26.86925
       5.86106       1.99834      26.87306
       5.86297       2.11229      26.87708
       5.86487       2.22186      26.88131
       5.86677       2.32571      26.88574
       5.86868       2.42254      26.89036
       5.87058       2.51108      26.89514
       5.87249       2.59014      26.90007
       5.87439       2.65864      26.90514
       5.87630       2.71562      26.91031
       5.87820       2.76027      26.91557
       5.88011       2.79194      26.92089
       5.88201       2.81017      26.92624
       5.88392       2.81469      26.93160
       5.88582       2.80544      26.93694
       5.88773       2.78256      26.94224
       5.88963       2.74637      26.94747
       5.89154       2.69740      26.95261
       5.89344       2.63636      26.95763
       5.89535       2.56410      26.96252
       5.89725       2.48164      26.96725
       5.89916       2.39008      26.97180
       5.90106       2.29065      26.97616
       5.90297       2.18463      26.98032
       5.90487       2.07333      26.98427
       5.90678       1.95808      26.98800
       5.90868       1.84020      26.99151
       5.91059       1.72097      26.99479
       5.91249       1.60159      26.99784
       5.91439       1.48320      27.00066
       5.91630       1.36686      27.00326
       5.91820       1.25348      27.00565
       5.92011       1.14389      27.00783
       5.92201       1.03878      27.00981
       5.92392       0.93871      27.01160
       5.92582       0.84414      27.01321
       5.92773       0.75539      27.01464
       5.92963       0.67266      27.01593
       5.93154       0.59606      27.01706
       5.93344       0.52561      27.01806
       5.93535       0.46122      27.01894
       5.93725       0.40274      27.01971
       5.93916       0.34995      27.02037
       5.94106       0.30260      27.02095
       5.94297       0.26038      27.02145
       5.94487       0.22295      27.02187
       5.94678       0.18997      27.02223
       5.94868       0.16109      27.02254
       5.95059       0.13593      27.02280
       5.95249       0.11414      27.02302
       5.95440       0.09539      27.02320
       5.95630       0.07934      27.02335
       5.95821       0.06568      27.02347
       5.96011       0.05413      27.02358
       5.96201       0.04442      27.02366
       5.96392       0.03632      27.02373
       5.96582       0.02960      27.02379
       5.96773       0.02408      27.02383
       5.96963       0.01960      27.02387
       5.97154       0.01600      27.02390
       5.97344       0.01318      27.02393
       5.97535       0.01104      27.02395
       5.97725       0.00949      27.02397
       5.97916       0.00849      27.02398
       5.98106       0.00799      27.02400
       5.98297       0.00800      27.02401
       5.98487       0.00852      27.02403
       5.98678       0.00956      27.02405
       5.98868       0.01120      27.02407
       5.99059       0.01350      27.02409
       5.99249       0.01657      27.02413
       5.99440       0.02054      27.02416
       5.99630       0.02556      27.02421
       5.99821       0.03184      27.02427
       6.00011       0.03959      27.02435
       6.00202       0.04909      27.02444
       6.00392       0.06065      27.02456
       6.00583       0.07462      27.02470
       6.00773       0.09139      27.02487
       6.00963       0.11142      27.02509
       6.01154       0.13519      27.02534
       6.01344       0.16325      27.02566
       6.01535       0.19618      27.02603
       6.01725       0.23461      27.02648
       6.01916       0.27920      27.02701
       6.02106       0.33064      27.02764
       6.02297       0.38965      27.02838
       6.02487       0.45695      27.02925
       6.02678       0.53326      27.03027
       6.02868       0.61926      27.03145
       6.03059       0.71562      27.03281
       6.03249       0.82294      27.03438
       6.03440       0.94172      27.03617
       6.03630       1.07237      27.03821
       6.03821       1.21519      27.04053
       6.04011       1.37030      27.04314
       6.04202       1.53765      27.04607
       6.04392       1.71701      27.04934
       6.04583       1.90791      27.05297
       6.04773       2.10968      27.05699
       6.04964       2.32138      27.06141
       6.05154       2.54184      27.06625
       6.05344       2.76963      27.07153
       6.05535       3.00309      27.07725
       6.05725       3.24031      27.08342
       6.05916       3.47917      27.09005
       6.06106       3.71739      27.09713
       6.06297       3.95250      27.10466
       6.06487       4.18194      27.11262
       6.06678       4.40307      27.12101
       6.06868       4.61323      27.12980
       6.07059       4.80980      27.13896
       6.07249       4.99023      27.14846
       6.07440       5.15212      27.15828
       6.07630       5.29326      27.16836
       6.07821       5.41169      27.17867
       6.08011       5.50572      27.18916
       6.08202       5.57401      27.19977
       6.08392       5.61556      27.21047
       6.08583       5.62977      27.22119
       6.08773       5.61643      27.23189
       6.08964       5.57573      27.24251
       6.09154       5.50827      27.25300
       6.09345       5.41503      27.26332
       6.09535       5.29735      27.27341
       6.09726       5.15690      27.28323
       6.09916       4.99564      27.29275
       6.10106       4.81578      27.30192
       6.10297       4.61971      27.31072
       6.10487       4.40997      27.31912
       6.10678       4.18920      27.32710
       6.10868       3.96005      27.33464
       6.11059       3.72518      27.34174
       6.11249       3.48715      27.34838
       6.11440       3.24844      27.35457
       6.11630       3.01136      27.36031
       6.11821       2.77805      27.36560
       6.12011       2.55044      27.37046
       6.12202       2.33022      27.37489
       6.12392       2.11887      27.37893
       6.12583       1.91759      27.38258
       6.12773       1.72738      27.38587
       6.12964       1.54897      27.38882
       6.13154       1.38291      27.39146
       6.13345       1.22951      27.39380
       6.13535       1.08892      27.39587
       6.13726       0.96113      27.39770
       6.13916       0.84598      27.39932
       6.14107       0.74323      27.40073
       6.14297       0.65254      27.40197
       6.14488       0.57352      27.40307
       6.14678       0.50574      27.40403
       6.14868       0.44877      27.40488
       6.15059       0.40218      27.40565
       6.15249       0.36558      27.40635
       6.15440       0.33860      27.40699
       6.15630       0.32095      27.40760
       6.15821       0.31237      27.40820
       6.16011       0.31267      27.40879
       6.16202       0.32175      27.40941
       6.16392       0.33954      27.41005
       6.16583       0.36605      27.41075
       6.16773       0.40133      27.41152
       6.16964       0.44548      27.41236
       6.17154       0.49864      27.41331
       6.17345       0.56094      27.41438
       6.17535       0.63252      27.41559
       6.17726       0.71353      27.41695
       6.17916       0.80406      27.41848
       6.18107       0.90415      27.42020
       6.18297       1.01380      27.42213
       6.18488       1.13291      27.42429
       6.18678       1.26130      27.42669
       6.18869       1.39868      27.42936
       6.19059       1.54465      27.43230
       6.19250       1.69870      27.43553
       6.19440       1.86020      27.43908
       6.19630       2.02841      27.44294
       6.19821       2.20249      27.44714
       6.20011       2.38149      27.45167
       6.20202       2.56440      27.45656
       6.20392       2.75015      27.46180
       6.20583       2.93762      27.46739
       6.20773       3.12569      27.47334
       6.20964       3.31325      27.47966
       6.21154       3.49923      27.48632
       6.21345       3.68263      27.49334
       6.21535       3.86255      27.50069
       6.21726       4.03818      27.50839
       6.21916       4.20886      27.51640
       6.22107       4.37408      27.52473
       6.22297       4.53348      27.53337
       6.22488       4.68684      27.54230
       6.22678       4.83411      27.55150
       6.22869       4.97537      27.56098
       6.23059       5.11082      27.57072
       6.23250       5.24076      27.58070
       6.23440       5.36558      27.59092
       6.23631       5.48568      27.60137
       6.23821       5.60148      27.61204
       6.24012       5.71337      27.62292
       6.24202       5.82168      27.63401
       6.24392       5.92662      27.64530
       6.24583       6.02831      27.65678
       6.24773       6.12669      27.66845
       6.24964       6.22156      27.68030
       6.25154       6.31254      27.69233
       6.25345       6.39905      27.70452
       6.25535       6.48039      27.71686
       6.25726       6.55566      27.72935
       6.25916       6.62388      27.74196
       6.26107       6.68393      27.75470
       6.26297       6.73467      27.76752
       6.26488       6.77492      27.78043
       6.26678       6.80353      27.79339
       6.26869       6.81943      27.80638
       6.27059       6.82165      27.81937
       6.27250       6.80938      27.83234
       6.27440       6.78202      27.84526
       6.27631       6.73916      27.85810
       6.27821       6.68067      27.87082
       6.28012       6.60666      27.88341
       6.28202       6.51750      27.89582
       6.28393       6.41383      27.90804
       6.28583       6.29655      27.92003
       6.28773       6.16677      27.93178
       6.28964       6.02583      27.94326
       6.29154       5.87522      27.95445
       6.29345       5.71656      27.96534
       6.29535       5.55158      27.97591
       6.29726       5.38203      27.98616
       6.29916       5.20969      27.99609
       6.30107       5.03629      28.00568
       6.30297       4.86348      28.01494
       6.30488       4.69282      28.02388
       6.30678       4.52569      28.03250
       6.30869       4.36335      28.04081
       6.31059       4.20685      28.04883
       6.31250       4.05704      28.05656
       6.31440       3.91458      28.06401
       6.31631       3.77993      28.07121
       6.31821       3.65334      28.07817
       6.32012       3.53489      28.08490
       6.32202       3.42448      28.09143
       6.32393       3.32185      28.09775
       6.32583       3.22662      28.10390
       6.32774       3.13827      28.10988
       6.32964       3.05623      28.11570
       6.33155       2.97983      28.12138
       6.33345       2.90837      28.12692
       6.33535       2.84114      28.13233
       6.33726       2.77741      28.13762
       6.33916       2.71649      28.14279
       6.34107       2.65770      28.14785
       6.34297       2.60046      28.15281
       6.34488       2.54421      28.15765
       6.34678       2.48849      28.16239
       6.34869       2.43293      28.16703
       6.35059       2.37724      28.17156
       6.35250       2.32124      28.17598
       6.35440       2.26484      28.18029
       6.35631       2.20805      28.18450
       6.35821       2.15098      28.18859
       6.36012       2.09381      28.19258
       6.36202       2.03680      28.19646
       6.36393       1.98031      28.20023
       6.36583       1.92472      28.20390
       6.36774       1.87047      28.20746
       6.36964       1.81802      28.21093
       6.37155       1.76786      28.21429
       6.37345       1.72045      28.21757
       6.37536       1.67625      28.22076
       6.37726       1.63568      28.22388
       6.37917       1.59910      28.22693
       6.38107       1.56680      28.22991
       6.38297       1.53901      28.23284
       6.38488       1.51585      28.23573
       6.38678       1.49735      28.23858
       6.38869       1.48345      28.24141
       6.39059       1.47396      28.24421
       6.39250       1.46861      28.24701
       6.39440       1.46702      28.24981
       6.39631       1.46872      28.25260
       6.39821       1.47315      28.25541
       6.40012       1.47970      28.25823
       6.40202       1.48766      28.26106
       6.40393       1.49634      28.26391
       6.40583       1.50499      28.26678
       6.40774       1.51285      28.26966
       6.40964       1.51921      28.27255
       6.41155       1.52336      28.27546
       6.41345       1.52466      28.27836
       6.41536       1.52252      28.28126
       6.41726       1.51645      28.28415
       6.41917       1.50602      28.28702
       6.42107       1.49092      28.28986
       6.42298       1.47095      28.29266
       6.42488       1.44600      28.29541
       6.42679       1.41608      28.29811
       6.42869       1.38130      28.30074
       6.43059       1.34186      28.30330
       6.43250       1.29807      28.30577
       6.43440       1.25030      28.30815
       6.43631       1.19901      28.31044
       6.43821       1.14468      28.31262
       6.44012       1.08787      28.31469
       6.44202       1.02915      28.31665
       6.44393       0.96910      28.31850
       6.44583       0.90830      28.32023
       6.44774       0.84734      28.32184
       6.44964       0.78675      28.32334
       6.45155       0.72705      28.32472
       6.45345       0.66871      28.32600
       6.45536       0.61217      28.32716
       6.45726       0.55778      28.32823
       6.45917       0.50588      28.32919
       6.46107       0.45673      28.33006
       6.46298       0.41052      28.33084
       6.46488       0.36744      28.33154
       6.46679       0.32757      28.33216
       6.46869       0.29100      28.33272
       6.47060       0.25775      28.33321
       6.47250       0.22783      28.33364
       6.47441       0.20121      28.33403
       6.47631       0.17786      28.33437
       6.47821       0.15775      28.33467
       6.48012       0.14082      28.33493
       6.48202       0.12706      28.33518
       6.48393       0.11643      28.33540
       6.48583       0.10895      28.33561
       6.48774       0.10465      28.33581
       6.48964       0.10360      28.33600
       6.49155       0.10590      28.33620
       6.49345       0.11170      28.33642
       6.49536       0.12118      28.33665
       6.49726       0.13459      28.33690
       6.49917       0.15220      28.33719
       6.50107       0.17434      28.33753
       6.50298       0.20138      28.33791
       6.50488       0.23372      28.33836
       6.50679       0.27180      28.33887
       6.50869       0.31607      28.33947
       6.51060       0.36702      28.34017
       6.51250       0.42514      28.34098
       6.51441       0.49089      28.34192
       6.51631       0.56475      28.34299
       6.51822       0.64713      28.34423
       6.52012       0.73841      28.34563
       6.52203       0.83891      28.34723
       6.52393       0.94886      28.34904
       6.52583       1.06840      28.35107
       6.52774       1.19755      28.35336
       6.52964       1.33622      28.35590
       6.53155       1.48416      28.35873
       6.53345       1.64099      28.36185
       6.53536       1.80618      28.36529
       6.53726       1.97901      28.36906
       6.53917       2.15864      28.37318
       6.54107       2.34405      28.37764
       6.54298       2.53406      28.38247
       6.54488       2.72737      28.38766
       6.54679       2.92255      28.39323
       6.54869       3.11806      28.39917
       6.55060       3.31229      28.40548
       6.55250       3.50355      28.41215
       6.55441       3.69014      28.41918
       6.55631       3.87035      28.42655
       6.55822       4.04252      28.43425
       6.56012       4.20503      28.44226
       6.56203       4.35637      28.45056
       6.56393       4.49515      28.45912
       6.56584       4.62014      28.46792
       6.56774       4.73029      28.47693
       6.56964       4.82474      28.48612
       6.57155       4.90286      28.49546
       6.57345       4.96427      28.50492
       6.57536       5.00881      28.51446
       6.57726       5.03658      28.52405
       6.57917       5.04796      28.53367
       6.58107       5.04354      28.54327
       6.58298       5.02419      28.55284
       6.58488       4.99100      28.56235
       6.58679       4.94526      28.57177
       6.58869       4.88849      28.58108
       6.59060       4.82236      28.59027
       6.59250       4.74871      28.59931
       6.59441       4.66948      28.60821
       6.59631       4.58674      28.61694
       6.59822       4.50259      28.62552
       6.60012       4.41916      28.63394
       6.60203       4.33859      28.64220
       6.60393       4.26295      28.65032
       6.60584       4.19427      28.65831
       6.60774       4.13441      28.66619
       6.60965       4.08512      28.67397
       6.61155       4.04794      28.68168
       6.61346       4.02418      28.68934
       6.61536       4.01492      28.69699
       6.61726       4.02093      28.70465
       6.61917       4.04267      28.71235
       6.62107       4.08030      28.72012
       6.62298       4.13362      28.72800
       6.62488       4.20206      28.73600
       6.62679       4.28472      28.74416
       6.62869       4.38036      28.75251
       6.63060       4.48739      28.76105
       6.63250       4.60391      28.76982
       6.63441       4.72776      28.77883
       6.63631       4.85653      28.78808
       6.63822       4.98761      28.79758
       6.64012       5.11825      28.80733
       6.64203       5.24560      28.81732
       6.64393       5.36681      28.82754
       6.64584       5.47904      28.83798
       6.64774       5.57955      28.84861
       6.64965       5.66577      28.85940
       6.65155       5.73532      28.87033
       6.65346       5.78612      28.88135
       6.65536       5.81639      28.89243
       6.65727       5.82470      28.90352
       6.65917       5.81002      28.91459
       6.66108       5.77172      28.92558
       6.66298       5.70958      28.93646
       6.66488       5.62380      28.94717
       6.66679       5.51500      28.95767
       6.66869       5.38416      28.96793
       6.67060       5.23262      28.97790
       6.67250       5.06207      28.98754
       6.67441       4.87441      28.99682
       6.67631       4.67182      29.00572
       6.67822       4.45661      29.01421
       6.68012       4.23122      29.02227
       6.68203       3.99816      29.02989
       6.68393       3.75991      29.03705
       6.68584       3.51894      29.04375
       6.68774       3.27760      29.05000
       6.68965       3.03814      29.05578
       6.69155       2.80259      29.06112
       6.69346       2.57284      29.06602
       6.69536       2.35051      29.07050
       6.69727       2.13704      29.07457
       6.69917       1.93359      29.07825
       6.70108       1.74109      29.08157
       6.70298       1.56025      29.08454
       6.70489       1.39154      29.08719
       6.70679       1.23524      29.08954
       6.70870       1.09142      29.09162
       6.71060       0.95999      29.09345
       6.71250       0.84072      29.09505
       6.71441       0.73326      29.09645
       6.71631       0.63716      29.09766
       6.71822       0.55190      29.09871
       6.72012       0.47691      29.09962
       6.72203       0.41161      29.10041
       6.72393       0.35539      29.10108
       6.72584       0.30769      29.10167
       6.72774       0.26794      29.10218
       6.72965       0.23564      29.10263
       6.73155       0.21034      29.10303
       6.73346       0.19165      29.10340
       6.73536       0.17925      29.10374
       6.73727       0.17291      29.10407
       6.73917       0.17247      29.10439
       6.74108       0.17785      29.10473
       6.74298       0.18903      29.10509
       6.74489       0.20610      29.10549
       6.74679       0.22918      29.10592
       6.74870       0.25850      29.10641
       6.75060       0.29429      29.10698
       6.75251       0.33686      29.10762
       6.75441       0.38654      29.10835
       6.75632       0.44368      29.10920
       6.75822       0.50865      29.11017
       6.76012       0.58177      29.11128
       6.76203       0.66338      29.11254
       6.76393       0.75374      29.11397
       6.76584       0.85307      29.11560
       6.76774       0.96151      29.11743
       6.76965       1.07909      29.11949
       6.77155       1.20574      29.12178
       6.77346       1.34126      29.12434
       6.77536       1.48532      29.12717
       6.77727       1.63743      29.13029
       6.77917       1.79695      29.13371
       6.78108       1.96306      29.13745
       6.78298       2.13481      29.14151
       6.78489       2.31105      29.14592
       6.78679       2.49051      29.15066
       6.78870       2.67177      29.15575
       6.79060       2.85327      29.16118
       6.79251       3.03335      29.16696
       6.79441       3.21027      29.17308
       6.79632       3.38224      29.17952
       6.79822       3.54742      29.18628
       6.80013       3.70399      29.19333
       6.80203       3.85017      29.20067
       6.80393       3.98425      29.20826
       6.80584       4.10460      29.21607
       6.80774       4.20976      29.22409
       6.80965       4.29842      29.23228
       6.81155       4.36945      29.24060
       6.81346       4.42197      29.24903
       6.81536       4.45530      29.25751
       6.81727       4.46902      29.26603
       6.81917       4.46298      29.27453
       6.82108       4.43728      29.28298
       6.82298       4.39227      29.29134
       6.82489       4.32856      29.29959
       6.82679       4.24700      29.30768
       6.82870       4.14863      29.31558
       6.83060       4.03473      29.32327
       6.83251       3.90670      29.33071
       6.83441       3.76611      29.33788
       6.83632       3.61463      29.34477
       6.83822       3.45401      29.35135
       6.84013       3.28602      29.35761
       6.84203       3.11246      29.36353
       6.84394       2.93512      29.36913
       6.84584       2.75571      29.37437
       6.84775       2.57589      29.37928
       6.84965       2.39721      29.38385
       6.85155       2.22109      29.38808
       6.85346       2.04885      29.39198
       6.85536       1.88163      29.39556
       6.85727       1.72043      29.39884
       6.85917       1.56610      29.40182
       6.86108       1.41930      29.40453
       6.86298       1.28058      29.40697
       6.86489       1.15030      29.40916
       6.86679       1.02870      29.41112
       6.86870       0.91589      29.41286
       6.87060       0.81185      29.41441
       6.87251       0.71646      29.41577
       6.87441       0.62952      29.41697
       6.87632       0.55074      29.41802
       6.87822       0.47977      29.41894
       6.88013       0.41621      29.41973
       6.88203       0.35965      29.42041
       6.88394       0.30965      29.42100
       6.88584       0.26573      29.42151
       6.88775       0.22747      29.42194
       6.88965       0.19442      29.42231
       6.89156       0.16618      29.42263
       6.89346       0.14237      29.42290
       6.89537       0.12264      29.42313
       6.89727       0.10670      29.42334
       6.89917       0.09431      29.42352
       6.90108       0.08527      29.42368
       6.90298       0.07944      29.42383
       6.90489       0.07677      29.42398
       6.90679       0.07723      29.42412
       6.90870       0.08088      29.42428
       6.91060       0.08786      29.42445
       6.91251       0.09836      29.42463
       6.91441       0.11264      29.42485
       6.91632       0.13103      29.42510
       6.91822       0.15394      29.42539
       6.92013       0.18182      29.42574
       6.92203       0.21521      29.42615
       6.92394       0.25468      29.42663
       6.92584       0.30086      29.42721
       6.92775       0.35442      29.42788
       6.92965       0.41606      29.42867
       6.93156       0.48649      29.42960
       6.93346       0.56643      29.43068
       6.93537       0.65658      29.43193
       6.93727       0.75762      29.43337
       6.93918       0.87016      29.43503
       6.94108       0.99475      29.43692
       6.94299       1.13185      29.43908
       6.94489       1.28180      29.44152
       6.94679       1.44482      29.44427
       6.94870       1.62096      29.44736
       6.95060       1.81011      29.45081
       6.95251       2.01200      29.45464
       6.95441       2.22613      29.45888
       6.95632       2.45184      29.46355
       6.95822       2.68829      29.46867
       6.96013       2.93441      29.47426
       6.96203       3.18901      29.48034
       6.96394       3.45073      29.48691
       6.96584       3.71810      29.49399
       6.96775       3.98956      29.50159
       6.96965       4.26350      29.50971
       6.97156       4.53833      29.51836
       6.97346       4.81249      29.52752
       6.97537       5.08452      29.53721
       6.97727       5.35312      29.54741
       6.97918       5.61718      29.55811
       6.98108       5.87584      29.56930
       6.98299       6.12851      29.58097
       6.98489       6.37493      29.59311
       6.98680       6.61518      29.60571
       6.98870       6.84968      29.61876
       6.99061       7.07924      29.63225
       6.99251       7.30498      29.64616
       6.99441       7.52834      29.66050
       6.99632       7.75108      29.67527
       6.99822       7.97514      29.69046
       7.00013       8.20267      29.70608
       7.00203       8.43589      29.72215
       7.00394       8.67704      29.73868
       7.00584       8.92829      29.75568
       7.00775       9.19165      29.77319
       7.00965       9.46887      29.79123
       7.01156       9.76135      29.80982
       7.01346      10.07008      29.82900
       7.01537      10.39554      29.84880
       7.01727      10.73765      29.86926
       7.01918      11.09571      29.89039
       7.02108      11.46841      29.91224
       7.02299      11.85374      29.93482
       7.02489      12.24907      29.95815
       7.02680      12.65112      29.98225
       7.02870      13.05603      30.00712
       7.03061      13.45942      30.03275
       7.03251      13.85645      30.05915
       7.03442      14.24196      30.08627
       7.03632      14.61050      30.11410
       7.03822      14.95652      30.14259
       7.04013      15.27447      30.17169
       7.04203      15.55891      30.20133
       7.04394      15.80465      30.23143
       7.04584      16.00690      30.26192
       7.04775      16.16133      30.29270
       7.04965      16.26423      30.32368
       7.05156      16.31260      30.35476
       7.05346      16.30418      30.38581
       7.05537      16.23758      30.41674
       7.05727      16.11226      30.44743
       7.05918      15.92861      30.47777
       7.06108      15.68788      30.50766
       7.06299      15.39225      30.53697
       7.06489      15.04472      30.56563
       7.06680      14.64910      30.59353
       7.06870      14.20989      30.62060
       7.07061      13.73226      30.64676
       7.07251      13.22191      30.67194
       7.07442      12.68495      30.69611
       7.07632      12.12785      30.71921
       7.07823      11.55728      30.74122
       7.08013      10.97998      30.76214
       7.08204      10.40271      30.78195
       7.08394       9.83207      30.80068
       7.08584       9.27448      30.81835
       7.08775       8.73601      30.83499
       7.08965       8.22233      30.85065
       7.09156       7.73867      30.86539
       7.09346       7.28969      30.87927
       7.09537       6.87950      30.89238
       7.09727       6.51157      30.90478
       7.09918       6.18873      30.91657
       7.10108       5.91315      30.92783
       7.10299       5.68633      30.93866
       7.10489       5.50911      30.94916
       7.10680       5.38164      30.95941
       7.10870       5.30348      30.96951
       7.11061       5.27355      30.97956
       7.11251       5.29018      30.98963
       7.11442       5.35118      30.99983
       7.11632       5.45383      31.01021
       7.11823       5.59497      31.02087
       7.12013       5.77101      31.03186
       7.12204       5.97804      31.04325
       7.12394       6.21181      31.05508
       7.12585       6.46785      31.06740
       7.12775       6.74149      31.08024
       7.12966       7.02795      31.09363
       7.13156       7.32241      31.10758
       7.13346       7.62003      31.12209
       7.13537       7.91604      31.13717
       7.13727       8.20582      31.15280
       7.13918       8.48492      31.16896
       7.14108       8.74914      31.18563
       7.14299       8.99457      31.20276
       7.14489       9.21767      31.22032
       7.14680       9.41525      31.23825
       7.14870       9.58455      31.25651
       7.15061       9.72327      31.27503
       7.15251       9.82957      31.29375
       7.15442       9.90207      31.31262
       7.15632       9.93992      31.33155
       7.15823       9.94271      31.35049
       7.16013       9.91052      31.36937
       7.16204       9.84389      31.38812
       7.16394       9.74380      31.40668
       7.16585       9.61164      31.42498
       7.16775       9.44915      31.44298
       7.16966       9.25844      31.46062
       7.17156       9.04191      31.47784
       7.17347       8.80220      31.49461
       7.17537       8.54221      31.51088
       7.17728       8.26496      31.52662
       7.17918       7.97362      31.54181
       7.18108       7.67146      31.55642
       7.18299       7.36177      31.57045
       7.18489       7.04783      31.58387
       7.18680       6.73289      31.59670
       7.18870       6.42012      31.60892
       7.19061       6.11257      31.62057
       7.19251       5.81312      31.63164
       7.19442       5.52449      31.64216
       7.19632       5.24915      31.65216
       7.19823       4.98934      31.66167
       7.20013       4.74704      31.67071
       7.20204       4.52392      31.67933
       7.20394       4.32133      31.68756
       7.20585       4.14031      31.69544
       7.20775       3.98156      31.70303
       7.20966       3.84542      31.71035
       7.21156       3.73189      31.71746
       7.21347       3.64062      31.72439
       7.21537       3.57093      31.73120
       7.21728       3.52181      31.73791
       7.21918       3.49193      31.74456
       7.22109       3.47970      31.75118
       7.22299       3.48325      31.75782
       7.22490       3.50052      31.76449
       7.22680       3.52925      31.77121
       7.22870       3.56703      31.77800
       7.23061       3.61139      31.78488
       7.23251       3.65979      31.79185
       7.23442       3.70970      31.79892
       7.23632       3.75863      31.80608
       7.23823       3.80420      31.81333
       7.24013       3.84419      31.82065
       7.24204       3.87655      31.82803
       7.24394       3.89945      31.83546
       7.24585       3.91135      31.84291
       7.24775       3.91097      31.85036
       7.24966       3.89735      31.85778
       7.25156       3.86985      31.86516
       7.25347       3.82815      31.87245
       7.25537       3.77225      31.87963
       7.25728       3.70247      31.88669
       7.25918       3.61944      31.89358
       7.26109       3.52405      31.90029
       7.26299       3.41742      31.90680
       7.26490       3.30092      31.91309
       7.26680       3.17607      31.91914
       7.26871       3.04453      31.92494
       7.27061       2.90805      31.93048
       7.27252       2.76846      31.93575
       7.27442       2.62756      31.94076
       7.27632       2.48716      31.94549
       7.27823       2.34898      31.94997
       7.28013       2.21467      31.95419
       7.28204       2.08574      31.95816
       7.28394       1.96353      31.96190
       7.28585       1.84924      31.96542
       7.28775       1.74386      31.96874
       7.28966       1.64820      31.97188
       7.29156       1.56283      31.97486
       7.29347       1.48814      31.97769
       7.29537       1.42431      31.98041
       7.29728       1.37131      31.98302
       7.29918       1.32894      31.98555
       7.30109       1.29679      31.98802
       7.30299       1.27433      31.99045
       7.30490       1.26084      31.99285
       7.30680       1.25552      31.99524
       7.30871       1.25745      31.99764
       7.31061       1.26561      32.00005
       7.31252       1.27897      32.00248
       7.31442       1.29642      32.00495
       7.31633       1.31689      32.00746
       7.31823       1.33928      32.01001
       7.32013       1.36256      32.01261
       7.32204       1.38575      32.01525
       7.32394       1.40795      32.01793
       7.32585       1.42839      32.02065
       7.32775       1.44638      32.02340
       7.32966       1.46138      32.02619
       7.33156       1.47301      32.02899
       7.33347       1.48104      32.03182
       7.33537       1.48541      32.03464
       7.33728       1.48622      32.03748
       7.33918       1.48376      32.04030
       7.34109       1.47849      32.04312
       7.34299       1.47101      32.04592
       7.34490       1.46212      32.04871
       7.34680       1.45275      32.05147
       7.34871       1.44395      32.05422
       7.35061       1.43692      32.05696
       7.35252       1.43294      32.05969
       7.35442       1.43337      32.06242
       7.35633       1.43964      32.06516
       7.35823       1.45320      32.06793
       7.36014       1.47550      32.07074
       7.36204       1.50798      32.07361
       7.36395       1.55201      32.07657
       7.36585       1.60891      32.07963
       7.36775       1.67986      32.08283
       7.36966       1.76590      32.08620
       7.37156       1.86794      32.08976
       7.37347       1.98665      32.09354
       7.37537       2.12252      32.09758
       7.37728       2.27578      32.10192
       7.37918       2.44641      32.10658
       7.38109       2.63411      32.11159
       7.38299       2.83831      32.11700
       7.38490       3.05814      32.12283
       7.38680       3.29245      32.12910
       7.38871       3.53978      32.13584
       7.39061       3.79842      32.14308
       7.39252       4.06640      32.15082
       7.39442       4.34151      32.15909
       7.39633       4.62131      32.16789
       7.39823       4.90324      32.17723
       7.40014       5.18455      32.18711
       7.40204       5.46242      32.19751
       7.40395       5.73399      32.20844
       7.40585       5.99638      32.21986
       7.40776       6.24678      32.23176
       7.40966       6.48247      32.24410
       7.41157       6.70085      32.25687
       7.41347       6.89954      32.27001
       7.41537       7.07638      32.28349
       7.41728       7.22947      32.29726
       7.41918       7.35722      32.31127
       7.42109       7.45834      32.32548
       7.42299       7.53192      32.33983
       7.42490       7.57737      32.35426
       7.42680       7.59448      32.36873
       7.42871       7.58339      32.38317
       7.43061       7.54459      32.39754
       7.43252       7.47890      32.41179
       7.43442       7.38746      32.42586
       7.43633       7.27170      32.43971
       7.43823       7.13331      32.45330
       7.44014       6.97420      32.46658
       7.44204       6.79646      32.47953
       7.44395       6.60235      32.49210
       7.44585       6.39424      32.50428
       7.44776       6.17456      32.51605
       7.44966       5.94578      32.52737
       7.45157       5.71037      32.53825
       7.45347       5.47075      32.54867
       7.45538       5.22927      32.55863
       7.45728       4.98816      32.56813
       7.45919       4.74954      32.57718
       7.46109       4.51533      32.58578
       7.46299       4.28730      32.59395
       7.46490       4.06698      32.60169
       7.46680       3.85572      32.60904
       7.46871       3.65460      32.61600
       7.47061       3.46449      32.62260
       7.47252       3.28601      32.62886
       7.47442       3.11956      32.63480
       7.47633       2.96530      32.64045
       7.47823       2.82316      32.64582
       7.48014       2.69290      32.65095
       7.48204       2.57407      32.65586
       7.48395       2.46604      32.66055
       7.48585       2.36809      32.66506
       7.48776       2.27932      32.66941
       7.48966       2.19880      32.67359
       7.49157       2.12551      32.67764
       7.49347       2.05839      32.68156
       7.49538       1.99639      32.68537
       7.49728       1.93849      32.68906
       7.49919       1.88369      32.69265
       7.50109       1.83110      32.69613
       7.50300       1.77987      32.69953
       7.50490       1.72930      32.70282
       7.50681       1.67879      32.70602
       7.50871       1.62788      32.70912
       7.51061       1.57624      32.71212
       7.51252       1.52372      32.71502
       7.51442       1.47026      32.71782
       7.51633       1.41599      32.72052
       7.51823       1.36117      32.72311
       7.52014       1.30619      32.72560
       7.52204       1.25157      32.72798
       7.52395       1.19795      32.73027
       7.52585       1.14609      32.73245
       7.52776       1.09684      32.73454
       7.52966       1.05115      32.73654
       7.53157       1.01007      32.73847
       7.53347       0.97470      32.74032
       7.53538       0.94622      32.74212
       7.53728       0.92588      32.74389
       7.53919       0.91496      32.74563
       7.54109       0.91481      32.74737
       7.54300       0.92680      32.74914
       7.54490       0.95234      32.75095
       7.54681       0.99284      32.75284
       7.54871       1.04972      32.75484
       7.55062       1.12441      32.75698
       7.55252       1.21827      32.75931
       7.55442       1.33265      32.76184
       7.55633       1.46881      32.76464
       7.55823       1.62791      32.76774
       7.56014       1.81098      32.77119
       7.56204       2.01888      32.77504
       7.56395       2.25228      32.77933
       7.56585       2.51161      32.78411
       7.56776       2.79704      32.78944
       7.56966       3.10841      32.79536
       7.57157       3.44521      32.80192
       7.57347       3.80659      32.80917
       7.57538       4.19125      32.81716
       7.57728       4.59749      32.82591
       7.57919       5.02317      32.83548
       7.58109       5.46569      32.84589
       7.58300       5.92202      32.85717
       7.58490       6.38871      32.86934
       7.58681       6.86191      32.88241
       7.58871       7.33739      32.89639
       7.59062       7.81065      32.91127
       7.59252       8.27691      32.92703
       7.59443       8.73122      32.94366
       7.59633       9.16856      32.96113
       7.59824       9.58387      32.97938
       7.60014       9.97219      32.99838
       7.60204      10.32873      33.01805
       7.60395      10.64898      33.03834
       7.60585      10.92880      33.05915
       7.60776      11.16449      33.08042
       7.60966      11.35290      33.10205
       7.61157      11.49146      33.12393
       7.61347      11.57826      33.14599
       7.61538      11.61212      33.16811
       7.61728      11.59254      33.19019
       7.61919      11.51980      33.21213
       7.62109      11.39488      33.23384
       7.62300      11.21948      33.25521
       7.62490      10.99597      33.27615
       7.62681      10.72733      33.29659
       7.62871      10.41710      33.31643
       7.63062      10.06928      33.33561
       7.63252       9.68826      33.35406
       7.63443       9.27873      33.37174
       7.63633       8.84558      33.38859
       7.63824       8.39378      33.40457
       7.64014       7.92833      33.41968
       7.64205       7.45416      33.43387
       7.64395       6.97601      33.44716
       7.64586       6.49839      33.45954
       7.64776       6.02552      33.47102
       7.64966       5.56124      33.48161
       7.65157       5.10900      33.49134
       7.65347       4.67183      33.50024
       7.65538       4.25230      33.50834
       7.65728       3.85251      33.51568
       7.65919       3.47414      33.52230
       7.66109       3.11840      33.52824
       7.66300       2.78610      33.53354
       7.66490       2.47766      33.53826
       7.66681       2.19313      33.54244
       7.66871       1.93225      33.54612
       7.67062       1.69448      33.54935
       7.67252       1.47906      33.55217
       7.67443       1.28502      33.55461
       7.67633       1.11123      33.55673
       7.67824       0.95648      33.55855
       7.68014       0.81945      33.56011
       7.68205       0.69879      33.56144
       7.68395       0.59314      33.56257
       7.68586       0.50115      33.56353
       7.68776       0.42150      33.56433
       7.68967       0.35293      33.56500
       7.69157       0.29423      33.56556
       7.69348       0.24427      33.56603
       7.69538       0.20204      33.56641
       7.69728       0.16656      33.56673
       7.69919       0.13700      33.56699
       7.70109       0.11257      33.56721
       7.70300       0.09262      33.56738
       7.70490       0.07656      33.56753
       7.70681       0.06390      33.56765
       7.70871       0.05423      33.56775
       7.71062       0.04722      33.56784
       7.71252       0.04264      33.56793
       7.71443       0.04030      33.56800
       7.71633       0.04010      33.56808
       7.71824       0.04203      33.56816
       7.72014       0.04612      33.56825
       7.72205       0.05248      33.56835
       7.72395       0.06130      33.56846
       7.72586       0.07282      33.56860
       7.72776       0.08736      33.56877
       7.72967       0.10532      33.56897
       7.73157       0.12713      33.56921
       7.73348       0.15332      33.56950
       7.73538       0.18450      33.56986
       7.73729       0.22130      33.57028
       7.73919       0.26445      33.57078
       7.74110       0.31474      33.57138
       7.74300       0.37299      33.57209
       7.74490       0.44008      33.57293
       7.74681       0.51693      33.57391
       7.74871       0.60449      33.57506
       7.75062       0.70371      33.57641
       7.75252       0.81556      33.57796
       7.75443       0.94097      33.57975
       7.75633       1.08086      33.58181
       7.75824       1.23607      33.58416
       7.76014       1.40739      33.58684
       7.76205       1.59551      33.58988
       7.76395       1.80100      33.59331
       7.76586       2.02429      33.59717
       7.76776       2.26566      33.60149
       7.76967       2.52523      33.60630
       7.77157       2.80293      33.61164
       7.77348       3.09847      33.61754
       7.77538       3.41136      33.62404
       7.77729       3.74092      33.63116
       7.77919       4.08620      33.63894
       7.78110       4.44608      33.64741
       7.78300       4.81918      33.65659
       7.78491       5.20394      33.66651
       7.78681       5.59859      33.67717
       7.78872       6.00118      33.68860
       7.79062       6.40959      33.70081
       7.79252       6.82153      33.71380
       7.79443       7.23462      33.72758
       7.79633       7.64632      33.74215
       7.79824       8.05405      33.75749
       7.80014       8.45513      33.77359
       7.80205       8.84686      33.79045
       7.80395       9.22650      33.80802
       7.80586       9.59134      33.82629
       7.80776       9.93869      33.84522
       7.80967      10.26589      33.86478
       7.81157      10.57041      33.88491
       7.81348      10.84978      33.90558
       7.81538      11.10169      33.92672
       7.81729      11.32397      33.94829
       7.81919      11.51464      33.97023
       7.82110      11.67197      33.99246
       7.82300      11.79444      34.01493
       7.82491      11.88083      34.03756
       7.82681      11.93022      34.06028
       7.82872      11.94205      34.08303
       7.83062      11.91611      34.10573
       7.83253      11.85258      34.12830
       7.83443      11.75205      34.15069
       7.83633      11.61554      34.17281
       7.83824      11.44450      34.19461
       7.84014      11.24083      34.21602
       7.84205      11.00681      34.23699
       7.84395      10.74517      34.25746
       7.84586      10.45901      34.27738
       7.84776      10.15176      34.29672
       7.84967       9.82718      34.31543
       7.85157       9.48924      34.33351
       7.85348       9.14213      34.35092
       7.85538       8.79015      34.36767
       7.85729       8.43765      34.38374
       7.85919       8.08894      34.39915
       7.86110       7.74822      34.41391
       7.86300       7.41955      34.42804
       7.86491       7.10668      34.44158
       7.86681       6.81306      34.45455
       7.86872       6.54174      34.46701
       7.87062       6.29534      34.47900
       7.87253       6.07596      34.49058
       7.87443       5.88518      34.50179
       7.87634       5.72402      34.51269
       7.87824       5.59295      34.52334
       7.88015       5.49184      34.53381
       7.88205       5.42003      34.54413
       7.88395       5.37634      34.55437
       7.88586       5.35906      34.56458
       7.88776       5.36608      34.57480
       7.88967       5.39490      34.58508
       7.89157       5.44269      34.59544
       7.89348       5.50639      34.60593
       7.89538       5.58280      34.61657
       7.89729       5.66861      34.62736
       7.89919       5.76053      34.63834
       7.90110       5.85536      34.64949
       7.90300       5.95008      34.66082
       7.90491       6.04187      34.67233
       7.90681       6.12825      34.68400
       7.90872       6.20706      34.69583
       7.91062       6.27656      34.70778
       7.91253       6.33545      34.71985
       7.91443       6.38284      34.73201
       7.91634       6.41832      34.74423
       7.91824       6.44193      34.75651
       7.92015       6.45411      34.76880
       7.92205       6.45570      34.78110
       7.92396       6.44788      34.79338
       7.92586       6.43210      34.80563
       7.92777       6.41006      34.81784
       7.92967       6.38361      34.83000
       7.93157       6.35468      34.84210
       7.93348       6.32523      34.85415
       7.93538       6.29716      34.86615
       7.93729       6.27226      34.87809
       7.93919       6.25214      34.89000
       7.94110       6.23821      34.90189
       7.94300       6.23160      34.91376
       7.94491       6.23315      34.92563
       7.94681       6.24342      34.93752
       7.94872       6.26262      34.94945
       7.95062       6.29070      34.96143
       7.95253       6.32729      34.97348
       7.95443       6.37178      34.98562
       7.95634       6.42334      34.99786
       7.95824       6.48095      35.01020
       7.96015       6.54348      35.02267
       7.96205       6.60970      35.03526
       7.96396       6.67835      35.04798
       7.96586       6.74819      35.06083
       7.96777       6.81805      35.07382
       7.96967       6.88684      35.08694
       7.97158       6.95360      35.10018
       7.97348       7.01754      35.11355
       7.97539       7.07801      35.12703
       7.97729       7.13453      35.14062
       7.97919       7.18680      35.15431
       7.98110       7.23463      35.16809
       7.98300       7.27798      35.18195
       7.98491       7.31689      35.19589
       7.98681       7.35146      35.20989
       7.98872       7.38181      35.22395
       7.99062       7.40805      35.23806
       7.99253       7.43025      35.25222
       7.99443       7.44836      35.26641
       7.99634       7.46225      35.28062
       7.99824       7.47163      35.29485
       8.00015       7.47609      35.30909
       8.00205       7.47504      35.32333
       8.00396       7.46775      35.33755
       8.00586       7.45336      35.35175
       8.00777       7.43087      35.36591
       8.00967       7.39921      35.38000
       8.01158       7.35725      35.39401
       8.01348       7.30386      35.40793
       8.01539       7.23794      35.42171
       8.01729       7.15845      35.43535
       8.01920       7.06449      35.44881
       8.02110       6.95532      35.46205
       8.02301       6.83039      35.47506
       8.02491       6.68940      35.48781
       8.02681       6.53230      35.50025
       8.02872       6.35933      35.51236
       8.03062       6.17100      35.52412
       8.03253       5.96810      35.53548
       8.03443       5.75170      35.54644
       8.03634       5.52314      35.55696
       8.03824       5.28396      35.56703
       8.04015       5.03594      35.57662
       8.04205       4.78098      35.58572
       8.04396       4.52113      35.59434
       8.04586       4.25852      35.60245
       8.04777       3.99531      35.61006
       8.04967       3.73366      35.61717
       8.05158       3.47568      35.62379
       8.05348       3.22343      35.62993
       8.05539       2.97883      35.63561
       8.05729       2.74369      35.64083
       8.05920       2.51964      35.64563
       8.06110       2.30817      35.65003
       8.06301       2.11058      35.65405
       8.06491       1.92797      35.65772
       8.06682       1.76129      35.66107
       8.06872       1.61129      35.66414
       8.07062       1.47856      35.66696
       8.07253       1.36352      35.66956
       8.07443       1.26646      35.67197
       8.07634       1.18752      35.67423
       8.07824       1.12671      35.67638
       8.08015       1.08395      35.67844
       8.08205       1.05902      35.68046
       8.08396       1.05164      35.68246
       8.08586       1.06139      35.68448
       8.08777       1.08780      35.68656
       8.08967       1.13027      35.68871
       8.09158       1.18814      35.69097
       8.09348       1.26063      35.69337
       8.09539       1.34685      35.69594
       8.09729       1.44581      35.69869
       8.09920       1.55642      35.70166
       8.10110       1.67746      35.70485
       8.10301       1.80758      35.70830
       8.10491       1.94532      35.71200
       8.10682       2.08913      35.71598
       8.10872       2.23733      35.72024
       8.11063       2.38814      35.72479
       8.11253       2.53972      35.72963
       8.11444       2.69016      35.73475
       8.11634       2.83752      35.74016
       8.11824       2.97985      35.74583
       8.12015       3.11521      35.75177
       8.12205       3.24174      35.75794
       8.12396       3.35763      35.76434
       8.12586       3.46123      35.77093
       8.12777       3.55101      35.77770
       8.12967       3.62564      35.78460
       8.13158       3.68400      35.79162
       8.13348       3.72518      35.79872
       8.13539       3.74855      35.80586
       8.13729       3.75373      35.81301
       8.13920       3.74063      35.82013
       8.14110       3.70941      35.82720
       8.14301       3.66051      35.83417
       8.14491       3.59463      35.84102
       8.14682       3.51271      35.84771
       8.14872       3.41589      35.85421
       8.15063       3.30552      35.86051
       8.15253       3.18308      35.86657
       8.15444       3.05021      35.87238
       8.15634       2.90859      35.87792
       8.15825       2.76000      35.88318
       8.16015       2.60620      35.88814
       8.16206       2.44895      35.89281
       8.16396       2.28993      35.89717
       8.16586       2.13078      35.90123
       8.16777       1.97299      35.90499
       8.16967       1.81796      35.90845
       8.17158       1.66692      35.91163
       8.17348       1.52096      35.91452
       8.17539       1.38100      35.91715
       8.17729       1.24779      35.91953
       8.17920       1.12192      35.92167
       8.18110       1.00381      35.92358
       8.18301       0.89375      35.92528
       8.18491       0.79187      35.92679
       8.18682       0.69817      35.92812
       8.18872       0.61255      35.92929
       8.19063       0.53480      35.93031
       8.19253       0.46464      35.93119
       8.19444       0.40172      35.93196
       8.19634       0.34562      35.93261
       8.19825       0.29590      35.93318
       8.20015       0.25210      35.93366
       8.20206       0.21375      35.93407
       8.20396       0.18035      35.93441
       8.20587       0.15144      35.93470
       8.20777       0.12656      35.93494
       8.20968       0.10528      35.93514
       8.21158       0.08719      35.93530
       8.21348       0.07190      35.93544
       8.21539       0.05907      35.93555
       8.21729       0.04838      35.93565
       8.21920       0.03956      35.93572
       8.22110       0.03235      35.93578
       8.22301       0.02655      35.93583
       8.22491       0.02196      35.93588
       8.22682       0.01845      35.93591
       8.22872       0.01589      35.93594
       8.23063       0.01421      35.93597
       8.23253       0.01334      35.93599
       8.23444       0.01325      35.93602
       8.23634       0.01397      35.93605
       8.23825       0.01551      35.93608
       8.24015       0.01796      35.93611
       8.24206       0.02142      35.93615
       8.24396       0.02602      35.93620
       8.24587       0.03195      35.93626
       8.24777       0.03942      35.93634
       8.24968       0.04871      35.93643
       8.25158       0.06013      35.93654
       8.25349       0.07403      35.93668
       8.25539       0.09083      35.93686
       8.25730       0.11100      35.93707
       8.25920       0.13508      35.93733
       8.26110       0.16364      35.93764
       8.26301       0.19733      35.93801
       8.26491       0.23686      35.93846
       8.26682       0.28297      35.93900
       8.26872       0.33647      35.93964
       8.27063       0.39820      35.94040
       8.27253       0.46903      35.94130
       8.27444       0.54985      35.94234
       8.27634       0.64157      35.94357
       8.27825       0.74506      35.94498
       8.28015       0.86119      35.94663
       8.28206       0.99076      35.94851
       8.28396       1.13448      35.95067
       8.28587       1.29300      35.95314
       8.28777       1.46679      35.95593
       8.28968       1.65621      35.95909
       8.29158       1.86142      35.96263
       8.29349       2.08238      35.96660
       8.29539       2.31881      35.97101
       8.29730       2.57020      35.97591
       8.29920       2.83577      35.98131
       8.30111       3.11445      35.98724
       8.30301       3.40489      35.99373
       8.30492       3.70548      36.00079
       8.30682       4.01429      36.00843
       8.30872       4.32916      36.01668
       8.31063       4.64765      36.02553
       8.31253       4.96713      36.03499
       8.31444       5.28476      36.04506
       8.31634       5.59758      36.05572
       8.31825       5.90249      36.06697
       8.32015       6.19638      36.07877
       8.32206       6.47611      36.09110
       8.32396       6.73862      36.10394
       8.32587       6.98094      36.11724
       8.32777       7.20030      36.13095
       8.32968       7.39412      36.14504
       8.33158       7.56011      36.15944
       8.33349       7.69631      36.17410
       8.33539       7.80108      36.18896
       8.33730       7.87321      36.20395
       8.33920       7.91187      36.21902
       8.34111       7.91668      36.23410
       8.34301       7.88766      36.24913
       8.34492       7.82529      36.26403
       8.34682       7.73044      36.27876
       8.34873       7.60441      36.29324
       8.35063       7.44882      36.30743
       8.35253       7.26566      36.32127
       8.35444       7.05719      36.33471
       8.35634       6.82593      36.34772
       8.35825       6.57457      36.36024
       8.36015       6.30596      36.37225
       8.36206       6.02304      36.38372
       8.36396       5.72879      36.39464
       8.36587       5.42618      36.40497
       8.36777       5.11812      36.41472
       8.36968       4.80742      36.42388
       8.37158       4.49675      36.43244
       8.37349       4.18862      36.44042
       8.37539       3.88533      36.44782
       8.37730       3.58895      36.45466
       8.37920       3.30133      36.46095
       8.38111       3.02405      36.46671
       8.38301       2.75845      36.47196
       8.38492       2.50562      36.47673
       8.38682       2.26640      36.48105
       8.38873       2.04137      36.48494
       8.39063       1.83093      36.48843
       8.39254       1.63523      36.49154
       8.39444       1.45425      36.49431
       8.39635       1.28780      36.49676
       8.39825       1.13554      36.49893
       8.40015       0.99699      36.50083
       8.40206       0.87159      36.50249
       8.40396       0.75869      36.50393
       8.40587       0.65755      36.50518
       8.40777       0.56743      36.50627
       8.40968       0.48753      36.50719
       8.41158       0.41706      36.50799
       8.41349       0.35521      36.50867
       8.41539       0.30121      36.50924
       8.41730       0.25430      36.50972
       8.41920       0.21374      36.51013
       8.42111       0.17887      36.51047
       8.42301       0.14902      36.51076
       8.42492       0.12362      36.51099
       8.42682       0.10210      36.51119
       8.42873       0.08397      36.51135
       8.43063       0.06878      36.51148
       8.43254       0.05612      36.51158
       8.43444       0.04564      36.51167
       8.43635       0.03703      36.51174
       8.43825       0.03000      36.51180
       8.44016       0.02433      36.51184
       8.44206       0.01982      36.51188
       8.44397       0.01631      36.51191
       8.44587       0.01365      36.51194
       8.44777       0.01175      36.51196
       8.44968       0.01052      36.51198
       8.45158       0.00993      36.51200
       8.45349       0.00995      36.51202
       8.45539       0.01058      36.51204
       8.45730       0.01184      36.51206
       8.45920       0.01380      36.51209
       8.46111       0.01653      36.51212
       8.46301       0.02014      36.51216
       8.46492       0.02478      36.51221
       8.46682       0.03062      36.51226
       8.46873       0.03788      36.51234
       8.47063       0.04680      36.51242
       8.47254       0.05769      36.51253
       8.47444       0.07089      36.51267
       8.47635       0.08680      36.51284
       8.47825       0.10586      36.51304
       8.48016       0.12859      36.51328
       8.48206       0.15556      36.51358
       8.48397       0.18740      36.51393
       8.48587       0.22483      36.51436
       8.48778       0.26861      36.51487
       8.48968       0.31958      36.51548
       8.49159       0.37866      36.51620
       8.49349       0.44682      36.51706
       8.49539       0.52510      36.51806
       8.49730       0.61459      36.51923
       8.49920       0.71642      36.52059
       8.50111       0.83176      36.52218
       8.50301       0.96182      36.52401
       8.50492       1.10779      36.52612
       8.50682       1.27086      36.52854
       8.50873       1.45219      36.53130
       8.51063       1.65289      36.53445
       8.51254       1.87397      36.53802
       8.51444       2.11634      36.54205
       8.51635       2.38078      36.54659
       8.51825       2.66788      36.55167
       8.52016       2.97806      36.55734
       8.52206       3.31147      36.56365
       8.52397       3.66803      36.57064
       8.52587       4.04734      36.57835
       8.52778       4.44870      36.58682
       8.52968       4.87104      36.59610
       8.53159       5.31295      36.60622
       8.53349       5.77264      36.61722
       8.53540       6.24790      36.62912
       8.53730       6.73619      36.64195
       8.53921       7.23454      36.65573
       8.54111       7.73964      36.67047
       8.54301       8.24785      36.68618
       8.54492       8.75523      36.70286
       8.54682       9.25758      36.72049
       8.54873       9.75050      36.73906
       8.55063      10.22948      36.75855
       8.55254      10.68993      36.77891
       8.55444      11.12728      36.80011
       8.55635      11.53708      36.82208
       8.55825      11.91508      36.84478
       8.56016      12.25728      36.86813
       8.56206      12.56009      36.89205
       8.56397      12.82035      36.91647
       8.56587      13.03544      36.94130
       8.56778      13.20337      36.96645
       8.56968      13.32278      36.99183
       8.57159      13.39303      37.01734
       8.57349      13.41421      37.04289
       8.57540      13.38718      37.06839
       8.57730      13.31352      37.09375
       8.57921      13.19555      37.11888
       8.58111      13.03626      37.14371
       8.58302      12.83927      37.16817
       8.58492      12.60874      37.19219
       8.58682      12.34929      37.21571
       8.58873      12.06589      37.23869
       8.59063      11.76377      37.26110
       8.59254      11.44826      37.28291
       8.59444      11.12472      37.30410
       8.59635      10.79838      37.32467
       8.59825      10.47425      37.34462
       8.60016      10.15697      37.36397
       8.60206       9.85077      37.38273
       8.60397       9.55933      37.40094
       8.60587       9.28575      37.41863
       8.60778       9.03244      37.43583
       8.60968       8.80115      37.45259
       8.61159       8.59292      37.46896
       8.61349       8.40806      37.48498
       8.61540       8.24622      37.50069
       8.61730       8.10640      37.51613
       8.61921       7.98702      37.53134
       8.62111       7.88597      37.54636
       8.62302       7.80072      37.56122
       8.62492       7.72838      37.57594
       8.62683       7.66583      37.59054
       8.62873       7.60981      37.60504
       8.63064       7.55701      37.61943
       8.63254       7.50417      37.63373
       8.63444       7.44821      37.64791
       8.63635       7.38624      37.66198
       8.63825       7.31572      37.67592
       8.64016       7.23445      37.68970
       8.64206       7.14067      37.70330
       8.64397       7.03304      37.71670
       8.64587       6.91074      37.72986
       8.64778       6.77336      37.74276
       8.64968       6.62102      37.75537
       8.65159       6.45423      37.76767
       8.65349       6.27392      37.77962
       8.65540       6.08139      37.79120
       8.65730       5.87824      37.80240
       8.65921       5.66629      37.81319
       8.66111       5.44757      37.82357
       8.66302       5.22422      37.83352
       8.66492       4.99840      37.84304
       8.66683       4.77228      37.85213
       8.66873       4.54795      37.86079
       8.67064       4.32736      37.86904
       8.67254       4.11230      37.87687
       8.67445       3.90433      37.88431
       8.67635       3.70479      37.89136
       8.67826       3.51473      37.89806
       8.68016       3.33495      37.90441
       8.68206       3.16596      37.91044
       8.68397       3.00800      37.91617
       8.68587       2.86108      37.92162
       8.68778       2.72496      37.92681
       8.68968       2.59917      37.93176
       8.69159       2.48310      37.93649
       8.69349       2.37599      37.94102
       8.69540       2.27696      37.94535
       8.69730       2.18506      37.94952
       8.69921       2.09932      37.95352
       8.70111       2.01874      37.95736
       8.70302       1.94238      37.96106
       8.70492       1.86933      37.96462
       8.70683       1.79877      37.96805
       8.70873       1.72997      37.97134
       8.71064       1.66231      37.97451
       8.71254       1.59530      37.97755
       8.71445       1.52858      37.98046
       8.71635       1.46190      37.98324
       8.71826       1.39514      37.98590
       8.72016       1.32831      37.98843
       8.72207       1.26152      37.99083
       8.72397       1.19497      37.99311
       8.72588       1.12897      37.99526
       8.72778       1.06389      37.99729
       8.72968       1.00016      37.99919
       8.73159       0.93826      38.00098
       8.73349       0.87869      38.00265
       8.73540       0.82200      38.00422
       8.73730       0.76874      38.00568
       8.73921       0.71945      38.00705
       8.74111       0.67469      38.00834
       8.74302       0.63500      38.00955
       8.74492       0.60091      38.01069
       8.74683       0.57293      38.01179
       8.74873       0.55156      38.01284
       8.75064       0.53728      38.01386
       8.75254       0.53055      38.01487
       8.75445       0.53182      38.01588
       8.75635       0.54153      38.01691
       8.75826       0.56009      38.01798
       8.76016       0.58790      38.01910
       8.76207       0.62535      38.02029
       8.76397       0.67280      38.02157
       8.76588       0.73061      38.02297
       8.76778       0.79910      38.02449
       8.76969       0.87858      38.02616
       8.77159       0.96930      38.02801
       8.77350       1.07150      38.03005
       8.77540       1.18536      38.03231
       8.77730       1.31099      38.03480
       8.77921       1.44846      38.03756
       8.78111       1.59774      38.04061
       8.78302       1.75873      38.04396
       8.78492       1.93124      38.04763
       8.78683       2.11494      38.05166
       8.78873       2.30941      38.05606
       8.79064       2.51411      38.06085
       8.79254       2.72832      38.06605
       8.79445       2.95122      38.07167
       8.79635       3.18182      38.07773
       8.79826       3.41897      38.08424
       8.80016       3.66139      38.09122
       8.80207       3.90762      38.09866
       8.80397       4.15606      38.10658
       8.80588       4.40496      38.11497
       8.80778       4.65245      38.12383
       8.80969       4.89655      38.13316
       8.81159       5.13515      38.14294
       8.81350       5.36611      38.15316
       8.81540       5.58720      38.16380
       8.81731       5.79622      38.17484
       8.81921       5.99094      38.18625
       8.82112       6.16921      38.19800
       8.82302       6.32896      38.21006
       8.82492       6.46825      38.22238
       8.82683       6.58531      38.23492
       8.82873       6.67855      38.24765
       8.83064       6.74665      38.26050
       8.83254       6.78854      38.27343
       8.83445       6.80344      38.28639
       8.83635       6.79091      38.29932
       8.83826       6.75083      38.31218
       8.84016       6.68342      38.32491
       8.84207       6.58925      38.33746
       8.84397       6.46923      38.34978
       8.84588       6.32459      38.36183
       8.84778       6.15686      38.37356
       8.84969       5.96788      38.38493
       8.85159       5.75968      38.39590
       8.85350       5.53453      38.40644
       8.85540       5.29486      38.41653
       8.85731       5.04319      38.42613
       8.85921       4.78215      38.43524
       8.86112       4.51434      38.44384
       8.86302       4.24237      38.45192
       8.86493       3.96876      38.45948
       8.86683       3.69593      38.46652
       8.86873       3.42614      38.47305
       8.87064       3.16148      38.47907
       8.87254       2.90383      38.48460
       8.87445       2.65484      38.48966
       8.87635       2.41594      38.49426
       8.87826       2.18829      38.49843
       8.88016       1.97284      38.50218
       8.88207       1.77026      38.50556
       8.88397       1.58102      38.50857
       8.88588       1.40535      38.51124
       8.88778       1.24330      38.51361
       8.88969       1.09472      38.51570
       8.89159       0.95933      38.51753
       8.89350       0.83668      38.51912
       8.89540       0.72623      38.52050
       8.89731       0.62736      38.52170
       8.89921       0.53935      38.52273
       8.90112       0.46147      38.52360
       8.90302       0.39294      38.52435
       8.90493       0.33299      38.52499
       8.90683       0.28082      38.52552
       8.90874       0.23568      38.52597
       8.91064       0.19685      38.52635
       8.91255       0.16362      38.52666
       8.91445       0.13535      38.52692
       8.91635       0.11142      38.52713
       8.91826       0.09127      38.52730
       8.92016       0.07441      38.52744
       8.92207       0.06037      38.52756
       8.92397       0.04874      38.52765
       8.92588       0.03916      38.52773
       8.92778       0.03131      38.52778
       8.92969       0.02491      38.52783
       8.93159       0.01973      38.52787
       8.93350       0.01554      38.52790
       8.93540       0.01219      38.52792
       8.93731       0.00951      38.52794
       8.93921       0.00738      38.52796
       8.94112       0.00571      38.52797
       8.94302       0.00439      38.52797
       8.94493       0.00336      38.52798
       8.94683       0.00256      38.52799
       8.94874       0.00194      38.52799
       8.95064       0.00146      38.52799
       8.95255       0.00110      38.52799
       8.95445       0.00082      38.52800
       8.95636       0.00061      38.52800
       8.95826       0.00045      38.52800
       8.96017       0.00033      38.52800
       8.96207       0.00024      38.52800
       8.96397       0.00018      38.52800
       8.96588       0.00013      38.52800
       8.96778       0.00009      38.52800
       8.96969       0.00007      38.52800
       8.97159       0.00005      38.52800
       8.97350       0.00003      38.52800
       8.97540       0.00002      38.52800
       8.97731       0.00002      38.52800
       8.97921       0.00001      38.52800
       8.98112       0.00001      38.52800
       8.98302       0.00001      38.52800
       8.98493       0.00000      38.52800
       8.98683       0.00000      38.52800
       8.98874       0.00000      38.52800
       8.99064       0.00000      38.52800
       8.99255       0.00000      38.52800
       8.99445       0.00000      38.52800
       8.99636       0.00000      38.52800
       8.99826       0.00000      38.52800
       9.00017       0.00000      38.52800
       9.00207       0.00000      38.52800
       9.00398       0.00000      38.52800
       9.00588       0.00000      38.52800
       9.00779       0.00000      38.52800
       9.00969       0.00000      38.52800
       9.01159       0.00000      38.52800
       9.01350       0.00000      38.52800
       9.01540       0.00000      38.52800
       9.01731       0.00000      38.52800
       9.01921       0.00000      38.52800
       9.02112       0.00000      38.52800
       9.02302       0.00000      38.52800
       9.02493       0.00000      38.52800
       9.02683       0.00000      38.52800
       9.02874       0.00000      38.52800
       9.03064       0.00000      38.52800
       9.03255       0.00000      38.52800
       9.03445       0.00000      38.52800
       9.03636       0.00000      38.52800
       9.03826       0.00000      38.52800
       9.04017       0.00000      38.52800
       9.04207       0.00000      38.52800
       9.04398       0.00000      38.52800
       9.04588       0.00000      38.52800
       9.04779       0.00000      38.52800
       9.04969       0.00000      38.52800
       9.05160       0.00000      38.52800
       9.05350       0.00000      38.52800
       9.05541       0.00000      38.52800
       9.05731       0.00000      38.52800
       9.05921       0.00000      38.52800
       9.06112       0.00000      38.52800
       9.06302       0.00000      38.52800
       9.06493       0.00000      38.52800
       9.06683       0.00000      38.52800
       9.06874       0.00000      38.52800
       9.07064       0.00000      38.52800
       9.07255       0.00000      38.52800
       9.07445       0.00000      38.52800
       9.07636       0.00000      38.52800
       9.07826       0.00000      38.52800
       9.08017       0.00000      38.52800
       9.08207       0.00000      38.52800
       9.08398       0.00000      38.52800
       9.08588       0.00000      38.52800
       9.08779       0.00000      38.52800
       9.08969       0.00000      38.52800
       9.09160       0.00000      38.52800
       9.09350       0.00000      38.52800
       9.09541       0.00000      38.52800
       9.09731       0.00000      38.52800
       9.09922       0.00000      38.52800
       9.10112       0.00000      38.52800
       9.10302       0.00000      38.52800
       9.10493       0.00000      38.52800
       9.10683       0.00000      38.52800
       9.10874       0.00000      38.52800
       9.11064       0.00000      38.52800
       9.11255       0.00000      38.52800
       9.11445       0.00000      38.52800
       9.11636       0.00000      38.52800
       9.11826       0.00000      38.52800
       9.12017       0.00000      38.52800
       9.12207       0.00000      38.52800
       9.12398       0.00000      38.52800
       9.12588       0.00000      38.52800
       9.12779       0.00000      38.52800
       9.12969       0.00000      38.52800
       9.13160       0.00000      38.52800
       9.13350       0.00000      38.52800
       9.13541       0.00000      38.52800
       9.13731       0.00000      38.52800
       9.13922       0.00000      38.52800
       9.14112       0.00000      38.52800
       9.14303       0.00000      38.52800
       9.14493       0.00000      38.52800
       9.14684       0.00000      38.52800
       9.14874       0.00000      38.52800
       9.15064       0.00000      38.52800
       9.15255       0.00000      38.52800
       9.15445       0.00000      38.52800
       9.15636       0.00000      38.52800
       9.15826       0.00000      38.52800
       9.16017       0.00000      38.52800
       9.16207       0.00000      38.52800
       9.16398       0.00000      38.52800
       9.16588       0.00000      38.52800
       9.16779       0.00000      38.52800
       9.16969       0.00000      38.52800
       9.17160       0.00000      38.52800
       9.17350       0.00000      38.52800
       9.17541       0.00000      38.52800
       9.17731       0.00000      38.52800
       9.17922       0.00000      38.52800
       9.18112       0.00000      38.52800
       9.18303       0.00000      38.52800
       9.18493       0.00000      38.52800
       9.18684       0.00000      38.52800
       9.18874       0.00000      38.52800
       9.19065       0.00000      38.52800
       9.19255       0.00000      38.52800
       9.19446       0.00000      38.52800
       9.19636       0.00000      38.52800
       9.19826       0.00000      38.52800
       9.20017       0.00000      38.52800
       9.20207       0.00000      38.52800
       9.20398       0.00000      38.52800
       9.20588       0.00000      38.52800
       9.20779       0.00000      38.52800
       9.20969       0.00000      38.52800
       9.21160       0.00000      38.52800
       9.21350       0.00000      38.52800
       9.21541       0.00000      38.52800
       9.21731       0.00000      38.52800
       9.21922       0.00000      38.52800
       9.22112       0.00000      38.52800
       9.22303       0.00000      38.52800
       9.22493       0.00000      38.52800
       9.22684       0.00000      38.52800
       9.22874       0.00000      38.52800
       9.23065       0.00000      38.52800
       9.23255       0.00000      38.52800
       9.23446       0.00000      38.52800
       9.23636       0.00000      38.52800
       9.23827       0.00000      38.52800
       9.24017       0.00000      38.52800
       9.24208       0.00000      38.52800
       9.24398       0.00000      38.52800
       9.24588       0.00000      38.52800
       9.24779       0.00000      38.52800
       9.24969       0.00000      38.52800
       9.25160       0.00000      38.52800
       9.25350       0.00000      38.52800
       9.25541       0.00000      38.52800
       9.25731       0.00000      38.52800
       9.25922       0.00000      38.52800
       9.26112       0.00001      38.52800
       9.26303       0.00001      38.52800
       9.26493       0.00001      38.52800
       9.26684       0.00002      38.52800
       9.26874       0.00003      38.52800
       9.27065       0.00004      38.52800
       9.27255       0.00006      38.52800
       9.27446       0.00008      38.52800
       9.27636       0.00011      38.52800
       9.27827       0.00015      38.52800
       9.28017       0.00021      38.52800
       9.28208       0.00029      38.52800
       9.28398       0.00039      38.52800
       9.28589       0.00053      38.52800
       9.28779       0.00071      38.52800
       9.28970       0.00095      38.52801
       9.29160       0.00127      38.52801
       9.29350       0.00169      38.52801
       9.29541       0.00224      38.52802
       9.29731       0.00295      38.52802
       9.29922       0.00386      38.52803
       9.30112       0.00503      38.52804
       9.30303       0.00652      38.52805
       9.30493       0.00841      38.52807
       9.30684       0.01080      38.52809
       9.30874       0.01380      38.52811
       9.31065       0.01755      38.52815
       9.31255       0.02221      38.52819
       9.31446       0.02796      38.52824
       9.31636       0.03504      38.52831
       9.31827       0.04369      38.52839
       9.32017       0.05421      38.52850
       9.32208       0.06694      38.52862
       9.32398       0.08224      38.52878
       9.32589       0.10056      38.52897
       9.32779       0.12235      38.52921
       9.32970       0.14814      38.52949
       9.33160       0.17849      38.52983
       9.33351       0.21400      38.53024
       9.33541       0.25533      38.53072
       9.33731       0.30314      38.53130
       9.33922       0.35815      38.53198
       9.34112       0.42108      38.53278
       9.34303       0.49264      38.53372
       9.34493       0.57355      38.53481
       9.34684       0.66448      38.53608
       9.34874       0.76606      38.53754
       9.35065       0.87885      38.53921
       9.35255       1.00333      38.54112
       9.35446       1.13983      38.54330
       9.35636       1.28858      38.54575
       9.35827       1.44962      38.54851
       9.36017       1.62281      38.55160
       9.36208       1.80782      38.55505
       9.36398       2.00407      38.55886
       9.36589       2.21077      38.56307
       9.36779       2.42686      38.56770
       9.36970       2.65106      38.57275
       9.37160       2.88181      38.57824
       9.37351       3.11734      38.58417
       9.37541       3.35563      38.59057
       9.37732       3.59448      38.59741
       9.37922       3.83151      38.60471
       9.38113       4.06420      38.61245
       9.38303       4.28996      38.62062
       9.38493       4.50612      38.62921
       9.38684       4.71004      38.63818
       9.38874       4.89912      38.64751
       9.39065       5.07089      38.65717
       9.39255       5.22302      38.66712
       9.39446       5.35342      38.67732
       9.39636       5.46025      38.68772
       9.39827       5.54199      38.69827
       9.40017       5.59747      38.70893
       9.40208       5.62586      38.71965
       9.40398       5.62676      38.73037
       9.40589       5.60015      38.74104
       9.40779       5.54642      38.75160
       9.40970       5.46636      38.76201
       9.41160       5.36111      38.77222
       9.41351       5.23220      38.78219
       9.41541       5.08142      38.79187
       9.41732       4.91087      38.80122
       9.41922       4.72284      38.81022
       9.42113       4.51981      38.81883
       9.42303       4.30437      38.82703
       9.42494       4.07915      38.83480
       9.42684       3.84683      38.84213
       9.42875       3.61000      38.84900
       9.43065       3.37120      38.85542
       9.43255       3.13280      38.86139
       9.43446       2.89703      38.86691
       9.43636       2.66591      38.87199
       9.43827       2.44124      38.87664
       9.44017       2.22458      38.88087
       9.44208       2.01723      38.88472
       9.44398       1.82027      38.88818
       9.44589       1.63451      38.89130
       9.44779       1.46054      38.89408
       9.44970       1.29870      38.89655
       9.45160       1.14915      38.89874
       9.45351       1.01185      38.90067
       9.45541       0.88660      38.90236
       9.45732       0.77306      38.90383
       9.45922       0.67076      38.90511
       9.46113       0.57916      38.90621
       9.46303       0.49762      38.90716
       9.46494       0.42547      38.90797
       9.46684       0.36200      38.90866
       9.46875       0.30650      38.90924
       9.47065       0.25824      38.90974
       9.47256       0.21651      38.91015
       9.47446       0.18064      38.91049
       9.47637       0.14997      38.91078
       9.47827       0.12390      38.91101
       9.48017       0.10187      38.91121
       9.48208       0.08334      38.91137
       9.48398       0.06785      38.91150
       9.48589       0.05497      38.91160
       9.48779       0.04431      38.91168
       9.48970       0.03555      38.91175
       9.49160       0.02838      38.91181
       9.49351       0.02255      38.91185
       9.49541       0.01782      38.91188
       9.49732       0.01402      38.91191
       9.49922       0.01098      38.91193
       9.50113       0.00855      38.91195
       9.50303       0.00663      38.91196
       9.50494       0.00511      38.91197
       9.50684       0.00393      38.91198
       9.50875       0.00300      38.91198
       9.51065       0.00228      38.91199
       9.51256       0.00172      38.91199
       9.51446       0.00130      38.91199
       9.51637       0.00097      38.91199
       9.51827       0.00072      38.91200
       9.52018       0.00054      38.91200
       9.52208       0.00040      38.91200
       9.52399       0.00029      38.91200
&
